numero_piece,date_charge,code_dept,categorie_charge,sous_categorie,fournisseur,nature_charge,montant_ht,montant_tva,montant_ttc,est_budgetee,date_id_charge,annee,mois
PCE-000001,2025-08-01,DEPT-003,Sous-traitance,Consultants,TOTAL MADA,Exploitation,19553.13,3910.63,23463.76,0,20250801,2025,8
PCE-000002,2024-07-11,DEPT-003,Déplacements & Missions,Hôtel & restauration,SECURITE MADA,Exploitation,837.92,167.58,1005.5,0,20240711,2024,7
PCE-000003,2023-05-04,DEPT-005,Salaires & Charges sociales,Salaires bruts,NETTOYAGE SERVICE,Exploitation,63938.7,0.0,63938.7,1,20230504,2023,5
PCE-000004,2025-08-28,DEPT-003,Déplacements & Missions,Carburant,MICROSOFT MADA,Exploitation,929.24,185.85,1115.09,1,20250828,2025,8
PCE-000005,2023-01-03,DEPT-002,Salaires & Charges sociales,Avantages en nature,FOURNITURES PRO,Exploitation,13010.32,0.0,13010.32,1,20230103,2023,1
PCE-000006,2025-05-01,DEPT-002,Formation & Développement,Formations externes,IBM MADA,Exploitation,3250.83,650.17,3901.0,0,20250501,2025,5
PCE-000007,2024-05-17,DEPT-008,Loyer & Charges locatives,Loyer bureaux,FOURNITURES PRO,Exploitation,4218.27,0.0,4218.27,1,20240517,2024,5
PCE-000008,2025-10-26,DEPT-006,Informatique & Licences,Cloud & hébergement,TRANSPORT EXPRESS,Exploitation,13372.21,2674.44,16046.65,1,20251026,2025,10
PCE-000009,2023-03-18,DEPT-003,Déplacements & Missions,Hôtel & restauration,TOTAL MADA,Exploitation,2594.26,518.85,3113.11,1,20230318,2023,3
PCE-000010,2023-07-09,DEPT-001,Formation & Développement,Abonnements professionnels,MICROSOFT MADA,Exploitation,4417.92,883.58,5301.5,0,20230709,2023,7
PCE-000011,2024-01-19,DEPT-003,Déplacements & Missions,Hôtel & restauration,AGENCE VOYAGE,Exploitation,1045.29,209.06,1254.35,0,20240119,2024,1
PCE-000012,2023-01-07,DEPT-008,Loyer & Charges locatives,Charges communes,TRANSPORT EXPRESS,Exploitation,7472.2,0.0,7472.2,1,20230107,2023,1
PCE-000013,2025-03-08,DEPT-006,Informatique & Licences,Matériel informatique,CONSULTANTS SA,Exploitation,9533.26,1906.65,11439.91,1,20250308,2025,3
PCE-000014,2023-01-09,DEPT-008,Informatique & Licences,Matériel informatique,FORMATION PLUS,Exploitation,7607.78,1521.56,9129.34,0,20230109,2023,1
PCE-000015,2024-04-14,DEPT-006,Informatique & Licences,Cloud & hébergement,NETTOYAGE SERVICE,Exploitation,4504.83,900.97,5405.8,1,20240414,2024,4
PCE-000016,2025-08-25,DEPT-006,Informatique & Licences,Maintenance SI,TOTAL MADA,Exploitation,10435.12,2087.02,12522.14,1,20250825,2025,8
PCE-000017,2024-05-26,DEPT-001,Sous-traitance,Expertise externe,HOTEL COLBERT,Exploitation,18600.42,3720.08,22320.5,1,20240526,2024,5
PCE-000018,2025-01-02,DEPT-005,Fournitures & Consommables,Fournitures de bureau,ORACLE,Exploitation,251.7,50.34,302.04,1,20250102,2025,1
PCE-000019,2023-06-24,DEPT-005,Formation & Développement,Formations externes,ORACLE,Exploitation,3830.96,766.19,4597.15,1,20230624,2023,6
PCE-000020,2023-08-07,DEPT-001,Formation & Développement,Abonnements professionnels,TOTAL MADA,Exploitation,2694.22,538.84,3233.06,1,20230807,2023,8
PCE-000021,2024-11-22,DEPT-005,Fournitures & Consommables,Documentation,TRANSPORT EXPRESS,Exploitation,710.57,142.11,852.68,1,20241122,2024,11
PCE-000022,2024-07-06,DEPT-006,Informatique & Licences,Maintenance SI,AGENCE VOYAGE,Exploitation,2266.77,453.35,2720.12,1,20240706,2024,7
PCE-000023,2023-01-26,DEPT-006,Informatique & Licences,Cloud & hébergement,IT SOLUTIONS,Exploitation,2536.94,507.39,3044.33,1,20230126,2023,1
PCE-000024,2024-10-16,DEPT-001,Déplacements & Missions,Carburant,BAILLEUR IMMO,Exploitation,1745.39,349.08,2094.47,1,20241016,2024,10
PCE-000025,2025-08-27,DEPT-002,Formation & Développement,Certifications,MICROSOFT MADA,Exploitation,2969.62,593.92,3563.54,1,20250827,2025,8
PCE-000026,2024-09-14,DEPT-002,Formation & Développement,Formations externes,FORMATION PLUS,Exploitation,3166.92,633.38,3800.3,1,20240914,2024,9
PCE-000027,2023-07-30,DEPT-002,Formation & Développement,Abonnements professionnels,ORACLE,Exploitation,3426.84,685.37,4112.21,1,20230730,2023,7
PCE-000028,2023-08-20,DEPT-005,Fournitures & Consommables,Fournitures de bureau,NETTOYAGE SERVICE,Exploitation,506.27,101.25,607.52,1,20230820,2023,8
PCE-000029,2025-01-11,DEPT-005,Fournitures & Consommables,Documentation,ORANGE PRO,Exploitation,1070.71,214.14,1284.85,1,20250111,2025,1
PCE-000030,2023-12-11,DEPT-006,Informatique & Licences,Matériel informatique,NETTOYAGE SERVICE,Exploitation,6476.73,1295.35,7772.08,1,20231211,2023,12
PCE-000031,2023-03-04,DEPT-005,Formation & Développement,Formations externes,TOTAL MADA,Exploitation,986.33,197.27,1183.6,1,20230304,2023,3
PCE-000032,2025-11-02,DEPT-008,Fournitures & Consommables,Documentation,FOURNITURES PRO,Exploitation,1005.24,201.05,1206.29,1,20251102,2025,11
PCE-000033,2025-12-02,DEPT-008,Fournitures & Consommables,Documentation,ORANGE PRO,Exploitation,647.41,129.48,776.89,1,20251202,2025,12
PCE-000034,2023-10-28,DEPT-002,Formation & Développement,Formations externes,IBM MADA,Exploitation,2585.08,517.02,3102.1,0,20231028,2023,10
PCE-000035,2025-02-28,DEPT-002,Formation & Développement,Formations externes,IT SOLUTIONS,Exploitation,2556.78,511.36,3068.14,1,20250228,2025,2
PCE-000036,2024-10-01,DEPT-001,Déplacements & Missions,Hôtel & restauration,IBM MADA,Exploitation,2878.46,575.69,3454.15,1,20241001,2024,10
PCE-000037,2023-11-03,DEPT-001,Sous-traitance,Expertise externe,ORANGE PRO,Exploitation,14667.14,2933.43,17600.57,1,20231103,2023,11
PCE-000038,2023-05-07,DEPT-008,Loyer & Charges locatives,Loyer bureaux,BAILLEUR IMMO,Exploitation,5104.29,0.0,5104.29,1,20230507,2023,5
PCE-000039,2025-12-28,DEPT-002,Déplacements & Missions,Hôtel & restauration,MICROSOFT MADA,Exploitation,2349.01,469.8,2818.81,0,20251228,2025,12
PCE-000040,2024-05-28,DEPT-005,Fournitures & Consommables,Fournitures de bureau,IT SOLUTIONS,Exploitation,1407.72,281.54,1689.26,0,20240528,2024,5
PCE-000041,2024-05-30,DEPT-001,Formation & Développement,Formations externes,FORMATION PLUS,Exploitation,2275.41,455.08,2730.49,0,20240530,2024,5
PCE-000042,2023-11-20,DEPT-008,Loyer & Charges locatives,Charges communes,MICROSOFT MADA,Exploitation,2060.17,0.0,2060.17,1,20231120,2023,11
PCE-000043,2025-05-18,DEPT-008,Loyer & Charges locatives,Charges communes,AGENCE VOYAGE,Exploitation,4646.07,0.0,4646.07,1,20250518,2025,5
PCE-000044,2024-09-28,DEPT-004,Salaires & Charges sociales,Avantages en nature,FORMATION PLUS,Exploitation,62956.85,0.0,62956.85,1,20240928,2024,9
PCE-000045,2025-10-07,DEPT-001,Formation & Développement,Abonnements professionnels,AGENCE VOYAGE,Exploitation,3379.06,675.81,4054.87,0,20251007,2025,10
PCE-000046,2024-09-11,DEPT-007,Déplacements & Missions,Hôtel & restauration,NETTOYAGE SERVICE,Exploitation,345.07,69.01,414.08,1,20240911,2024,9
PCE-000047,2023-06-03,DEPT-008,Loyer & Charges locatives,Charges communes,NETTOYAGE SERVICE,Exploitation,2238.3,0.0,2238.3,1,20230603,2023,6
PCE-000048,2023-04-17,DEPT-002,Formation & Développement,Formations externes,IT SOLUTIONS,Exploitation,592.09,118.42,710.51,0,20230417,2023,4
PCE-000049,2025-01-28,DEPT-004,Sous-traitance,Expertise externe,ORACLE,Exploitation,17235.0,3447.0,20682.0,1,20250128,2025,1
PCE-000050,2025-08-04,DEPT-003,Sous-traitance,Expertise externe,AGENCE VOYAGE,Exploitation,16282.21,3256.44,19538.65,1,20250804,2025,8
PCE-000051,2024-08-15,DEPT-006,Informatique & Licences,Matériel informatique,HOTEL COLBERT,Exploitation,13337.76,2667.55,16005.31,1,20240815,2024,8
PCE-000052,2025-06-08,DEPT-002,Sous-traitance,Prestations ponctuelles,FOURNITURES PRO,Exploitation,15296.66,3059.33,18355.99,0,20250608,2025,6
PCE-000053,2024-01-15,DEPT-006,Informatique & Licences,Matériel informatique,IT SOLUTIONS,Exploitation,3683.19,736.64,4419.83,1,20240115,2024,1
PCE-000054,2024-01-28,DEPT-007,Déplacements & Missions,Carburant,FORMATION PLUS,Exploitation,2916.69,583.34,3500.03,1,20240128,2024,1
PCE-000055,2025-11-22,DEPT-001,Déplacements & Missions,Hôtel & restauration,MICROSOFT MADA,Exploitation,259.76,51.95,311.71,0,20251122,2025,11
PCE-000056,2024-04-20,DEPT-002,Formation & Développement,Formations externes,ORANGE PRO,Exploitation,2085.27,417.05,2502.32,0,20240420,2024,4
PCE-000057,2025-01-22,DEPT-005,Fournitures & Consommables,Documentation,AGENCE VOYAGE,Exploitation,910.34,182.07,1092.41,1,20250122,2025,1
PCE-000058,2024-01-19,DEPT-001,Formation & Développement,Formations externes,ORACLE,Exploitation,3535.08,707.02,4242.1,1,20240119,2024,1
PCE-000059,2025-08-15,DEPT-001,Formation & Développement,Abonnements professionnels,TOTAL MADA,Exploitation,3739.62,747.92,4487.54,1,20250815,2025,8
PCE-000060,2025-09-08,DEPT-003,Déplacements & Missions,Carburant,ORACLE,Exploitation,1249.88,249.98,1499.86,0,20250908,2025,9
PCE-000061,2025-03-29,DEPT-001,Formation & Développement,Abonnements professionnels,AGENCE VOYAGE,Exploitation,1390.19,278.04,1668.23,1,20250329,2025,3
PCE-000062,2025-04-29,DEPT-002,Formation & Développement,Formations externes,SECURITE MADA,Exploitation,1063.61,212.72,1276.33,1,20250429,2025,4
PCE-000063,2025-01-04,DEPT-008,Informatique & Licences,Cloud & hébergement,TRANSPORT EXPRESS,Exploitation,1557.91,311.58,1869.49,1,20250104,2025,1
PCE-000064,2024-07-23,DEPT-008,Informatique & Licences,Cloud & hébergement,BAILLEUR IMMO,Exploitation,11349.66,2269.93,13619.59,1,20240723,2024,7
PCE-000065,2024-02-06,DEPT-001,Salaires & Charges sociales,Avantages en nature,BAILLEUR IMMO,Exploitation,66284.88,0.0,66284.88,1,20240206,2024,2
PCE-000066,2023-05-18,DEPT-008,Fournitures & Consommables,Fournitures de bureau,FORMATION PLUS,Exploitation,591.43,118.29,709.72,1,20230518,2023,5
PCE-000067,2024-12-26,DEPT-005,Formation & Développement,Formations externes,CONSULTANTS SA,Exploitation,993.8,198.76,1192.56,1,20241226,2024,12
PCE-000068,2025-10-16,DEPT-002,Déplacements & Missions,Hôtel & restauration,IBM MADA,Exploitation,1064.14,212.83,1276.97,1,20251016,2025,10
PCE-000069,2024-12-29,DEPT-003,Déplacements & Missions,Carburant,TOTAL MADA,Exploitation,2255.58,451.12,2706.7,1,20241229,2024,12
PCE-000070,2023-05-13,DEPT-006,Informatique & Licences,Matériel informatique,IBM MADA,Exploitation,7622.93,1524.59,9147.52,1,20230513,2023,5
PCE-000071,2023-10-03,DEPT-008,Informatique & Licences,Licences logiciels,TRANSPORT EXPRESS,Exploitation,6587.23,1317.45,7904.68,1,20231003,2023,10
PCE-000072,2023-12-20,DEPT-008,Loyer & Charges locatives,Loyer bureaux,FOURNITURES PRO,Exploitation,3298.88,0.0,3298.88,1,20231220,2023,12
PCE-000073,2025-06-22,DEPT-004,Salaires & Charges sociales,Charges patronales,NETTOYAGE SERVICE,Exploitation,9734.62,0.0,9734.62,1,20250622,2025,6
PCE-000074,2025-06-26,DEPT-008,Informatique & Licences,Matériel informatique,NETTOYAGE SERVICE,Exploitation,11254.99,2251.0,13505.99,0,20250626,2025,6
PCE-000075,2023-05-25,DEPT-006,Salaires & Charges sociales,Avantages en nature,AGENCE VOYAGE,Exploitation,72736.85,0.0,72736.85,1,20230525,2023,5
PCE-000076,2025-10-16,DEPT-008,Loyer & Charges locatives,Charges communes,CONSULTANTS SA,Exploitation,7346.89,0.0,7346.89,1,20251016,2025,10
PCE-000077,2024-02-26,DEPT-001,Sous-traitance,Prestations ponctuelles,FOURNITURES PRO,Exploitation,5533.51,1106.7,6640.21,0,20240226,2024,2
PCE-000078,2023-11-28,DEPT-007,Déplacements & Missions,Carburant,SECURITE MADA,Exploitation,2927.17,585.43,3512.6,1,20231128,2023,11
PCE-000079,2024-06-15,DEPT-006,Informatique & Licences,Licences logiciels,FOURNITURES PRO,Exploitation,10263.32,2052.66,12315.98,1,20240615,2024,6
PCE-000080,2023-02-08,DEPT-003,Sous-traitance,Prestations ponctuelles,ORANGE PRO,Exploitation,5625.63,1125.13,6750.76,1,20230208,2023,2
PCE-000081,2023-03-18,DEPT-002,Formation & Développement,Formations externes,ORACLE,Exploitation,4629.63,925.93,5555.56,1,20230318,2023,3
PCE-000082,2024-06-01,DEPT-001,Salaires & Charges sociales,Salaires bruts,FOURNITURES PRO,Exploitation,6780.18,0.0,6780.18,1,20240601,2024,6
PCE-000083,2025-05-15,DEPT-008,Informatique & Licences,Maintenance SI,FORMATION PLUS,Exploitation,1408.88,281.78,1690.66,1,20250515,2025,5
PCE-000084,2024-01-28,DEPT-004,Sous-traitance,Expertise externe,IBM MADA,Exploitation,4490.62,898.12,5388.74,1,20240128,2024,1
PCE-000085,2023-09-20,DEPT-002,Formation & Développement,Certifications,FORMATION PLUS,Exploitation,4831.9,966.38,5798.28,1,20230920,2023,9
PCE-000086,2024-06-07,DEPT-003,Déplacements & Missions,Transport,ORANGE PRO,Exploitation,796.53,159.31,955.84,1,20240607,2024,6
PCE-000087,2025-04-22,DEPT-001,Salaires & Charges sociales,Charges patronales,NETTOYAGE SERVICE,Exploitation,32091.74,0.0,32091.74,1,20250422,2025,4
PCE-000088,2023-01-04,DEPT-001,Déplacements & Missions,Transport,ORANGE PRO,Exploitation,383.78,76.76,460.54,1,20230104,2023,1
PCE-000089,2024-11-19,DEPT-008,Loyer & Charges locatives,Assurance locaux,ORACLE,Exploitation,4198.32,0.0,4198.32,1,20241119,2024,11
PCE-000090,2023-04-07,DEPT-008,Loyer & Charges locatives,Assurance locaux,FORMATION PLUS,Exploitation,6324.51,0.0,6324.51,1,20230407,2023,4
PCE-000091,2024-04-20,DEPT-008,Loyer & Charges locatives,Loyer bureaux,FORMATION PLUS,Exploitation,5580.78,0.0,5580.78,1,20240420,2024,4
PCE-000092,2025-09-28,DEPT-008,Salaires & Charges sociales,Avantages en nature,FOURNITURES PRO,Exploitation,33332.96,0.0,33332.96,1,20250928,2025,9
PCE-000093,2025-07-18,DEPT-004,Sous-traitance,Consultants,NETTOYAGE SERVICE,Exploitation,10331.02,2066.2,12397.22,1,20250718,2025,7
PCE-000094,2024-03-21,DEPT-002,Salaires & Charges sociales,Salaires bruts,SECURITE MADA,Exploitation,42507.58,0.0,42507.58,1,20240321,2024,3
PCE-000095,2023-06-22,DEPT-008,Loyer & Charges locatives,Assurance locaux,FORMATION PLUS,Exploitation,5198.19,0.0,5198.19,1,20230622,2023,6
PCE-000096,2023-11-26,DEPT-002,Sous-traitance,Expertise externe,ORACLE,Exploitation,1792.68,358.54,2151.22,1,20231126,2023,11
PCE-000097,2023-08-28,DEPT-008,Informatique & Licences,Licences logiciels,FORMATION PLUS,Exploitation,9010.47,1802.09,10812.56,1,20230828,2023,8
PCE-000098,2025-07-23,DEPT-005,Formation & Développement,Abonnements professionnels,FOURNITURES PRO,Exploitation,4227.35,845.47,5072.82,1,20250723,2025,7
PCE-000099,2023-03-04,DEPT-002,Formation & Développement,Certifications,SECURITE MADA,Exploitation,2743.84,548.77,3292.61,0,20230304,2023,3
PCE-000100,2023-03-24,DEPT-006,Informatique & Licences,Cloud & hébergement,IT SOLUTIONS,Exploitation,4095.64,819.13,4914.77,1,20230324,2023,3
PCE-000101,2024-10-15,DEPT-001,Déplacements & Missions,Carburant,FORMATION PLUS,Exploitation,1628.0,325.6,1953.6,1,20241015,2024,10
PCE-000102,2024-05-03,DEPT-006,Informatique & Licences,Cloud & hébergement,IT SOLUTIONS,Exploitation,10094.29,2018.86,12113.15,1,20240503,2024,5
PCE-000103,2024-09-18,DEPT-006,Informatique & Licences,Maintenance SI,ORANGE PRO,Exploitation,9213.78,1842.76,11056.54,1,20240918,2024,9
PCE-000104,2024-10-09,DEPT-005,Formation & Développement,Abonnements professionnels,BAILLEUR IMMO,Exploitation,1632.48,326.5,1958.98,0,20241009,2024,10
PCE-000105,2025-05-11,DEPT-001,Sous-traitance,Prestations ponctuelles,HOTEL COLBERT,Exploitation,18031.7,3606.34,21638.04,1,20250511,2025,5
PCE-000106,2023-06-02,DEPT-002,Formation & Développement,Abonnements professionnels,ORACLE,Exploitation,3954.78,790.96,4745.74,1,20230602,2023,6
PCE-000107,2023-04-23,DEPT-008,Loyer & Charges locatives,Assurance locaux,BAILLEUR IMMO,Exploitation,6120.7,0.0,6120.7,1,20230423,2023,4
PCE-000108,2024-03-24,DEPT-001,Sous-traitance,Consultants,SECURITE MADA,Exploitation,13801.62,2760.32,16561.94,1,20240324,2024,3
PCE-000109,2025-04-26,DEPT-005,Fournitures & Consommables,Documentation,TRANSPORT EXPRESS,Exploitation,738.45,147.69,886.14,1,20250426,2025,4
PCE-000110,2023-10-05,DEPT-005,Formation & Développement,Abonnements professionnels,TOTAL MADA,Exploitation,4887.3,977.46,5864.76,0,20231005,2023,10
PCE-000111,2023-10-14,DEPT-003,Déplacements & Missions,Transport,SECURITE MADA,Exploitation,2101.58,420.32,2521.9,1,20231014,2023,10
PCE-000112,2024-09-27,DEPT-001,Sous-traitance,Expertise externe,ORACLE,Exploitation,10395.31,2079.06,12474.37,0,20240927,2024,9
PCE-000113,2023-08-05,DEPT-007,Déplacements & Missions,Carburant,TRANSPORT EXPRESS,Exploitation,2126.63,425.33,2551.96,1,20230805,2023,8
PCE-000114,2024-07-26,DEPT-005,Salaires & Charges sociales,Avantages en nature,AGENCE VOYAGE,Exploitation,12108.38,0.0,12108.38,1,20240726,2024,7
PCE-000115,2025-09-17,DEPT-003,Déplacements & Missions,Transport,AGENCE VOYAGE,Exploitation,429.09,85.82,514.91,1,20250917,2025,9
PCE-000116,2024-08-21,DEPT-008,Loyer & Charges locatives,Loyer bureaux,TRANSPORT EXPRESS,Exploitation,3803.71,0.0,3803.71,1,20240821,2024,8
PCE-000117,2025-04-28,DEPT-006,Informatique & Licences,Licences logiciels,FOURNITURES PRO,Exploitation,7315.27,1463.05,8778.32,1,20250428,2025,4
PCE-000118,2025-08-12,DEPT-002,Déplacements & Missions,Hôtel & restauration,HOTEL COLBERT,Exploitation,2380.05,476.01,2856.06,1,20250812,2025,8
PCE-000119,2023-04-07,DEPT-002,Sous-traitance,Expertise externe,HOTEL COLBERT,Exploitation,14165.82,2833.16,16998.98,0,20230407,2023,4
PCE-000120,2023-10-03,DEPT-008,Loyer & Charges locatives,Assurance locaux,CONSULTANTS SA,Exploitation,3847.75,0.0,3847.75,1,20231003,2023,10
PCE-000121,2025-09-15,DEPT-005,Fournitures & Consommables,Fournitures de bureau,FORMATION PLUS,Exploitation,1020.18,204.04,1224.22,1,20250915,2025,9
PCE-000122,2023-04-27,DEPT-001,Sous-traitance,Consultants,HOTEL COLBERT,Exploitation,5954.86,1190.97,7145.83,0,20230427,2023,4
PCE-000123,2025-10-21,DEPT-008,Fournitures & Consommables,Consommables informatique,NETTOYAGE SERVICE,Exploitation,1406.9,281.38,1688.28,1,20251021,2025,10
PCE-000124,2023-11-26,DEPT-005,Fournitures & Consommables,Fournitures de bureau,IT SOLUTIONS,Exploitation,497.08,99.42,596.5,1,20231126,2023,11
PCE-000125,2024-01-28,DEPT-001,Formation & Développement,Formations externes,MICROSOFT MADA,Exploitation,766.35,153.27,919.62,1,20240128,2024,1
PCE-000126,2023-06-21,DEPT-008,Loyer & Charges locatives,Charges communes,ORANGE PRO,Exploitation,6884.43,0.0,6884.43,1,20230621,2023,6
PCE-000127,2023-09-13,DEPT-005,Fournitures & Consommables,Consommables informatique,TOTAL MADA,Exploitation,332.47,66.49,398.96,1,20230913,2023,9
PCE-000128,2024-05-18,DEPT-008,Salaires & Charges sociales,Charges patronales,IBM MADA,Exploitation,25342.04,0.0,25342.04,1,20240518,2024,5
PCE-000129,2023-11-13,DEPT-002,Formation & Développement,Certifications,ORACLE,Exploitation,2093.45,418.69,2512.14,1,20231113,2023,11
PCE-000130,2024-11-08,DEPT-002,Salaires & Charges sociales,Avantages en nature,FORMATION PLUS,Exploitation,20748.87,0.0,20748.87,1,20241108,2024,11
PCE-000131,2024-02-25,DEPT-008,Loyer & Charges locatives,Loyer bureaux,FORMATION PLUS,Exploitation,2740.83,0.0,2740.83,1,20240225,2024,2
PCE-000132,2023-08-21,DEPT-001,Salaires & Charges sociales,Avantages en nature,MICROSOFT MADA,Exploitation,49390.45,0.0,49390.45,1,20230821,2023,8
PCE-000133,2025-02-15,DEPT-007,Salaires & Charges sociales,Avantages en nature,CONSULTANTS SA,Exploitation,5868.52,0.0,5868.52,1,20250215,2025,2
PCE-000134,2023-04-19,DEPT-008,Loyer & Charges locatives,Loyer bureaux,ORANGE PRO,Exploitation,6704.36,0.0,6704.36,1,20230419,2023,4
PCE-000135,2024-09-25,DEPT-001,Formation & Développement,Certifications,FORMATION PLUS,Exploitation,1691.5,338.3,2029.8,1,20240925,2024,9
PCE-000136,2025-01-18,DEPT-008,Loyer & Charges locatives,Charges communes,SECURITE MADA,Exploitation,6897.81,0.0,6897.81,1,20250118,2025,1
PCE-000137,2023-09-03,DEPT-003,Déplacements & Missions,Carburant,SECURITE MADA,Exploitation,546.34,109.27,655.61,1,20230903,2023,9
PCE-000138,2024-09-29,DEPT-005,Fournitures & Consommables,Documentation,ORACLE,Exploitation,478.19,95.64,573.83,1,20240929,2024,9
PCE-000139,2024-11-05,DEPT-003,Sous-traitance,Prestations ponctuelles,MICROSOFT MADA,Exploitation,6977.09,1395.42,8372.51,1,20241105,2024,11
PCE-000140,2025-12-21,DEPT-003,Déplacements & Missions,Transport,FOURNITURES PRO,Exploitation,556.31,111.26,667.57,1,20251221,2025,12
PCE-000141,2024-07-06,DEPT-005,Salaires & Charges sociales,Salaires bruts,MICROSOFT MADA,Exploitation,68863.58,0.0,68863.58,1,20240706,2024,7
PCE-000142,2024-01-28,DEPT-003,Sous-traitance,Prestations ponctuelles,IBM MADA,Exploitation,3537.76,707.55,4245.31,1,20240128,2024,1
PCE-000143,2024-12-13,DEPT-003,Sous-traitance,Prestations ponctuelles,MICROSOFT MADA,Exploitation,10712.35,2142.47,12854.82,0,20241213,2024,12
PCE-000144,2025-11-26,DEPT-008,Fournitures & Consommables,Consommables informatique,TOTAL MADA,Exploitation,142.36,28.47,170.83,1,20251126,2025,11
PCE-000145,2025-10-15,DEPT-004,Sous-traitance,Expertise externe,BAILLEUR IMMO,Exploitation,14605.36,2921.07,17526.43,1,20251015,2025,10
PCE-000146,2024-08-26,DEPT-008,Informatique & Licences,Maintenance SI,HOTEL COLBERT,Exploitation,13725.0,2745.0,16470.0,1,20240826,2024,8
PCE-000147,2025-09-15,DEPT-003,Déplacements & Missions,Carburant,AGENCE VOYAGE,Exploitation,908.71,181.74,1090.45,0,20250915,2025,9
PCE-000148,2024-05-17,DEPT-006,Informatique & Licences,Licences logiciels,AGENCE VOYAGE,Exploitation,991.9,198.38,1190.28,1,20240517,2024,5
PCE-000149,2025-03-02,DEPT-003,Salaires & Charges sociales,Charges patronales,ORACLE,Exploitation,47622.5,0.0,47622.5,1,20250302,2025,3
PCE-000150,2025-06-08,DEPT-008,Fournitures & Consommables,Consommables informatique,SECURITE MADA,Exploitation,276.27,55.25,331.52,1,20250608,2025,6
PCE-000151,2024-03-01,DEPT-008,Informatique & Licences,Cloud & hébergement,FORMATION PLUS,Exploitation,7704.17,1540.83,9245.0,1,20240301,2024,3
PCE-000152,2025-02-16,DEPT-001,Sous-traitance,Expertise externe,IT SOLUTIONS,Exploitation,1393.26,278.65,1671.91,1,20250216,2025,2
PCE-000153,2024-06-04,DEPT-003,Sous-traitance,Consultants,SECURITE MADA,Exploitation,1462.79,292.56,1755.35,1,20240604,2024,6
PCE-000154,2024-02-10,DEPT-008,Informatique & Licences,Licences logiciels,CONSULTANTS SA,Exploitation,9244.26,1848.85,11093.11,1,20240210,2024,2
PCE-000155,2024-03-31,DEPT-003,Sous-traitance,Consultants,TOTAL MADA,Exploitation,3685.37,737.07,4422.44,0,20240331,2024,3
PCE-000156,2023-10-21,DEPT-001,Déplacements & Missions,Carburant,HOTEL COLBERT,Exploitation,1311.99,262.4,1574.39,1,20231021,2023,10
PCE-000157,2024-02-17,DEPT-006,Informatique & Licences,Matériel informatique,MICROSOFT MADA,Exploitation,2303.44,460.69,2764.13,1,20240217,2024,2
PCE-000158,2023-05-01,DEPT-008,Informatique & Licences,Matériel informatique,FORMATION PLUS,Exploitation,9911.73,1982.35,11894.08,1,20230501,2023,5
PCE-000159,2025-11-07,DEPT-001,Formation & Développement,Formations externes,HOTEL COLBERT,Exploitation,4704.9,940.98,5645.88,1,20251107,2025,11
PCE-000160,2025-01-02,DEPT-008,Fournitures & Consommables,Fournitures de bureau,SECURITE MADA,Exploitation,317.41,63.48,380.89,0,20250102,2025,1
PCE-000161,2025-10-19,DEPT-004,Sous-traitance,Prestations ponctuelles,ORACLE,Exploitation,12239.08,2447.82,14686.9,1,20251019,2025,10
PCE-000162,2024-09-19,DEPT-008,Informatique & Licences,Cloud & hébergement,NETTOYAGE SERVICE,Exploitation,9265.21,1853.04,11118.25,1,20240919,2024,9
PCE-000163,2025-11-04,DEPT-002,Déplacements & Missions,Carburant,ORANGE PRO,Exploitation,2652.37,530.47,3182.84,1,20251104,2025,11
PCE-000164,2024-08-12,DEPT-002,Déplacements & Missions,Hôtel & restauration,TRANSPORT EXPRESS,Exploitation,2106.95,421.39,2528.34,0,20240812,2024,8
PCE-000165,2025-12-19,DEPT-005,Salaires & Charges sociales,Salaires bruts,MICROSOFT MADA,Exploitation,22143.63,0.0,22143.63,1,20251219,2025,12
PCE-000166,2024-03-03,DEPT-008,Loyer & Charges locatives,Charges communes,AGENCE VOYAGE,Exploitation,4364.83,0.0,4364.83,1,20240303,2024,3
PCE-000167,2025-08-03,DEPT-001,Salaires & Charges sociales,Avantages en nature,ORACLE,Exploitation,35649.13,0.0,35649.13,1,20250803,2025,8
PCE-000168,2024-07-23,DEPT-006,Salaires & Charges sociales,Salaires bruts,ORANGE PRO,Exploitation,59630.07,0.0,59630.07,1,20240723,2024,7
PCE-000169,2025-02-12,DEPT-008,Loyer & Charges locatives,Loyer bureaux,BAILLEUR IMMO,Exploitation,3388.44,0.0,3388.44,1,20250212,2025,2
PCE-000170,2023-10-06,DEPT-003,Salaires & Charges sociales,Salaires bruts,HOTEL COLBERT,Exploitation,58051.21,0.0,58051.21,1,20231006,2023,10
PCE-000171,2024-08-20,DEPT-003,Sous-traitance,Expertise externe,SECURITE MADA,Exploitation,13904.25,2780.85,16685.1,1,20240820,2024,8
PCE-000172,2023-10-04,DEPT-008,Fournitures & Consommables,Consommables informatique,HOTEL COLBERT,Exploitation,719.29,143.86,863.15,0,20231004,2023,10
PCE-000173,2024-07-12,DEPT-003,Sous-traitance,Prestations ponctuelles,ORACLE,Exploitation,4468.65,893.73,5362.38,0,20240712,2024,7
PCE-000174,2024-04-14,DEPT-008,Loyer & Charges locatives,Loyer bureaux,TRANSPORT EXPRESS,Exploitation,6919.52,0.0,6919.52,1,20240414,2024,4
PCE-000175,2023-09-30,DEPT-002,Sous-traitance,Prestations ponctuelles,AGENCE VOYAGE,Exploitation,14593.58,2918.72,17512.3,1,20230930,2023,9
PCE-000176,2024-01-19,DEPT-001,Sous-traitance,Expertise externe,TOTAL MADA,Exploitation,2516.42,503.28,3019.7,0,20240119,2024,1
PCE-000177,2025-02-15,DEPT-008,Loyer & Charges locatives,Loyer bureaux,ORACLE,Exploitation,2008.49,0.0,2008.49,1,20250215,2025,2
PCE-000178,2024-05-29,DEPT-008,Loyer & Charges locatives,Assurance locaux,FORMATION PLUS,Exploitation,7722.56,0.0,7722.56,1,20240529,2024,5
PCE-000179,2025-02-22,DEPT-003,Sous-traitance,Expertise externe,NETTOYAGE SERVICE,Exploitation,19453.76,3890.75,23344.51,0,20250222,2025,2
PCE-000180,2023-05-20,DEPT-002,Déplacements & Missions,Transport,TOTAL MADA,Exploitation,1211.34,242.27,1453.61,1,20230520,2023,5
PCE-000181,2024-01-07,DEPT-006,Informatique & Licences,Licences logiciels,FOURNITURES PRO,Exploitation,562.37,112.47,674.84,1,20240107,2024,1
PCE-000182,2024-03-30,DEPT-003,Déplacements & Missions,Transport,HOTEL COLBERT,Exploitation,284.9,56.98,341.88,0,20240330,2024,3
PCE-000183,2024-03-05,DEPT-005,Fournitures & Consommables,Fournitures de bureau,MICROSOFT MADA,Exploitation,1277.82,255.56,1533.38,1,20240305,2024,3
PCE-000184,2025-09-02,DEPT-008,Fournitures & Consommables,Fournitures de bureau,TRANSPORT EXPRESS,Exploitation,1484.47,296.89,1781.36,1,20250902,2025,9
PCE-000185,2025-11-25,DEPT-006,Informatique & Licences,Maintenance SI,FORMATION PLUS,Exploitation,5428.34,1085.67,6514.01,0,20251125,2025,11
PCE-000186,2023-02-24,DEPT-006,Informatique & Licences,Licences logiciels,CONSULTANTS SA,Exploitation,8119.54,1623.91,9743.45,1,20230224,2023,2
PCE-000187,2025-08-24,DEPT-008,Salaires & Charges sociales,Salaires bruts,NETTOYAGE SERVICE,Exploitation,16305.75,0.0,16305.75,1,20250824,2025,8
PCE-000188,2023-09-06,DEPT-008,Loyer & Charges locatives,Charges communes,MICROSOFT MADA,Exploitation,5134.68,0.0,5134.68,1,20230906,2023,9
PCE-000189,2024-10-24,DEPT-008,Loyer & Charges locatives,Loyer bureaux,IBM MADA,Exploitation,5421.41,0.0,5421.41,1,20241024,2024,10
PCE-000190,2024-11-02,DEPT-008,Salaires & Charges sociales,Charges patronales,ORANGE PRO,Exploitation,65801.83,0.0,65801.83,1,20241102,2024,11
PCE-000191,2025-01-08,DEPT-002,Déplacements & Missions,Transport,IBM MADA,Exploitation,1447.34,289.47,1736.81,1,20250108,2025,1
PCE-000192,2025-12-12,DEPT-001,Salaires & Charges sociales,Avantages en nature,ORACLE,Exploitation,45382.17,0.0,45382.17,1,20251212,2025,12
PCE-000193,2025-08-10,DEPT-005,Salaires & Charges sociales,Salaires bruts,IBM MADA,Exploitation,30216.52,0.0,30216.52,1,20250810,2025,8
PCE-000194,2023-04-07,DEPT-007,Salaires & Charges sociales,Charges patronales,FORMATION PLUS,Exploitation,38277.64,0.0,38277.64,1,20230407,2023,4
PCE-000195,2025-11-22,DEPT-008,Informatique & Licences,Cloud & hébergement,TOTAL MADA,Exploitation,10659.68,2131.94,12791.62,1,20251122,2025,11
PCE-000196,2024-11-24,DEPT-008,Fournitures & Consommables,Fournitures de bureau,ORACLE,Exploitation,905.06,181.01,1086.07,1,20241124,2024,11
PCE-000197,2025-06-15,DEPT-008,Fournitures & Consommables,Documentation,ORACLE,Exploitation,346.37,69.27,415.64,1,20250615,2025,6
PCE-000198,2025-03-16,DEPT-001,Formation & Développement,Certifications,ORANGE PRO,Exploitation,1075.71,215.14,1290.85,1,20250316,2025,3
PCE-000199,2023-09-13,DEPT-005,Fournitures & Consommables,Consommables informatique,SECURITE MADA,Exploitation,503.25,100.65,603.9,1,20230913,2023,9
PCE-000200,2024-07-07,DEPT-008,Loyer & Charges locatives,Assurance locaux,TRANSPORT EXPRESS,Exploitation,6592.6,0.0,6592.6,1,20240707,2024,7
PCE-000201,2025-04-01,DEPT-008,Informatique & Licences,Cloud & hébergement,FORMATION PLUS,Exploitation,2620.43,524.09,3144.52,1,20250401,2025,4
PCE-000202,2024-08-28,DEPT-008,Loyer & Charges locatives,Loyer bureaux,AGENCE VOYAGE,Exploitation,5628.64,0.0,5628.64,1,20240828,2024,8
PCE-000203,2025-02-12,DEPT-004,Sous-traitance,Prestations ponctuelles,IT SOLUTIONS,Exploitation,9533.52,1906.7,11440.22,0,20250212,2025,2
PCE-000204,2025-05-09,DEPT-002,Formation & Développement,Certifications,FOURNITURES PRO,Exploitation,3036.38,607.28,3643.66,1,20250509,2025,5
PCE-000205,2025-07-03,DEPT-006,Informatique & Licences,Licences logiciels,AGENCE VOYAGE,Exploitation,4425.63,885.13,5310.76,1,20250703,2025,7
PCE-000206,2025-06-13,DEPT-001,Formation & Développement,Certifications,ORANGE PRO,Exploitation,2559.79,511.96,3071.75,1,20250613,2025,6
PCE-000207,2025-07-05,DEPT-008,Fournitures & Consommables,Documentation,CONSULTANTS SA,Exploitation,974.74,194.95,1169.69,1,20250705,2025,7
PCE-000208,2024-03-19,DEPT-006,Informatique & Licences,Cloud & hébergement,CONSULTANTS SA,Exploitation,7090.45,1418.09,8508.54,1,20240319,2024,3
PCE-000209,2023-08-13,DEPT-008,Loyer & Charges locatives,Charges communes,IBM MADA,Exploitation,4586.96,0.0,4586.96,1,20230813,2023,8
PCE-000210,2023-01-30,DEPT-001,Déplacements & Missions,Hôtel & restauration,FORMATION PLUS,Exploitation,957.14,191.43,1148.57,1,20230130,2023,1
PCE-000211,2024-02-16,DEPT-008,Fournitures & Consommables,Consommables informatique,AGENCE VOYAGE,Exploitation,644.57,128.91,773.48,1,20240216,2024,2
PCE-000212,2024-01-01,DEPT-002,Sous-traitance,Expertise externe,NETTOYAGE SERVICE,Exploitation,19729.26,3945.85,23675.11,0,20240101,2024,1
PCE-000213,2024-03-27,DEPT-002,Sous-traitance,Consultants,IBM MADA,Exploitation,13696.38,2739.28,16435.66,0,20240327,2024,3
PCE-000214,2025-10-13,DEPT-008,Informatique & Licences,Matériel informatique,ORANGE PRO,Exploitation,2208.24,441.65,2649.89,1,20251013,2025,10
PCE-000215,2024-05-25,DEPT-008,Loyer & Charges locatives,Charges communes,FORMATION PLUS,Exploitation,2029.16,0.0,2029.16,1,20240525,2024,5
PCE-000216,2024-12-15,DEPT-005,Fournitures & Consommables,Fournitures de bureau,TRANSPORT EXPRESS,Exploitation,1202.74,240.55,1443.29,1,20241215,2024,12
PCE-000217,2024-01-07,DEPT-006,Informatique & Licences,Licences logiciels,CONSULTANTS SA,Exploitation,5436.08,1087.22,6523.3,1,20240107,2024,1
PCE-000218,2023-01-02,DEPT-008,Fournitures & Consommables,Documentation,IBM MADA,Exploitation,1325.65,265.13,1590.78,1,20230102,2023,1
PCE-000219,2023-04-05,DEPT-002,Déplacements & Missions,Hôtel & restauration,ORANGE PRO,Exploitation,2153.79,430.76,2584.55,1,20230405,2023,4
PCE-000220,2024-05-18,DEPT-002,Sous-traitance,Expertise externe,CONSULTANTS SA,Exploitation,16614.47,3322.89,19937.36,1,20240518,2024,5
PCE-000221,2024-10-23,DEPT-008,Fournitures & Consommables,Documentation,IT SOLUTIONS,Exploitation,707.16,141.43,848.59,0,20241023,2024,10
PCE-000222,2025-06-27,DEPT-005,Formation & Développement,Abonnements professionnels,HOTEL COLBERT,Exploitation,4395.84,879.17,5275.01,0,20250627,2025,6
PCE-000223,2023-03-31,DEPT-003,Sous-traitance,Consultants,ORANGE PRO,Exploitation,9097.61,1819.52,10917.13,1,20230331,2023,3
PCE-000224,2024-07-23,DEPT-004,Sous-traitance,Expertise externe,TOTAL MADA,Exploitation,15956.41,3191.28,19147.69,1,20240723,2024,7
PCE-000225,2024-07-22,DEPT-004,Sous-traitance,Consultants,IT SOLUTIONS,Exploitation,14931.86,2986.37,17918.23,1,20240722,2024,7
PCE-000226,2024-02-08,DEPT-008,Informatique & Licences,Matériel informatique,FOURNITURES PRO,Exploitation,6119.03,1223.81,7342.84,1,20240208,2024,2
PCE-000227,2025-07-27,DEPT-001,Formation & Développement,Certifications,TRANSPORT EXPRESS,Exploitation,2464.98,493.0,2957.98,0,20250727,2025,7
PCE-000228,2024-09-08,DEPT-003,Déplacements & Missions,Hôtel & restauration,NETTOYAGE SERVICE,Exploitation,2530.86,506.17,3037.03,0,20240908,2024,9
PCE-000229,2025-06-14,DEPT-008,Fournitures & Consommables,Documentation,TRANSPORT EXPRESS,Exploitation,700.72,140.14,840.86,1,20250614,2025,6
PCE-000230,2024-09-21,DEPT-003,Déplacements & Missions,Transport,FORMATION PLUS,Exploitation,387.79,77.56,465.35,1,20240921,2024,9
PCE-000231,2024-05-28,DEPT-008,Salaires & Charges sociales,Salaires bruts,AGENCE VOYAGE,Exploitation,13162.03,0.0,13162.03,1,20240528,2024,5
PCE-000232,2024-06-12,DEPT-008,Loyer & Charges locatives,Loyer bureaux,IBM MADA,Exploitation,6116.3,0.0,6116.3,1,20240612,2024,6
PCE-000233,2024-03-24,DEPT-002,Formation & Développement,Formations externes,ORANGE PRO,Exploitation,3093.09,618.62,3711.71,1,20240324,2024,3
PCE-000234,2023-02-18,DEPT-006,Informatique & Licences,Matériel informatique,NETTOYAGE SERVICE,Exploitation,707.33,141.47,848.8,1,20230218,2023,2
PCE-000235,2023-01-14,DEPT-008,Loyer & Charges locatives,Charges communes,AGENCE VOYAGE,Exploitation,3736.81,0.0,3736.81,1,20230114,2023,1
PCE-000236,2025-09-16,DEPT-003,Déplacements & Missions,Transport,TRANSPORT EXPRESS,Exploitation,399.0,79.8,478.8,0,20250916,2025,9
PCE-000237,2025-02-16,DEPT-007,Déplacements & Missions,Carburant,CONSULTANTS SA,Exploitation,1293.65,258.73,1552.38,1,20250216,2025,2
PCE-000238,2024-04-17,DEPT-004,Sous-traitance,Prestations ponctuelles,NETTOYAGE SERVICE,Exploitation,11957.87,2391.57,14349.44,0,20240417,2024,4
PCE-000239,2024-09-27,DEPT-001,Formation & Développement,Abonnements professionnels,HOTEL COLBERT,Exploitation,2167.62,433.52,2601.14,1,20240927,2024,9
PCE-000240,2025-03-29,DEPT-004,Sous-traitance,Consultants,AGENCE VOYAGE,Exploitation,18712.05,3742.41,22454.46,0,20250329,2025,3
PCE-000241,2024-05-30,DEPT-003,Sous-traitance,Expertise externe,TOTAL MADA,Exploitation,10132.5,2026.5,12159.0,1,20240530,2024,5
PCE-000242,2024-12-01,DEPT-008,Fournitures & Consommables,Consommables informatique,BAILLEUR IMMO,Exploitation,1289.82,257.96,1547.78,1,20241201,2024,12
PCE-000243,2024-01-14,DEPT-008,Informatique & Licences,Maintenance SI,FOURNITURES PRO,Exploitation,1523.84,304.77,1828.61,1,20240114,2024,1
PCE-000244,2025-10-23,DEPT-008,Loyer & Charges locatives,Charges communes,TRANSPORT EXPRESS,Exploitation,4925.9,0.0,4925.9,1,20251023,2025,10
PCE-000245,2023-10-18,DEPT-008,Informatique & Licences,Licences logiciels,AGENCE VOYAGE,Exploitation,2915.86,583.17,3499.03,1,20231018,2023,10
PCE-000246,2023-12-15,DEPT-005,Fournitures & Consommables,Documentation,FOURNITURES PRO,Exploitation,932.88,186.58,1119.46,1,20231215,2023,12
PCE-000247,2024-07-18,DEPT-007,Déplacements & Missions,Transport,ORACLE,Exploitation,297.16,59.43,356.59,1,20240718,2024,7
PCE-000248,2025-06-03,DEPT-002,Déplacements & Missions,Transport,ORACLE,Exploitation,766.07,153.21,919.28,1,20250603,2025,6
PCE-000249,2023-04-24,DEPT-008,Loyer & Charges locatives,Assurance locaux,NETTOYAGE SERVICE,Exploitation,3163.88,0.0,3163.88,1,20230424,2023,4
PCE-000250,2024-05-10,DEPT-008,Loyer & Charges locatives,Loyer bureaux,SECURITE MADA,Exploitation,6924.78,0.0,6924.78,1,20240510,2024,5
PCE-000251,2025-11-07,DEPT-003,Sous-traitance,Consultants,FOURNITURES PRO,Exploitation,5994.06,1198.81,7192.87,1,20251107,2025,11
PCE-000252,2024-10-24,DEPT-008,Fournitures & Consommables,Fournitures de bureau,TRANSPORT EXPRESS,Exploitation,580.39,116.08,696.47,1,20241024,2024,10
PCE-000253,2024-12-29,DEPT-008,Informatique & Licences,Licences logiciels,ORACLE,Exploitation,2725.46,545.09,3270.55,1,20241229,2024,12
PCE-000254,2025-04-23,DEPT-008,Loyer & Charges locatives,Charges communes,TRANSPORT EXPRESS,Exploitation,5651.68,0.0,5651.68,1,20250423,2025,4
PCE-000255,2024-03-08,DEPT-005,Fournitures & Consommables,Documentation,FOURNITURES PRO,Exploitation,544.33,108.87,653.2,0,20240308,2024,3
PCE-000256,2023-07-02,DEPT-007,Déplacements & Missions,Hôtel & restauration,IT SOLUTIONS,Exploitation,2038.85,407.77,2446.62,1,20230702,2023,7
PCE-000257,2025-06-03,DEPT-005,Fournitures & Consommables,Documentation,TRANSPORT EXPRESS,Exploitation,1462.73,292.55,1755.28,1,20250603,2025,6
PCE-000258,2024-12-28,DEPT-004,Sous-traitance,Prestations ponctuelles,ORACLE,Exploitation,14501.23,2900.25,17401.48,0,20241228,2024,12
PCE-000259,2025-08-08,DEPT-006,Salaires & Charges sociales,Avantages en nature,AGENCE VOYAGE,Exploitation,53999.47,0.0,53999.47,1,20250808,2025,8
PCE-000260,2023-09-09,DEPT-002,Salaires & Charges sociales,Avantages en nature,AGENCE VOYAGE,Exploitation,50000.44,0.0,50000.44,1,20230909,2023,9
PCE-000261,2024-06-24,DEPT-008,Loyer & Charges locatives,Assurance locaux,HOTEL COLBERT,Exploitation,7164.27,0.0,7164.27,1,20240624,2024,6
PCE-000262,2023-12-11,DEPT-003,Déplacements & Missions,Transport,AGENCE VOYAGE,Exploitation,1857.35,371.47,2228.82,1,20231211,2023,12
PCE-000263,2025-01-11,DEPT-008,Fournitures & Consommables,Fournitures de bureau,AGENCE VOYAGE,Exploitation,1271.11,254.22,1525.33,1,20250111,2025,1
PCE-000264,2023-04-10,DEPT-002,Déplacements & Missions,Carburant,IT SOLUTIONS,Exploitation,453.28,90.66,543.94,0,20230410,2023,4
PCE-000265,2025-10-09,DEPT-001,Sous-traitance,Prestations ponctuelles,SECURITE MADA,Exploitation,16450.61,3290.12,19740.73,0,20251009,2025,10
PCE-000266,2024-10-02,DEPT-005,Fournitures & Consommables,Fournitures de bureau,IBM MADA,Exploitation,1298.49,259.7,1558.19,1,20241002,2024,10
PCE-000267,2025-07-19,DEPT-005,Fournitures & Consommables,Consommables informatique,FORMATION PLUS,Exploitation,322.38,64.48,386.86,0,20250719,2025,7
PCE-000268,2023-03-26,DEPT-007,Salaires & Charges sociales,Salaires bruts,NETTOYAGE SERVICE,Exploitation,52543.37,0.0,52543.37,1,20230326,2023,3
PCE-000269,2024-07-08,DEPT-006,Informatique & Licences,Licences logiciels,AGENCE VOYAGE,Exploitation,6547.55,1309.51,7857.06,1,20240708,2024,7
PCE-000270,2025-05-20,DEPT-006,Informatique & Licences,Matériel informatique,FORMATION PLUS,Exploitation,6416.5,1283.3,7699.8,1,20250520,2025,5
PCE-000271,2023-03-16,DEPT-006,Informatique & Licences,Maintenance SI,MICROSOFT MADA,Exploitation,8067.89,1613.58,9681.47,1,20230316,2023,3
PCE-000272,2024-05-07,DEPT-008,Informatique & Licences,Licences logiciels,IBM MADA,Exploitation,10267.15,2053.43,12320.58,1,20240507,2024,5
PCE-000273,2025-10-09,DEPT-005,Salaires & Charges sociales,Salaires bruts,FORMATION PLUS,Exploitation,28540.91,0.0,28540.91,1,20251009,2025,10
PCE-000274,2023-11-23,DEPT-008,Informatique & Licences,Matériel informatique,SECURITE MADA,Exploitation,1388.68,277.74,1666.42,0,20231123,2023,11
PCE-000275,2023-04-11,DEPT-006,Informatique & Licences,Matériel informatique,MICROSOFT MADA,Exploitation,7573.96,1514.79,9088.75,1,20230411,2023,4
PCE-000276,2023-04-21,DEPT-008,Fournitures & Consommables,Fournitures de bureau,MICROSOFT MADA,Exploitation,1296.96,259.39,1556.35,1,20230421,2023,4
PCE-000277,2024-07-06,DEPT-006,Informatique & Licences,Licences logiciels,TOTAL MADA,Exploitation,556.69,111.34,668.03,0,20240706,2024,7
PCE-000278,2023-01-25,DEPT-005,Fournitures & Consommables,Fournitures de bureau,FORMATION PLUS,Exploitation,755.28,151.06,906.34,1,20230125,2023,1
PCE-000279,2024-05-09,DEPT-008,Informatique & Licences,Maintenance SI,FORMATION PLUS,Exploitation,14111.19,2822.24,16933.43,1,20240509,2024,5
PCE-000280,2024-03-27,DEPT-001,Formation & Développement,Certifications,AGENCE VOYAGE,Exploitation,2702.83,540.57,3243.4,1,20240327,2024,3
PCE-000281,2025-06-15,DEPT-004,Salaires & Charges sociales,Charges patronales,BAILLEUR IMMO,Exploitation,14545.53,0.0,14545.53,1,20250615,2025,6
PCE-000282,2023-08-07,DEPT-006,Informatique & Licences,Maintenance SI,AGENCE VOYAGE,Exploitation,4677.46,935.49,5612.95,0,20230807,2023,8
PCE-000283,2023-08-05,DEPT-002,Déplacements & Missions,Carburant,TRANSPORT EXPRESS,Exploitation,1150.84,230.17,1381.01,1,20230805,2023,8
PCE-000284,2023-09-19,DEPT-001,Sous-traitance,Expertise externe,ORANGE PRO,Exploitation,12537.11,2507.42,15044.53,1,20230919,2023,9
PCE-000285,2023-05-01,DEPT-008,Informatique & Licences,Matériel informatique,FORMATION PLUS,Exploitation,14039.19,2807.84,16847.03,1,20230501,2023,5
PCE-000286,2023-04-14,DEPT-008,Loyer & Charges locatives,Assurance locaux,MICROSOFT MADA,Exploitation,4619.98,0.0,4619.98,1,20230414,2023,4
PCE-000287,2025-07-03,DEPT-006,Informatique & Licences,Matériel informatique,CONSULTANTS SA,Exploitation,7360.74,1472.15,8832.89,1,20250703,2025,7
PCE-000288,2023-03-30,DEPT-001,Sous-traitance,Expertise externe,HOTEL COLBERT,Exploitation,5199.9,1039.98,6239.88,0,20230330,2023,3
PCE-000289,2024-05-11,DEPT-008,Informatique & Licences,Maintenance SI,FORMATION PLUS,Exploitation,8726.71,1745.34,10472.05,1,20240511,2024,5
PCE-000290,2024-08-12,DEPT-002,Salaires & Charges sociales,Charges patronales,FORMATION PLUS,Exploitation,65153.09,0.0,65153.09,1,20240812,2024,8
PCE-000291,2023-12-30,DEPT-008,Loyer & Charges locatives,Assurance locaux,TRANSPORT EXPRESS,Exploitation,2201.58,0.0,2201.58,1,20231230,2023,12
PCE-000292,2024-10-28,DEPT-002,Formation & Développement,Certifications,NETTOYAGE SERVICE,Exploitation,3191.18,638.24,3829.42,1,20241028,2024,10
PCE-000293,2024-01-24,DEPT-008,Informatique & Licences,Cloud & hébergement,ORACLE,Exploitation,6211.17,1242.23,7453.4,0,20240124,2024,1
PCE-000294,2024-03-06,DEPT-008,Informatique & Licences,Licences logiciels,ORACLE,Exploitation,12443.83,2488.77,14932.6,1,20240306,2024,3
PCE-000295,2023-11-17,DEPT-008,Loyer & Charges locatives,Assurance locaux,TOTAL MADA,Exploitation,6140.11,0.0,6140.11,1,20231117,2023,11
PCE-000296,2023-11-04,DEPT-007,Déplacements & Missions,Hôtel & restauration,TRANSPORT EXPRESS,Exploitation,662.42,132.48,794.9,0,20231104,2023,11
PCE-000297,2024-05-04,DEPT-005,Fournitures & Consommables,Documentation,FOURNITURES PRO,Exploitation,546.8,109.36,656.16,1,20240504,2024,5
PCE-000298,2024-10-16,DEPT-002,Déplacements & Missions,Transport,FOURNITURES PRO,Exploitation,2072.23,414.45,2486.68,1,20241016,2024,10
PCE-000299,2025-02-01,DEPT-001,Sous-traitance,Expertise externe,FORMATION PLUS,Exploitation,5142.9,1028.58,6171.48,1,20250201,2025,2
PCE-000300,2024-03-09,DEPT-007,Déplacements & Missions,Carburant,HOTEL COLBERT,Exploitation,1975.58,395.12,2370.7,1,20240309,2024,3
PCE-000301,2024-11-08,DEPT-007,Déplacements & Missions,Transport,HOTEL COLBERT,Exploitation,994.32,198.86,1193.18,1,20241108,2024,11
PCE-000302,2024-09-24,DEPT-008,Loyer & Charges locatives,Charges communes,ORACLE,Exploitation,7783.56,0.0,7783.56,1,20240924,2024,9
PCE-000303,2025-05-12,DEPT-003,Sous-traitance,Consultants,BAILLEUR IMMO,Exploitation,13116.72,2623.34,15740.06,1,20250512,2025,5
PCE-000304,2025-04-26,DEPT-005,Formation & Développement,Certifications,ORACLE,Exploitation,4350.52,870.1,5220.62,1,20250426,2025,4
PCE-000305,2025-04-21,DEPT-001,Formation & Développement,Certifications,HOTEL COLBERT,Exploitation,3806.81,761.36,4568.17,1,20250421,2025,4
PCE-000306,2024-10-04,DEPT-008,Loyer & Charges locatives,Loyer bureaux,SECURITE MADA,Exploitation,7837.2,0.0,7837.2,1,20241004,2024,10
PCE-000307,2025-10-20,DEPT-001,Formation & Développement,Abonnements professionnels,NETTOYAGE SERVICE,Exploitation,2281.47,456.29,2737.76,1,20251020,2025,10
PCE-000308,2025-01-09,DEPT-008,Fournitures & Consommables,Fournitures de bureau,TOTAL MADA,Exploitation,1378.37,275.67,1654.04,1,20250109,2025,1
PCE-000309,2024-04-13,DEPT-003,Sous-traitance,Expertise externe,MICROSOFT MADA,Exploitation,14401.44,2880.29,17281.73,1,20240413,2024,4
PCE-000310,2025-03-20,DEPT-005,Fournitures & Consommables,Fournitures de bureau,TOTAL MADA,Exploitation,1131.47,226.29,1357.76,1,20250320,2025,3
PCE-000311,2023-11-24,DEPT-008,Fournitures & Consommables,Fournitures de bureau,TRANSPORT EXPRESS,Exploitation,357.62,71.52,429.14,1,20231124,2023,11
PCE-000312,2024-11-24,DEPT-008,Informatique & Licences,Matériel informatique,HOTEL COLBERT,Exploitation,5620.34,1124.07,6744.41,0,20241124,2024,11
PCE-000313,2023-09-25,DEPT-005,Formation & Développement,Certifications,ORANGE PRO,Exploitation,1534.33,306.87,1841.2,1,20230925,2023,9
PCE-000314,2023-10-22,DEPT-006,Informatique & Licences,Matériel informatique,CONSULTANTS SA,Exploitation,14067.85,2813.57,16881.42,1,20231022,2023,10
PCE-000315,2025-08-24,DEPT-004,Sous-traitance,Expertise externe,MICROSOFT MADA,Exploitation,1878.53,375.71,2254.24,1,20250824,2025,8
PCE-000316,2023-10-20,DEPT-005,Fournitures & Consommables,Consommables informatique,FORMATION PLUS,Exploitation,270.6,54.12,324.72,1,20231020,2023,10
PCE-000317,2023-11-01,DEPT-002,Sous-traitance,Prestations ponctuelles,MICROSOFT MADA,Exploitation,6916.55,1383.31,8299.86,0,20231101,2023,11
PCE-000318,2025-01-26,DEPT-008,Loyer & Charges locatives,Assurance locaux,AGENCE VOYAGE,Exploitation,2197.62,0.0,2197.62,1,20250126,2025,1
PCE-000319,2024-06-17,DEPT-008,Loyer & Charges locatives,Loyer bureaux,CONSULTANTS SA,Exploitation,2153.46,0.0,2153.46,1,20240617,2024,6
PCE-000320,2025-08-16,DEPT-005,Salaires & Charges sociales,Charges patronales,AGENCE VOYAGE,Exploitation,45387.28,0.0,45387.28,1,20250816,2025,8
PCE-000321,2023-02-19,DEPT-002,Déplacements & Missions,Hôtel & restauration,ORACLE,Exploitation,340.83,68.17,409.0,0,20230219,2023,2
PCE-000322,2025-06-01,DEPT-003,Déplacements & Missions,Carburant,FOURNITURES PRO,Exploitation,2945.52,589.1,3534.62,1,20250601,2025,6
PCE-000323,2025-06-02,DEPT-008,Loyer & Charges locatives,Loyer bureaux,FOURNITURES PRO,Exploitation,7575.71,0.0,7575.71,1,20250602,2025,6
PCE-000324,2025-11-01,DEPT-003,Déplacements & Missions,Carburant,TOTAL MADA,Exploitation,644.55,128.91,773.46,1,20251101,2025,11
PCE-000325,2024-10-31,DEPT-008,Fournitures & Consommables,Fournitures de bureau,CONSULTANTS SA,Exploitation,569.55,113.91,683.46,1,20241031,2024,10
PCE-000326,2024-01-13,DEPT-002,Déplacements & Missions,Transport,SECURITE MADA,Exploitation,1255.61,251.12,1506.73,1,20240113,2024,1
PCE-000327,2023-10-20,DEPT-002,Sous-traitance,Consultants,IBM MADA,Exploitation,7220.49,1444.1,8664.59,0,20231020,2023,10
PCE-000328,2024-09-14,DEPT-002,Formation & Développement,Abonnements professionnels,CONSULTANTS SA,Exploitation,3730.28,746.06,4476.34,0,20240914,2024,9
PCE-000329,2023-12-06,DEPT-002,Formation & Développement,Certifications,HOTEL COLBERT,Exploitation,2631.09,526.22,3157.31,1,20231206,2023,12
PCE-000330,2024-01-30,DEPT-008,Loyer & Charges locatives,Assurance locaux,ORACLE,Exploitation,6685.74,0.0,6685.74,1,20240130,2024,1
PCE-000331,2025-05-02,DEPT-001,Déplacements & Missions,Hôtel & restauration,CONSULTANTS SA,Exploitation,1313.72,262.74,1576.46,1,20250502,2025,5
PCE-000332,2025-03-02,DEPT-001,Formation & Développement,Abonnements professionnels,AGENCE VOYAGE,Exploitation,891.2,178.24,1069.44,1,20250302,2025,3
PCE-000333,2025-10-25,DEPT-008,Loyer & Charges locatives,Assurance locaux,MICROSOFT MADA,Exploitation,6882.53,0.0,6882.53,1,20251025,2025,10
PCE-000334,2024-05-28,DEPT-006,Informatique & Licences,Matériel informatique,FORMATION PLUS,Exploitation,9259.03,1851.81,11110.84,0,20240528,2024,5
PCE-000335,2025-01-07,DEPT-003,Sous-traitance,Consultants,SECURITE MADA,Exploitation,2584.31,516.86,3101.17,0,20250107,2025,1
PCE-000336,2024-04-15,DEPT-004,Salaires & Charges sociales,Avantages en nature,FORMATION PLUS,Exploitation,55041.57,0.0,55041.57,1,20240415,2024,4
PCE-000337,2023-07-27,DEPT-008,Loyer & Charges locatives,Charges communes,CONSULTANTS SA,Exploitation,5266.78,0.0,5266.78,1,20230727,2023,7
PCE-000338,2024-01-26,DEPT-005,Formation & Développement,Formations externes,FORMATION PLUS,Exploitation,1705.35,341.07,2046.42,1,20240126,2024,1
PCE-000339,2024-02-21,DEPT-002,Sous-traitance,Prestations ponctuelles,CONSULTANTS SA,Exploitation,10385.23,2077.05,12462.28,1,20240221,2024,2
PCE-000340,2023-01-05,DEPT-005,Fournitures & Consommables,Fournitures de bureau,IT SOLUTIONS,Exploitation,227.48,45.5,272.98,1,20230105,2023,1
PCE-000341,2023-02-26,DEPT-003,Sous-traitance,Expertise externe,TOTAL MADA,Exploitation,2458.8,491.76,2950.56,1,20230226,2023,2
PCE-000342,2023-11-10,DEPT-003,Salaires & Charges sociales,Salaires bruts,ORANGE PRO,Exploitation,23034.52,0.0,23034.52,1,20231110,2023,11
PCE-000343,2024-05-11,DEPT-008,Loyer & Charges locatives,Assurance locaux,ORANGE PRO,Exploitation,6882.13,0.0,6882.13,1,20240511,2024,5
PCE-000344,2023-01-10,DEPT-006,Informatique & Licences,Maintenance SI,TOTAL MADA,Exploitation,9107.88,1821.58,10929.46,1,20230110,2023,1
PCE-000345,2024-05-15,DEPT-008,Loyer & Charges locatives,Charges communes,MICROSOFT MADA,Exploitation,2733.16,0.0,2733.16,1,20240515,2024,5
PCE-000346,2023-08-19,DEPT-001,Salaires & Charges sociales,Salaires bruts,ORANGE PRO,Exploitation,18719.93,0.0,18719.93,1,20230819,2023,8
PCE-000347,2025-07-23,DEPT-002,Formation & Développement,Abonnements professionnels,TRANSPORT EXPRESS,Exploitation,2686.81,537.36,3224.17,1,20250723,2025,7
PCE-000348,2023-01-16,DEPT-002,Salaires & Charges sociales,Charges patronales,AGENCE VOYAGE,Exploitation,57436.72,0.0,57436.72,1,20230116,2023,1
PCE-000349,2024-12-02,DEPT-002,Sous-traitance,Consultants,NETTOYAGE SERVICE,Exploitation,17015.01,3403.0,20418.01,0,20241202,2024,12
PCE-000350,2025-12-20,DEPT-008,Informatique & Licences,Licences logiciels,BAILLEUR IMMO,Exploitation,3957.64,791.53,4749.17,0,20251220,2025,12
PCE-000351,2024-10-02,DEPT-007,Salaires & Charges sociales,Avantages en nature,ORANGE PRO,Exploitation,26350.87,0.0,26350.87,1,20241002,2024,10
PCE-000352,2025-08-10,DEPT-008,Salaires & Charges sociales,Salaires bruts,MICROSOFT MADA,Exploitation,78227.65,0.0,78227.65,1,20250810,2025,8
PCE-000353,2023-10-16,DEPT-001,Déplacements & Missions,Hôtel & restauration,TOTAL MADA,Exploitation,1692.51,338.5,2031.01,1,20231016,2023,10
PCE-000354,2024-05-01,DEPT-001,Salaires & Charges sociales,Avantages en nature,IT SOLUTIONS,Exploitation,54259.16,0.0,54259.16,1,20240501,2024,5
PCE-000355,2024-02-18,DEPT-002,Formation & Développement,Formations externes,MICROSOFT MADA,Exploitation,1773.64,354.73,2128.37,1,20240218,2024,2
PCE-000356,2024-02-24,DEPT-001,Sous-traitance,Expertise externe,BAILLEUR IMMO,Exploitation,4186.89,837.38,5024.27,1,20240224,2024,2
PCE-000357,2024-03-15,DEPT-002,Sous-traitance,Expertise externe,FORMATION PLUS,Exploitation,4381.02,876.2,5257.22,0,20240315,2024,3
PCE-000358,2024-12-18,DEPT-005,Formation & Développement,Certifications,MICROSOFT MADA,Exploitation,1341.06,268.21,1609.27,1,20241218,2024,12
PCE-000359,2023-03-29,DEPT-005,Formation & Développement,Formations externes,AGENCE VOYAGE,Exploitation,4478.25,895.65,5373.9,1,20230329,2023,3
PCE-000360,2024-12-10,DEPT-002,Déplacements & Missions,Transport,IT SOLUTIONS,Exploitation,2231.53,446.31,2677.84,1,20241210,2024,12
PCE-000361,2025-10-08,DEPT-001,Déplacements & Missions,Hôtel & restauration,HOTEL COLBERT,Exploitation,2102.97,420.59,2523.56,1,20251008,2025,10
PCE-000362,2023-08-15,DEPT-008,Fournitures & Consommables,Documentation,FOURNITURES PRO,Exploitation,258.12,51.62,309.74,1,20230815,2023,8
PCE-000363,2023-10-05,DEPT-003,Déplacements & Missions,Transport,BAILLEUR IMMO,Exploitation,2868.64,573.73,3442.37,1,20231005,2023,10
PCE-000364,2025-11-04,DEPT-008,Loyer & Charges locatives,Charges communes,HOTEL COLBERT,Exploitation,4381.86,0.0,4381.86,1,20251104,2025,11
PCE-000365,2023-02-02,DEPT-008,Loyer & Charges locatives,Loyer bureaux,HOTEL COLBERT,Exploitation,3023.79,0.0,3023.79,1,20230202,2023,2
PCE-000366,2024-11-23,DEPT-001,Formation & Développement,Abonnements professionnels,TOTAL MADA,Exploitation,1439.22,287.84,1727.06,0,20241123,2024,11
PCE-000367,2024-02-09,DEPT-006,Informatique & Licences,Licences logiciels,FORMATION PLUS,Exploitation,1625.25,325.05,1950.3,1,20240209,2024,2
PCE-000368,2023-02-26,DEPT-006,Informatique & Licences,Cloud & hébergement,FOURNITURES PRO,Exploitation,6986.7,1397.34,8384.04,1,20230226,2023,2
PCE-000369,2023-12-02,DEPT-008,Informatique & Licences,Maintenance SI,TOTAL MADA,Exploitation,8442.35,1688.47,10130.82,1,20231202,2023,12
PCE-000370,2025-10-13,DEPT-008,Loyer & Charges locatives,Loyer bureaux,TRANSPORT EXPRESS,Exploitation,5025.25,0.0,5025.25,1,20251013,2025,10
PCE-000371,2024-04-10,DEPT-007,Salaires & Charges sociales,Charges patronales,FORMATION PLUS,Exploitation,79714.15,0.0,79714.15,1,20240410,2024,4
PCE-000372,2023-03-24,DEPT-008,Informatique & Licences,Cloud & hébergement,TRANSPORT EXPRESS,Exploitation,5426.27,1085.25,6511.52,1,20230324,2023,3
PCE-000373,2023-06-22,DEPT-003,Salaires & Charges sociales,Charges patronales,FORMATION PLUS,Exploitation,42316.3,0.0,42316.3,1,20230622,2023,6
PCE-000374,2025-06-25,DEPT-005,Fournitures & Consommables,Documentation,TOTAL MADA,Exploitation,439.32,87.86,527.18,1,20250625,2025,6
PCE-000375,2024-04-28,DEPT-002,Salaires & Charges sociales,Salaires bruts,ORANGE PRO,Exploitation,14782.71,0.0,14782.71,1,20240428,2024,4
PCE-000376,2024-01-31,DEPT-002,Sous-traitance,Consultants,FOURNITURES PRO,Exploitation,5856.76,1171.35,7028.11,1,20240131,2024,1
PCE-000377,2023-05-30,DEPT-006,Salaires & Charges sociales,Salaires bruts,MICROSOFT MADA,Exploitation,71434.62,0.0,71434.62,1,20230530,2023,5
PCE-000378,2023-03-26,DEPT-008,Informatique & Licences,Cloud & hébergement,NETTOYAGE SERVICE,Exploitation,6317.83,1263.57,7581.4,1,20230326,2023,3
PCE-000379,2023-06-09,DEPT-007,Déplacements & Missions,Hôtel & restauration,FOURNITURES PRO,Exploitation,2213.24,442.65,2655.89,1,20230609,2023,6
PCE-000380,2025-06-19,DEPT-008,Informatique & Licences,Matériel informatique,FORMATION PLUS,Exploitation,8717.73,1743.55,10461.28,0,20250619,2025,6
PCE-000381,2023-07-03,DEPT-001,Formation & Développement,Formations externes,HOTEL COLBERT,Exploitation,1235.87,247.17,1483.04,0,20230703,2023,7
PCE-000382,2023-02-21,DEPT-002,Formation & Développement,Formations externes,IBM MADA,Exploitation,1885.58,377.12,2262.7,1,20230221,2023,2
PCE-000383,2025-12-03,DEPT-005,Fournitures & Consommables,Fournitures de bureau,SECURITE MADA,Exploitation,268.66,53.73,322.39,1,20251203,2025,12
PCE-000384,2024-07-15,DEPT-004,Sous-traitance,Consultants,SECURITE MADA,Exploitation,16597.98,3319.6,19917.58,1,20240715,2024,7
PCE-000385,2025-04-03,DEPT-005,Formation & Développement,Abonnements professionnels,NETTOYAGE SERVICE,Exploitation,2591.25,518.25,3109.5,1,20250403,2025,4
PCE-000386,2023-09-22,DEPT-006,Informatique & Licences,Licences logiciels,HOTEL COLBERT,Exploitation,4385.63,877.13,5262.76,1,20230922,2023,9
PCE-000387,2023-11-10,DEPT-005,Salaires & Charges sociales,Charges patronales,ORANGE PRO,Exploitation,64261.1,0.0,64261.1,1,20231110,2023,11
PCE-000388,2025-08-13,DEPT-002,Déplacements & Missions,Carburant,IBM MADA,Exploitation,2323.47,464.69,2788.16,1,20250813,2025,8
PCE-000389,2023-01-09,DEPT-005,Fournitures & Consommables,Consommables informatique,HOTEL COLBERT,Exploitation,452.22,90.44,542.66,0,20230109,2023,1
PCE-000390,2023-11-29,DEPT-008,Fournitures & Consommables,Fournitures de bureau,TRANSPORT EXPRESS,Exploitation,716.6,143.32,859.92,1,20231129,2023,11
PCE-000391,2023-05-02,DEPT-008,Loyer & Charges locatives,Assurance locaux,ORACLE,Exploitation,5703.61,0.0,5703.61,1,20230502,2023,5
PCE-000392,2025-08-29,DEPT-008,Fournitures & Consommables,Fournitures de bureau,HOTEL COLBERT,Exploitation,1197.38,239.48,1436.86,1,20250829,2025,8
PCE-000393,2024-01-25,DEPT-008,Loyer & Charges locatives,Assurance locaux,FORMATION PLUS,Exploitation,3289.76,0.0,3289.76,1,20240125,2024,1
PCE-000394,2023-12-01,DEPT-004,Salaires & Charges sociales,Avantages en nature,FOURNITURES PRO,Exploitation,57502.08,0.0,57502.08,1,20231201,2023,12
PCE-000395,2025-05-17,DEPT-003,Déplacements & Missions,Hôtel & restauration,ORACLE,Exploitation,747.25,149.45,896.7,1,20250517,2025,5
PCE-000396,2024-08-08,DEPT-005,Fournitures & Consommables,Documentation,FOURNITURES PRO,Exploitation,473.19,94.64,567.83,1,20240808,2024,8
PCE-000397,2024-10-15,DEPT-008,Loyer & Charges locatives,Loyer bureaux,TRANSPORT EXPRESS,Exploitation,6337.02,0.0,6337.02,1,20241015,2024,10
PCE-000398,2023-06-08,DEPT-008,Loyer & Charges locatives,Charges communes,MICROSOFT MADA,Exploitation,5318.44,0.0,5318.44,1,20230608,2023,6
PCE-000399,2023-11-15,DEPT-002,Sous-traitance,Expertise externe,NETTOYAGE SERVICE,Exploitation,9993.1,1998.62,11991.72,1,20231115,2023,11
PCE-000400,2023-01-07,DEPT-006,Informatique & Licences,Licences logiciels,AGENCE VOYAGE,Exploitation,14116.61,2823.32,16939.93,1,20230107,2023,1
PCE-000401,2024-02-03,DEPT-001,Déplacements & Missions,Hôtel & restauration,TRANSPORT EXPRESS,Exploitation,888.36,177.67,1066.03,0,20240203,2024,2
PCE-000402,2023-07-08,DEPT-008,Loyer & Charges locatives,Assurance locaux,BAILLEUR IMMO,Exploitation,4246.39,0.0,4246.39,1,20230708,2023,7
PCE-000403,2025-05-01,DEPT-008,Loyer & Charges locatives,Loyer bureaux,IT SOLUTIONS,Exploitation,3270.68,0.0,3270.68,1,20250501,2025,5
PCE-000404,2024-02-04,DEPT-008,Loyer & Charges locatives,Charges communes,BAILLEUR IMMO,Exploitation,4186.62,0.0,4186.62,1,20240204,2024,2
PCE-000405,2023-08-29,DEPT-008,Informatique & Licences,Matériel informatique,ORACLE,Exploitation,11232.85,2246.57,13479.42,0,20230829,2023,8
PCE-000406,2024-08-17,DEPT-001,Sous-traitance,Consultants,BAILLEUR IMMO,Exploitation,18746.29,3749.26,22495.55,1,20240817,2024,8
PCE-000407,2024-06-26,DEPT-008,Informatique & Licences,Cloud & hébergement,MICROSOFT MADA,Exploitation,4748.9,949.78,5698.68,1,20240626,2024,6
PCE-000408,2023-06-15,DEPT-003,Sous-traitance,Expertise externe,NETTOYAGE SERVICE,Exploitation,13003.75,2600.75,15604.5,1,20230615,2023,6
PCE-000409,2024-09-06,DEPT-001,Formation & Développement,Formations externes,MICROSOFT MADA,Exploitation,2203.54,440.71,2644.25,1,20240906,2024,9
PCE-000410,2023-08-16,DEPT-008,Fournitures & Consommables,Consommables informatique,FORMATION PLUS,Exploitation,272.22,54.44,326.66,0,20230816,2023,8
PCE-000411,2023-12-22,DEPT-008,Fournitures & Consommables,Fournitures de bureau,CONSULTANTS SA,Exploitation,1362.91,272.58,1635.49,1,20231222,2023,12
PCE-000412,2025-10-23,DEPT-008,Fournitures & Consommables,Documentation,IBM MADA,Exploitation,1486.98,297.4,1784.38,1,20251023,2025,10
PCE-000413,2024-03-15,DEPT-008,Informatique & Licences,Cloud & hébergement,SECURITE MADA,Exploitation,9951.31,1990.26,11941.57,1,20240315,2024,3
PCE-000414,2023-08-31,DEPT-005,Formation & Développement,Certifications,BAILLEUR IMMO,Exploitation,2120.6,424.12,2544.72,0,20230831,2023,8
PCE-000415,2023-09-02,DEPT-001,Sous-traitance,Prestations ponctuelles,IBM MADA,Exploitation,5960.72,1192.14,7152.86,0,20230902,2023,9
PCE-000416,2024-07-23,DEPT-002,Sous-traitance,Expertise externe,BAILLEUR IMMO,Exploitation,10122.03,2024.41,12146.44,1,20240723,2024,7
PCE-000417,2023-12-18,DEPT-001,Déplacements & Missions,Transport,TRANSPORT EXPRESS,Exploitation,928.21,185.64,1113.85,0,20231218,2023,12
PCE-000418,2023-07-07,DEPT-008,Fournitures & Consommables,Fournitures de bureau,TRANSPORT EXPRESS,Exploitation,296.44,59.29,355.73,1,20230707,2023,7
PCE-000419,2025-12-31,DEPT-007,Déplacements & Missions,Transport,ORACLE,Exploitation,1991.87,398.37,2390.24,0,20251231,2025,12
PCE-000420,2023-04-08,DEPT-008,Loyer & Charges locatives,Assurance locaux,AGENCE VOYAGE,Exploitation,7926.72,0.0,7926.72,1,20230408,2023,4
PCE-000421,2025-05-21,DEPT-007,Salaires & Charges sociales,Salaires bruts,TRANSPORT EXPRESS,Exploitation,36553.88,0.0,36553.88,1,20250521,2025,5
PCE-000422,2025-02-12,DEPT-007,Salaires & Charges sociales,Salaires bruts,TRANSPORT EXPRESS,Exploitation,65675.19,0.0,65675.19,1,20250212,2025,2
PCE-000423,2024-09-25,DEPT-002,Déplacements & Missions,Transport,FOURNITURES PRO,Exploitation,1899.98,380.0,2279.98,0,20240925,2024,9
PCE-000424,2023-03-17,DEPT-001,Déplacements & Missions,Hôtel & restauration,HOTEL COLBERT,Exploitation,1280.12,256.02,1536.14,1,20230317,2023,3
PCE-000425,2024-12-17,DEPT-003,Salaires & Charges sociales,Charges patronales,TOTAL MADA,Exploitation,48598.12,0.0,48598.12,1,20241217,2024,12
PCE-000426,2024-01-27,DEPT-008,Loyer & Charges locatives,Loyer bureaux,MICROSOFT MADA,Exploitation,2488.38,0.0,2488.38,1,20240127,2024,1
PCE-000427,2023-12-05,DEPT-007,Déplacements & Missions,Carburant,IBM MADA,Exploitation,1762.18,352.44,2114.62,0,20231205,2023,12
PCE-000428,2023-10-01,DEPT-002,Formation & Développement,Certifications,IT SOLUTIONS,Exploitation,1007.69,201.54,1209.23,1,20231001,2023,10
PCE-000429,2024-06-25,DEPT-005,Salaires & Charges sociales,Salaires bruts,BAILLEUR IMMO,Exploitation,61064.96,0.0,61064.96,1,20240625,2024,6
PCE-000430,2025-08-04,DEPT-008,Salaires & Charges sociales,Avantages en nature,IT SOLUTIONS,Exploitation,51385.79,0.0,51385.79,1,20250804,2025,8
PCE-000431,2023-12-02,DEPT-006,Informatique & Licences,Cloud & hébergement,ORANGE PRO,Exploitation,970.09,194.02,1164.11,1,20231202,2023,12
PCE-000432,2024-07-06,DEPT-008,Informatique & Licences,Matériel informatique,NETTOYAGE SERVICE,Exploitation,2478.02,495.6,2973.62,1,20240706,2024,7
PCE-000433,2023-12-14,DEPT-007,Déplacements & Missions,Transport,TRANSPORT EXPRESS,Exploitation,890.73,178.15,1068.88,0,20231214,2023,12
PCE-000434,2025-01-24,DEPT-008,Informatique & Licences,Cloud & hébergement,HOTEL COLBERT,Exploitation,2960.03,592.01,3552.04,1,20250124,2025,1
PCE-000435,2025-08-21,DEPT-008,Informatique & Licences,Matériel informatique,CONSULTANTS SA,Exploitation,10614.17,2122.83,12737.0,1,20250821,2025,8
PCE-000436,2023-02-28,DEPT-008,Loyer & Charges locatives,Assurance locaux,NETTOYAGE SERVICE,Exploitation,4040.09,0.0,4040.09,1,20230228,2023,2
PCE-000437,2025-12-30,DEPT-008,Fournitures & Consommables,Consommables informatique,TOTAL MADA,Exploitation,1288.06,257.61,1545.67,1,20251230,2025,12
PCE-000438,2024-09-30,DEPT-003,Déplacements & Missions,Carburant,IBM MADA,Exploitation,2215.69,443.14,2658.83,1,20240930,2024,9
PCE-000439,2024-07-12,DEPT-008,Fournitures & Consommables,Fournitures de bureau,SECURITE MADA,Exploitation,1121.67,224.33,1346.0,1,20240712,2024,7
PCE-000440,2024-04-15,DEPT-008,Informatique & Licences,Maintenance SI,TRANSPORT EXPRESS,Exploitation,8762.11,1752.42,10514.53,0,20240415,2024,4
PCE-000441,2023-10-01,DEPT-007,Salaires & Charges sociales,Avantages en nature,FORMATION PLUS,Exploitation,44805.42,0.0,44805.42,1,20231001,2023,10
PCE-000442,2025-05-21,DEPT-007,Déplacements & Missions,Transport,BAILLEUR IMMO,Exploitation,2206.72,441.34,2648.06,0,20250521,2025,5
PCE-000443,2025-08-16,DEPT-008,Informatique & Licences,Cloud & hébergement,NETTOYAGE SERVICE,Exploitation,13654.43,2730.89,16385.32,1,20250816,2025,8
PCE-000444,2023-12-18,DEPT-005,Salaires & Charges sociales,Salaires bruts,AGENCE VOYAGE,Exploitation,11530.44,0.0,11530.44,1,20231218,2023,12
PCE-000445,2023-10-08,DEPT-008,Loyer & Charges locatives,Loyer bureaux,FOURNITURES PRO,Exploitation,4278.14,0.0,4278.14,1,20231008,2023,10
PCE-000446,2023-09-25,DEPT-005,Salaires & Charges sociales,Salaires bruts,FOURNITURES PRO,Exploitation,69095.4,0.0,69095.4,1,20230925,2023,9
PCE-000447,2024-04-24,DEPT-008,Informatique & Licences,Matériel informatique,SECURITE MADA,Exploitation,5163.93,1032.79,6196.72,1,20240424,2024,4
PCE-000448,2024-05-15,DEPT-008,Informatique & Licences,Licences logiciels,NETTOYAGE SERVICE,Exploitation,7324.13,1464.83,8788.96,1,20240515,2024,5
PCE-000449,2025-05-04,DEPT-003,Déplacements & Missions,Hôtel & restauration,IT SOLUTIONS,Exploitation,2779.21,555.84,3335.05,0,20250504,2025,5
PCE-000450,2025-09-22,DEPT-008,Loyer & Charges locatives,Assurance locaux,IT SOLUTIONS,Exploitation,7252.9,0.0,7252.9,1,20250922,2025,9
PCE-000451,2023-11-13,DEPT-001,Formation & Développement,Abonnements professionnels,FOURNITURES PRO,Exploitation,1986.16,397.23,2383.39,1,20231113,2023,11
PCE-000452,2024-08-17,DEPT-001,Sous-traitance,Expertise externe,FORMATION PLUS,Exploitation,8966.87,1793.37,10760.24,0,20240817,2024,8
PCE-000453,2024-10-26,DEPT-007,Déplacements & Missions,Carburant,SECURITE MADA,Exploitation,2364.0,472.8,2836.8,0,20241026,2024,10
PCE-000454,2023-12-25,DEPT-001,Formation & Développement,Certifications,IT SOLUTIONS,Exploitation,3295.25,659.05,3954.3,1,20231225,2023,12
PCE-000455,2024-03-04,DEPT-008,Loyer & Charges locatives,Assurance locaux,NETTOYAGE SERVICE,Exploitation,6719.23,0.0,6719.23,1,20240304,2024,3
PCE-000456,2023-04-19,DEPT-008,Fournitures & Consommables,Consommables informatique,TOTAL MADA,Exploitation,299.09,59.82,358.91,1,20230419,2023,4
PCE-000457,2023-01-02,DEPT-001,Déplacements & Missions,Hôtel & restauration,CONSULTANTS SA,Exploitation,364.78,72.96,437.74,1,20230102,2023,1
PCE-000458,2023-06-18,DEPT-001,Formation & Développement,Abonnements professionnels,TRANSPORT EXPRESS,Exploitation,4736.05,947.21,5683.26,1,20230618,2023,6
PCE-000459,2025-08-20,DEPT-008,Informatique & Licences,Licences logiciels,TRANSPORT EXPRESS,Exploitation,13389.67,2677.93,16067.6,1,20250820,2025,8
PCE-000460,2025-09-14,DEPT-008,Loyer & Charges locatives,Assurance locaux,ORACLE,Exploitation,4250.7,0.0,4250.7,1,20250914,2025,9
PCE-000461,2023-05-25,DEPT-002,Déplacements & Missions,Transport,ORACLE,Exploitation,1074.42,214.88,1289.3,0,20230525,2023,5
PCE-000462,2025-11-12,DEPT-004,Salaires & Charges sociales,Salaires bruts,ORACLE,Exploitation,31562.53,0.0,31562.53,1,20251112,2025,11
PCE-000463,2023-06-06,DEPT-007,Déplacements & Missions,Transport,HOTEL COLBERT,Exploitation,393.05,78.61,471.66,1,20230606,2023,6
PCE-000464,2025-12-03,DEPT-008,Loyer & Charges locatives,Assurance locaux,IT SOLUTIONS,Exploitation,3077.35,0.0,3077.35,1,20251203,2025,12
PCE-000465,2024-01-22,DEPT-001,Sous-traitance,Consultants,ORANGE PRO,Exploitation,13521.22,2704.24,16225.46,0,20240122,2024,1
PCE-000466,2023-05-16,DEPT-001,Formation & Développement,Formations externes,IBM MADA,Exploitation,2664.33,532.87,3197.2,0,20230516,2023,5
PCE-000467,2024-04-18,DEPT-008,Loyer & Charges locatives,Charges communes,ORANGE PRO,Exploitation,2366.93,0.0,2366.93,1,20240418,2024,4
PCE-000468,2024-09-09,DEPT-008,Fournitures & Consommables,Fournitures de bureau,FORMATION PLUS,Exploitation,449.72,89.94,539.66,1,20240909,2024,9
PCE-000469,2023-02-02,DEPT-008,Loyer & Charges locatives,Loyer bureaux,HOTEL COLBERT,Exploitation,5782.77,0.0,5782.77,1,20230202,2023,2
PCE-000470,2023-04-09,DEPT-005,Fournitures & Consommables,Fournitures de bureau,CONSULTANTS SA,Exploitation,1123.63,224.73,1348.36,1,20230409,2023,4
PCE-000471,2025-04-30,DEPT-008,Loyer & Charges locatives,Charges communes,HOTEL COLBERT,Exploitation,4913.14,0.0,4913.14,1,20250430,2025,4
PCE-000472,2025-08-07,DEPT-003,Sous-traitance,Consultants,AGENCE VOYAGE,Exploitation,9643.47,1928.69,11572.16,0,20250807,2025,8
PCE-000473,2025-01-01,DEPT-006,Informatique & Licences,Matériel informatique,ORACLE,Exploitation,5554.61,1110.92,6665.53,1,20250101,2025,1
PCE-000474,2023-08-15,DEPT-008,Fournitures & Consommables,Fournitures de bureau,BAILLEUR IMMO,Exploitation,958.73,191.75,1150.48,1,20230815,2023,8
PCE-000475,2023-08-16,DEPT-004,Sous-traitance,Prestations ponctuelles,IBM MADA,Exploitation,3049.69,609.94,3659.63,1,20230816,2023,8
PCE-000476,2024-10-07,DEPT-005,Fournitures & Consommables,Documentation,CONSULTANTS SA,Exploitation,620.05,124.01,744.06,1,20241007,2024,10
PCE-000477,2023-10-05,DEPT-002,Formation & Développement,Formations externes,IBM MADA,Exploitation,1364.63,272.93,1637.56,1,20231005,2023,10
PCE-000478,2023-05-24,DEPT-008,Informatique & Licences,Cloud & hébergement,TRANSPORT EXPRESS,Exploitation,5014.23,1002.85,6017.08,1,20230524,2023,5
PCE-000479,2023-02-28,DEPT-003,Sous-traitance,Expertise externe,AGENCE VOYAGE,Exploitation,9825.69,1965.14,11790.83,1,20230228,2023,2
PCE-000480,2025-05-15,DEPT-008,Loyer & Charges locatives,Charges communes,FORMATION PLUS,Exploitation,2085.23,0.0,2085.23,1,20250515,2025,5
PCE-000481,2024-08-31,DEPT-007,Salaires & Charges sociales,Salaires bruts,ORANGE PRO,Exploitation,27928.22,0.0,27928.22,1,20240831,2024,8
PCE-000482,2024-08-08,DEPT-003,Déplacements & Missions,Carburant,MICROSOFT MADA,Exploitation,1774.96,354.99,2129.95,1,20240808,2024,8
PCE-000483,2025-07-17,DEPT-003,Déplacements & Missions,Transport,AGENCE VOYAGE,Exploitation,897.89,179.58,1077.47,1,20250717,2025,7
PCE-000484,2024-11-01,DEPT-008,Fournitures & Consommables,Fournitures de bureau,FORMATION PLUS,Exploitation,1255.07,251.01,1506.08,0,20241101,2024,11
PCE-000485,2023-11-19,DEPT-006,Salaires & Charges sociales,Avantages en nature,CONSULTANTS SA,Exploitation,22166.74,0.0,22166.74,1,20231119,2023,11
PCE-000486,2025-07-18,DEPT-008,Loyer & Charges locatives,Assurance locaux,MICROSOFT MADA,Exploitation,4772.58,0.0,4772.58,1,20250718,2025,7
PCE-000487,2024-06-25,DEPT-005,Fournitures & Consommables,Documentation,FORMATION PLUS,Exploitation,843.01,168.6,1011.61,1,20240625,2024,6
PCE-000488,2024-09-06,DEPT-001,Sous-traitance,Consultants,FORMATION PLUS,Exploitation,16772.88,3354.58,20127.46,1,20240906,2024,9
PCE-000489,2024-11-14,DEPT-002,Formation & Développement,Abonnements professionnels,CONSULTANTS SA,Exploitation,3312.23,662.45,3974.68,1,20241114,2024,11
PCE-000490,2024-10-04,DEPT-008,Informatique & Licences,Cloud & hébergement,AGENCE VOYAGE,Exploitation,12625.06,2525.01,15150.07,1,20241004,2024,10
PCE-000491,2024-10-20,DEPT-006,Informatique & Licences,Licences logiciels,ORACLE,Exploitation,2593.5,518.7,3112.2,1,20241020,2024,10
PCE-000492,2025-01-28,DEPT-007,Salaires & Charges sociales,Charges patronales,FOURNITURES PRO,Exploitation,17740.63,0.0,17740.63,1,20250128,2025,1
PCE-000493,2024-11-07,DEPT-006,Informatique & Licences,Maintenance SI,SECURITE MADA,Exploitation,4206.87,841.37,5048.24,0,20241107,2024,11
PCE-000494,2024-12-10,DEPT-003,Déplacements & Missions,Hôtel & restauration,HOTEL COLBERT,Exploitation,2340.6,468.12,2808.72,1,20241210,2024,12
PCE-000495,2024-04-12,DEPT-006,Salaires & Charges sociales,Salaires bruts,TRANSPORT EXPRESS,Exploitation,36763.93,0.0,36763.93,1,20240412,2024,4
PCE-000496,2025-10-28,DEPT-008,Loyer & Charges locatives,Assurance locaux,ORANGE PRO,Exploitation,6186.07,0.0,6186.07,1,20251028,2025,10
PCE-000497,2025-09-17,DEPT-007,Déplacements & Missions,Transport,ORACLE,Exploitation,2720.87,544.17,3265.04,1,20250917,2025,9
PCE-000498,2025-05-17,DEPT-001,Formation & Développement,Formations externes,IBM MADA,Exploitation,693.02,138.6,831.62,1,20250517,2025,5
PCE-000499,2024-09-02,DEPT-002,Formation & Développement,Formations externes,SECURITE MADA,Exploitation,556.6,111.32,667.92,1,20240902,2024,9
PCE-000500,2023-06-29,DEPT-001,Formation & Développement,Certifications,NETTOYAGE SERVICE,Exploitation,2234.04,446.81,2680.85,1,20230629,2023,6
PCE-000501,2025-09-26,DEPT-008,Loyer & Charges locatives,Loyer bureaux,SECURITE MADA,Exploitation,4071.87,0.0,4071.87,1,20250926,2025,9
PCE-000502,2025-03-29,DEPT-008,Fournitures & Consommables,Fournitures de bureau,BAILLEUR IMMO,Exploitation,785.84,157.17,943.01,1,20250329,2025,3
PCE-000503,2023-04-17,DEPT-002,Formation & Développement,Abonnements professionnels,ORANGE PRO,Exploitation,2403.07,480.61,2883.68,0,20230417,2023,4
PCE-000504,2025-01-04,DEPT-008,Informatique & Licences,Cloud & hébergement,NETTOYAGE SERVICE,Exploitation,11269.38,2253.88,13523.26,1,20250104,2025,1
PCE-000505,2025-05-02,DEPT-003,Déplacements & Missions,Transport,CONSULTANTS SA,Exploitation,426.66,85.33,511.99,1,20250502,2025,5
PCE-000506,2025-05-11,DEPT-008,Loyer & Charges locatives,Charges communes,FORMATION PLUS,Exploitation,7605.33,0.0,7605.33,1,20250511,2025,5
PCE-000507,2024-11-30,DEPT-002,Salaires & Charges sociales,Avantages en nature,AGENCE VOYAGE,Exploitation,47650.57,0.0,47650.57,1,20241130,2024,11
PCE-000508,2023-05-27,DEPT-007,Salaires & Charges sociales,Salaires bruts,MICROSOFT MADA,Exploitation,21431.27,0.0,21431.27,1,20230527,2023,5
PCE-000509,2024-06-18,DEPT-008,Loyer & Charges locatives,Charges communes,AGENCE VOYAGE,Exploitation,7437.8,0.0,7437.8,1,20240618,2024,6
PCE-000510,2025-04-07,DEPT-005,Fournitures & Consommables,Documentation,TRANSPORT EXPRESS,Exploitation,194.33,38.87,233.2,1,20250407,2025,4
PCE-000511,2025-07-12,DEPT-007,Déplacements & Missions,Carburant,HOTEL COLBERT,Exploitation,2567.86,513.57,3081.43,0,20250712,2025,7
PCE-000512,2024-09-14,DEPT-008,Fournitures & Consommables,Documentation,IBM MADA,Exploitation,835.83,167.17,1003.0,1,20240914,2024,9
PCE-000513,2025-05-20,DEPT-003,Salaires & Charges sociales,Charges patronales,FORMATION PLUS,Exploitation,74728.57,0.0,74728.57,1,20250520,2025,5
PCE-000514,2024-06-16,DEPT-003,Salaires & Charges sociales,Salaires bruts,SECURITE MADA,Exploitation,58146.61,0.0,58146.61,1,20240616,2024,6
PCE-000515,2023-06-10,DEPT-006,Informatique & Licences,Licences logiciels,MICROSOFT MADA,Exploitation,6618.37,1323.67,7942.04,1,20230610,2023,6
PCE-000516,2024-07-30,DEPT-001,Déplacements & Missions,Transport,HOTEL COLBERT,Exploitation,1335.03,267.01,1602.04,0,20240730,2024,7
PCE-000517,2024-02-22,DEPT-001,Déplacements & Missions,Carburant,NETTOYAGE SERVICE,Exploitation,2924.47,584.89,3509.36,0,20240222,2024,2
PCE-000518,2025-05-20,DEPT-005,Fournitures & Consommables,Documentation,BAILLEUR IMMO,Exploitation,441.2,88.24,529.44,0,20250520,2025,5
PCE-000519,2024-12-09,DEPT-001,Formation & Développement,Formations externes,MICROSOFT MADA,Exploitation,1518.0,303.6,1821.6,1,20241209,2024,12
PCE-000520,2023-01-25,DEPT-008,Loyer & Charges locatives,Loyer bureaux,FORMATION PLUS,Exploitation,4479.37,0.0,4479.37,1,20230125,2023,1
PCE-000521,2024-12-23,DEPT-002,Formation & Développement,Abonnements professionnels,ORACLE,Exploitation,2706.49,541.3,3247.79,1,20241223,2024,12
PCE-000522,2025-12-02,DEPT-008,Loyer & Charges locatives,Loyer bureaux,NETTOYAGE SERVICE,Exploitation,3856.33,0.0,3856.33,1,20251202,2025,12
PCE-000523,2023-03-14,DEPT-001,Formation & Développement,Formations externes,TOTAL MADA,Exploitation,1476.9,295.38,1772.28,1,20230314,2023,3
PCE-000524,2023-09-19,DEPT-008,Loyer & Charges locatives,Charges communes,NETTOYAGE SERVICE,Exploitation,3851.23,0.0,3851.23,1,20230919,2023,9
PCE-000525,2025-02-19,DEPT-005,Formation & Développement,Abonnements professionnels,TRANSPORT EXPRESS,Exploitation,1431.58,286.32,1717.9,0,20250219,2025,2
PCE-000526,2024-11-30,DEPT-008,Loyer & Charges locatives,Loyer bureaux,IBM MADA,Exploitation,7034.32,0.0,7034.32,1,20241130,2024,11
PCE-000527,2023-01-07,DEPT-003,Sous-traitance,Prestations ponctuelles,FORMATION PLUS,Exploitation,14047.91,2809.58,16857.49,1,20230107,2023,1
PCE-000528,2023-10-12,DEPT-002,Déplacements & Missions,Carburant,FORMATION PLUS,Exploitation,2051.69,410.34,2462.03,1,20231012,2023,10
PCE-000529,2023-05-12,DEPT-002,Sous-traitance,Prestations ponctuelles,SECURITE MADA,Exploitation,14493.25,2898.65,17391.9,1,20230512,2023,5
PCE-000530,2025-08-13,DEPT-004,Salaires & Charges sociales,Avantages en nature,AGENCE VOYAGE,Exploitation,41332.0,0.0,41332.0,1,20250813,2025,8
PCE-000531,2025-02-27,DEPT-003,Déplacements & Missions,Hôtel & restauration,MICROSOFT MADA,Exploitation,1301.08,260.22,1561.3,1,20250227,2025,2
PCE-000532,2023-05-31,DEPT-008,Fournitures & Consommables,Documentation,FOURNITURES PRO,Exploitation,1010.06,202.01,1212.07,1,20230531,2023,5
PCE-000533,2024-11-19,DEPT-008,Informatique & Licences,Licences logiciels,TRANSPORT EXPRESS,Exploitation,647.48,129.5,776.98,1,20241119,2024,11
PCE-000534,2024-07-23,DEPT-008,Loyer & Charges locatives,Charges communes,BAILLEUR IMMO,Exploitation,7927.34,0.0,7927.34,1,20240723,2024,7
PCE-000535,2024-12-07,DEPT-008,Loyer & Charges locatives,Assurance locaux,IBM MADA,Exploitation,5797.65,0.0,5797.65,1,20241207,2024,12
PCE-000536,2024-05-28,DEPT-008,Loyer & Charges locatives,Assurance locaux,BAILLEUR IMMO,Exploitation,6437.84,0.0,6437.84,1,20240528,2024,5
PCE-000537,2025-07-13,DEPT-003,Déplacements & Missions,Transport,NETTOYAGE SERVICE,Exploitation,2525.31,505.06,3030.37,1,20250713,2025,7
PCE-000538,2024-05-26,DEPT-004,Sous-traitance,Prestations ponctuelles,TOTAL MADA,Exploitation,2035.78,407.16,2442.94,1,20240526,2024,5
PCE-000539,2023-05-18,DEPT-007,Déplacements & Missions,Hôtel & restauration,MICROSOFT MADA,Exploitation,552.24,110.45,662.69,0,20230518,2023,5
PCE-000540,2024-08-21,DEPT-008,Informatique & Licences,Matériel informatique,SECURITE MADA,Exploitation,12034.51,2406.9,14441.41,1,20240821,2024,8
PCE-000541,2025-10-31,DEPT-005,Formation & Développement,Formations externes,IT SOLUTIONS,Exploitation,1570.81,314.16,1884.97,1,20251031,2025,10
PCE-000542,2023-06-01,DEPT-001,Formation & Développement,Certifications,HOTEL COLBERT,Exploitation,1976.03,395.21,2371.24,1,20230601,2023,6
PCE-000543,2024-07-03,DEPT-001,Déplacements & Missions,Hôtel & restauration,NETTOYAGE SERVICE,Exploitation,1808.16,361.63,2169.79,1,20240703,2024,7
PCE-000544,2025-06-21,DEPT-006,Informatique & Licences,Matériel informatique,TRANSPORT EXPRESS,Exploitation,6502.0,1300.4,7802.4,1,20250621,2025,6
PCE-000545,2025-03-03,DEPT-003,Sous-traitance,Prestations ponctuelles,ORACLE,Exploitation,3061.9,612.38,3674.28,1,20250303,2025,3
PCE-000546,2023-02-18,DEPT-002,Formation & Développement,Certifications,FOURNITURES PRO,Exploitation,4502.17,900.43,5402.6,0,20230218,2023,2
PCE-000547,2024-06-23,DEPT-003,Sous-traitance,Prestations ponctuelles,NETTOYAGE SERVICE,Exploitation,12027.62,2405.52,14433.14,1,20240623,2024,6
PCE-000548,2025-07-27,DEPT-008,Informatique & Licences,Maintenance SI,ORANGE PRO,Exploitation,7463.74,1492.75,8956.49,1,20250727,2025,7
PCE-000549,2024-05-01,DEPT-001,Formation & Développement,Certifications,FORMATION PLUS,Exploitation,4633.51,926.7,5560.21,1,20240501,2024,5
PCE-000550,2023-02-03,DEPT-006,Informatique & Licences,Licences logiciels,TRANSPORT EXPRESS,Exploitation,11765.68,2353.14,14118.82,0,20230203,2023,2
PCE-000551,2024-12-10,DEPT-006,Informatique & Licences,Matériel informatique,IBM MADA,Exploitation,10943.81,2188.76,13132.57,1,20241210,2024,12
PCE-000552,2025-01-16,DEPT-005,Fournitures & Consommables,Consommables informatique,SECURITE MADA,Exploitation,1442.98,288.6,1731.58,1,20250116,2025,1
PCE-000553,2023-08-28,DEPT-003,Salaires & Charges sociales,Avantages en nature,HOTEL COLBERT,Exploitation,48438.01,0.0,48438.01,1,20230828,2023,8
PCE-000554,2025-04-30,DEPT-006,Salaires & Charges sociales,Avantages en nature,IBM MADA,Exploitation,33714.62,0.0,33714.62,1,20250430,2025,4
PCE-000555,2023-03-12,DEPT-001,Déplacements & Missions,Hôtel & restauration,MICROSOFT MADA,Exploitation,2175.33,435.07,2610.4,1,20230312,2023,3
PCE-000556,2023-10-14,DEPT-004,Salaires & Charges sociales,Avantages en nature,TRANSPORT EXPRESS,Exploitation,7180.08,0.0,7180.08,1,20231014,2023,10
PCE-000557,2023-07-25,DEPT-008,Loyer & Charges locatives,Charges communes,NETTOYAGE SERVICE,Exploitation,7661.02,0.0,7661.02,1,20230725,2023,7
PCE-000558,2025-05-27,DEPT-001,Déplacements & Missions,Transport,FORMATION PLUS,Exploitation,2939.8,587.96,3527.76,1,20250527,2025,5
PCE-000559,2024-04-02,DEPT-002,Déplacements & Missions,Hôtel & restauration,BAILLEUR IMMO,Exploitation,1026.67,205.33,1232.0,1,20240402,2024,4
PCE-000560,2025-09-16,DEPT-001,Déplacements & Missions,Hôtel & restauration,AGENCE VOYAGE,Exploitation,202.69,40.54,243.23,1,20250916,2025,9
PCE-000561,2024-10-29,DEPT-005,Formation & Développement,Abonnements professionnels,AGENCE VOYAGE,Exploitation,2706.73,541.35,3248.08,1,20241029,2024,10
PCE-000562,2025-09-06,DEPT-007,Déplacements & Missions,Transport,CONSULTANTS SA,Exploitation,295.11,59.02,354.13,1,20250906,2025,9
PCE-000563,2023-06-05,DEPT-008,Loyer & Charges locatives,Assurance locaux,TRANSPORT EXPRESS,Exploitation,4354.82,0.0,4354.82,1,20230605,2023,6
PCE-000564,2024-07-08,DEPT-008,Informatique & Licences,Matériel informatique,TRANSPORT EXPRESS,Exploitation,14822.13,2964.43,17786.56,0,20240708,2024,7
PCE-000565,2023-04-13,DEPT-002,Formation & Développement,Certifications,FOURNITURES PRO,Exploitation,3897.74,779.55,4677.29,1,20230413,2023,4
PCE-000566,2023-04-30,DEPT-002,Salaires & Charges sociales,Salaires bruts,CONSULTANTS SA,Exploitation,68737.62,0.0,68737.62,1,20230430,2023,4
PCE-000567,2023-12-27,DEPT-002,Sous-traitance,Consultants,ORACLE,Exploitation,9026.01,1805.2,10831.21,0,20231227,2023,12
PCE-000568,2025-11-07,DEPT-003,Déplacements & Missions,Carburant,TOTAL MADA,Exploitation,2704.84,540.97,3245.81,1,20251107,2025,11
PCE-000569,2023-01-29,DEPT-008,Informatique & Licences,Licences logiciels,NETTOYAGE SERVICE,Exploitation,12816.53,2563.31,15379.84,1,20230129,2023,1
PCE-000570,2025-08-14,DEPT-006,Informatique & Licences,Licences logiciels,IT SOLUTIONS,Exploitation,11644.21,2328.84,13973.05,1,20250814,2025,8
PCE-000571,2023-04-24,DEPT-008,Fournitures & Consommables,Fournitures de bureau,FOURNITURES PRO,Exploitation,1452.65,290.53,1743.18,0,20230424,2023,4
PCE-000572,2024-10-17,DEPT-005,Fournitures & Consommables,Documentation,ORACLE,Exploitation,460.69,92.14,552.83,1,20241017,2024,10
PCE-000573,2025-10-13,DEPT-002,Formation & Développement,Formations externes,NETTOYAGE SERVICE,Exploitation,1773.76,354.75,2128.51,0,20251013,2025,10
PCE-000574,2023-03-08,DEPT-005,Fournitures & Consommables,Fournitures de bureau,CONSULTANTS SA,Exploitation,876.26,175.25,1051.51,1,20230308,2023,3
PCE-000575,2024-10-13,DEPT-005,Fournitures & Consommables,Documentation,IBM MADA,Exploitation,1424.84,284.97,1709.81,1,20241013,2024,10
PCE-000576,2023-08-12,DEPT-008,Loyer & Charges locatives,Loyer bureaux,IT SOLUTIONS,Exploitation,3206.77,0.0,3206.77,1,20230812,2023,8
PCE-000577,2024-06-02,DEPT-001,Formation & Développement,Abonnements professionnels,ORANGE PRO,Exploitation,3446.36,689.27,4135.63,1,20240602,2024,6
PCE-000578,2023-06-27,DEPT-001,Salaires & Charges sociales,Salaires bruts,SECURITE MADA,Exploitation,77485.63,0.0,77485.63,1,20230627,2023,6
PCE-000579,2024-09-06,DEPT-008,Informatique & Licences,Matériel informatique,FORMATION PLUS,Exploitation,12967.37,2593.47,15560.84,1,20240906,2024,9
PCE-000580,2024-08-01,DEPT-008,Fournitures & Consommables,Documentation,CONSULTANTS SA,Exploitation,188.27,37.65,225.92,1,20240801,2024,8
PCE-000581,2023-03-16,DEPT-005,Formation & Développement,Formations externes,FOURNITURES PRO,Exploitation,3779.14,755.83,4534.97,1,20230316,2023,3
PCE-000582,2025-07-05,DEPT-008,Fournitures & Consommables,Consommables informatique,TOTAL MADA,Exploitation,1051.13,210.23,1261.36,0,20250705,2025,7
PCE-000583,2025-03-04,DEPT-002,Formation & Développement,Abonnements professionnels,BAILLEUR IMMO,Exploitation,4241.26,848.25,5089.51,0,20250304,2025,3
PCE-000584,2023-05-26,DEPT-003,Sous-traitance,Expertise externe,FORMATION PLUS,Exploitation,17990.63,3598.13,21588.76,0,20230526,2023,5
PCE-000585,2025-08-21,DEPT-008,Loyer & Charges locatives,Charges communes,FORMATION PLUS,Exploitation,5300.68,0.0,5300.68,1,20250821,2025,8
PCE-000586,2024-02-03,DEPT-005,Formation & Développement,Certifications,IBM MADA,Exploitation,596.06,119.21,715.27,1,20240203,2024,2
PCE-000587,2024-02-23,DEPT-008,Loyer & Charges locatives,Assurance locaux,TOTAL MADA,Exploitation,5801.83,0.0,5801.83,1,20240223,2024,2
PCE-000588,2025-02-27,DEPT-008,Loyer & Charges locatives,Loyer bureaux,HOTEL COLBERT,Exploitation,6512.66,0.0,6512.66,1,20250227,2025,2
PCE-000589,2024-12-14,DEPT-006,Salaires & Charges sociales,Salaires bruts,IBM MADA,Exploitation,75005.36,0.0,75005.36,1,20241214,2024,12
PCE-000590,2023-08-04,DEPT-008,Loyer & Charges locatives,Loyer bureaux,BAILLEUR IMMO,Exploitation,2466.07,0.0,2466.07,1,20230804,2023,8
PCE-000591,2025-07-08,DEPT-001,Déplacements & Missions,Carburant,MICROSOFT MADA,Exploitation,1336.78,267.36,1604.14,1,20250708,2025,7
PCE-000592,2023-10-04,DEPT-005,Formation & Développement,Formations externes,FOURNITURES PRO,Exploitation,3934.58,786.92,4721.5,0,20231004,2023,10
PCE-000593,2024-10-16,DEPT-003,Déplacements & Missions,Carburant,CONSULTANTS SA,Exploitation,2450.72,490.14,2940.86,1,20241016,2024,10
PCE-000594,2024-01-16,DEPT-002,Sous-traitance,Consultants,TOTAL MADA,Exploitation,5526.31,1105.26,6631.57,0,20240116,2024,1
PCE-000595,2025-06-15,DEPT-002,Déplacements & Missions,Hôtel & restauration,SECURITE MADA,Exploitation,1568.65,313.73,1882.38,1,20250615,2025,6
PCE-000596,2025-08-24,DEPT-008,Fournitures & Consommables,Consommables informatique,SECURITE MADA,Exploitation,1027.35,205.47,1232.82,1,20250824,2025,8
PCE-000597,2023-05-12,DEPT-007,Déplacements & Missions,Hôtel & restauration,ORACLE,Exploitation,730.16,146.03,876.19,1,20230512,2023,5
PCE-000598,2025-01-14,DEPT-001,Formation & Développement,Formations externes,HOTEL COLBERT,Exploitation,926.35,185.27,1111.62,1,20250114,2025,1
PCE-000599,2023-12-30,DEPT-008,Informatique & Licences,Matériel informatique,NETTOYAGE SERVICE,Exploitation,5653.94,1130.79,6784.73,1,20231230,2023,12
PCE-000600,2023-10-13,DEPT-006,Informatique & Licences,Licences logiciels,NETTOYAGE SERVICE,Exploitation,10944.36,2188.87,13133.23,1,20231013,2023,10
PCE-000601,2025-01-18,DEPT-005,Fournitures & Consommables,Fournitures de bureau,BAILLEUR IMMO,Exploitation,1427.59,285.52,1713.11,1,20250118,2025,1
PCE-000602,2025-06-05,DEPT-005,Formation & Développement,Abonnements professionnels,NETTOYAGE SERVICE,Exploitation,2643.45,528.69,3172.14,1,20250605,2025,6
PCE-000603,2023-06-02,DEPT-008,Informatique & Licences,Maintenance SI,TOTAL MADA,Exploitation,5136.62,1027.32,6163.94,1,20230602,2023,6
PCE-000604,2025-01-24,DEPT-002,Formation & Développement,Formations externes,CONSULTANTS SA,Exploitation,771.28,154.26,925.54,1,20250124,2025,1
PCE-000605,2024-02-19,DEPT-005,Fournitures & Consommables,Documentation,IBM MADA,Exploitation,805.61,161.12,966.73,1,20240219,2024,2
PCE-000606,2025-06-07,DEPT-008,Informatique & Licences,Cloud & hébergement,FOURNITURES PRO,Exploitation,5192.36,1038.47,6230.83,1,20250607,2025,6
PCE-000607,2023-04-16,DEPT-003,Déplacements & Missions,Hôtel & restauration,IBM MADA,Exploitation,896.15,179.23,1075.38,1,20230416,2023,4
PCE-000608,2024-05-08,DEPT-002,Formation & Développement,Formations externes,IBM MADA,Exploitation,4343.5,868.7,5212.2,0,20240508,2024,5
PCE-000609,2025-01-06,DEPT-008,Informatique & Licences,Licences logiciels,BAILLEUR IMMO,Exploitation,2506.9,501.38,3008.28,1,20250106,2025,1
PCE-000610,2024-10-10,DEPT-008,Salaires & Charges sociales,Avantages en nature,FORMATION PLUS,Exploitation,69768.16,0.0,69768.16,1,20241010,2024,10
PCE-000611,2025-04-04,DEPT-008,Loyer & Charges locatives,Loyer bureaux,ORACLE,Exploitation,3154.27,0.0,3154.27,1,20250404,2025,4
PCE-000612,2023-10-25,DEPT-002,Formation & Développement,Abonnements professionnels,TRANSPORT EXPRESS,Exploitation,2587.94,517.59,3105.53,1,20231025,2023,10
PCE-000613,2025-03-09,DEPT-002,Formation & Développement,Abonnements professionnels,IT SOLUTIONS,Exploitation,3978.04,795.61,4773.65,1,20250309,2025,3
PCE-000614,2025-02-12,DEPT-002,Formation & Développement,Certifications,HOTEL COLBERT,Exploitation,3110.03,622.01,3732.04,1,20250212,2025,2
PCE-000615,2024-01-04,DEPT-007,Déplacements & Missions,Transport,IBM MADA,Exploitation,2867.49,573.5,3440.99,0,20240104,2024,1
PCE-000616,2024-12-06,DEPT-002,Formation & Développement,Certifications,SECURITE MADA,Exploitation,3431.54,686.31,4117.85,1,20241206,2024,12
PCE-000617,2024-01-15,DEPT-002,Sous-traitance,Expertise externe,SECURITE MADA,Exploitation,8850.95,1770.19,10621.14,1,20240115,2024,1
PCE-000618,2023-11-14,DEPT-008,Fournitures & Consommables,Fournitures de bureau,SECURITE MADA,Exploitation,350.39,70.08,420.47,1,20231114,2023,11
PCE-000619,2023-12-26,DEPT-002,Sous-traitance,Prestations ponctuelles,SECURITE MADA,Exploitation,18730.02,3746.0,22476.02,0,20231226,2023,12
PCE-000620,2023-01-02,DEPT-001,Formation & Développement,Formations externes,BAILLEUR IMMO,Exploitation,4401.68,880.34,5282.02,0,20230102,2023,1
PCE-000621,2024-05-28,DEPT-008,Loyer & Charges locatives,Charges communes,BAILLEUR IMMO,Exploitation,7205.25,0.0,7205.25,1,20240528,2024,5
PCE-000622,2024-07-23,DEPT-006,Informatique & Licences,Cloud & hébergement,FOURNITURES PRO,Exploitation,1434.15,286.83,1720.98,1,20240723,2024,7
PCE-000623,2024-05-04,DEPT-005,Fournitures & Consommables,Fournitures de bureau,BAILLEUR IMMO,Exploitation,219.75,43.95,263.7,1,20240504,2024,5
PCE-000624,2024-04-05,DEPT-002,Déplacements & Missions,Carburant,MICROSOFT MADA,Exploitation,278.37,55.67,334.04,0,20240405,2024,4
PCE-000625,2025-08-30,DEPT-001,Déplacements & Missions,Hôtel & restauration,HOTEL COLBERT,Exploitation,734.2,146.84,881.04,1,20250830,2025,8
PCE-000626,2025-02-17,DEPT-008,Fournitures & Consommables,Documentation,MICROSOFT MADA,Exploitation,604.41,120.88,725.29,1,20250217,2025,2
PCE-000627,2024-02-03,DEPT-006,Salaires & Charges sociales,Salaires bruts,FOURNITURES PRO,Exploitation,16081.94,0.0,16081.94,1,20240203,2024,2
PCE-000628,2023-12-20,DEPT-003,Déplacements & Missions,Hôtel & restauration,ORACLE,Exploitation,2581.22,516.24,3097.46,1,20231220,2023,12
PCE-000629,2024-03-06,DEPT-002,Formation & Développement,Abonnements professionnels,FOURNITURES PRO,Exploitation,1841.25,368.25,2209.5,1,20240306,2024,3
PCE-000630,2023-12-25,DEPT-003,Sous-traitance,Prestations ponctuelles,HOTEL COLBERT,Exploitation,5007.11,1001.42,6008.53,1,20231225,2023,12
PCE-000631,2025-12-02,DEPT-008,Loyer & Charges locatives,Charges communes,HOTEL COLBERT,Exploitation,5587.91,0.0,5587.91,1,20251202,2025,12
PCE-000632,2024-03-13,DEPT-005,Formation & Développement,Formations externes,TOTAL MADA,Exploitation,2268.19,453.64,2721.83,1,20240313,2024,3
PCE-000633,2024-08-24,DEPT-002,Sous-traitance,Prestations ponctuelles,AGENCE VOYAGE,Exploitation,8361.45,1672.29,10033.74,1,20240824,2024,8
PCE-000634,2025-11-18,DEPT-008,Loyer & Charges locatives,Assurance locaux,IT SOLUTIONS,Exploitation,6616.93,0.0,6616.93,1,20251118,2025,11
PCE-000635,2024-09-30,DEPT-003,Déplacements & Missions,Carburant,HOTEL COLBERT,Exploitation,1904.26,380.85,2285.11,1,20240930,2024,9
PCE-000636,2023-06-15,DEPT-006,Informatique & Licences,Cloud & hébergement,NETTOYAGE SERVICE,Exploitation,9659.48,1931.9,11591.38,1,20230615,2023,6
PCE-000637,2024-03-31,DEPT-005,Formation & Développement,Formations externes,TOTAL MADA,Exploitation,4363.01,872.6,5235.61,1,20240331,2024,3
PCE-000638,2023-07-20,DEPT-001,Formation & Développement,Certifications,MICROSOFT MADA,Exploitation,2246.85,449.37,2696.22,1,20230720,2023,7
PCE-000639,2023-10-22,DEPT-003,Sous-traitance,Consultants,ORANGE PRO,Exploitation,10959.07,2191.81,13150.88,1,20231022,2023,10
PCE-000640,2023-01-06,DEPT-008,Informatique & Licences,Matériel informatique,MICROSOFT MADA,Exploitation,8234.62,1646.92,9881.54,1,20230106,2023,1
PCE-000641,2024-12-21,DEPT-005,Fournitures & Consommables,Documentation,ORACLE,Exploitation,206.33,41.27,247.6,1,20241221,2024,12
PCE-000642,2025-05-24,DEPT-008,Fournitures & Consommables,Documentation,TOTAL MADA,Exploitation,211.72,42.34,254.06,1,20250524,2025,5
PCE-000643,2023-05-04,DEPT-005,Formation & Développement,Certifications,AGENCE VOYAGE,Exploitation,1321.95,264.39,1586.34,1,20230504,2023,5
PCE-000644,2023-02-06,DEPT-008,Fournitures & Consommables,Fournitures de bureau,FOURNITURES PRO,Exploitation,992.0,198.4,1190.4,1,20230206,2023,2
PCE-000645,2023-08-05,DEPT-002,Sous-traitance,Consultants,ORACLE,Exploitation,18271.27,3654.25,21925.52,0,20230805,2023,8
PCE-000646,2023-02-18,DEPT-005,Salaires & Charges sociales,Charges patronales,HOTEL COLBERT,Exploitation,36230.99,0.0,36230.99,1,20230218,2023,2
PCE-000647,2024-03-28,DEPT-001,Sous-traitance,Consultants,BAILLEUR IMMO,Exploitation,17119.03,3423.81,20542.84,1,20240328,2024,3
PCE-000648,2023-12-30,DEPT-004,Salaires & Charges sociales,Avantages en nature,CONSULTANTS SA,Exploitation,73338.14,0.0,73338.14,1,20231230,2023,12
PCE-000649,2024-12-10,DEPT-008,Loyer & Charges locatives,Charges communes,ORANGE PRO,Exploitation,3596.46,0.0,3596.46,1,20241210,2024,12
PCE-000650,2023-05-19,DEPT-004,Sous-traitance,Expertise externe,CONSULTANTS SA,Exploitation,13202.54,2640.51,15843.05,1,20230519,2023,5
PCE-000651,2025-02-06,DEPT-005,Fournitures & Consommables,Consommables informatique,FORMATION PLUS,Exploitation,133.57,26.71,160.28,1,20250206,2025,2
PCE-000652,2023-03-04,DEPT-005,Formation & Développement,Certifications,FOURNITURES PRO,Exploitation,4282.4,856.48,5138.88,1,20230304,2023,3
PCE-000653,2024-04-24,DEPT-006,Informatique & Licences,Maintenance SI,SECURITE MADA,Exploitation,13986.33,2797.27,16783.6,1,20240424,2024,4
PCE-000654,2024-06-05,DEPT-006,Salaires & Charges sociales,Charges patronales,TRANSPORT EXPRESS,Exploitation,39131.12,0.0,39131.12,1,20240605,2024,6
PCE-000655,2023-05-16,DEPT-002,Sous-traitance,Consultants,SECURITE MADA,Exploitation,4243.39,848.68,5092.07,0,20230516,2023,5
PCE-000656,2023-12-31,DEPT-002,Sous-traitance,Prestations ponctuelles,FORMATION PLUS,Exploitation,3975.67,795.13,4770.8,0,20231231,2023,12
PCE-000657,2023-05-28,DEPT-005,Fournitures & Consommables,Documentation,CONSULTANTS SA,Exploitation,599.15,119.83,718.98,1,20230528,2023,5
PCE-000658,2024-12-26,DEPT-004,Sous-traitance,Prestations ponctuelles,TOTAL MADA,Exploitation,3635.14,727.03,4362.17,0,20241226,2024,12
PCE-000659,2023-11-20,DEPT-006,Salaires & Charges sociales,Salaires bruts,NETTOYAGE SERVICE,Exploitation,36279.16,0.0,36279.16,1,20231120,2023,11
PCE-000660,2023-04-27,DEPT-006,Informatique & Licences,Cloud & hébergement,TRANSPORT EXPRESS,Exploitation,7419.78,1483.96,8903.74,1,20230427,2023,4
PCE-000661,2023-05-10,DEPT-005,Fournitures & Consommables,Fournitures de bureau,IBM MADA,Exploitation,424.36,84.87,509.23,1,20230510,2023,5
PCE-000662,2023-12-12,DEPT-002,Sous-traitance,Consultants,ORACLE,Exploitation,7942.12,1588.42,9530.54,0,20231212,2023,12
PCE-000663,2025-03-24,DEPT-005,Fournitures & Consommables,Documentation,IBM MADA,Exploitation,1239.72,247.94,1487.66,1,20250324,2025,3
PCE-000664,2024-07-30,DEPT-005,Fournitures & Consommables,Consommables informatique,FORMATION PLUS,Exploitation,513.96,102.79,616.75,1,20240730,2024,7
PCE-000665,2024-12-27,DEPT-003,Déplacements & Missions,Transport,NETTOYAGE SERVICE,Exploitation,919.29,183.86,1103.15,1,20241227,2024,12
PCE-000666,2024-12-30,DEPT-005,Formation & Développement,Formations externes,FOURNITURES PRO,Exploitation,3818.2,763.64,4581.84,1,20241230,2024,12
PCE-000667,2024-06-05,DEPT-007,Déplacements & Missions,Carburant,IBM MADA,Exploitation,2499.17,499.83,2999.0,1,20240605,2024,6
PCE-000668,2023-09-20,DEPT-003,Sous-traitance,Expertise externe,BAILLEUR IMMO,Exploitation,12224.88,2444.98,14669.86,1,20230920,2023,9
PCE-000669,2024-07-11,DEPT-008,Salaires & Charges sociales,Avantages en nature,ORANGE PRO,Exploitation,75301.54,0.0,75301.54,1,20240711,2024,7
PCE-000670,2023-02-26,DEPT-006,Informatique & Licences,Matériel informatique,HOTEL COLBERT,Exploitation,12625.88,2525.18,15151.06,1,20230226,2023,2
PCE-000671,2023-12-15,DEPT-007,Déplacements & Missions,Hôtel & restauration,ORACLE,Exploitation,493.36,98.67,592.03,1,20231215,2023,12
PCE-000672,2025-08-21,DEPT-006,Informatique & Licences,Licences logiciels,HOTEL COLBERT,Exploitation,8799.62,1759.92,10559.54,1,20250821,2025,8
PCE-000673,2025-09-19,DEPT-001,Salaires & Charges sociales,Salaires bruts,IBM MADA,Exploitation,75474.14,0.0,75474.14,1,20250919,2025,9
PCE-000674,2024-06-08,DEPT-002,Formation & Développement,Abonnements professionnels,ORACLE,Exploitation,2104.45,420.89,2525.34,1,20240608,2024,6
PCE-000675,2025-03-22,DEPT-005,Fournitures & Consommables,Consommables informatique,ORACLE,Exploitation,561.38,112.28,673.66,0,20250322,2025,3
PCE-000676,2024-07-23,DEPT-001,Sous-traitance,Consultants,MICROSOFT MADA,Exploitation,12378.63,2475.73,14854.36,1,20240723,2024,7
PCE-000677,2025-03-17,DEPT-008,Loyer & Charges locatives,Charges communes,ORACLE,Exploitation,4270.67,0.0,4270.67,1,20250317,2025,3
PCE-000678,2023-10-31,DEPT-001,Salaires & Charges sociales,Salaires bruts,AGENCE VOYAGE,Exploitation,5501.0,0.0,5501.0,1,20231031,2023,10
PCE-000679,2024-03-07,DEPT-005,Fournitures & Consommables,Documentation,FORMATION PLUS,Exploitation,801.5,160.3,961.8,1,20240307,2024,3
PCE-000680,2024-07-31,DEPT-005,Fournitures & Consommables,Consommables informatique,ORANGE PRO,Exploitation,106.65,21.33,127.98,1,20240731,2024,7
PCE-000681,2023-02-07,DEPT-003,Déplacements & Missions,Hôtel & restauration,HOTEL COLBERT,Exploitation,582.85,116.57,699.42,1,20230207,2023,2
PCE-000682,2023-09-29,DEPT-008,Informatique & Licences,Licences logiciels,IBM MADA,Exploitation,10504.14,2100.83,12604.97,1,20230929,2023,9
PCE-000683,2023-07-22,DEPT-002,Formation & Développement,Formations externes,HOTEL COLBERT,Exploitation,2423.09,484.62,2907.71,1,20230722,2023,7
PCE-000684,2023-11-03,DEPT-006,Informatique & Licences,Matériel informatique,BAILLEUR IMMO,Exploitation,4293.56,858.71,5152.27,1,20231103,2023,11
PCE-000685,2025-09-25,DEPT-008,Loyer & Charges locatives,Assurance locaux,IBM MADA,Exploitation,4312.84,0.0,4312.84,1,20250925,2025,9
PCE-000686,2024-03-04,DEPT-006,Salaires & Charges sociales,Salaires bruts,CONSULTANTS SA,Exploitation,76723.88,0.0,76723.88,1,20240304,2024,3
PCE-000687,2023-10-05,DEPT-008,Informatique & Licences,Licences logiciels,FOURNITURES PRO,Exploitation,11237.21,2247.44,13484.65,0,20231005,2023,10
PCE-000688,2024-12-09,DEPT-002,Formation & Développement,Certifications,IT SOLUTIONS,Exploitation,1346.93,269.39,1616.32,1,20241209,2024,12
PCE-000689,2024-08-17,DEPT-008,Loyer & Charges locatives,Charges communes,CONSULTANTS SA,Exploitation,6228.9,0.0,6228.9,1,20240817,2024,8
PCE-000690,2025-09-28,DEPT-003,Sous-traitance,Consultants,TRANSPORT EXPRESS,Exploitation,16879.58,3375.92,20255.5,1,20250928,2025,9
PCE-000691,2024-02-18,DEPT-007,Déplacements & Missions,Transport,ORACLE,Exploitation,2081.49,416.3,2497.79,1,20240218,2024,2
PCE-000692,2023-03-23,DEPT-001,Sous-traitance,Prestations ponctuelles,ORACLE,Exploitation,11942.55,2388.51,14331.06,1,20230323,2023,3
PCE-000693,2025-03-08,DEPT-008,Informatique & Licences,Maintenance SI,IBM MADA,Exploitation,14661.6,2932.32,17593.92,1,20250308,2025,3
PCE-000694,2025-02-27,DEPT-005,Fournitures & Consommables,Documentation,ORACLE,Exploitation,231.73,46.35,278.08,0,20250227,2025,2
PCE-000695,2024-12-03,DEPT-007,Salaires & Charges sociales,Avantages en nature,IT SOLUTIONS,Exploitation,40260.65,0.0,40260.65,1,20241203,2024,12
PCE-000696,2023-07-17,DEPT-001,Sous-traitance,Consultants,SECURITE MADA,Exploitation,18527.75,3705.55,22233.3,1,20230717,2023,7
PCE-000697,2025-10-14,DEPT-005,Salaires & Charges sociales,Salaires bruts,TOTAL MADA,Exploitation,77478.2,0.0,77478.2,1,20251014,2025,10
PCE-000698,2023-11-27,DEPT-007,Déplacements & Missions,Carburant,HOTEL COLBERT,Exploitation,2454.33,490.87,2945.2,0,20231127,2023,11
PCE-000699,2023-05-20,DEPT-001,Sous-traitance,Consultants,BAILLEUR IMMO,Exploitation,13871.17,2774.23,16645.4,1,20230520,2023,5
PCE-000700,2025-08-05,DEPT-008,Fournitures & Consommables,Fournitures de bureau,ORANGE PRO,Exploitation,353.45,70.69,424.14,1,20250805,2025,8
PCE-000701,2024-06-24,DEPT-007,Salaires & Charges sociales,Charges patronales,IT SOLUTIONS,Exploitation,45352.15,0.0,45352.15,1,20240624,2024,6
PCE-000702,2023-10-25,DEPT-003,Salaires & Charges sociales,Avantages en nature,NETTOYAGE SERVICE,Exploitation,33877.63,0.0,33877.63,1,20231025,2023,10
PCE-000703,2023-10-22,DEPT-002,Salaires & Charges sociales,Salaires bruts,NETTOYAGE SERVICE,Exploitation,68076.24,0.0,68076.24,1,20231022,2023,10
PCE-000704,2025-12-29,DEPT-002,Déplacements & Missions,Hôtel & restauration,CONSULTANTS SA,Exploitation,1624.9,324.98,1949.88,0,20251229,2025,12
PCE-000705,2023-05-12,DEPT-002,Formation & Développement,Abonnements professionnels,ORACLE,Exploitation,3310.34,662.07,3972.41,1,20230512,2023,5
PCE-000706,2024-12-13,DEPT-006,Salaires & Charges sociales,Charges patronales,IBM MADA,Exploitation,55804.04,0.0,55804.04,1,20241213,2024,12
PCE-000707,2024-04-09,DEPT-002,Déplacements & Missions,Hôtel & restauration,IT SOLUTIONS,Exploitation,372.79,74.56,447.35,0,20240409,2024,4
PCE-000708,2024-02-21,DEPT-007,Déplacements & Missions,Hôtel & restauration,TOTAL MADA,Exploitation,547.14,109.43,656.57,1,20240221,2024,2
PCE-000709,2023-09-10,DEPT-003,Déplacements & Missions,Hôtel & restauration,FOURNITURES PRO,Exploitation,1418.58,283.72,1702.3,1,20230910,2023,9
PCE-000710,2023-07-15,DEPT-005,Formation & Développement,Formations externes,TRANSPORT EXPRESS,Exploitation,1719.43,343.89,2063.32,1,20230715,2023,7
PCE-000711,2024-07-10,DEPT-001,Formation & Développement,Formations externes,MICROSOFT MADA,Exploitation,662.94,132.59,795.53,1,20240710,2024,7
PCE-000712,2023-09-09,DEPT-008,Loyer & Charges locatives,Charges communes,SECURITE MADA,Exploitation,2305.5,0.0,2305.5,1,20230909,2023,9
PCE-000713,2025-09-22,DEPT-005,Fournitures & Consommables,Fournitures de bureau,TRANSPORT EXPRESS,Exploitation,322.47,64.49,386.96,1,20250922,2025,9
PCE-000714,2025-10-27,DEPT-008,Fournitures & Consommables,Fournitures de bureau,HOTEL COLBERT,Exploitation,1026.41,205.28,1231.69,1,20251027,2025,10
PCE-000715,2024-07-01,DEPT-008,Loyer & Charges locatives,Assurance locaux,NETTOYAGE SERVICE,Exploitation,3551.74,0.0,3551.74,1,20240701,2024,7
PCE-000716,2023-11-02,DEPT-002,Formation & Développement,Abonnements professionnels,HOTEL COLBERT,Exploitation,4532.58,906.52,5439.1,1,20231102,2023,11
PCE-000717,2024-02-04,DEPT-001,Formation & Développement,Certifications,HOTEL COLBERT,Exploitation,4156.02,831.2,4987.22,1,20240204,2024,2
PCE-000718,2025-01-20,DEPT-002,Formation & Développement,Abonnements professionnels,FORMATION PLUS,Exploitation,2789.28,557.86,3347.14,0,20250120,2025,1
PCE-000719,2024-05-13,DEPT-005,Formation & Développement,Formations externes,NETTOYAGE SERVICE,Exploitation,4796.37,959.27,5755.64,1,20240513,2024,5
PCE-000720,2024-10-22,DEPT-002,Formation & Développement,Formations externes,BAILLEUR IMMO,Exploitation,1343.81,268.76,1612.57,1,20241022,2024,10
PCE-000721,2023-04-23,DEPT-001,Formation & Développement,Certifications,ORANGE PRO,Exploitation,4082.43,816.49,4898.92,1,20230423,2023,4
PCE-000722,2024-10-25,DEPT-005,Fournitures & Consommables,Consommables informatique,ORACLE,Exploitation,373.06,74.61,447.67,1,20241025,2024,10
PCE-000723,2023-02-11,DEPT-008,Loyer & Charges locatives,Charges communes,AGENCE VOYAGE,Exploitation,3543.11,0.0,3543.11,1,20230211,2023,2
PCE-000724,2023-05-01,DEPT-001,Sous-traitance,Consultants,FORMATION PLUS,Exploitation,1888.09,377.62,2265.71,1,20230501,2023,5
PCE-000725,2025-10-09,DEPT-001,Déplacements & Missions,Hôtel & restauration,ORANGE PRO,Exploitation,1501.58,300.32,1801.9,1,20251009,2025,10
PCE-000726,2025-07-06,DEPT-008,Loyer & Charges locatives,Loyer bureaux,HOTEL COLBERT,Exploitation,5453.92,0.0,5453.92,1,20250706,2025,7
PCE-000727,2024-03-12,DEPT-007,Déplacements & Missions,Hôtel & restauration,MICROSOFT MADA,Exploitation,2275.61,455.12,2730.73,1,20240312,2024,3
PCE-000728,2025-07-28,DEPT-005,Formation & Développement,Abonnements professionnels,ORACLE,Exploitation,1207.78,241.56,1449.34,1,20250728,2025,7
PCE-000729,2025-11-14,DEPT-008,Loyer & Charges locatives,Charges communes,AGENCE VOYAGE,Exploitation,5286.55,0.0,5286.55,1,20251114,2025,11
PCE-000730,2023-12-10,DEPT-008,Loyer & Charges locatives,Assurance locaux,BAILLEUR IMMO,Exploitation,7089.12,0.0,7089.12,1,20231210,2023,12
PCE-000731,2024-05-19,DEPT-006,Informatique & Licences,Licences logiciels,BAILLEUR IMMO,Exploitation,14285.95,2857.19,17143.14,1,20240519,2024,5
PCE-000732,2024-09-24,DEPT-008,Fournitures & Consommables,Fournitures de bureau,BAILLEUR IMMO,Exploitation,1493.86,298.77,1792.63,1,20240924,2024,9
PCE-000733,2023-04-21,DEPT-007,Déplacements & Missions,Carburant,MICROSOFT MADA,Exploitation,2513.25,502.65,3015.9,1,20230421,2023,4
PCE-000734,2023-04-02,DEPT-005,Formation & Développement,Certifications,TRANSPORT EXPRESS,Exploitation,3569.24,713.85,4283.09,1,20230402,2023,4
PCE-000735,2024-10-17,DEPT-001,Salaires & Charges sociales,Avantages en nature,NETTOYAGE SERVICE,Exploitation,58252.19,0.0,58252.19,1,20241017,2024,10
PCE-000736,2025-03-15,DEPT-008,Loyer & Charges locatives,Assurance locaux,CONSULTANTS SA,Exploitation,7461.72,0.0,7461.72,1,20250315,2025,3
PCE-000737,2025-08-23,DEPT-002,Sous-traitance,Prestations ponctuelles,TOTAL MADA,Exploitation,5302.27,1060.45,6362.72,0,20250823,2025,8
PCE-000738,2025-06-03,DEPT-003,Sous-traitance,Consultants,FORMATION PLUS,Exploitation,8293.68,1658.74,9952.42,1,20250603,2025,6
PCE-000739,2024-10-26,DEPT-005,Salaires & Charges sociales,Salaires bruts,FORMATION PLUS,Exploitation,22573.38,0.0,22573.38,1,20241026,2024,10
PCE-000740,2023-08-22,DEPT-002,Formation & Développement,Certifications,IBM MADA,Exploitation,3612.23,722.45,4334.68,1,20230822,2023,8
PCE-000741,2024-04-03,DEPT-008,Informatique & Licences,Licences logiciels,HOTEL COLBERT,Exploitation,10668.49,2133.7,12802.19,0,20240403,2024,4
PCE-000742,2023-01-25,DEPT-005,Fournitures & Consommables,Documentation,TOTAL MADA,Exploitation,611.97,122.39,734.36,1,20230125,2023,1
PCE-000743,2025-07-16,DEPT-008,Informatique & Licences,Maintenance SI,NETTOYAGE SERVICE,Exploitation,3753.09,750.62,4503.71,1,20250716,2025,7
PCE-000744,2025-02-27,DEPT-008,Fournitures & Consommables,Fournitures de bureau,AGENCE VOYAGE,Exploitation,515.26,103.05,618.31,1,20250227,2025,2
PCE-000745,2024-10-07,DEPT-006,Salaires & Charges sociales,Avantages en nature,BAILLEUR IMMO,Exploitation,13935.69,0.0,13935.69,1,20241007,2024,10
PCE-000746,2023-01-18,DEPT-003,Déplacements & Missions,Transport,FOURNITURES PRO,Exploitation,1219.68,243.94,1463.62,0,20230118,2023,1
PCE-000747,2025-12-24,DEPT-003,Déplacements & Missions,Transport,MICROSOFT MADA,Exploitation,1579.59,315.92,1895.51,0,20251224,2025,12
PCE-000748,2024-01-27,DEPT-004,Sous-traitance,Prestations ponctuelles,MICROSOFT MADA,Exploitation,7529.78,1505.96,9035.74,0,20240127,2024,1
PCE-000749,2025-03-24,DEPT-006,Informatique & Licences,Cloud & hébergement,AGENCE VOYAGE,Exploitation,9152.17,1830.43,10982.6,0,20250324,2025,3
PCE-000750,2023-03-13,DEPT-006,Salaires & Charges sociales,Salaires bruts,BAILLEUR IMMO,Exploitation,33715.68,0.0,33715.68,1,20230313,2023,3
PCE-000751,2025-09-15,DEPT-008,Salaires & Charges sociales,Avantages en nature,BAILLEUR IMMO,Exploitation,65025.38,0.0,65025.38,1,20250915,2025,9
PCE-000752,2024-02-16,DEPT-006,Salaires & Charges sociales,Salaires bruts,ORANGE PRO,Exploitation,40596.65,0.0,40596.65,1,20240216,2024,2
PCE-000753,2023-12-20,DEPT-003,Sous-traitance,Consultants,FOURNITURES PRO,Exploitation,9632.51,1926.5,11559.01,1,20231220,2023,12
PCE-000754,2023-02-10,DEPT-001,Formation & Développement,Certifications,TRANSPORT EXPRESS,Exploitation,3510.67,702.13,4212.8,1,20230210,2023,2
PCE-000755,2023-08-18,DEPT-008,Loyer & Charges locatives,Charges communes,ORACLE,Exploitation,3184.16,0.0,3184.16,1,20230818,2023,8
PCE-000756,2025-02-10,DEPT-002,Formation & Développement,Certifications,SECURITE MADA,Exploitation,846.25,169.25,1015.5,1,20250210,2025,2
PCE-000757,2024-05-23,DEPT-008,Informatique & Licences,Maintenance SI,TOTAL MADA,Exploitation,2691.94,538.39,3230.33,1,20240523,2024,5
PCE-000758,2025-11-10,DEPT-005,Formation & Développement,Certifications,FOURNITURES PRO,Exploitation,926.51,185.3,1111.81,0,20251110,2025,11
PCE-000759,2023-08-10,DEPT-005,Formation & Développement,Abonnements professionnels,FOURNITURES PRO,Exploitation,1255.21,251.04,1506.25,1,20230810,2023,8
PCE-000760,2024-07-12,DEPT-008,Fournitures & Consommables,Fournitures de bureau,HOTEL COLBERT,Exploitation,160.98,32.2,193.18,1,20240712,2024,7
PCE-000761,2024-09-10,DEPT-001,Sous-traitance,Expertise externe,IT SOLUTIONS,Exploitation,11522.26,2304.45,13826.71,0,20240910,2024,9
PCE-000762,2025-11-21,DEPT-002,Déplacements & Missions,Transport,TRANSPORT EXPRESS,Exploitation,507.9,101.58,609.48,0,20251121,2025,11
PCE-000763,2025-12-03,DEPT-001,Salaires & Charges sociales,Charges patronales,NETTOYAGE SERVICE,Exploitation,68875.8,0.0,68875.8,1,20251203,2025,12
PCE-000764,2025-11-06,DEPT-005,Formation & Développement,Formations externes,IBM MADA,Exploitation,688.1,137.62,825.72,1,20251106,2025,11
PCE-000765,2023-02-21,DEPT-006,Informatique & Licences,Licences logiciels,BAILLEUR IMMO,Exploitation,5428.79,1085.76,6514.55,1,20230221,2023,2
PCE-000766,2024-03-29,DEPT-007,Déplacements & Missions,Carburant,CONSULTANTS SA,Exploitation,1155.57,231.11,1386.68,1,20240329,2024,3
PCE-000767,2024-01-13,DEPT-002,Salaires & Charges sociales,Salaires bruts,AGENCE VOYAGE,Exploitation,77107.29,0.0,77107.29,1,20240113,2024,1
PCE-000768,2025-04-29,DEPT-005,Formation & Développement,Abonnements professionnels,ORANGE PRO,Exploitation,3057.78,611.56,3669.34,1,20250429,2025,4
PCE-000769,2024-08-18,DEPT-008,Loyer & Charges locatives,Charges communes,MICROSOFT MADA,Exploitation,7434.31,0.0,7434.31,1,20240818,2024,8
PCE-000770,2023-08-24,DEPT-008,Fournitures & Consommables,Documentation,FOURNITURES PRO,Exploitation,308.65,61.73,370.38,1,20230824,2023,8
PCE-000771,2024-01-25,DEPT-004,Sous-traitance,Consultants,CONSULTANTS SA,Exploitation,8534.24,1706.85,10241.09,1,20240125,2024,1
PCE-000772,2024-06-23,DEPT-008,Fournitures & Consommables,Documentation,ORANGE PRO,Exploitation,918.7,183.74,1102.44,1,20240623,2024,6
PCE-000773,2023-12-19,DEPT-002,Sous-traitance,Expertise externe,IBM MADA,Exploitation,8387.06,1677.41,10064.47,0,20231219,2023,12
PCE-000774,2023-06-11,DEPT-008,Loyer & Charges locatives,Charges communes,AGENCE VOYAGE,Exploitation,6343.96,0.0,6343.96,1,20230611,2023,6
PCE-000775,2024-12-25,DEPT-005,Formation & Développement,Certifications,AGENCE VOYAGE,Exploitation,2729.46,545.89,3275.35,0,20241225,2024,12
PCE-000776,2025-10-02,DEPT-006,Informatique & Licences,Matériel informatique,TOTAL MADA,Exploitation,12834.0,2566.8,15400.8,0,20251002,2025,10
PCE-000777,2024-12-08,DEPT-008,Informatique & Licences,Cloud & hébergement,FORMATION PLUS,Exploitation,12815.79,2563.16,15378.95,1,20241208,2024,12
PCE-000778,2025-03-25,DEPT-007,Salaires & Charges sociales,Salaires bruts,IT SOLUTIONS,Exploitation,25300.25,0.0,25300.25,1,20250325,2025,3
PCE-000779,2024-10-23,DEPT-005,Formation & Développement,Formations externes,TOTAL MADA,Exploitation,1355.14,271.03,1626.17,0,20241023,2024,10
PCE-000780,2023-10-30,DEPT-007,Déplacements & Missions,Hôtel & restauration,ORACLE,Exploitation,2981.01,596.2,3577.21,0,20231030,2023,10
PCE-000781,2024-01-17,DEPT-006,Salaires & Charges sociales,Charges patronales,HOTEL COLBERT,Exploitation,35991.57,0.0,35991.57,1,20240117,2024,1
PCE-000782,2024-10-18,DEPT-006,Informatique & Licences,Cloud & hébergement,NETTOYAGE SERVICE,Exploitation,8389.28,1677.86,10067.14,1,20241018,2024,10
PCE-000783,2024-02-14,DEPT-005,Fournitures & Consommables,Documentation,IBM MADA,Exploitation,907.25,181.45,1088.7,1,20240214,2024,2
PCE-000784,2024-07-09,DEPT-006,Informatique & Licences,Maintenance SI,FOURNITURES PRO,Exploitation,9685.59,1937.12,11622.71,0,20240709,2024,7
PCE-000785,2024-12-23,DEPT-005,Fournitures & Consommables,Documentation,MICROSOFT MADA,Exploitation,890.44,178.09,1068.53,0,20241223,2024,12
PCE-000786,2025-06-06,DEPT-004,Salaires & Charges sociales,Salaires bruts,BAILLEUR IMMO,Exploitation,50893.44,0.0,50893.44,1,20250606,2025,6
PCE-000787,2025-04-29,DEPT-001,Formation & Développement,Abonnements professionnels,MICROSOFT MADA,Exploitation,4146.06,829.21,4975.27,0,20250429,2025,4
PCE-000788,2024-05-06,DEPT-008,Loyer & Charges locatives,Charges communes,BAILLEUR IMMO,Exploitation,4485.91,0.0,4485.91,1,20240506,2024,5
PCE-000789,2024-06-04,DEPT-008,Loyer & Charges locatives,Charges communes,FORMATION PLUS,Exploitation,2736.6,0.0,2736.6,1,20240604,2024,6
PCE-000790,2023-03-09,DEPT-002,Déplacements & Missions,Carburant,TOTAL MADA,Exploitation,650.8,130.16,780.96,0,20230309,2023,3
PCE-000791,2025-07-19,DEPT-001,Salaires & Charges sociales,Charges patronales,MICROSOFT MADA,Exploitation,42285.01,0.0,42285.01,1,20250719,2025,7
PCE-000792,2024-08-29,DEPT-005,Fournitures & Consommables,Documentation,AGENCE VOYAGE,Exploitation,608.0,121.6,729.6,0,20240829,2024,8
PCE-000793,2024-08-09,DEPT-001,Formation & Développement,Abonnements professionnels,IBM MADA,Exploitation,1703.55,340.71,2044.26,1,20240809,2024,8
PCE-000794,2023-07-15,DEPT-008,Informatique & Licences,Matériel informatique,CONSULTANTS SA,Exploitation,14912.72,2982.54,17895.26,1,20230715,2023,7
PCE-000795,2023-03-04,DEPT-004,Salaires & Charges sociales,Avantages en nature,TRANSPORT EXPRESS,Exploitation,60723.81,0.0,60723.81,1,20230304,2023,3
PCE-000796,2025-12-18,DEPT-007,Salaires & Charges sociales,Charges patronales,NETTOYAGE SERVICE,Exploitation,37338.77,0.0,37338.77,1,20251218,2025,12
PCE-000797,2023-04-13,DEPT-008,Fournitures & Consommables,Documentation,ORACLE,Exploitation,1343.81,268.76,1612.57,1,20230413,2023,4
PCE-000798,2025-09-14,DEPT-001,Déplacements & Missions,Carburant,IT SOLUTIONS,Exploitation,2008.52,401.7,2410.22,1,20250914,2025,9
PCE-000799,2023-06-12,DEPT-001,Salaires & Charges sociales,Avantages en nature,IBM MADA,Exploitation,54640.06,0.0,54640.06,1,20230612,2023,6
PCE-000800,2024-05-27,DEPT-005,Fournitures & Consommables,Consommables informatique,TOTAL MADA,Exploitation,445.66,89.13,534.79,1,20240527,2024,5
PCE-000801,2023-06-23,DEPT-004,Sous-traitance,Prestations ponctuelles,SECURITE MADA,Exploitation,13205.81,2641.16,15846.97,1,20230623,2023,6
PCE-000802,2024-03-30,DEPT-008,Informatique & Licences,Matériel informatique,MICROSOFT MADA,Exploitation,3231.64,646.33,3877.97,0,20240330,2024,3
PCE-000803,2024-03-09,DEPT-006,Informatique & Licences,Matériel informatique,ORACLE,Exploitation,9076.36,1815.27,10891.63,0,20240309,2024,3
PCE-000804,2025-01-07,DEPT-008,Loyer & Charges locatives,Loyer bureaux,HOTEL COLBERT,Exploitation,7310.44,0.0,7310.44,1,20250107,2025,1
PCE-000805,2024-05-31,DEPT-001,Déplacements & Missions,Transport,ORANGE PRO,Exploitation,1213.91,242.78,1456.69,1,20240531,2024,5
PCE-000806,2025-12-03,DEPT-005,Formation & Développement,Formations externes,IT SOLUTIONS,Exploitation,2864.93,572.99,3437.92,1,20251203,2025,12
PCE-000807,2025-12-13,DEPT-006,Informatique & Licences,Maintenance SI,IBM MADA,Exploitation,4980.67,996.13,5976.8,0,20251213,2025,12
PCE-000808,2024-04-16,DEPT-008,Fournitures & Consommables,Documentation,NETTOYAGE SERVICE,Exploitation,915.41,183.08,1098.49,1,20240416,2024,4
PCE-000809,2024-09-01,DEPT-008,Fournitures & Consommables,Consommables informatique,BAILLEUR IMMO,Exploitation,346.88,69.38,416.26,1,20240901,2024,9
PCE-000810,2024-05-20,DEPT-002,Formation & Développement,Certifications,HOTEL COLBERT,Exploitation,2158.28,431.66,2589.94,1,20240520,2024,5
PCE-000811,2025-08-30,DEPT-002,Sous-traitance,Prestations ponctuelles,CONSULTANTS SA,Exploitation,2063.58,412.72,2476.3,1,20250830,2025,8
PCE-000812,2025-12-13,DEPT-008,Loyer & Charges locatives,Loyer bureaux,IT SOLUTIONS,Exploitation,4042.0,0.0,4042.0,1,20251213,2025,12
PCE-000813,2024-09-27,DEPT-008,Informatique & Licences,Cloud & hébergement,AGENCE VOYAGE,Exploitation,6405.88,1281.18,7687.06,0,20240927,2024,9
PCE-000814,2025-06-30,DEPT-005,Formation & Développement,Abonnements professionnels,SECURITE MADA,Exploitation,3401.8,680.36,4082.16,1,20250630,2025,6
PCE-000815,2025-11-24,DEPT-008,Fournitures & Consommables,Documentation,IT SOLUTIONS,Exploitation,1202.35,240.47,1442.82,1,20251124,2025,11
PCE-000816,2024-04-05,DEPT-005,Salaires & Charges sociales,Avantages en nature,BAILLEUR IMMO,Exploitation,70229.62,0.0,70229.62,1,20240405,2024,4
PCE-000817,2023-10-04,DEPT-003,Sous-traitance,Prestations ponctuelles,HOTEL COLBERT,Exploitation,14381.0,2876.2,17257.2,1,20231004,2023,10
PCE-000818,2024-04-15,DEPT-008,Loyer & Charges locatives,Loyer bureaux,CONSULTANTS SA,Exploitation,7717.13,0.0,7717.13,1,20240415,2024,4
PCE-000819,2025-08-01,DEPT-008,Informatique & Licences,Matériel informatique,AGENCE VOYAGE,Exploitation,3599.58,719.92,4319.5,1,20250801,2025,8
PCE-000820,2024-02-07,DEPT-001,Formation & Développement,Certifications,ORACLE,Exploitation,2773.32,554.66,3327.98,0,20240207,2024,2
PCE-000821,2025-10-07,DEPT-004,Sous-traitance,Prestations ponctuelles,FORMATION PLUS,Exploitation,13900.36,2780.07,16680.43,1,20251007,2025,10
PCE-000822,2023-11-11,DEPT-005,Formation & Développement,Formations externes,FOURNITURES PRO,Exploitation,4145.41,829.08,4974.49,0,20231111,2023,11
PCE-000823,2023-09-10,DEPT-002,Formation & Développement,Certifications,MICROSOFT MADA,Exploitation,604.59,120.92,725.51,1,20230910,2023,9
PCE-000824,2025-04-15,DEPT-008,Fournitures & Consommables,Fournitures de bureau,BAILLEUR IMMO,Exploitation,1034.93,206.99,1241.92,1,20250415,2025,4
PCE-000825,2024-10-21,DEPT-002,Salaires & Charges sociales,Charges patronales,NETTOYAGE SERVICE,Exploitation,41633.2,0.0,41633.2,1,20241021,2024,10
PCE-000826,2023-03-29,DEPT-005,Fournitures & Consommables,Documentation,TRANSPORT EXPRESS,Exploitation,891.09,178.22,1069.31,1,20230329,2023,3
PCE-000827,2023-01-29,DEPT-003,Sous-traitance,Prestations ponctuelles,BAILLEUR IMMO,Exploitation,13612.2,2722.44,16334.64,1,20230129,2023,1
PCE-000828,2025-09-17,DEPT-005,Fournitures & Consommables,Consommables informatique,NETTOYAGE SERVICE,Exploitation,1360.3,272.06,1632.36,1,20250917,2025,9
PCE-000829,2024-08-23,DEPT-002,Formation & Développement,Certifications,AGENCE VOYAGE,Exploitation,4444.57,888.91,5333.48,1,20240823,2024,8
PCE-000830,2023-09-21,DEPT-006,Informatique & Licences,Licences logiciels,BAILLEUR IMMO,Exploitation,9477.77,1895.55,11373.32,1,20230921,2023,9
PCE-000831,2025-07-24,DEPT-006,Salaires & Charges sociales,Salaires bruts,MICROSOFT MADA,Exploitation,14322.32,0.0,14322.32,1,20250724,2025,7
PCE-000832,2024-03-20,DEPT-005,Formation & Développement,Certifications,IBM MADA,Exploitation,4390.9,878.18,5269.08,1,20240320,2024,3
PCE-000833,2025-08-06,DEPT-007,Déplacements & Missions,Hôtel & restauration,HOTEL COLBERT,Exploitation,1244.79,248.96,1493.75,1,20250806,2025,8
PCE-000834,2024-05-28,DEPT-008,Loyer & Charges locatives,Charges communes,SECURITE MADA,Exploitation,7419.2,0.0,7419.2,1,20240528,2024,5
PCE-000835,2024-11-16,DEPT-001,Sous-traitance,Expertise externe,FORMATION PLUS,Exploitation,11108.62,2221.72,13330.34,1,20241116,2024,11
PCE-000836,2023-01-19,DEPT-008,Salaires & Charges sociales,Avantages en nature,ORANGE PRO,Exploitation,27466.74,0.0,27466.74,1,20230119,2023,1
PCE-000837,2023-01-03,DEPT-006,Informatique & Licences,Licences logiciels,SECURITE MADA,Exploitation,7319.53,1463.91,8783.44,1,20230103,2023,1
PCE-000838,2023-06-24,DEPT-001,Déplacements & Missions,Hôtel & restauration,NETTOYAGE SERVICE,Exploitation,2833.04,566.61,3399.65,0,20230624,2023,6
PCE-000839,2025-03-18,DEPT-008,Informatique & Licences,Maintenance SI,NETTOYAGE SERVICE,Exploitation,6199.03,1239.81,7438.84,1,20250318,2025,3
PCE-000840,2024-07-13,DEPT-002,Formation & Développement,Formations externes,HOTEL COLBERT,Exploitation,2635.55,527.11,3162.66,0,20240713,2024,7
PCE-000841,2023-12-15,DEPT-007,Salaires & Charges sociales,Charges patronales,FOURNITURES PRO,Exploitation,26737.32,0.0,26737.32,1,20231215,2023,12
PCE-000842,2024-05-16,DEPT-005,Formation & Développement,Formations externes,BAILLEUR IMMO,Exploitation,4021.85,804.37,4826.22,1,20240516,2024,5
PCE-000843,2024-02-08,DEPT-003,Sous-traitance,Prestations ponctuelles,MICROSOFT MADA,Exploitation,8350.29,1670.06,10020.35,0,20240208,2024,2
PCE-000844,2024-10-29,DEPT-008,Informatique & Licences,Maintenance SI,IBM MADA,Exploitation,8214.27,1642.85,9857.12,1,20241029,2024,10
PCE-000845,2023-01-22,DEPT-006,Informatique & Licences,Licences logiciels,FORMATION PLUS,Exploitation,7380.96,1476.19,8857.15,1,20230122,2023,1
PCE-000846,2023-12-27,DEPT-003,Déplacements & Missions,Hôtel & restauration,NETTOYAGE SERVICE,Exploitation,1663.26,332.65,1995.91,1,20231227,2023,12
PCE-000847,2024-07-02,DEPT-001,Déplacements & Missions,Transport,FORMATION PLUS,Exploitation,2852.4,570.48,3422.88,1,20240702,2024,7
PCE-000848,2023-06-30,DEPT-002,Déplacements & Missions,Carburant,AGENCE VOYAGE,Exploitation,928.86,185.77,1114.63,1,20230630,2023,6
PCE-000849,2024-04-29,DEPT-005,Formation & Développement,Certifications,BAILLEUR IMMO,Exploitation,982.93,196.59,1179.52,1,20240429,2024,4
PCE-000850,2024-09-02,DEPT-001,Déplacements & Missions,Carburant,BAILLEUR IMMO,Exploitation,915.87,183.17,1099.04,1,20240902,2024,9
PCE-000851,2024-11-20,DEPT-004,Salaires & Charges sociales,Salaires bruts,TOTAL MADA,Exploitation,34493.65,0.0,34493.65,0,20241120,2024,11
PCE-000852,2025-03-17,DEPT-005,Formation & Développement,Formations externes,BAILLEUR IMMO,Exploitation,1403.83,280.77,1684.6,1,20250317,2025,3
PCE-000853,2023-06-08,DEPT-002,Formation & Développement,Certifications,NETTOYAGE SERVICE,Exploitation,2249.78,449.96,2699.74,1,20230608,2023,6
PCE-000854,2023-04-24,DEPT-002,Formation & Développement,Formations externes,ORANGE PRO,Exploitation,4419.93,883.99,5303.92,0,20230424,2023,4
PCE-000855,2025-01-15,DEPT-008,Loyer & Charges locatives,Assurance locaux,TRANSPORT EXPRESS,Exploitation,6590.89,0.0,6590.89,1,20250115,2025,1
PCE-000856,2024-05-19,DEPT-002,Déplacements & Missions,Hôtel & restauration,IT SOLUTIONS,Exploitation,1892.19,378.44,2270.63,1,20240519,2024,5
PCE-000857,2023-12-01,DEPT-002,Formation & Développement,Abonnements professionnels,FOURNITURES PRO,Exploitation,3944.4,788.88,4733.28,1,20231201,2023,12
PCE-000858,2025-06-21,DEPT-003,Déplacements & Missions,Hôtel & restauration,ORACLE,Exploitation,1490.27,298.05,1788.32,1,20250621,2025,6
PCE-000859,2023-03-17,DEPT-008,Fournitures & Consommables,Documentation,SECURITE MADA,Exploitation,763.88,152.78,916.66,0,20230317,2023,3
PCE-000860,2023-07-16,DEPT-005,Fournitures & Consommables,Consommables informatique,TOTAL MADA,Exploitation,555.92,111.18,667.1,1,20230716,2023,7
PCE-000861,2023-09-18,DEPT-002,Salaires & Charges sociales,Salaires bruts,MICROSOFT MADA,Exploitation,48041.04,0.0,48041.04,1,20230918,2023,9
PCE-000862,2025-11-09,DEPT-003,Déplacements & Missions,Hôtel & restauration,TOTAL MADA,Exploitation,1801.4,360.28,2161.68,1,20251109,2025,11
PCE-000863,2023-05-12,DEPT-008,Loyer & Charges locatives,Loyer bureaux,BAILLEUR IMMO,Exploitation,3498.28,0.0,3498.28,1,20230512,2023,5
PCE-000864,2025-09-14,DEPT-001,Déplacements & Missions,Carburant,ORACLE,Exploitation,434.06,86.81,520.87,1,20250914,2025,9
PCE-000865,2025-02-05,DEPT-008,Loyer & Charges locatives,Loyer bureaux,HOTEL COLBERT,Exploitation,2378.75,0.0,2378.75,1,20250205,2025,2
PCE-000866,2025-01-16,DEPT-002,Déplacements & Missions,Transport,TRANSPORT EXPRESS,Exploitation,1140.79,228.16,1368.95,1,20250116,2025,1
PCE-000867,2025-01-10,DEPT-008,Informatique & Licences,Maintenance SI,FORMATION PLUS,Exploitation,13302.19,2660.44,15962.63,1,20250110,2025,1
PCE-000868,2025-06-14,DEPT-003,Salaires & Charges sociales,Salaires bruts,FOURNITURES PRO,Exploitation,19621.95,0.0,19621.95,1,20250614,2025,6
PCE-000869,2023-12-30,DEPT-002,Sous-traitance,Consultants,MICROSOFT MADA,Exploitation,12558.7,2511.74,15070.44,1,20231230,2023,12
PCE-000870,2025-06-17,DEPT-008,Fournitures & Consommables,Documentation,IT SOLUTIONS,Exploitation,838.02,167.6,1005.62,1,20250617,2025,6
PCE-000871,2024-12-19,DEPT-008,Loyer & Charges locatives,Charges communes,HOTEL COLBERT,Exploitation,6816.98,0.0,6816.98,1,20241219,2024,12
PCE-000872,2025-04-20,DEPT-008,Loyer & Charges locatives,Charges communes,AGENCE VOYAGE,Exploitation,5157.49,0.0,5157.49,1,20250420,2025,4
PCE-000873,2025-01-07,DEPT-006,Informatique & Licences,Matériel informatique,ORANGE PRO,Exploitation,5153.9,1030.78,6184.68,1,20250107,2025,1
PCE-000874,2023-01-21,DEPT-003,Sous-traitance,Prestations ponctuelles,FORMATION PLUS,Exploitation,18542.72,3708.54,22251.26,1,20230121,2023,1
PCE-000875,2025-12-13,DEPT-008,Salaires & Charges sociales,Charges patronales,AGENCE VOYAGE,Exploitation,45974.82,0.0,45974.82,1,20251213,2025,12
PCE-000876,2024-09-27,DEPT-005,Formation & Développement,Abonnements professionnels,FORMATION PLUS,Exploitation,4184.71,836.94,5021.65,0,20240927,2024,9
PCE-000877,2023-08-16,DEPT-006,Informatique & Licences,Licences logiciels,TOTAL MADA,Exploitation,9932.4,1986.48,11918.88,1,20230816,2023,8
PCE-000878,2025-05-11,DEPT-008,Fournitures & Consommables,Consommables informatique,HOTEL COLBERT,Exploitation,781.07,156.21,937.28,1,20250511,2025,5
PCE-000879,2023-06-12,DEPT-007,Déplacements & Missions,Hôtel & restauration,IBM MADA,Exploitation,1847.16,369.43,2216.59,1,20230612,2023,6
PCE-000880,2025-02-25,DEPT-003,Sous-traitance,Expertise externe,IT SOLUTIONS,Exploitation,15930.31,3186.06,19116.37,1,20250225,2025,2
PCE-000881,2024-04-24,DEPT-008,Loyer & Charges locatives,Assurance locaux,CONSULTANTS SA,Exploitation,3802.09,0.0,3802.09,1,20240424,2024,4
PCE-000882,2024-04-13,DEPT-002,Déplacements & Missions,Transport,SECURITE MADA,Exploitation,756.17,151.23,907.4,1,20240413,2024,4
PCE-000883,2025-05-31,DEPT-001,Sous-traitance,Prestations ponctuelles,IT SOLUTIONS,Exploitation,18477.67,3695.53,22173.2,1,20250531,2025,5
PCE-000884,2024-12-07,DEPT-005,Salaires & Charges sociales,Salaires bruts,FOURNITURES PRO,Exploitation,5038.89,0.0,5038.89,1,20241207,2024,12
PCE-000885,2025-10-18,DEPT-005,Formation & Développement,Certifications,MICROSOFT MADA,Exploitation,1601.93,320.39,1922.32,0,20251018,2025,10
PCE-000886,2024-08-16,DEPT-001,Salaires & Charges sociales,Charges patronales,HOTEL COLBERT,Exploitation,5650.49,0.0,5650.49,1,20240816,2024,8
PCE-000887,2025-05-03,DEPT-008,Loyer & Charges locatives,Loyer bureaux,CONSULTANTS SA,Exploitation,2158.52,0.0,2158.52,1,20250503,2025,5
PCE-000888,2024-07-06,DEPT-008,Salaires & Charges sociales,Salaires bruts,AGENCE VOYAGE,Exploitation,31655.21,0.0,31655.21,1,20240706,2024,7
PCE-000889,2023-02-02,DEPT-003,Déplacements & Missions,Carburant,ORANGE PRO,Exploitation,1801.99,360.4,2162.39,0,20230202,2023,2
PCE-000890,2023-07-10,DEPT-005,Fournitures & Consommables,Consommables informatique,AGENCE VOYAGE,Exploitation,714.72,142.94,857.66,1,20230710,2023,7
PCE-000891,2024-02-24,DEPT-008,Informatique & Licences,Maintenance SI,SECURITE MADA,Exploitation,9402.97,1880.59,11283.56,1,20240224,2024,2
PCE-000892,2025-11-02,DEPT-008,Informatique & Licences,Cloud & hébergement,HOTEL COLBERT,Exploitation,11338.87,2267.77,13606.64,1,20251102,2025,11
PCE-000893,2024-05-16,DEPT-005,Salaires & Charges sociales,Charges patronales,ORACLE,Exploitation,13492.36,0.0,13492.36,1,20240516,2024,5
PCE-000894,2025-03-10,DEPT-003,Sous-traitance,Expertise externe,BAILLEUR IMMO,Exploitation,2225.88,445.18,2671.06,1,20250310,2025,3
PCE-000895,2024-05-28,DEPT-002,Déplacements & Missions,Hôtel & restauration,FORMATION PLUS,Exploitation,1536.92,307.38,1844.3,1,20240528,2024,5
PCE-000896,2023-06-12,DEPT-008,Loyer & Charges locatives,Charges communes,BAILLEUR IMMO,Exploitation,2849.62,0.0,2849.62,1,20230612,2023,6
PCE-000897,2023-05-29,DEPT-001,Déplacements & Missions,Carburant,SECURITE MADA,Exploitation,2399.26,479.85,2879.11,0,20230529,2023,5
PCE-000898,2025-11-29,DEPT-005,Fournitures & Consommables,Fournitures de bureau,TRANSPORT EXPRESS,Exploitation,756.7,151.34,908.04,1,20251129,2025,11
PCE-000899,2023-03-24,DEPT-008,Loyer & Charges locatives,Charges communes,CONSULTANTS SA,Exploitation,5835.5,0.0,5835.5,1,20230324,2023,3
PCE-000900,2024-10-16,DEPT-008,Salaires & Charges sociales,Salaires bruts,AGENCE VOYAGE,Exploitation,26498.94,0.0,26498.94,1,20241016,2024,10
PCE-000901,2025-01-16,DEPT-006,Informatique & Licences,Matériel informatique,ORACLE,Exploitation,4623.55,924.71,5548.26,1,20250116,2025,1
PCE-000902,2024-01-14,DEPT-008,Informatique & Licences,Licences logiciels,MICROSOFT MADA,Exploitation,4711.52,942.3,5653.82,1,20240114,2024,1
PCE-000903,2024-04-24,DEPT-008,Loyer & Charges locatives,Charges communes,BAILLEUR IMMO,Exploitation,3481.78,0.0,3481.78,1,20240424,2024,4
PCE-000904,2024-02-19,DEPT-008,Loyer & Charges locatives,Assurance locaux,HOTEL COLBERT,Exploitation,4231.16,0.0,4231.16,1,20240219,2024,2
PCE-000905,2023-02-11,DEPT-006,Informatique & Licences,Matériel informatique,TRANSPORT EXPRESS,Exploitation,8769.66,1753.93,10523.59,0,20230211,2023,2
PCE-000906,2023-09-03,DEPT-002,Formation & Développement,Certifications,FOURNITURES PRO,Exploitation,3174.85,634.97,3809.82,0,20230903,2023,9
PCE-000907,2024-10-28,DEPT-002,Déplacements & Missions,Carburant,SECURITE MADA,Exploitation,1972.1,394.42,2366.52,1,20241028,2024,10
PCE-000908,2024-01-25,DEPT-002,Déplacements & Missions,Transport,CONSULTANTS SA,Exploitation,1502.19,300.44,1802.63,0,20240125,2024,1
PCE-000909,2025-07-22,DEPT-002,Déplacements & Missions,Hôtel & restauration,NETTOYAGE SERVICE,Exploitation,814.58,162.92,977.5,1,20250722,2025,7
PCE-000910,2025-04-23,DEPT-007,Déplacements & Missions,Carburant,SECURITE MADA,Exploitation,276.23,55.25,331.48,1,20250423,2025,4
PCE-000911,2024-11-17,DEPT-006,Informatique & Licences,Cloud & hébergement,ORACLE,Exploitation,14653.19,2930.64,17583.83,1,20241117,2024,11
PCE-000912,2023-04-05,DEPT-008,Informatique & Licences,Matériel informatique,CONSULTANTS SA,Exploitation,6933.51,1386.7,8320.21,1,20230405,2023,4
PCE-000913,2023-02-25,DEPT-001,Formation & Développement,Abonnements professionnels,IBM MADA,Exploitation,3588.21,717.64,4305.85,1,20230225,2023,2
PCE-000914,2024-01-08,DEPT-001,Formation & Développement,Formations externes,HOTEL COLBERT,Exploitation,3603.81,720.76,4324.57,1,20240108,2024,1
PCE-000915,2023-11-21,DEPT-005,Fournitures & Consommables,Consommables informatique,CONSULTANTS SA,Exploitation,583.88,116.78,700.66,1,20231121,2023,11
PCE-000916,2023-06-10,DEPT-006,Informatique & Licences,Licences logiciels,HOTEL COLBERT,Exploitation,11198.62,2239.72,13438.34,1,20230610,2023,6
PCE-000917,2024-10-16,DEPT-007,Déplacements & Missions,Transport,ORACLE,Exploitation,769.23,153.85,923.08,1,20241016,2024,10
PCE-000918,2024-10-08,DEPT-004,Sous-traitance,Prestations ponctuelles,TOTAL MADA,Exploitation,11518.7,2303.74,13822.44,0,20241008,2024,10
PCE-000919,2025-10-22,DEPT-008,Fournitures & Consommables,Fournitures de bureau,TRANSPORT EXPRESS,Exploitation,525.82,105.16,630.98,1,20251022,2025,10
PCE-000920,2023-01-05,DEPT-008,Fournitures & Consommables,Documentation,FORMATION PLUS,Exploitation,610.39,122.08,732.47,1,20230105,2023,1
PCE-000921,2023-10-18,DEPT-003,Déplacements & Missions,Transport,SECURITE MADA,Exploitation,1424.66,284.93,1709.59,1,20231018,2023,10
PCE-000922,2023-02-19,DEPT-001,Déplacements & Missions,Hôtel & restauration,CONSULTANTS SA,Exploitation,1177.76,235.55,1413.31,0,20230219,2023,2
PCE-000923,2025-07-07,DEPT-001,Déplacements & Missions,Hôtel & restauration,AGENCE VOYAGE,Exploitation,708.68,141.74,850.42,0,20250707,2025,7
PCE-000924,2024-05-11,DEPT-005,Fournitures & Consommables,Consommables informatique,NETTOYAGE SERVICE,Exploitation,873.91,174.78,1048.69,1,20240511,2024,5
PCE-000925,2024-11-14,DEPT-005,Fournitures & Consommables,Fournitures de bureau,ORACLE,Exploitation,414.15,82.83,496.98,1,20241114,2024,11
PCE-000926,2023-12-16,DEPT-005,Formation & Développement,Certifications,IBM MADA,Exploitation,1895.81,379.16,2274.97,1,20231216,2023,12
PCE-000927,2025-05-22,DEPT-006,Salaires & Charges sociales,Avantages en nature,IBM MADA,Exploitation,56636.74,0.0,56636.74,1,20250522,2025,5
PCE-000928,2025-04-15,DEPT-004,Salaires & Charges sociales,Charges patronales,SECURITE MADA,Exploitation,46945.05,0.0,46945.05,1,20250415,2025,4
PCE-000929,2025-11-22,DEPT-002,Sous-traitance,Expertise externe,FOURNITURES PRO,Exploitation,18648.43,3729.69,22378.12,1,20251122,2025,11
PCE-000930,2025-05-21,DEPT-007,Déplacements & Missions,Hôtel & restauration,HOTEL COLBERT,Exploitation,1140.72,228.14,1368.86,1,20250521,2025,5
PCE-000931,2024-12-17,DEPT-006,Informatique & Licences,Cloud & hébergement,ORACLE,Exploitation,8679.77,1735.95,10415.72,1,20241217,2024,12
PCE-000932,2023-01-07,DEPT-008,Salaires & Charges sociales,Charges patronales,IT SOLUTIONS,Exploitation,28883.86,0.0,28883.86,1,20230107,2023,1
PCE-000933,2023-09-25,DEPT-005,Formation & Développement,Formations externes,BAILLEUR IMMO,Exploitation,2092.06,418.41,2510.47,1,20230925,2023,9
PCE-000934,2025-12-27,DEPT-002,Formation & Développement,Formations externes,TOTAL MADA,Exploitation,3429.44,685.89,4115.33,1,20251227,2025,12
PCE-000935,2024-10-17,DEPT-005,Formation & Développement,Formations externes,BAILLEUR IMMO,Exploitation,4126.66,825.33,4951.99,1,20241017,2024,10
PCE-000936,2025-10-28,DEPT-007,Déplacements & Missions,Carburant,MICROSOFT MADA,Exploitation,1017.49,203.5,1220.99,1,20251028,2025,10
PCE-000937,2025-12-14,DEPT-002,Salaires & Charges sociales,Salaires bruts,SECURITE MADA,Exploitation,6596.01,0.0,6596.01,1,20251214,2025,12
PCE-000938,2023-06-25,DEPT-008,Informatique & Licences,Matériel informatique,ORANGE PRO,Exploitation,5862.8,1172.56,7035.36,1,20230625,2023,6
PCE-000939,2025-02-15,DEPT-007,Déplacements & Missions,Carburant,NETTOYAGE SERVICE,Exploitation,238.58,47.72,286.3,1,20250215,2025,2
PCE-000940,2023-06-26,DEPT-007,Salaires & Charges sociales,Charges patronales,ORANGE PRO,Exploitation,30745.73,0.0,30745.73,1,20230626,2023,6
PCE-000941,2024-08-05,DEPT-008,Loyer & Charges locatives,Loyer bureaux,TOTAL MADA,Exploitation,2099.88,0.0,2099.88,1,20240805,2024,8
PCE-000942,2024-09-30,DEPT-003,Salaires & Charges sociales,Salaires bruts,FORMATION PLUS,Exploitation,30178.64,0.0,30178.64,1,20240930,2024,9
PCE-000943,2023-02-17,DEPT-001,Déplacements & Missions,Carburant,AGENCE VOYAGE,Exploitation,1337.19,267.44,1604.63,0,20230217,2023,2
PCE-000944,2024-09-22,DEPT-008,Informatique & Licences,Licences logiciels,IT SOLUTIONS,Exploitation,9545.32,1909.06,11454.38,1,20240922,2024,9
PCE-000945,2024-04-06,DEPT-002,Formation & Développement,Formations externes,AGENCE VOYAGE,Exploitation,4048.3,809.66,4857.96,1,20240406,2024,4
PCE-000946,2025-09-24,DEPT-008,Informatique & Licences,Cloud & hébergement,SECURITE MADA,Exploitation,2531.52,506.3,3037.82,1,20250924,2025,9
PCE-000947,2023-07-19,DEPT-005,Fournitures & Consommables,Fournitures de bureau,BAILLEUR IMMO,Exploitation,778.32,155.66,933.98,1,20230719,2023,7
PCE-000948,2024-08-30,DEPT-005,Salaires & Charges sociales,Charges patronales,FORMATION PLUS,Exploitation,70338.35,0.0,70338.35,1,20240830,2024,8
PCE-000949,2025-04-13,DEPT-002,Formation & Développement,Formations externes,SECURITE MADA,Exploitation,2306.2,461.24,2767.44,1,20250413,2025,4
PCE-000950,2023-03-13,DEPT-001,Salaires & Charges sociales,Charges patronales,TRANSPORT EXPRESS,Exploitation,24488.74,0.0,24488.74,1,20230313,2023,3
PCE-000951,2025-05-04,DEPT-003,Sous-traitance,Expertise externe,ORACLE,Exploitation,10420.49,2084.1,12504.59,1,20250504,2025,5
PCE-000952,2025-02-10,DEPT-008,Salaires & Charges sociales,Salaires bruts,ORANGE PRO,Exploitation,13211.71,0.0,13211.71,1,20250210,2025,2
PCE-000953,2023-01-29,DEPT-001,Déplacements & Missions,Hôtel & restauration,AGENCE VOYAGE,Exploitation,2866.74,573.35,3440.09,1,20230129,2023,1
PCE-000954,2023-07-30,DEPT-008,Fournitures & Consommables,Consommables informatique,CONSULTANTS SA,Exploitation,412.03,82.41,494.44,1,20230730,2023,7
PCE-000955,2024-01-05,DEPT-002,Salaires & Charges sociales,Charges patronales,ORACLE,Exploitation,46213.69,0.0,46213.69,1,20240105,2024,1
PCE-000956,2024-06-18,DEPT-006,Informatique & Licences,Cloud & hébergement,HOTEL COLBERT,Exploitation,13948.46,2789.69,16738.15,1,20240618,2024,6
PCE-000957,2023-08-17,DEPT-008,Loyer & Charges locatives,Loyer bureaux,MICROSOFT MADA,Exploitation,2928.73,0.0,2928.73,1,20230817,2023,8
PCE-000958,2025-04-04,DEPT-002,Déplacements & Missions,Transport,SECURITE MADA,Exploitation,1861.81,372.36,2234.17,1,20250404,2025,4
PCE-000959,2024-12-27,DEPT-003,Sous-traitance,Consultants,ORACLE,Exploitation,18629.75,3725.95,22355.7,0,20241227,2024,12
PCE-000960,2023-03-18,DEPT-008,Informatique & Licences,Licences logiciels,HOTEL COLBERT,Exploitation,8552.91,1710.58,10263.49,1,20230318,2023,3
PCE-000961,2024-03-27,DEPT-008,Loyer & Charges locatives,Loyer bureaux,IT SOLUTIONS,Exploitation,2537.31,0.0,2537.31,1,20240327,2024,3
PCE-000962,2023-03-17,DEPT-001,Déplacements & Missions,Hôtel & restauration,NETTOYAGE SERVICE,Exploitation,2702.66,540.53,3243.19,1,20230317,2023,3
PCE-000963,2024-06-01,DEPT-003,Sous-traitance,Expertise externe,NETTOYAGE SERVICE,Exploitation,9508.15,1901.63,11409.78,0,20240601,2024,6
PCE-000964,2024-06-21,DEPT-008,Informatique & Licences,Cloud & hébergement,ORACLE,Exploitation,11607.89,2321.58,13929.47,1,20240621,2024,6
PCE-000965,2025-10-21,DEPT-008,Informatique & Licences,Cloud & hébergement,TRANSPORT EXPRESS,Exploitation,11227.92,2245.58,13473.5,1,20251021,2025,10
PCE-000966,2024-06-10,DEPT-006,Informatique & Licences,Matériel informatique,IT SOLUTIONS,Exploitation,1751.51,350.3,2101.81,1,20240610,2024,6
PCE-000967,2025-08-06,DEPT-002,Formation & Développement,Certifications,NETTOYAGE SERVICE,Exploitation,3009.67,601.93,3611.6,1,20250806,2025,8
PCE-000968,2023-10-04,DEPT-002,Déplacements & Missions,Hôtel & restauration,IBM MADA,Exploitation,258.57,51.71,310.28,1,20231004,2023,10
PCE-000969,2025-03-14,DEPT-008,Fournitures & Consommables,Fournitures de bureau,NETTOYAGE SERVICE,Exploitation,1403.27,280.65,1683.92,1,20250314,2025,3
PCE-000970,2025-05-03,DEPT-003,Déplacements & Missions,Carburant,FORMATION PLUS,Exploitation,206.81,41.36,248.17,0,20250503,2025,5
PCE-000971,2024-09-28,DEPT-005,Salaires & Charges sociales,Salaires bruts,SECURITE MADA,Exploitation,37741.87,0.0,37741.87,1,20240928,2024,9
PCE-000972,2025-06-10,DEPT-008,Loyer & Charges locatives,Charges communes,MICROSOFT MADA,Exploitation,6162.75,0.0,6162.75,1,20250610,2025,6
PCE-000973,2024-12-24,DEPT-006,Informatique & Licences,Matériel informatique,NETTOYAGE SERVICE,Exploitation,5451.56,1090.31,6541.87,1,20241224,2024,12
PCE-000974,2023-11-09,DEPT-003,Déplacements & Missions,Transport,NETTOYAGE SERVICE,Exploitation,2527.14,505.43,3032.57,1,20231109,2023,11
PCE-000975,2025-01-07,DEPT-002,Formation & Développement,Abonnements professionnels,BAILLEUR IMMO,Exploitation,2051.05,410.21,2461.26,0,20250107,2025,1
PCE-000976,2023-09-29,DEPT-006,Informatique & Licences,Maintenance SI,BAILLEUR IMMO,Exploitation,13125.63,2625.13,15750.76,1,20230929,2023,9
PCE-000977,2025-01-23,DEPT-001,Salaires & Charges sociales,Avantages en nature,IT SOLUTIONS,Exploitation,35147.23,0.0,35147.23,1,20250123,2025,1
PCE-000978,2025-12-12,DEPT-008,Informatique & Licences,Matériel informatique,HOTEL COLBERT,Exploitation,13878.58,2775.72,16654.3,1,20251212,2025,12
PCE-000979,2023-11-06,DEPT-001,Salaires & Charges sociales,Avantages en nature,FORMATION PLUS,Exploitation,34346.87,0.0,34346.87,1,20231106,2023,11
PCE-000980,2024-03-09,DEPT-008,Loyer & Charges locatives,Loyer bureaux,AGENCE VOYAGE,Exploitation,4932.28,0.0,4932.28,1,20240309,2024,3
PCE-000981,2023-11-21,DEPT-007,Déplacements & Missions,Transport,HOTEL COLBERT,Exploitation,1463.65,292.73,1756.38,1,20231121,2023,11
PCE-000982,2025-05-29,DEPT-003,Déplacements & Missions,Carburant,SECURITE MADA,Exploitation,1429.11,285.82,1714.93,1,20250529,2025,5
PCE-000983,2023-09-11,DEPT-008,Fournitures & Consommables,Documentation,HOTEL COLBERT,Exploitation,912.89,182.58,1095.47,1,20230911,2023,9
PCE-000984,2025-07-26,DEPT-005,Formation & Développement,Abonnements professionnels,ORACLE,Exploitation,3886.53,777.31,4663.84,1,20250726,2025,7
PCE-000985,2024-02-02,DEPT-008,Informatique & Licences,Cloud & hébergement,FORMATION PLUS,Exploitation,11916.8,2383.36,14300.16,1,20240202,2024,2
PCE-000986,2023-11-18,DEPT-007,Déplacements & Missions,Hôtel & restauration,FOURNITURES PRO,Exploitation,2966.93,593.39,3560.32,0,20231118,2023,11
PCE-000987,2023-01-10,DEPT-008,Informatique & Licences,Maintenance SI,IT SOLUTIONS,Exploitation,13692.46,2738.49,16430.95,1,20230110,2023,1
PCE-000988,2025-10-23,DEPT-002,Déplacements & Missions,Transport,AGENCE VOYAGE,Exploitation,785.86,157.17,943.03,1,20251023,2025,10
PCE-000989,2024-02-27,DEPT-001,Salaires & Charges sociales,Charges patronales,IBM MADA,Exploitation,70572.15,0.0,70572.15,1,20240227,2024,2
PCE-000990,2023-03-26,DEPT-006,Informatique & Licences,Matériel informatique,IBM MADA,Exploitation,13769.52,2753.9,16523.42,1,20230326,2023,3
PCE-000991,2024-10-15,DEPT-002,Salaires & Charges sociales,Avantages en nature,TOTAL MADA,Exploitation,64661.66,0.0,64661.66,1,20241015,2024,10
PCE-000992,2025-03-26,DEPT-001,Salaires & Charges sociales,Salaires bruts,IBM MADA,Exploitation,35211.11,0.0,35211.11,1,20250326,2025,3
PCE-000993,2023-10-04,DEPT-002,Déplacements & Missions,Carburant,FOURNITURES PRO,Exploitation,1705.69,341.14,2046.83,0,20231004,2023,10
PCE-000994,2025-01-18,DEPT-003,Sous-traitance,Consultants,SECURITE MADA,Exploitation,19145.69,3829.14,22974.83,1,20250118,2025,1
PCE-000995,2024-05-08,DEPT-005,Formation & Développement,Certifications,HOTEL COLBERT,Exploitation,3035.16,607.03,3642.19,1,20240508,2024,5
PCE-000996,2024-06-16,DEPT-008,Loyer & Charges locatives,Loyer bureaux,FORMATION PLUS,Exploitation,6854.72,0.0,6854.72,1,20240616,2024,6
PCE-000997,2025-05-23,DEPT-002,Déplacements & Missions,Transport,TRANSPORT EXPRESS,Exploitation,234.47,46.89,281.36,1,20250523,2025,5
PCE-000998,2024-12-24,DEPT-002,Déplacements & Missions,Hôtel & restauration,IT SOLUTIONS,Exploitation,366.89,73.38,440.27,1,20241224,2024,12
PCE-000999,2023-12-24,DEPT-001,Formation & Développement,Abonnements professionnels,FORMATION PLUS,Exploitation,4143.83,828.77,4972.6,1,20231224,2023,12
PCE-001000,2023-09-27,DEPT-008,Fournitures & Consommables,Fournitures de bureau,FORMATION PLUS,Exploitation,302.45,60.49,362.94,0,20230927,2023,9
PCE-001001,2023-10-27,DEPT-001,Sous-traitance,Expertise externe,BAILLEUR IMMO,Exploitation,17507.68,3501.54,21009.22,0,20231027,2023,10
PCE-001002,2025-05-01,DEPT-005,Salaires & Charges sociales,Salaires bruts,ORANGE PRO,Exploitation,14402.95,0.0,14402.95,1,20250501,2025,5
PCE-001003,2025-09-10,DEPT-008,Informatique & Licences,Licences logiciels,AGENCE VOYAGE,Exploitation,12743.1,2548.62,15291.72,0,20250910,2025,9
PCE-001004,2025-12-08,DEPT-008,Loyer & Charges locatives,Assurance locaux,BAILLEUR IMMO,Exploitation,2385.77,0.0,2385.77,1,20251208,2025,12
PCE-001005,2025-05-15,DEPT-008,Loyer & Charges locatives,Loyer bureaux,FOURNITURES PRO,Exploitation,5185.85,0.0,5185.85,1,20250515,2025,5
PCE-001006,2025-05-07,DEPT-008,Loyer & Charges locatives,Loyer bureaux,ORACLE,Exploitation,5314.07,0.0,5314.07,1,20250507,2025,5
PCE-001007,2025-06-25,DEPT-004,Salaires & Charges sociales,Salaires bruts,FOURNITURES PRO,Exploitation,76536.36,0.0,76536.36,1,20250625,2025,6
PCE-001008,2025-07-17,DEPT-005,Formation & Développement,Abonnements professionnels,TOTAL MADA,Exploitation,872.41,174.48,1046.89,1,20250717,2025,7
PCE-001009,2023-01-21,DEPT-008,Loyer & Charges locatives,Loyer bureaux,BAILLEUR IMMO,Exploitation,5616.63,0.0,5616.63,1,20230121,2023,1
PCE-001010,2025-03-12,DEPT-004,Sous-traitance,Expertise externe,FORMATION PLUS,Exploitation,4364.57,872.91,5237.48,0,20250312,2025,3
PCE-001011,2024-08-05,DEPT-008,Loyer & Charges locatives,Assurance locaux,HOTEL COLBERT,Exploitation,4954.63,0.0,4954.63,1,20240805,2024,8
PCE-001012,2025-12-07,DEPT-005,Fournitures & Consommables,Fournitures de bureau,IBM MADA,Exploitation,1102.77,220.55,1323.32,1,20251207,2025,12
PCE-001013,2025-08-03,DEPT-008,Loyer & Charges locatives,Loyer bureaux,MICROSOFT MADA,Exploitation,3370.47,0.0,3370.47,1,20250803,2025,8
PCE-001014,2024-02-29,DEPT-005,Fournitures & Consommables,Consommables informatique,ORACLE,Exploitation,342.09,68.42,410.51,1,20240229,2024,2
PCE-001015,2023-08-18,DEPT-004,Salaires & Charges sociales,Avantages en nature,FORMATION PLUS,Exploitation,27253.63,0.0,27253.63,1,20230818,2023,8
PCE-001016,2024-08-28,DEPT-003,Sous-traitance,Expertise externe,FORMATION PLUS,Exploitation,10296.75,2059.35,12356.1,0,20240828,2024,8
PCE-001017,2025-11-02,DEPT-006,Salaires & Charges sociales,Avantages en nature,ORACLE,Exploitation,45275.38,0.0,45275.38,1,20251102,2025,11
PCE-001018,2023-04-17,DEPT-002,Déplacements & Missions,Carburant,ORACLE,Exploitation,360.81,72.16,432.97,0,20230417,2023,4
PCE-001019,2025-05-27,DEPT-002,Sous-traitance,Consultants,NETTOYAGE SERVICE,Exploitation,5117.02,1023.4,6140.42,1,20250527,2025,5
PCE-001020,2025-01-06,DEPT-006,Informatique & Licences,Cloud & hébergement,NETTOYAGE SERVICE,Exploitation,14682.01,2936.4,17618.41,1,20250106,2025,1
PCE-001021,2024-05-14,DEPT-006,Informatique & Licences,Maintenance SI,TRANSPORT EXPRESS,Exploitation,8325.11,1665.02,9990.13,1,20240514,2024,5
PCE-001022,2023-03-06,DEPT-002,Déplacements & Missions,Transport,HOTEL COLBERT,Exploitation,1927.8,385.56,2313.36,1,20230306,2023,3
PCE-001023,2023-10-24,DEPT-002,Sous-traitance,Consultants,CONSULTANTS SA,Exploitation,2804.81,560.96,3365.77,0,20231024,2023,10
PCE-001024,2025-10-21,DEPT-005,Formation & Développement,Formations externes,SECURITE MADA,Exploitation,510.64,102.13,612.77,1,20251021,2025,10
PCE-001025,2025-02-06,DEPT-003,Sous-traitance,Expertise externe,ORANGE PRO,Exploitation,13793.26,2758.65,16551.91,1,20250206,2025,2
PCE-001026,2023-06-20,DEPT-004,Salaires & Charges sociales,Salaires bruts,BAILLEUR IMMO,Exploitation,28428.68,0.0,28428.68,1,20230620,2023,6
PCE-001027,2023-01-15,DEPT-008,Loyer & Charges locatives,Charges communes,TOTAL MADA,Exploitation,7095.24,0.0,7095.24,1,20230115,2023,1
PCE-001028,2024-02-29,DEPT-001,Formation & Développement,Formations externes,SECURITE MADA,Exploitation,847.68,169.54,1017.22,1,20240229,2024,2
PCE-001029,2025-03-27,DEPT-001,Déplacements & Missions,Hôtel & restauration,ORANGE PRO,Exploitation,2546.06,509.21,3055.27,1,20250327,2025,3
PCE-001030,2023-04-18,DEPT-006,Informatique & Licences,Licences logiciels,TOTAL MADA,Exploitation,13610.02,2722.0,16332.02,0,20230418,2023,4
PCE-001031,2025-08-31,DEPT-005,Salaires & Charges sociales,Charges patronales,HOTEL COLBERT,Exploitation,11428.63,0.0,11428.63,1,20250831,2025,8
PCE-001032,2024-05-27,DEPT-002,Formation & Développement,Abonnements professionnels,FORMATION PLUS,Exploitation,707.91,141.58,849.49,0,20240527,2024,5
PCE-001033,2025-01-11,DEPT-005,Fournitures & Consommables,Fournitures de bureau,NETTOYAGE SERVICE,Exploitation,140.38,28.08,168.46,1,20250111,2025,1
PCE-001034,2024-11-12,DEPT-002,Sous-traitance,Prestations ponctuelles,BAILLEUR IMMO,Exploitation,8848.32,1769.66,10617.98,1,20241112,2024,11
PCE-001035,2025-05-04,DEPT-008,Loyer & Charges locatives,Loyer bureaux,HOTEL COLBERT,Exploitation,7986.47,0.0,7986.47,1,20250504,2025,5
PCE-001036,2025-06-04,DEPT-001,Sous-traitance,Expertise externe,FORMATION PLUS,Exploitation,5533.99,1106.8,6640.79,1,20250604,2025,6
PCE-001037,2023-11-04,DEPT-007,Salaires & Charges sociales,Charges patronales,ORANGE PRO,Exploitation,57839.49,0.0,57839.49,1,20231104,2023,11
PCE-001038,2025-03-23,DEPT-001,Salaires & Charges sociales,Salaires bruts,ORACLE,Exploitation,36065.99,0.0,36065.99,1,20250323,2025,3
PCE-001039,2023-12-10,DEPT-008,Fournitures & Consommables,Consommables informatique,HOTEL COLBERT,Exploitation,1453.61,290.72,1744.33,1,20231210,2023,12
PCE-001040,2023-06-16,DEPT-008,Informatique & Licences,Maintenance SI,ORANGE PRO,Exploitation,10132.24,2026.45,12158.69,1,20230616,2023,6
PCE-001041,2024-11-21,DEPT-007,Déplacements & Missions,Carburant,CONSULTANTS SA,Exploitation,736.6,147.32,883.92,1,20241121,2024,11
PCE-001042,2025-10-07,DEPT-008,Fournitures & Consommables,Fournitures de bureau,AGENCE VOYAGE,Exploitation,1071.74,214.35,1286.09,1,20251007,2025,10
PCE-001043,2024-10-08,DEPT-002,Salaires & Charges sociales,Charges patronales,NETTOYAGE SERVICE,Exploitation,44519.26,0.0,44519.26,1,20241008,2024,10
PCE-001044,2024-05-25,DEPT-001,Formation & Développement,Formations externes,ORANGE PRO,Exploitation,943.85,188.77,1132.62,0,20240525,2024,5
PCE-001045,2024-06-12,DEPT-003,Salaires & Charges sociales,Charges patronales,TRANSPORT EXPRESS,Exploitation,17186.15,0.0,17186.15,1,20240612,2024,6
PCE-001046,2025-10-22,DEPT-003,Sous-traitance,Consultants,HOTEL COLBERT,Exploitation,6923.32,1384.66,8307.98,1,20251022,2025,10
PCE-001047,2023-06-02,DEPT-008,Loyer & Charges locatives,Loyer bureaux,IT SOLUTIONS,Exploitation,7491.84,0.0,7491.84,1,20230602,2023,6
PCE-001048,2025-08-20,DEPT-001,Formation & Développement,Formations externes,CONSULTANTS SA,Exploitation,4530.66,906.13,5436.79,0,20250820,2025,8
PCE-001049,2025-04-19,DEPT-006,Salaires & Charges sociales,Avantages en nature,TOTAL MADA,Exploitation,35171.55,0.0,35171.55,1,20250419,2025,4
PCE-001050,2024-12-21,DEPT-005,Fournitures & Consommables,Consommables informatique,TOTAL MADA,Exploitation,765.82,153.16,918.98,1,20241221,2024,12
PCE-001051,2023-07-05,DEPT-002,Salaires & Charges sociales,Charges patronales,TOTAL MADA,Exploitation,74985.47,0.0,74985.47,1,20230705,2023,7
PCE-001052,2023-08-02,DEPT-001,Déplacements & Missions,Transport,FORMATION PLUS,Exploitation,777.63,155.53,933.16,0,20230802,2023,8
PCE-001053,2025-07-14,DEPT-008,Loyer & Charges locatives,Assurance locaux,FOURNITURES PRO,Exploitation,3279.3,0.0,3279.3,1,20250714,2025,7
PCE-001054,2023-06-29,DEPT-005,Formation & Développement,Certifications,HOTEL COLBERT,Exploitation,2547.85,509.57,3057.42,1,20230629,2023,6
PCE-001055,2025-02-18,DEPT-008,Fournitures & Consommables,Fournitures de bureau,TOTAL MADA,Exploitation,600.72,120.14,720.86,1,20250218,2025,2
PCE-001056,2023-05-11,DEPT-006,Salaires & Charges sociales,Charges patronales,NETTOYAGE SERVICE,Exploitation,54927.79,0.0,54927.79,1,20230511,2023,5
PCE-001057,2025-03-27,DEPT-008,Loyer & Charges locatives,Assurance locaux,NETTOYAGE SERVICE,Exploitation,6336.79,0.0,6336.79,1,20250327,2025,3
PCE-001058,2024-08-18,DEPT-008,Loyer & Charges locatives,Loyer bureaux,ORACLE,Exploitation,2450.72,0.0,2450.72,1,20240818,2024,8
PCE-001059,2023-12-20,DEPT-001,Sous-traitance,Expertise externe,ORACLE,Exploitation,6756.18,1351.24,8107.42,0,20231220,2023,12
PCE-001060,2024-10-11,DEPT-007,Déplacements & Missions,Transport,ORACLE,Exploitation,2657.42,531.48,3188.9,1,20241011,2024,10
PCE-001061,2025-12-17,DEPT-001,Sous-traitance,Prestations ponctuelles,AGENCE VOYAGE,Exploitation,3771.25,754.25,4525.5,1,20251217,2025,12
PCE-001062,2023-09-16,DEPT-008,Informatique & Licences,Cloud & hébergement,AGENCE VOYAGE,Exploitation,11263.98,2252.8,13516.78,1,20230916,2023,9
PCE-001063,2024-04-04,DEPT-006,Salaires & Charges sociales,Salaires bruts,FORMATION PLUS,Exploitation,43888.96,0.0,43888.96,1,20240404,2024,4
PCE-001064,2024-11-23,DEPT-002,Formation & Développement,Certifications,AGENCE VOYAGE,Exploitation,3260.22,652.04,3912.26,1,20241123,2024,11
PCE-001065,2023-10-28,DEPT-008,Informatique & Licences,Maintenance SI,ORACLE,Exploitation,1437.13,287.43,1724.56,1,20231028,2023,10
PCE-001066,2024-01-21,DEPT-008,Informatique & Licences,Cloud & hébergement,CONSULTANTS SA,Exploitation,11538.12,2307.62,13845.74,1,20240121,2024,1
PCE-001067,2024-10-06,DEPT-003,Sous-traitance,Prestations ponctuelles,NETTOYAGE SERVICE,Exploitation,1181.44,236.29,1417.73,1,20241006,2024,10
PCE-001068,2023-07-31,DEPT-008,Informatique & Licences,Licences logiciels,IT SOLUTIONS,Exploitation,1893.86,378.77,2272.63,0,20230731,2023,7
PCE-001069,2024-08-18,DEPT-008,Loyer & Charges locatives,Assurance locaux,ORANGE PRO,Exploitation,5844.6,0.0,5844.6,1,20240818,2024,8
PCE-001070,2023-01-25,DEPT-001,Sous-traitance,Prestations ponctuelles,HOTEL COLBERT,Exploitation,18983.1,3796.62,22779.72,1,20230125,2023,1
PCE-001071,2025-05-27,DEPT-008,Fournitures & Consommables,Consommables informatique,TRANSPORT EXPRESS,Exploitation,907.24,181.45,1088.69,1,20250527,2025,5
PCE-001072,2023-04-20,DEPT-002,Déplacements & Missions,Transport,ORACLE,Exploitation,512.13,102.43,614.56,0,20230420,2023,4
PCE-001073,2024-10-22,DEPT-005,Salaires & Charges sociales,Charges patronales,ORACLE,Exploitation,52549.89,0.0,52549.89,1,20241022,2024,10
PCE-001074,2025-10-17,DEPT-002,Sous-traitance,Consultants,FORMATION PLUS,Exploitation,5568.45,1113.69,6682.14,1,20251017,2025,10
PCE-001075,2025-08-18,DEPT-004,Sous-traitance,Expertise externe,ORANGE PRO,Exploitation,5723.58,1144.72,6868.3,0,20250818,2025,8
PCE-001076,2025-05-23,DEPT-001,Formation & Développement,Formations externes,ORANGE PRO,Exploitation,2758.83,551.77,3310.6,1,20250523,2025,5
PCE-001077,2025-09-17,DEPT-001,Formation & Développement,Formations externes,SECURITE MADA,Exploitation,4086.58,817.32,4903.9,1,20250917,2025,9
PCE-001078,2024-03-14,DEPT-005,Fournitures & Consommables,Documentation,BAILLEUR IMMO,Exploitation,763.28,152.66,915.94,1,20240314,2024,3
PCE-001079,2025-03-25,DEPT-008,Fournitures & Consommables,Documentation,TOTAL MADA,Exploitation,879.81,175.96,1055.77,1,20250325,2025,3
PCE-001080,2025-01-04,DEPT-002,Formation & Développement,Abonnements professionnels,BAILLEUR IMMO,Exploitation,1261.18,252.24,1513.42,1,20250104,2025,1
PCE-001081,2024-12-18,DEPT-002,Salaires & Charges sociales,Avantages en nature,ORACLE,Exploitation,41231.95,0.0,41231.95,1,20241218,2024,12
PCE-001082,2023-11-10,DEPT-007,Déplacements & Missions,Transport,TRANSPORT EXPRESS,Exploitation,1293.6,258.72,1552.32,1,20231110,2023,11
PCE-001083,2023-12-19,DEPT-005,Fournitures & Consommables,Fournitures de bureau,CONSULTANTS SA,Exploitation,503.23,100.65,603.88,1,20231219,2023,12
PCE-001084,2024-07-05,DEPT-008,Informatique & Licences,Matériel informatique,TRANSPORT EXPRESS,Exploitation,1010.89,202.18,1213.07,1,20240705,2024,7
PCE-001085,2025-11-16,DEPT-001,Déplacements & Missions,Carburant,FOURNITURES PRO,Exploitation,2009.03,401.81,2410.84,0,20251116,2025,11
PCE-001086,2023-04-21,DEPT-005,Formation & Développement,Formations externes,MICROSOFT MADA,Exploitation,2271.89,454.38,2726.27,0,20230421,2023,4
PCE-001087,2023-08-30,DEPT-002,Formation & Développement,Formations externes,IT SOLUTIONS,Exploitation,2571.57,514.31,3085.88,1,20230830,2023,8
PCE-001088,2023-11-01,DEPT-005,Fournitures & Consommables,Fournitures de bureau,ORANGE PRO,Exploitation,1189.91,237.98,1427.89,1,20231101,2023,11
PCE-001089,2024-11-05,DEPT-008,Loyer & Charges locatives,Loyer bureaux,NETTOYAGE SERVICE,Exploitation,4341.05,0.0,4341.05,1,20241105,2024,11
PCE-001090,2024-03-14,DEPT-001,Formation & Développement,Formations externes,AGENCE VOYAGE,Exploitation,2835.96,567.19,3403.15,1,20240314,2024,3
PCE-001091,2025-08-01,DEPT-008,Loyer & Charges locatives,Loyer bureaux,IBM MADA,Exploitation,6195.82,0.0,6195.82,1,20250801,2025,8
PCE-001092,2023-12-24,DEPT-006,Informatique & Licences,Matériel informatique,IBM MADA,Exploitation,7703.67,1540.73,9244.4,1,20231224,2023,12
PCE-001093,2025-10-04,DEPT-008,Informatique & Licences,Matériel informatique,IT SOLUTIONS,Exploitation,3871.59,774.32,4645.91,1,20251004,2025,10
PCE-001094,2023-07-27,DEPT-002,Sous-traitance,Expertise externe,CONSULTANTS SA,Exploitation,13848.45,2769.69,16618.14,1,20230727,2023,7
PCE-001095,2024-01-15,DEPT-008,Informatique & Licences,Cloud & hébergement,ORANGE PRO,Exploitation,1002.95,200.59,1203.54,1,20240115,2024,1
PCE-001096,2025-11-06,DEPT-008,Informatique & Licences,Matériel informatique,BAILLEUR IMMO,Exploitation,7102.49,1420.5,8522.99,1,20251106,2025,11
PCE-001097,2024-11-05,DEPT-006,Salaires & Charges sociales,Salaires bruts,NETTOYAGE SERVICE,Exploitation,79728.12,0.0,79728.12,1,20241105,2024,11
PCE-001098,2023-01-05,DEPT-001,Formation & Développement,Abonnements professionnels,NETTOYAGE SERVICE,Exploitation,4385.82,877.16,5262.98,1,20230105,2023,1
PCE-001099,2025-10-03,DEPT-002,Formation & Développement,Abonnements professionnels,IBM MADA,Exploitation,2724.67,544.93,3269.6,0,20251003,2025,10
PCE-001100,2024-08-27,DEPT-002,Déplacements & Missions,Hôtel & restauration,CONSULTANTS SA,Exploitation,2079.94,415.99,2495.93,1,20240827,2024,8
PCE-001101,2025-07-18,DEPT-006,Informatique & Licences,Maintenance SI,FORMATION PLUS,Exploitation,2659.95,531.99,3191.94,1,20250718,2025,7
PCE-001102,2023-05-27,DEPT-002,Sous-traitance,Consultants,ORANGE PRO,Exploitation,3425.53,685.11,4110.64,1,20230527,2023,5
PCE-001103,2023-05-31,DEPT-002,Salaires & Charges sociales,Salaires bruts,HOTEL COLBERT,Exploitation,22953.48,0.0,22953.48,1,20230531,2023,5
PCE-001104,2024-01-20,DEPT-006,Informatique & Licences,Matériel informatique,NETTOYAGE SERVICE,Exploitation,5907.86,1181.57,7089.43,1,20240120,2024,1
PCE-001105,2025-04-09,DEPT-008,Informatique & Licences,Licences logiciels,MICROSOFT MADA,Exploitation,14628.02,2925.6,17553.62,1,20250409,2025,4
PCE-001106,2023-10-13,DEPT-008,Loyer & Charges locatives,Loyer bureaux,IT SOLUTIONS,Exploitation,6936.66,0.0,6936.66,1,20231013,2023,10
PCE-001107,2025-09-18,DEPT-006,Salaires & Charges sociales,Avantages en nature,NETTOYAGE SERVICE,Exploitation,63901.41,0.0,63901.41,1,20250918,2025,9
PCE-001108,2025-08-29,DEPT-003,Sous-traitance,Expertise externe,CONSULTANTS SA,Exploitation,2125.46,425.09,2550.55,0,20250829,2025,8
PCE-001109,2023-08-03,DEPT-003,Sous-traitance,Prestations ponctuelles,IT SOLUTIONS,Exploitation,5722.48,1144.5,6866.98,1,20230803,2023,8
PCE-001110,2025-11-29,DEPT-001,Déplacements & Missions,Transport,ORANGE PRO,Exploitation,774.29,154.86,929.15,1,20251129,2025,11
PCE-001111,2024-01-16,DEPT-001,Déplacements & Missions,Carburant,SECURITE MADA,Exploitation,593.56,118.71,712.27,1,20240116,2024,1
PCE-001112,2024-03-04,DEPT-005,Fournitures & Consommables,Fournitures de bureau,IT SOLUTIONS,Exploitation,724.92,144.98,869.9,1,20240304,2024,3
PCE-001113,2024-09-09,DEPT-002,Déplacements & Missions,Carburant,TOTAL MADA,Exploitation,955.88,191.18,1147.06,1,20240909,2024,9
PCE-001114,2025-06-28,DEPT-008,Loyer & Charges locatives,Assurance locaux,SECURITE MADA,Exploitation,5827.7,0.0,5827.7,1,20250628,2025,6
PCE-001115,2023-09-10,DEPT-008,Loyer & Charges locatives,Loyer bureaux,FORMATION PLUS,Exploitation,2574.31,0.0,2574.31,1,20230910,2023,9
PCE-001116,2024-06-29,DEPT-008,Informatique & Licences,Cloud & hébergement,ORACLE,Exploitation,6237.48,1247.5,7484.98,1,20240629,2024,6
PCE-001117,2025-06-19,DEPT-001,Salaires & Charges sociales,Salaires bruts,BAILLEUR IMMO,Exploitation,69224.14,0.0,69224.14,1,20250619,2025,6
PCE-001118,2024-12-30,DEPT-008,Loyer & Charges locatives,Loyer bureaux,IT SOLUTIONS,Exploitation,3931.46,0.0,3931.46,1,20241230,2024,12
PCE-001119,2023-07-27,DEPT-006,Informatique & Licences,Matériel informatique,CONSULTANTS SA,Exploitation,10173.47,2034.69,12208.16,1,20230727,2023,7
PCE-001120,2024-04-20,DEPT-005,Formation & Développement,Abonnements professionnels,IT SOLUTIONS,Exploitation,2828.63,565.73,3394.36,1,20240420,2024,4
PCE-001121,2024-07-28,DEPT-005,Fournitures & Consommables,Consommables informatique,FOURNITURES PRO,Exploitation,789.02,157.8,946.82,1,20240728,2024,7
PCE-001122,2024-12-26,DEPT-003,Déplacements & Missions,Hôtel & restauration,SECURITE MADA,Exploitation,813.71,162.74,976.45,1,20241226,2024,12
PCE-001123,2023-07-25,DEPT-006,Informatique & Licences,Matériel informatique,TRANSPORT EXPRESS,Exploitation,5156.35,1031.27,6187.62,1,20230725,2023,7
PCE-001124,2025-07-02,DEPT-007,Salaires & Charges sociales,Avantages en nature,IT SOLUTIONS,Exploitation,62885.43,0.0,62885.43,1,20250702,2025,7
PCE-001125,2023-05-05,DEPT-007,Déplacements & Missions,Transport,SECURITE MADA,Exploitation,2004.97,400.99,2405.96,1,20230505,2023,5
PCE-001126,2023-07-05,DEPT-008,Loyer & Charges locatives,Assurance locaux,AGENCE VOYAGE,Exploitation,2599.22,0.0,2599.22,1,20230705,2023,7
PCE-001127,2023-07-11,DEPT-002,Formation & Développement,Certifications,BAILLEUR IMMO,Exploitation,4995.05,999.01,5994.06,0,20230711,2023,7
PCE-001128,2024-03-27,DEPT-005,Formation & Développement,Abonnements professionnels,ORANGE PRO,Exploitation,615.03,123.01,738.04,1,20240327,2024,3
PCE-001129,2024-01-25,DEPT-004,Sous-traitance,Consultants,CONSULTANTS SA,Exploitation,5857.04,1171.41,7028.45,1,20240125,2024,1
PCE-001130,2025-08-13,DEPT-008,Salaires & Charges sociales,Avantages en nature,FORMATION PLUS,Exploitation,5631.6,0.0,5631.6,1,20250813,2025,8
PCE-001131,2024-03-08,DEPT-002,Formation & Développement,Abonnements professionnels,MICROSOFT MADA,Exploitation,623.67,124.73,748.4,1,20240308,2024,3
PCE-001132,2023-01-30,DEPT-003,Salaires & Charges sociales,Salaires bruts,HOTEL COLBERT,Exploitation,26509.68,0.0,26509.68,1,20230130,2023,1
PCE-001133,2023-07-17,DEPT-008,Loyer & Charges locatives,Assurance locaux,ORACLE,Exploitation,4346.92,0.0,4346.92,1,20230717,2023,7
PCE-001134,2024-09-03,DEPT-008,Loyer & Charges locatives,Loyer bureaux,MICROSOFT MADA,Exploitation,4589.59,0.0,4589.59,1,20240903,2024,9
PCE-001135,2024-10-19,DEPT-008,Informatique & Licences,Matériel informatique,CONSULTANTS SA,Exploitation,1378.99,275.8,1654.79,1,20241019,2024,10
PCE-001136,2023-02-19,DEPT-001,Formation & Développement,Certifications,CONSULTANTS SA,Exploitation,2008.8,401.76,2410.56,0,20230219,2023,2
PCE-001137,2023-09-03,DEPT-005,Formation & Développement,Abonnements professionnels,TRANSPORT EXPRESS,Exploitation,1082.24,216.45,1298.69,0,20230903,2023,9
PCE-001138,2024-12-08,DEPT-001,Salaires & Charges sociales,Salaires bruts,BAILLEUR IMMO,Exploitation,40751.44,0.0,40751.44,1,20241208,2024,12
PCE-001139,2024-10-19,DEPT-005,Formation & Développement,Abonnements professionnels,CONSULTANTS SA,Exploitation,550.28,110.06,660.34,0,20241019,2024,10
PCE-001140,2025-04-28,DEPT-003,Sous-traitance,Consultants,BAILLEUR IMMO,Exploitation,11252.53,2250.51,13503.04,0,20250428,2025,4
PCE-001141,2024-10-30,DEPT-001,Déplacements & Missions,Carburant,HOTEL COLBERT,Exploitation,2864.09,572.82,3436.91,1,20241030,2024,10
PCE-001142,2024-08-25,DEPT-008,Informatique & Licences,Cloud & hébergement,TOTAL MADA,Exploitation,14942.77,2988.55,17931.32,1,20240825,2024,8
PCE-001143,2025-01-10,DEPT-001,Formation & Développement,Abonnements professionnels,FORMATION PLUS,Exploitation,4568.83,913.77,5482.6,0,20250110,2025,1
PCE-001144,2025-05-09,DEPT-006,Informatique & Licences,Matériel informatique,TOTAL MADA,Exploitation,7523.01,1504.6,9027.61,0,20250509,2025,5
PCE-001145,2025-03-17,DEPT-004,Salaires & Charges sociales,Salaires bruts,IT SOLUTIONS,Exploitation,53449.15,0.0,53449.15,1,20250317,2025,3
PCE-001146,2023-05-27,DEPT-002,Salaires & Charges sociales,Charges patronales,NETTOYAGE SERVICE,Exploitation,21805.76,0.0,21805.76,1,20230527,2023,5
PCE-001147,2024-12-15,DEPT-007,Salaires & Charges sociales,Avantages en nature,HOTEL COLBERT,Exploitation,60329.51,0.0,60329.51,1,20241215,2024,12
PCE-001148,2023-05-28,DEPT-005,Salaires & Charges sociales,Charges patronales,BAILLEUR IMMO,Exploitation,68217.79,0.0,68217.79,1,20230528,2023,5
PCE-001149,2025-11-29,DEPT-006,Informatique & Licences,Licences logiciels,IT SOLUTIONS,Exploitation,4232.05,846.41,5078.46,0,20251129,2025,11
PCE-001150,2023-03-18,DEPT-008,Informatique & Licences,Cloud & hébergement,ORACLE,Exploitation,826.23,165.25,991.48,1,20230318,2023,3
PCE-001151,2025-08-04,DEPT-008,Fournitures & Consommables,Documentation,FOURNITURES PRO,Exploitation,639.06,127.81,766.87,1,20250804,2025,8
PCE-001152,2025-06-21,DEPT-001,Sous-traitance,Consultants,IT SOLUTIONS,Exploitation,7669.13,1533.83,9202.96,1,20250621,2025,6
PCE-001153,2023-10-18,DEPT-005,Fournitures & Consommables,Consommables informatique,HOTEL COLBERT,Exploitation,1303.55,260.71,1564.26,1,20231018,2023,10
PCE-001154,2023-05-04,DEPT-001,Déplacements & Missions,Carburant,HOTEL COLBERT,Exploitation,432.84,86.57,519.41,1,20230504,2023,5
PCE-001155,2024-11-09,DEPT-005,Fournitures & Consommables,Fournitures de bureau,FORMATION PLUS,Exploitation,1133.87,226.77,1360.64,1,20241109,2024,11
PCE-001156,2025-02-25,DEPT-006,Salaires & Charges sociales,Salaires bruts,FOURNITURES PRO,Exploitation,31467.8,0.0,31467.8,1,20250225,2025,2
PCE-001157,2023-08-29,DEPT-005,Formation & Développement,Certifications,IBM MADA,Exploitation,2156.61,431.32,2587.93,1,20230829,2023,8
PCE-001158,2024-11-23,DEPT-002,Salaires & Charges sociales,Charges patronales,ORACLE,Exploitation,75506.25,0.0,75506.25,1,20241123,2024,11
PCE-001159,2025-06-05,DEPT-008,Salaires & Charges sociales,Avantages en nature,FORMATION PLUS,Exploitation,56282.2,0.0,56282.2,1,20250605,2025,6
PCE-001160,2024-01-22,DEPT-001,Déplacements & Missions,Carburant,TOTAL MADA,Exploitation,2491.96,498.39,2990.35,0,20240122,2024,1
PCE-001161,2024-04-13,DEPT-005,Formation & Développement,Formations externes,CONSULTANTS SA,Exploitation,3996.02,799.2,4795.22,1,20240413,2024,4
PCE-001162,2025-04-03,DEPT-003,Déplacements & Missions,Hôtel & restauration,ORANGE PRO,Exploitation,1521.07,304.21,1825.28,1,20250403,2025,4
PCE-001163,2025-11-10,DEPT-007,Déplacements & Missions,Carburant,AGENCE VOYAGE,Exploitation,911.14,182.23,1093.37,1,20251110,2025,11
PCE-001164,2025-01-18,DEPT-006,Informatique & Licences,Cloud & hébergement,FORMATION PLUS,Exploitation,11535.66,2307.13,13842.79,1,20250118,2025,1
PCE-001165,2023-06-22,DEPT-006,Informatique & Licences,Licences logiciels,NETTOYAGE SERVICE,Exploitation,14151.37,2830.27,16981.64,1,20230622,2023,6
PCE-001166,2024-05-10,DEPT-005,Salaires & Charges sociales,Avantages en nature,FORMATION PLUS,Exploitation,69795.99,0.0,69795.99,1,20240510,2024,5
PCE-001167,2024-07-25,DEPT-002,Formation & Développement,Abonnements professionnels,MICROSOFT MADA,Exploitation,3953.41,790.68,4744.09,0,20240725,2024,7
PCE-001168,2025-07-26,DEPT-001,Sous-traitance,Prestations ponctuelles,NETTOYAGE SERVICE,Exploitation,15215.16,3043.03,18258.19,1,20250726,2025,7
PCE-001169,2024-09-05,DEPT-008,Informatique & Licences,Licences logiciels,IT SOLUTIONS,Exploitation,14585.43,2917.09,17502.52,0,20240905,2024,9
PCE-001170,2024-09-25,DEPT-005,Salaires & Charges sociales,Charges patronales,IBM MADA,Exploitation,33836.68,0.0,33836.68,1,20240925,2024,9
PCE-001171,2023-11-13,DEPT-004,Sous-traitance,Prestations ponctuelles,TOTAL MADA,Exploitation,13242.85,2648.57,15891.42,1,20231113,2023,11
PCE-001172,2025-09-03,DEPT-002,Formation & Développement,Abonnements professionnels,FORMATION PLUS,Exploitation,3883.75,776.75,4660.5,1,20250903,2025,9
PCE-001173,2025-09-04,DEPT-004,Sous-traitance,Expertise externe,HOTEL COLBERT,Exploitation,8943.18,1788.64,10731.82,1,20250904,2025,9
PCE-001174,2023-04-03,DEPT-005,Fournitures & Consommables,Consommables informatique,ORANGE PRO,Exploitation,550.28,110.06,660.34,1,20230403,2023,4
PCE-001175,2023-07-24,DEPT-008,Fournitures & Consommables,Fournitures de bureau,NETTOYAGE SERVICE,Exploitation,1297.0,259.4,1556.4,1,20230724,2023,7
PCE-001176,2025-07-03,DEPT-008,Fournitures & Consommables,Consommables informatique,AGENCE VOYAGE,Exploitation,529.26,105.85,635.11,1,20250703,2025,7
PCE-001177,2025-03-30,DEPT-005,Formation & Développement,Abonnements professionnels,ORANGE PRO,Exploitation,3890.97,778.19,4669.16,1,20250330,2025,3
PCE-001178,2024-01-24,DEPT-008,Fournitures & Consommables,Fournitures de bureau,BAILLEUR IMMO,Exploitation,1351.78,270.36,1622.14,1,20240124,2024,1
PCE-001179,2024-03-07,DEPT-008,Fournitures & Consommables,Fournitures de bureau,FOURNITURES PRO,Exploitation,258.51,51.7,310.21,1,20240307,2024,3
PCE-001180,2024-12-28,DEPT-003,Sous-traitance,Prestations ponctuelles,ORANGE PRO,Exploitation,8988.75,1797.75,10786.5,0,20241228,2024,12
PCE-001181,2025-02-06,DEPT-004,Salaires & Charges sociales,Avantages en nature,CONSULTANTS SA,Exploitation,68428.63,0.0,68428.63,1,20250206,2025,2
PCE-001182,2025-05-01,DEPT-001,Formation & Développement,Certifications,HOTEL COLBERT,Exploitation,2682.22,536.44,3218.66,1,20250501,2025,5
PCE-001183,2023-08-16,DEPT-007,Déplacements & Missions,Hôtel & restauration,IT SOLUTIONS,Exploitation,960.74,192.15,1152.89,1,20230816,2023,8
PCE-001184,2023-10-04,DEPT-001,Salaires & Charges sociales,Avantages en nature,ORANGE PRO,Exploitation,77694.75,0.0,77694.75,0,20231004,2023,10
PCE-001185,2025-01-24,DEPT-008,Informatique & Licences,Licences logiciels,FORMATION PLUS,Exploitation,14459.31,2891.86,17351.17,1,20250124,2025,1
PCE-001186,2024-10-18,DEPT-003,Sous-traitance,Consultants,FORMATION PLUS,Exploitation,9707.53,1941.51,11649.04,1,20241018,2024,10
PCE-001187,2025-10-01,DEPT-008,Loyer & Charges locatives,Charges communes,BAILLEUR IMMO,Exploitation,3550.02,0.0,3550.02,1,20251001,2025,10
PCE-001188,2024-11-20,DEPT-001,Formation & Développement,Abonnements professionnels,AGENCE VOYAGE,Exploitation,3692.83,738.57,4431.4,1,20241120,2024,11
PCE-001189,2024-05-10,DEPT-008,Loyer & Charges locatives,Loyer bureaux,TRANSPORT EXPRESS,Exploitation,6968.45,0.0,6968.45,1,20240510,2024,5
PCE-001190,2023-02-24,DEPT-006,Informatique & Licences,Licences logiciels,FORMATION PLUS,Exploitation,14995.46,2999.09,17994.55,0,20230224,2023,2
PCE-001191,2023-11-25,DEPT-002,Déplacements & Missions,Carburant,FORMATION PLUS,Exploitation,1517.18,303.44,1820.62,0,20231125,2023,11
PCE-001192,2023-10-20,DEPT-002,Formation & Développement,Abonnements professionnels,IT SOLUTIONS,Exploitation,2636.61,527.32,3163.93,1,20231020,2023,10
PCE-001193,2025-10-16,DEPT-008,Fournitures & Consommables,Fournitures de bureau,TRANSPORT EXPRESS,Exploitation,184.27,36.85,221.12,1,20251016,2025,10
PCE-001194,2025-05-23,DEPT-001,Formation & Développement,Certifications,SECURITE MADA,Exploitation,4176.08,835.22,5011.3,1,20250523,2025,5
PCE-001195,2023-03-05,DEPT-008,Fournitures & Consommables,Consommables informatique,FORMATION PLUS,Exploitation,1203.14,240.63,1443.77,1,20230305,2023,3
PCE-001196,2024-06-25,DEPT-008,Informatique & Licences,Matériel informatique,TRANSPORT EXPRESS,Exploitation,8343.88,1668.78,10012.66,1,20240625,2024,6
PCE-001197,2023-04-05,DEPT-008,Informatique & Licences,Licences logiciels,AGENCE VOYAGE,Exploitation,1321.18,264.24,1585.42,1,20230405,2023,4
PCE-001198,2024-04-03,DEPT-008,Informatique & Licences,Cloud & hébergement,MICROSOFT MADA,Exploitation,7433.89,1486.78,8920.67,0,20240403,2024,4
PCE-001199,2025-10-02,DEPT-006,Informatique & Licences,Licences logiciels,AGENCE VOYAGE,Exploitation,2039.48,407.9,2447.38,0,20251002,2025,10
PCE-001200,2025-05-27,DEPT-008,Loyer & Charges locatives,Loyer bureaux,BAILLEUR IMMO,Exploitation,5491.65,0.0,5491.65,1,20250527,2025,5
PCE-001201,2023-12-27,DEPT-005,Fournitures & Consommables,Consommables informatique,AGENCE VOYAGE,Exploitation,581.98,116.4,698.38,1,20231227,2023,12
PCE-001202,2025-09-02,DEPT-005,Fournitures & Consommables,Fournitures de bureau,TOTAL MADA,Exploitation,842.23,168.45,1010.68,1,20250902,2025,9
PCE-001203,2023-04-05,DEPT-002,Déplacements & Missions,Carburant,ORACLE,Exploitation,259.18,51.84,311.02,1,20230405,2023,4
PCE-001204,2023-02-07,DEPT-004,Sous-traitance,Consultants,IBM MADA,Exploitation,3686.96,737.39,4424.35,0,20230207,2023,2
PCE-001205,2025-06-04,DEPT-008,Loyer & Charges locatives,Assurance locaux,ORACLE,Exploitation,5445.31,0.0,5445.31,1,20250604,2025,6
PCE-001206,2023-01-08,DEPT-006,Salaires & Charges sociales,Avantages en nature,CONSULTANTS SA,Exploitation,11771.52,0.0,11771.52,1,20230108,2023,1
PCE-001207,2023-08-30,DEPT-005,Salaires & Charges sociales,Charges patronales,IT SOLUTIONS,Exploitation,53364.6,0.0,53364.6,1,20230830,2023,8
PCE-001208,2023-03-22,DEPT-006,Informatique & Licences,Maintenance SI,CONSULTANTS SA,Exploitation,4085.52,817.1,4902.62,0,20230322,2023,3
PCE-001209,2024-06-22,DEPT-006,Salaires & Charges sociales,Salaires bruts,ORANGE PRO,Exploitation,37598.44,0.0,37598.44,1,20240622,2024,6
PCE-001210,2023-10-25,DEPT-005,Formation & Développement,Abonnements professionnels,NETTOYAGE SERVICE,Exploitation,623.73,124.75,748.48,1,20231025,2023,10
PCE-001211,2023-05-02,DEPT-001,Formation & Développement,Certifications,FORMATION PLUS,Exploitation,4967.5,993.5,5961.0,1,20230502,2023,5
PCE-001212,2024-06-03,DEPT-003,Déplacements & Missions,Transport,FOURNITURES PRO,Exploitation,631.71,126.34,758.05,1,20240603,2024,6
PCE-001213,2024-03-01,DEPT-002,Formation & Développement,Abonnements professionnels,IT SOLUTIONS,Exploitation,3744.55,748.91,4493.46,1,20240301,2024,3
PCE-001214,2023-11-22,DEPT-006,Informatique & Licences,Maintenance SI,TRANSPORT EXPRESS,Exploitation,8183.57,1636.71,9820.28,1,20231122,2023,11
PCE-001215,2024-05-09,DEPT-003,Déplacements & Missions,Transport,TRANSPORT EXPRESS,Exploitation,1058.18,211.64,1269.82,1,20240509,2024,5
PCE-001216,2023-01-20,DEPT-008,Loyer & Charges locatives,Charges communes,SECURITE MADA,Exploitation,6897.77,0.0,6897.77,1,20230120,2023,1
PCE-001217,2023-06-12,DEPT-008,Loyer & Charges locatives,Charges communes,MICROSOFT MADA,Exploitation,7972.66,0.0,7972.66,1,20230612,2023,6
PCE-001218,2023-04-06,DEPT-006,Informatique & Licences,Matériel informatique,AGENCE VOYAGE,Exploitation,14257.45,2851.49,17108.94,1,20230406,2023,4
PCE-001219,2023-10-26,DEPT-003,Déplacements & Missions,Carburant,SECURITE MADA,Exploitation,978.18,195.64,1173.82,0,20231026,2023,10
PCE-001220,2025-11-12,DEPT-001,Formation & Développement,Abonnements professionnels,TRANSPORT EXPRESS,Exploitation,1607.37,321.47,1928.84,1,20251112,2025,11
PCE-001221,2025-09-25,DEPT-003,Déplacements & Missions,Carburant,ORANGE PRO,Exploitation,1849.71,369.94,2219.65,1,20250925,2025,9
PCE-001222,2023-12-18,DEPT-004,Sous-traitance,Expertise externe,FOURNITURES PRO,Exploitation,17245.57,3449.11,20694.68,0,20231218,2023,12
PCE-001223,2025-09-10,DEPT-007,Déplacements & Missions,Carburant,ORANGE PRO,Exploitation,919.91,183.98,1103.89,0,20250910,2025,9
PCE-001224,2024-08-26,DEPT-003,Salaires & Charges sociales,Avantages en nature,AGENCE VOYAGE,Exploitation,6350.9,0.0,6350.9,1,20240826,2024,8
PCE-001225,2025-02-19,DEPT-003,Sous-traitance,Expertise externe,TRANSPORT EXPRESS,Exploitation,6956.43,1391.29,8347.72,0,20250219,2025,2
PCE-001226,2025-09-22,DEPT-006,Informatique & Licences,Matériel informatique,TOTAL MADA,Exploitation,3695.82,739.16,4434.98,1,20250922,2025,9
PCE-001227,2023-02-11,DEPT-006,Informatique & Licences,Maintenance SI,SECURITE MADA,Exploitation,4326.15,865.23,5191.38,1,20230211,2023,2
PCE-001228,2023-05-22,DEPT-005,Salaires & Charges sociales,Salaires bruts,SECURITE MADA,Exploitation,15098.84,0.0,15098.84,1,20230522,2023,5
PCE-001229,2024-05-23,DEPT-005,Formation & Développement,Certifications,BAILLEUR IMMO,Exploitation,2553.76,510.75,3064.51,0,20240523,2024,5
PCE-001230,2025-12-19,DEPT-007,Déplacements & Missions,Transport,SECURITE MADA,Exploitation,2784.86,556.97,3341.83,1,20251219,2025,12
PCE-001231,2024-10-12,DEPT-008,Informatique & Licences,Matériel informatique,IT SOLUTIONS,Exploitation,934.48,186.9,1121.38,1,20241012,2024,10
PCE-001232,2023-06-12,DEPT-006,Salaires & Charges sociales,Avantages en nature,ORACLE,Exploitation,7276.29,0.0,7276.29,1,20230612,2023,6
PCE-001233,2025-03-21,DEPT-006,Informatique & Licences,Matériel informatique,HOTEL COLBERT,Exploitation,6922.35,1384.47,8306.82,1,20250321,2025,3
PCE-001234,2023-04-05,DEPT-008,Salaires & Charges sociales,Charges patronales,CONSULTANTS SA,Exploitation,59292.46,0.0,59292.46,1,20230405,2023,4
PCE-001235,2023-07-08,DEPT-008,Loyer & Charges locatives,Loyer bureaux,SECURITE MADA,Exploitation,7431.14,0.0,7431.14,1,20230708,2023,7
PCE-001236,2024-04-22,DEPT-007,Déplacements & Missions,Transport,HOTEL COLBERT,Exploitation,219.07,43.81,262.88,0,20240422,2024,4
PCE-001237,2024-04-28,DEPT-008,Loyer & Charges locatives,Loyer bureaux,NETTOYAGE SERVICE,Exploitation,7002.91,0.0,7002.91,1,20240428,2024,4
PCE-001238,2023-01-12,DEPT-003,Sous-traitance,Prestations ponctuelles,MICROSOFT MADA,Exploitation,2856.43,571.29,3427.72,0,20230112,2023,1
PCE-001239,2023-11-17,DEPT-002,Déplacements & Missions,Transport,TRANSPORT EXPRESS,Exploitation,414.9,82.98,497.88,0,20231117,2023,11
PCE-001240,2024-06-18,DEPT-005,Formation & Développement,Formations externes,FOURNITURES PRO,Exploitation,569.98,114.0,683.98,1,20240618,2024,6
PCE-001241,2024-11-16,DEPT-007,Déplacements & Missions,Hôtel & restauration,TOTAL MADA,Exploitation,955.79,191.16,1146.95,1,20241116,2024,11
PCE-001242,2024-10-03,DEPT-008,Loyer & Charges locatives,Loyer bureaux,BAILLEUR IMMO,Exploitation,7131.04,0.0,7131.04,1,20241003,2024,10
PCE-001243,2023-03-26,DEPT-005,Fournitures & Consommables,Fournitures de bureau,NETTOYAGE SERVICE,Exploitation,1268.36,253.67,1522.03,1,20230326,2023,3
PCE-001244,2023-03-05,DEPT-008,Fournitures & Consommables,Consommables informatique,TOTAL MADA,Exploitation,1491.46,298.29,1789.75,1,20230305,2023,3
PCE-001245,2024-10-08,DEPT-002,Salaires & Charges sociales,Avantages en nature,BAILLEUR IMMO,Exploitation,60977.0,0.0,60977.0,1,20241008,2024,10
PCE-001246,2025-04-12,DEPT-008,Fournitures & Consommables,Consommables informatique,CONSULTANTS SA,Exploitation,181.37,36.27,217.64,0,20250412,2025,4
PCE-001247,2024-01-26,DEPT-003,Sous-traitance,Consultants,HOTEL COLBERT,Exploitation,16177.91,3235.58,19413.49,0,20240126,2024,1
PCE-001248,2025-06-14,DEPT-008,Fournitures & Consommables,Documentation,NETTOYAGE SERVICE,Exploitation,683.99,136.8,820.79,1,20250614,2025,6
PCE-001249,2025-02-09,DEPT-006,Informatique & Licences,Cloud & hébergement,MICROSOFT MADA,Exploitation,2670.2,534.04,3204.24,1,20250209,2025,2
PCE-001250,2024-09-26,DEPT-008,Loyer & Charges locatives,Charges communes,CONSULTANTS SA,Exploitation,4404.27,0.0,4404.27,1,20240926,2024,9
PCE-001251,2025-10-21,DEPT-008,Informatique & Licences,Cloud & hébergement,NETTOYAGE SERVICE,Exploitation,6517.95,1303.59,7821.54,1,20251021,2025,10
PCE-001252,2023-08-05,DEPT-008,Informatique & Licences,Licences logiciels,SECURITE MADA,Exploitation,11211.59,2242.32,13453.91,1,20230805,2023,8
PCE-001253,2024-09-06,DEPT-002,Salaires & Charges sociales,Charges patronales,TOTAL MADA,Exploitation,47131.77,0.0,47131.77,1,20240906,2024,9
PCE-001254,2023-02-13,DEPT-008,Informatique & Licences,Cloud & hébergement,IT SOLUTIONS,Exploitation,14235.13,2847.03,17082.16,1,20230213,2023,2
PCE-001255,2023-03-28,DEPT-007,Déplacements & Missions,Hôtel & restauration,IT SOLUTIONS,Exploitation,1758.64,351.73,2110.37,1,20230328,2023,3
PCE-001256,2024-06-21,DEPT-005,Salaires & Charges sociales,Charges patronales,TRANSPORT EXPRESS,Exploitation,25312.38,0.0,25312.38,1,20240621,2024,6
PCE-001257,2024-06-17,DEPT-008,Loyer & Charges locatives,Assurance locaux,TOTAL MADA,Exploitation,6594.52,0.0,6594.52,1,20240617,2024,6
PCE-001258,2023-05-05,DEPT-005,Fournitures & Consommables,Consommables informatique,NETTOYAGE SERVICE,Exploitation,1079.97,215.99,1295.96,1,20230505,2023,5
PCE-001259,2024-04-10,DEPT-007,Salaires & Charges sociales,Salaires bruts,AGENCE VOYAGE,Exploitation,37869.12,0.0,37869.12,1,20240410,2024,4
PCE-001260,2024-05-31,DEPT-008,Fournitures & Consommables,Fournitures de bureau,ORACLE,Exploitation,1328.87,265.77,1594.64,0,20240531,2024,5
PCE-001261,2024-06-05,DEPT-008,Loyer & Charges locatives,Charges communes,MICROSOFT MADA,Exploitation,2376.61,0.0,2376.61,1,20240605,2024,6
PCE-001262,2023-01-12,DEPT-001,Sous-traitance,Consultants,FORMATION PLUS,Exploitation,9460.42,1892.08,11352.5,1,20230112,2023,1
PCE-001263,2023-04-01,DEPT-005,Salaires & Charges sociales,Salaires bruts,AGENCE VOYAGE,Exploitation,37188.03,0.0,37188.03,1,20230401,2023,4
PCE-001264,2025-08-25,DEPT-008,Informatique & Licences,Maintenance SI,AGENCE VOYAGE,Exploitation,2735.34,547.07,3282.41,0,20250825,2025,8
PCE-001265,2023-08-03,DEPT-005,Formation & Développement,Certifications,SECURITE MADA,Exploitation,3574.27,714.85,4289.12,1,20230803,2023,8
PCE-001266,2024-10-22,DEPT-007,Salaires & Charges sociales,Salaires bruts,ORANGE PRO,Exploitation,7831.9,0.0,7831.9,1,20241022,2024,10
PCE-001267,2025-07-25,DEPT-002,Formation & Développement,Abonnements professionnels,FOURNITURES PRO,Exploitation,2065.38,413.08,2478.46,0,20250725,2025,7
PCE-001268,2023-01-12,DEPT-005,Salaires & Charges sociales,Salaires bruts,FOURNITURES PRO,Exploitation,72434.17,0.0,72434.17,1,20230112,2023,1
PCE-001269,2025-01-23,DEPT-008,Informatique & Licences,Maintenance SI,HOTEL COLBERT,Exploitation,5757.55,1151.51,6909.06,1,20250123,2025,1
PCE-001270,2023-04-04,DEPT-001,Sous-traitance,Prestations ponctuelles,TRANSPORT EXPRESS,Exploitation,9235.9,1847.18,11083.08,1,20230404,2023,4
PCE-001271,2023-12-29,DEPT-008,Loyer & Charges locatives,Charges communes,IBM MADA,Exploitation,5319.4,0.0,5319.4,1,20231229,2023,12
PCE-001272,2023-11-06,DEPT-003,Salaires & Charges sociales,Avantages en nature,BAILLEUR IMMO,Exploitation,13305.87,0.0,13305.87,1,20231106,2023,11
PCE-001273,2025-09-20,DEPT-008,Fournitures & Consommables,Consommables informatique,SECURITE MADA,Exploitation,848.63,169.73,1018.36,1,20250920,2025,9
PCE-001274,2023-04-22,DEPT-005,Formation & Développement,Formations externes,FORMATION PLUS,Exploitation,4528.88,905.78,5434.66,1,20230422,2023,4
PCE-001275,2023-04-03,DEPT-003,Sous-traitance,Consultants,TRANSPORT EXPRESS,Exploitation,7560.56,1512.11,9072.67,1,20230403,2023,4
PCE-001276,2025-03-11,DEPT-001,Déplacements & Missions,Transport,MICROSOFT MADA,Exploitation,1854.51,370.9,2225.41,0,20250311,2025,3
PCE-001277,2023-12-05,DEPT-005,Formation & Développement,Formations externes,FOURNITURES PRO,Exploitation,2040.09,408.02,2448.11,1,20231205,2023,12
PCE-001278,2025-04-29,DEPT-008,Loyer & Charges locatives,Loyer bureaux,BAILLEUR IMMO,Exploitation,2576.22,0.0,2576.22,1,20250429,2025,4
PCE-001279,2023-03-20,DEPT-002,Déplacements & Missions,Carburant,TOTAL MADA,Exploitation,2417.96,483.59,2901.55,0,20230320,2023,3
PCE-001280,2025-03-26,DEPT-005,Formation & Développement,Certifications,IT SOLUTIONS,Exploitation,3732.21,746.44,4478.65,1,20250326,2025,3
PCE-001281,2024-12-21,DEPT-008,Informatique & Licences,Licences logiciels,AGENCE VOYAGE,Exploitation,13332.48,2666.5,15998.98,1,20241221,2024,12
PCE-001282,2025-02-14,DEPT-007,Déplacements & Missions,Transport,CONSULTANTS SA,Exploitation,2309.18,461.84,2771.02,1,20250214,2025,2
PCE-001283,2024-12-12,DEPT-002,Déplacements & Missions,Hôtel & restauration,NETTOYAGE SERVICE,Exploitation,1716.73,343.35,2060.08,1,20241212,2024,12
PCE-001284,2023-09-29,DEPT-007,Salaires & Charges sociales,Avantages en nature,HOTEL COLBERT,Exploitation,63541.13,0.0,63541.13,1,20230929,2023,9
PCE-001285,2023-10-23,DEPT-008,Loyer & Charges locatives,Charges communes,NETTOYAGE SERVICE,Exploitation,6856.31,0.0,6856.31,1,20231023,2023,10
PCE-001286,2025-01-06,DEPT-006,Informatique & Licences,Maintenance SI,CONSULTANTS SA,Exploitation,1167.01,233.4,1400.41,1,20250106,2025,1
PCE-001287,2023-02-07,DEPT-008,Informatique & Licences,Matériel informatique,NETTOYAGE SERVICE,Exploitation,9381.71,1876.34,11258.05,1,20230207,2023,2
PCE-001288,2025-10-16,DEPT-002,Formation & Développement,Formations externes,FORMATION PLUS,Exploitation,4601.13,920.23,5521.36,0,20251016,2025,10
PCE-001289,2023-08-29,DEPT-006,Informatique & Licences,Maintenance SI,AGENCE VOYAGE,Exploitation,11442.7,2288.54,13731.24,0,20230829,2023,8
PCE-001290,2024-08-22,DEPT-006,Informatique & Licences,Matériel informatique,TOTAL MADA,Exploitation,7971.48,1594.3,9565.78,0,20240822,2024,8
PCE-001291,2023-01-12,DEPT-003,Sous-traitance,Prestations ponctuelles,TRANSPORT EXPRESS,Exploitation,6256.41,1251.28,7507.69,1,20230112,2023,1
PCE-001292,2023-01-03,DEPT-007,Déplacements & Missions,Transport,AGENCE VOYAGE,Exploitation,2184.98,437.0,2621.98,1,20230103,2023,1
PCE-001293,2024-05-16,DEPT-006,Informatique & Licences,Cloud & hébergement,ORACLE,Exploitation,7319.5,1463.9,8783.4,1,20240516,2024,5
PCE-001294,2023-04-15,DEPT-002,Déplacements & Missions,Transport,ORACLE,Exploitation,1979.27,395.85,2375.12,0,20230415,2023,4
PCE-001295,2023-01-31,DEPT-001,Déplacements & Missions,Transport,NETTOYAGE SERVICE,Exploitation,554.17,110.83,665.0,1,20230131,2023,1
PCE-001296,2025-05-21,DEPT-002,Déplacements & Missions,Transport,FORMATION PLUS,Exploitation,936.08,187.22,1123.3,1,20250521,2025,5
PCE-001297,2023-04-08,DEPT-001,Sous-traitance,Expertise externe,IT SOLUTIONS,Exploitation,7092.19,1418.44,8510.63,0,20230408,2023,4
PCE-001298,2024-11-02,DEPT-008,Fournitures & Consommables,Fournitures de bureau,IT SOLUTIONS,Exploitation,1381.78,276.36,1658.14,1,20241102,2024,11
PCE-001299,2025-11-06,DEPT-005,Fournitures & Consommables,Consommables informatique,ORACLE,Exploitation,1184.72,236.94,1421.66,1,20251106,2025,11
PCE-001300,2025-02-22,DEPT-006,Salaires & Charges sociales,Salaires bruts,HOTEL COLBERT,Exploitation,16993.51,0.0,16993.51,1,20250222,2025,2
PCE-001301,2024-12-06,DEPT-008,Loyer & Charges locatives,Assurance locaux,MICROSOFT MADA,Exploitation,3888.4,0.0,3888.4,1,20241206,2024,12
PCE-001302,2025-01-08,DEPT-005,Fournitures & Consommables,Fournitures de bureau,IBM MADA,Exploitation,202.15,40.43,242.58,1,20250108,2025,1
PCE-001303,2023-11-18,DEPT-008,Informatique & Licences,Maintenance SI,FORMATION PLUS,Exploitation,4166.93,833.39,5000.32,1,20231118,2023,11
PCE-001304,2024-12-08,DEPT-002,Sous-traitance,Prestations ponctuelles,TRANSPORT EXPRESS,Exploitation,1255.72,251.14,1506.86,1,20241208,2024,12
PCE-001305,2023-09-04,DEPT-005,Formation & Développement,Abonnements professionnels,TOTAL MADA,Exploitation,4447.58,889.52,5337.1,1,20230904,2023,9
PCE-001306,2023-07-09,DEPT-006,Informatique & Licences,Licences logiciels,HOTEL COLBERT,Exploitation,12414.91,2482.98,14897.89,1,20230709,2023,7
PCE-001307,2023-03-27,DEPT-008,Informatique & Licences,Licences logiciels,BAILLEUR IMMO,Exploitation,14674.26,2934.85,17609.11,1,20230327,2023,3
PCE-001308,2024-03-11,DEPT-007,Déplacements & Missions,Hôtel & restauration,TRANSPORT EXPRESS,Exploitation,805.55,161.11,966.66,0,20240311,2024,3
PCE-001309,2023-10-25,DEPT-008,Fournitures & Consommables,Consommables informatique,IBM MADA,Exploitation,1198.43,239.69,1438.12,1,20231025,2023,10
PCE-001310,2025-08-11,DEPT-005,Fournitures & Consommables,Documentation,BAILLEUR IMMO,Exploitation,1272.31,254.46,1526.77,1,20250811,2025,8
PCE-001311,2024-02-22,DEPT-008,Loyer & Charges locatives,Charges communes,AGENCE VOYAGE,Exploitation,5616.38,0.0,5616.38,1,20240222,2024,2
PCE-001312,2025-04-22,DEPT-008,Loyer & Charges locatives,Charges communes,NETTOYAGE SERVICE,Exploitation,6867.19,0.0,6867.19,1,20250422,2025,4
PCE-001313,2023-09-10,DEPT-003,Sous-traitance,Prestations ponctuelles,ORANGE PRO,Exploitation,4868.13,973.63,5841.76,1,20230910,2023,9
PCE-001314,2024-10-02,DEPT-008,Loyer & Charges locatives,Charges communes,AGENCE VOYAGE,Exploitation,5211.21,0.0,5211.21,1,20241002,2024,10
PCE-001315,2024-08-11,DEPT-005,Fournitures & Consommables,Consommables informatique,BAILLEUR IMMO,Exploitation,1317.49,263.5,1580.99,1,20240811,2024,8
PCE-001316,2024-02-04,DEPT-002,Formation & Développement,Certifications,TRANSPORT EXPRESS,Exploitation,878.17,175.63,1053.8,1,20240204,2024,2
PCE-001317,2024-07-27,DEPT-005,Fournitures & Consommables,Consommables informatique,TOTAL MADA,Exploitation,621.97,124.39,746.36,1,20240727,2024,7
PCE-001318,2024-10-16,DEPT-004,Sous-traitance,Prestations ponctuelles,IBM MADA,Exploitation,19852.43,3970.49,23822.92,0,20241016,2024,10
PCE-001319,2023-08-09,DEPT-004,Sous-traitance,Consultants,SECURITE MADA,Exploitation,11148.09,2229.62,13377.71,0,20230809,2023,8
PCE-001320,2024-05-06,DEPT-008,Loyer & Charges locatives,Loyer bureaux,TOTAL MADA,Exploitation,7854.39,0.0,7854.39,1,20240506,2024,5
PCE-001321,2023-11-15,DEPT-006,Informatique & Licences,Matériel informatique,ORANGE PRO,Exploitation,12251.52,2450.3,14701.82,1,20231115,2023,11
PCE-001322,2025-03-02,DEPT-005,Formation & Développement,Abonnements professionnels,TRANSPORT EXPRESS,Exploitation,518.3,103.66,621.96,1,20250302,2025,3
PCE-001323,2023-11-11,DEPT-005,Formation & Développement,Certifications,IBM MADA,Exploitation,2730.47,546.09,3276.56,1,20231111,2023,11
PCE-001324,2025-06-10,DEPT-003,Sous-traitance,Consultants,TOTAL MADA,Exploitation,18648.67,3729.73,22378.4,1,20250610,2025,6
PCE-001325,2025-10-20,DEPT-002,Sous-traitance,Consultants,BAILLEUR IMMO,Exploitation,13394.03,2678.81,16072.84,1,20251020,2025,10
PCE-001326,2025-11-02,DEPT-002,Déplacements & Missions,Hôtel & restauration,FOURNITURES PRO,Exploitation,1896.73,379.35,2276.08,0,20251102,2025,11
PCE-001327,2024-12-31,DEPT-004,Salaires & Charges sociales,Avantages en nature,TOTAL MADA,Exploitation,20386.91,0.0,20386.91,0,20241231,2024,12
PCE-001328,2025-12-12,DEPT-002,Sous-traitance,Expertise externe,CONSULTANTS SA,Exploitation,19545.93,3909.19,23455.12,1,20251212,2025,12
PCE-001329,2023-03-02,DEPT-002,Déplacements & Missions,Hôtel & restauration,HOTEL COLBERT,Exploitation,461.43,92.29,553.72,0,20230302,2023,3
PCE-001330,2023-04-14,DEPT-001,Déplacements & Missions,Carburant,TRANSPORT EXPRESS,Exploitation,1966.53,393.31,2359.84,1,20230414,2023,4
PCE-001331,2023-10-11,DEPT-007,Déplacements & Missions,Transport,AGENCE VOYAGE,Exploitation,492.08,98.42,590.5,1,20231011,2023,10
PCE-001332,2025-12-16,DEPT-001,Déplacements & Missions,Hôtel & restauration,FOURNITURES PRO,Exploitation,2816.61,563.32,3379.93,1,20251216,2025,12
PCE-001333,2025-03-04,DEPT-008,Fournitures & Consommables,Documentation,FORMATION PLUS,Exploitation,115.78,23.16,138.94,1,20250304,2025,3
PCE-001334,2023-05-10,DEPT-005,Fournitures & Consommables,Consommables informatique,TRANSPORT EXPRESS,Exploitation,1325.34,265.07,1590.41,1,20230510,2023,5
PCE-001335,2023-12-01,DEPT-003,Sous-traitance,Consultants,BAILLEUR IMMO,Exploitation,8020.22,1604.04,9624.26,1,20231201,2023,12
PCE-001336,2023-02-17,DEPT-008,Fournitures & Consommables,Documentation,MICROSOFT MADA,Exploitation,691.21,138.24,829.45,1,20230217,2023,2
PCE-001337,2024-08-07,DEPT-008,Loyer & Charges locatives,Assurance locaux,HOTEL COLBERT,Exploitation,2605.18,0.0,2605.18,1,20240807,2024,8
PCE-001338,2024-03-20,DEPT-004,Salaires & Charges sociales,Charges patronales,FOURNITURES PRO,Exploitation,14248.34,0.0,14248.34,1,20240320,2024,3
PCE-001339,2023-01-09,DEPT-001,Formation & Développement,Abonnements professionnels,ORACLE,Exploitation,3280.11,656.02,3936.13,0,20230109,2023,1
PCE-001340,2025-12-22,DEPT-006,Informatique & Licences,Cloud & hébergement,IT SOLUTIONS,Exploitation,14798.14,2959.63,17757.77,1,20251222,2025,12
PCE-001341,2024-05-20,DEPT-008,Fournitures & Consommables,Documentation,AGENCE VOYAGE,Exploitation,369.36,73.87,443.23,1,20240520,2024,5
PCE-001342,2025-07-26,DEPT-001,Formation & Développement,Formations externes,MICROSOFT MADA,Exploitation,4621.94,924.39,5546.33,1,20250726,2025,7
PCE-001343,2024-03-19,DEPT-001,Salaires & Charges sociales,Charges patronales,TRANSPORT EXPRESS,Exploitation,10268.32,0.0,10268.32,0,20240319,2024,3
PCE-001344,2025-04-29,DEPT-007,Déplacements & Missions,Carburant,FORMATION PLUS,Exploitation,1033.4,206.68,1240.08,1,20250429,2025,4
PCE-001345,2024-03-31,DEPT-006,Informatique & Licences,Matériel informatique,HOTEL COLBERT,Exploitation,9785.01,1957.0,11742.01,1,20240331,2024,3
PCE-001346,2023-12-21,DEPT-008,Fournitures & Consommables,Documentation,IT SOLUTIONS,Exploitation,1391.28,278.26,1669.54,1,20231221,2023,12
PCE-001347,2024-05-08,DEPT-004,Sous-traitance,Expertise externe,ORACLE,Exploitation,9337.49,1867.5,11204.99,1,20240508,2024,5
PCE-001348,2024-11-14,DEPT-002,Salaires & Charges sociales,Salaires bruts,FORMATION PLUS,Exploitation,63988.96,0.0,63988.96,1,20241114,2024,11
PCE-001349,2025-06-19,DEPT-005,Formation & Développement,Formations externes,NETTOYAGE SERVICE,Exploitation,1401.29,280.26,1681.55,1,20250619,2025,6
PCE-001350,2024-11-23,DEPT-007,Déplacements & Missions,Carburant,CONSULTANTS SA,Exploitation,1285.55,257.11,1542.66,1,20241123,2024,11
PCE-001351,2024-05-31,DEPT-008,Informatique & Licences,Matériel informatique,HOTEL COLBERT,Exploitation,4070.65,814.13,4884.78,1,20240531,2024,5
PCE-001352,2023-03-21,DEPT-008,Loyer & Charges locatives,Charges communes,AGENCE VOYAGE,Exploitation,4111.14,0.0,4111.14,1,20230321,2023,3
PCE-001353,2023-03-07,DEPT-008,Loyer & Charges locatives,Assurance locaux,ORACLE,Exploitation,5167.26,0.0,5167.26,1,20230307,2023,3
PCE-001354,2025-04-01,DEPT-005,Formation & Développement,Certifications,HOTEL COLBERT,Exploitation,1638.8,327.76,1966.56,1,20250401,2025,4
PCE-001355,2024-08-25,DEPT-001,Déplacements & Missions,Carburant,CONSULTANTS SA,Exploitation,1337.59,267.52,1605.11,1,20240825,2024,8
PCE-001356,2025-09-21,DEPT-001,Formation & Développement,Certifications,FORMATION PLUS,Exploitation,2799.49,559.9,3359.39,1,20250921,2025,9
PCE-001357,2024-10-09,DEPT-008,Loyer & Charges locatives,Loyer bureaux,ORACLE,Exploitation,7417.75,0.0,7417.75,1,20241009,2024,10
PCE-001358,2025-05-14,DEPT-006,Informatique & Licences,Licences logiciels,HOTEL COLBERT,Exploitation,6327.56,1265.51,7593.07,1,20250514,2025,5
PCE-001359,2023-10-05,DEPT-008,Loyer & Charges locatives,Loyer bureaux,AGENCE VOYAGE,Exploitation,7896.06,0.0,7896.06,1,20231005,2023,10
PCE-001360,2023-02-18,DEPT-001,Formation & Développement,Formations externes,IBM MADA,Exploitation,945.02,189.0,1134.02,0,20230218,2023,2
PCE-001361,2023-12-02,DEPT-005,Fournitures & Consommables,Documentation,AGENCE VOYAGE,Exploitation,713.61,142.72,856.33,0,20231202,2023,12
PCE-001362,2025-12-12,DEPT-005,Formation & Développement,Formations externes,NETTOYAGE SERVICE,Exploitation,1483.84,296.77,1780.61,1,20251212,2025,12
PCE-001363,2025-12-10,DEPT-008,Fournitures & Consommables,Consommables informatique,FORMATION PLUS,Exploitation,646.39,129.28,775.67,1,20251210,2025,12
PCE-001364,2025-05-12,DEPT-008,Fournitures & Consommables,Fournitures de bureau,TOTAL MADA,Exploitation,361.4,72.28,433.68,1,20250512,2025,5
PCE-001365,2025-01-08,DEPT-008,Loyer & Charges locatives,Assurance locaux,IT SOLUTIONS,Exploitation,4408.66,0.0,4408.66,1,20250108,2025,1
PCE-001366,2024-02-16,DEPT-008,Informatique & Licences,Matériel informatique,AGENCE VOYAGE,Exploitation,7613.88,1522.78,9136.66,0,20240216,2024,2
PCE-001367,2025-09-12,DEPT-008,Loyer & Charges locatives,Loyer bureaux,TOTAL MADA,Exploitation,3390.89,0.0,3390.89,1,20250912,2025,9
PCE-001368,2023-06-08,DEPT-001,Formation & Développement,Certifications,FORMATION PLUS,Exploitation,1168.91,233.78,1402.69,1,20230608,2023,6
PCE-001369,2023-03-16,DEPT-003,Sous-traitance,Prestations ponctuelles,SECURITE MADA,Exploitation,12123.96,2424.79,14548.75,1,20230316,2023,3
PCE-001370,2023-06-21,DEPT-007,Salaires & Charges sociales,Charges patronales,BAILLEUR IMMO,Exploitation,5476.61,0.0,5476.61,1,20230621,2023,6
PCE-001371,2024-10-23,DEPT-002,Sous-traitance,Expertise externe,TOTAL MADA,Exploitation,6869.21,1373.84,8243.05,0,20241023,2024,10
PCE-001372,2025-08-29,DEPT-007,Salaires & Charges sociales,Salaires bruts,FORMATION PLUS,Exploitation,71381.41,0.0,71381.41,1,20250829,2025,8
PCE-001373,2025-10-02,DEPT-002,Formation & Développement,Abonnements professionnels,MICROSOFT MADA,Exploitation,3772.3,754.46,4526.76,0,20251002,2025,10
PCE-001374,2023-01-09,DEPT-002,Sous-traitance,Consultants,FORMATION PLUS,Exploitation,18315.34,3663.07,21978.41,1,20230109,2023,1
PCE-001375,2025-11-03,DEPT-005,Formation & Développement,Formations externes,HOTEL COLBERT,Exploitation,4702.71,940.54,5643.25,1,20251103,2025,11
PCE-001376,2024-02-11,DEPT-004,Sous-traitance,Consultants,NETTOYAGE SERVICE,Exploitation,3999.07,799.81,4798.88,1,20240211,2024,2
PCE-001377,2025-03-29,DEPT-004,Sous-traitance,Expertise externe,FORMATION PLUS,Exploitation,11821.46,2364.29,14185.75,1,20250329,2025,3
PCE-001378,2025-04-07,DEPT-005,Fournitures & Consommables,Consommables informatique,ORANGE PRO,Exploitation,1151.41,230.28,1381.69,1,20250407,2025,4
PCE-001379,2024-06-01,DEPT-008,Loyer & Charges locatives,Loyer bureaux,AGENCE VOYAGE,Exploitation,2005.58,0.0,2005.58,1,20240601,2024,6
PCE-001380,2023-12-27,DEPT-008,Informatique & Licences,Cloud & hébergement,IBM MADA,Exploitation,2641.58,528.32,3169.9,1,20231227,2023,12
PCE-001381,2024-09-19,DEPT-006,Informatique & Licences,Maintenance SI,FORMATION PLUS,Exploitation,11560.4,2312.08,13872.48,1,20240919,2024,9
PCE-001382,2024-12-30,DEPT-005,Formation & Développement,Certifications,HOTEL COLBERT,Exploitation,773.93,154.79,928.72,1,20241230,2024,12
PCE-001383,2024-06-23,DEPT-001,Déplacements & Missions,Transport,FOURNITURES PRO,Exploitation,422.69,84.54,507.23,0,20240623,2024,6
PCE-001384,2024-12-22,DEPT-008,Informatique & Licences,Cloud & hébergement,BAILLEUR IMMO,Exploitation,3287.57,657.51,3945.08,1,20241222,2024,12
PCE-001385,2025-10-07,DEPT-005,Fournitures & Consommables,Fournitures de bureau,ORACLE,Exploitation,1392.25,278.45,1670.7,1,20251007,2025,10
PCE-001386,2023-05-23,DEPT-005,Formation & Développement,Abonnements professionnels,TRANSPORT EXPRESS,Exploitation,3528.98,705.8,4234.78,0,20230523,2023,5
PCE-001387,2023-12-04,DEPT-001,Sous-traitance,Consultants,IT SOLUTIONS,Exploitation,15491.3,3098.26,18589.56,1,20231204,2023,12
PCE-001388,2024-04-18,DEPT-006,Informatique & Licences,Maintenance SI,HOTEL COLBERT,Exploitation,796.82,159.36,956.18,1,20240418,2024,4
PCE-001389,2024-07-25,DEPT-005,Formation & Développement,Formations externes,SECURITE MADA,Exploitation,1827.11,365.42,2192.53,0,20240725,2024,7
PCE-001390,2023-10-25,DEPT-002,Formation & Développement,Certifications,FOURNITURES PRO,Exploitation,3169.14,633.83,3802.97,1,20231025,2023,10
PCE-001391,2025-10-18,DEPT-001,Déplacements & Missions,Hôtel & restauration,NETTOYAGE SERVICE,Exploitation,2141.04,428.21,2569.25,0,20251018,2025,10
PCE-001392,2025-07-19,DEPT-007,Déplacements & Missions,Carburant,ORACLE,Exploitation,562.54,112.51,675.05,1,20250719,2025,7
PCE-001393,2025-09-11,DEPT-005,Fournitures & Consommables,Documentation,SECURITE MADA,Exploitation,310.48,62.1,372.58,1,20250911,2025,9
PCE-001394,2023-07-30,DEPT-008,Informatique & Licences,Licences logiciels,TOTAL MADA,Exploitation,8662.35,1732.47,10394.82,1,20230730,2023,7
PCE-001395,2025-06-24,DEPT-003,Salaires & Charges sociales,Avantages en nature,FOURNITURES PRO,Exploitation,46927.73,0.0,46927.73,1,20250624,2025,6
PCE-001396,2024-05-22,DEPT-008,Loyer & Charges locatives,Loyer bureaux,MICROSOFT MADA,Exploitation,2396.17,0.0,2396.17,1,20240522,2024,5
PCE-001397,2023-09-17,DEPT-008,Fournitures & Consommables,Fournitures de bureau,IT SOLUTIONS,Exploitation,693.14,138.63,831.77,1,20230917,2023,9
PCE-001398,2024-01-04,DEPT-001,Sous-traitance,Consultants,FORMATION PLUS,Exploitation,6399.53,1279.91,7679.44,1,20240104,2024,1
PCE-001399,2025-08-19,DEPT-008,Informatique & Licences,Cloud & hébergement,IBM MADA,Exploitation,8674.43,1734.89,10409.32,1,20250819,2025,8
PCE-001400,2024-12-19,DEPT-006,Informatique & Licences,Matériel informatique,SECURITE MADA,Exploitation,13437.45,2687.49,16124.94,1,20241219,2024,12
PCE-001401,2024-08-10,DEPT-008,Loyer & Charges locatives,Assurance locaux,NETTOYAGE SERVICE,Exploitation,3227.45,0.0,3227.45,1,20240810,2024,8
PCE-001402,2023-02-24,DEPT-002,Déplacements & Missions,Transport,TRANSPORT EXPRESS,Exploitation,1639.51,327.9,1967.41,1,20230224,2023,2
PCE-001403,2024-11-04,DEPT-008,Loyer & Charges locatives,Charges communes,FOURNITURES PRO,Exploitation,5662.11,0.0,5662.11,1,20241104,2024,11
PCE-001404,2024-07-05,DEPT-002,Formation & Développement,Certifications,IBM MADA,Exploitation,4355.97,871.19,5227.16,1,20240705,2024,7
PCE-001405,2023-09-10,DEPT-002,Formation & Développement,Formations externes,SECURITE MADA,Exploitation,1202.21,240.44,1442.65,1,20230910,2023,9
PCE-001406,2024-01-09,DEPT-002,Salaires & Charges sociales,Avantages en nature,FOURNITURES PRO,Exploitation,34508.73,0.0,34508.73,1,20240109,2024,1
PCE-001407,2024-10-16,DEPT-004,Salaires & Charges sociales,Charges patronales,FORMATION PLUS,Exploitation,24202.06,0.0,24202.06,1,20241016,2024,10
PCE-001408,2023-04-17,DEPT-001,Déplacements & Missions,Hôtel & restauration,TOTAL MADA,Exploitation,1565.26,313.05,1878.31,1,20230417,2023,4
PCE-001409,2025-01-29,DEPT-008,Fournitures & Consommables,Fournitures de bureau,AGENCE VOYAGE,Exploitation,1425.8,285.16,1710.96,1,20250129,2025,1
PCE-001410,2024-03-21,DEPT-001,Formation & Développement,Abonnements professionnels,FORMATION PLUS,Exploitation,1334.76,266.95,1601.71,1,20240321,2024,3
PCE-001411,2024-02-19,DEPT-002,Sous-traitance,Expertise externe,SECURITE MADA,Exploitation,3470.04,694.01,4164.05,1,20240219,2024,2
PCE-001412,2025-12-11,DEPT-001,Déplacements & Missions,Hôtel & restauration,FOURNITURES PRO,Exploitation,347.21,69.44,416.65,0,20251211,2025,12
PCE-001413,2024-05-09,DEPT-008,Fournitures & Consommables,Consommables informatique,FORMATION PLUS,Exploitation,717.3,143.46,860.76,0,20240509,2024,5
PCE-001414,2023-11-30,DEPT-008,Informatique & Licences,Matériel informatique,AGENCE VOYAGE,Exploitation,10655.35,2131.07,12786.42,1,20231130,2023,11
PCE-001415,2023-08-11,DEPT-008,Fournitures & Consommables,Consommables informatique,ORANGE PRO,Exploitation,1235.06,247.01,1482.07,1,20230811,2023,8
PCE-001416,2024-04-04,DEPT-004,Sous-traitance,Prestations ponctuelles,IT SOLUTIONS,Exploitation,19654.21,3930.84,23585.05,0,20240404,2024,4
PCE-001417,2023-11-11,DEPT-005,Fournitures & Consommables,Documentation,CONSULTANTS SA,Exploitation,838.23,167.65,1005.88,1,20231111,2023,11
PCE-001418,2023-07-26,DEPT-002,Salaires & Charges sociales,Charges patronales,CONSULTANTS SA,Exploitation,36455.72,0.0,36455.72,1,20230726,2023,7
PCE-001419,2024-10-04,DEPT-001,Formation & Développement,Abonnements professionnels,NETTOYAGE SERVICE,Exploitation,1246.76,249.35,1496.11,0,20241004,2024,10
PCE-001420,2025-10-08,DEPT-001,Formation & Développement,Abonnements professionnels,IBM MADA,Exploitation,4809.84,961.97,5771.81,1,20251008,2025,10
PCE-001421,2024-02-24,DEPT-008,Loyer & Charges locatives,Loyer bureaux,SECURITE MADA,Exploitation,2424.06,0.0,2424.06,1,20240224,2024,2
PCE-001422,2024-03-12,DEPT-001,Formation & Développement,Certifications,IT SOLUTIONS,Exploitation,3385.16,677.03,4062.19,0,20240312,2024,3
PCE-001423,2025-05-16,DEPT-007,Salaires & Charges sociales,Charges patronales,FORMATION PLUS,Exploitation,61208.01,0.0,61208.01,1,20250516,2025,5
PCE-001424,2023-10-19,DEPT-001,Salaires & Charges sociales,Salaires bruts,MICROSOFT MADA,Exploitation,13441.96,0.0,13441.96,1,20231019,2023,10
PCE-001425,2025-12-18,DEPT-003,Déplacements & Missions,Carburant,FORMATION PLUS,Exploitation,1387.62,277.52,1665.14,1,20251218,2025,12
PCE-001426,2025-08-08,DEPT-001,Sous-traitance,Prestations ponctuelles,MICROSOFT MADA,Exploitation,2071.62,414.32,2485.94,1,20250808,2025,8
PCE-001427,2024-04-10,DEPT-008,Informatique & Licences,Matériel informatique,ORANGE PRO,Exploitation,7934.67,1586.93,9521.6,1,20240410,2024,4
PCE-001428,2023-01-06,DEPT-008,Fournitures & Consommables,Consommables informatique,CONSULTANTS SA,Exploitation,563.27,112.65,675.92,1,20230106,2023,1
PCE-001429,2023-12-16,DEPT-008,Loyer & Charges locatives,Assurance locaux,NETTOYAGE SERVICE,Exploitation,6381.11,0.0,6381.11,1,20231216,2023,12
PCE-001430,2024-08-10,DEPT-002,Déplacements & Missions,Transport,AGENCE VOYAGE,Exploitation,2091.46,418.29,2509.75,0,20240810,2024,8
PCE-001431,2025-09-01,DEPT-008,Fournitures & Consommables,Fournitures de bureau,FORMATION PLUS,Exploitation,544.16,108.83,652.99,1,20250901,2025,9
PCE-001432,2024-02-27,DEPT-006,Informatique & Licences,Maintenance SI,BAILLEUR IMMO,Exploitation,8316.36,1663.27,9979.63,1,20240227,2024,2
PCE-001433,2024-01-30,DEPT-003,Déplacements & Missions,Hôtel & restauration,FORMATION PLUS,Exploitation,2252.13,450.43,2702.56,1,20240130,2024,1
PCE-001434,2024-07-02,DEPT-008,Fournitures & Consommables,Documentation,ORACLE,Exploitation,1232.9,246.58,1479.48,1,20240702,2024,7
PCE-001435,2025-02-26,DEPT-006,Informatique & Licences,Cloud & hébergement,TOTAL MADA,Exploitation,3049.26,609.85,3659.11,1,20250226,2025,2
PCE-001436,2023-10-16,DEPT-005,Fournitures & Consommables,Consommables informatique,HOTEL COLBERT,Exploitation,1173.68,234.74,1408.42,1,20231016,2023,10
PCE-001437,2024-04-13,DEPT-003,Sous-traitance,Expertise externe,FORMATION PLUS,Exploitation,13649.51,2729.9,16379.41,1,20240413,2024,4
PCE-001438,2023-05-01,DEPT-002,Déplacements & Missions,Hôtel & restauration,ORANGE PRO,Exploitation,1097.38,219.48,1316.86,1,20230501,2023,5
PCE-001439,2023-08-31,DEPT-005,Formation & Développement,Abonnements professionnels,FOURNITURES PRO,Exploitation,4056.38,811.28,4867.66,0,20230831,2023,8
PCE-001440,2025-07-16,DEPT-003,Déplacements & Missions,Carburant,ORANGE PRO,Exploitation,565.62,113.12,678.74,1,20250716,2025,7
PCE-001441,2024-07-22,DEPT-008,Informatique & Licences,Licences logiciels,CONSULTANTS SA,Exploitation,12515.74,2503.15,15018.89,1,20240722,2024,7
PCE-001442,2025-04-04,DEPT-001,Déplacements & Missions,Transport,TRANSPORT EXPRESS,Exploitation,2238.95,447.79,2686.74,1,20250404,2025,4
PCE-001443,2023-04-22,DEPT-006,Informatique & Licences,Licences logiciels,TOTAL MADA,Exploitation,10887.51,2177.5,13065.01,1,20230422,2023,4
PCE-001444,2025-03-14,DEPT-008,Loyer & Charges locatives,Assurance locaux,ORACLE,Exploitation,5924.28,0.0,5924.28,1,20250314,2025,3
PCE-001445,2025-01-28,DEPT-007,Déplacements & Missions,Hôtel & restauration,TRANSPORT EXPRESS,Exploitation,1373.91,274.78,1648.69,1,20250128,2025,1
PCE-001446,2024-01-30,DEPT-007,Déplacements & Missions,Hôtel & restauration,ORACLE,Exploitation,2230.33,446.07,2676.4,1,20240130,2024,1
PCE-001447,2023-05-01,DEPT-006,Salaires & Charges sociales,Avantages en nature,TOTAL MADA,Exploitation,30317.18,0.0,30317.18,1,20230501,2023,5
PCE-001448,2023-11-08,DEPT-003,Sous-traitance,Consultants,SECURITE MADA,Exploitation,5584.76,1116.95,6701.71,1,20231108,2023,11
PCE-001449,2024-01-16,DEPT-002,Formation & Développement,Formations externes,NETTOYAGE SERVICE,Exploitation,1027.76,205.55,1233.31,1,20240116,2024,1
PCE-001450,2023-07-20,DEPT-003,Déplacements & Missions,Transport,NETTOYAGE SERVICE,Exploitation,2545.55,509.11,3054.66,0,20230720,2023,7
PCE-001451,2025-08-05,DEPT-001,Sous-traitance,Consultants,IBM MADA,Exploitation,5174.83,1034.97,6209.8,0,20250805,2025,8
PCE-001452,2024-08-29,DEPT-004,Sous-traitance,Prestations ponctuelles,FOURNITURES PRO,Exploitation,4133.39,826.68,4960.07,1,20240829,2024,8
PCE-001453,2025-05-05,DEPT-007,Salaires & Charges sociales,Salaires bruts,BAILLEUR IMMO,Exploitation,16169.96,0.0,16169.96,1,20250505,2025,5
PCE-001454,2023-04-26,DEPT-001,Sous-traitance,Consultants,AGENCE VOYAGE,Exploitation,10101.05,2020.21,12121.26,0,20230426,2023,4
PCE-001455,2025-03-24,DEPT-008,Salaires & Charges sociales,Salaires bruts,BAILLEUR IMMO,Exploitation,50292.55,0.0,50292.55,1,20250324,2025,3
PCE-001456,2023-05-01,DEPT-008,Fournitures & Consommables,Consommables informatique,CONSULTANTS SA,Exploitation,476.87,95.37,572.24,1,20230501,2023,5
PCE-001457,2024-02-20,DEPT-003,Déplacements & Missions,Hôtel & restauration,HOTEL COLBERT,Exploitation,490.95,98.19,589.14,1,20240220,2024,2
PCE-001458,2025-03-04,DEPT-005,Salaires & Charges sociales,Avantages en nature,AGENCE VOYAGE,Exploitation,55482.47,0.0,55482.47,1,20250304,2025,3
PCE-001459,2023-05-22,DEPT-002,Sous-traitance,Expertise externe,FOURNITURES PRO,Exploitation,17396.95,3479.39,20876.34,1,20230522,2023,5
PCE-001460,2025-09-30,DEPT-001,Formation & Développement,Certifications,NETTOYAGE SERVICE,Exploitation,2934.75,586.95,3521.7,1,20250930,2025,9
PCE-001461,2025-11-07,DEPT-005,Fournitures & Consommables,Consommables informatique,BAILLEUR IMMO,Exploitation,1368.85,273.77,1642.62,1,20251107,2025,11
PCE-001462,2025-04-05,DEPT-008,Fournitures & Consommables,Fournitures de bureau,HOTEL COLBERT,Exploitation,1480.69,296.14,1776.83,1,20250405,2025,4
PCE-001463,2025-10-25,DEPT-006,Informatique & Licences,Licences logiciels,CONSULTANTS SA,Exploitation,3217.24,643.45,3860.69,1,20251025,2025,10
PCE-001464,2025-06-20,DEPT-001,Formation & Développement,Certifications,CONSULTANTS SA,Exploitation,791.61,158.32,949.93,1,20250620,2025,6
PCE-001465,2023-02-02,DEPT-006,Informatique & Licences,Maintenance SI,HOTEL COLBERT,Exploitation,2177.08,435.42,2612.5,0,20230202,2023,2
PCE-001466,2023-11-07,DEPT-003,Sous-traitance,Consultants,HOTEL COLBERT,Exploitation,14809.64,2961.93,17771.57,1,20231107,2023,11
PCE-001467,2025-12-04,DEPT-002,Sous-traitance,Prestations ponctuelles,MICROSOFT MADA,Exploitation,19374.18,3874.84,23249.02,1,20251204,2025,12
PCE-001468,2025-04-10,DEPT-006,Informatique & Licences,Matériel informatique,HOTEL COLBERT,Exploitation,4974.49,994.9,5969.39,1,20250410,2025,4
PCE-001469,2025-05-10,DEPT-005,Salaires & Charges sociales,Avantages en nature,FORMATION PLUS,Exploitation,64409.51,0.0,64409.51,1,20250510,2025,5
PCE-001470,2024-03-19,DEPT-008,Loyer & Charges locatives,Assurance locaux,IBM MADA,Exploitation,5963.98,0.0,5963.98,1,20240319,2024,3
PCE-001471,2023-06-25,DEPT-001,Déplacements & Missions,Hôtel & restauration,ORANGE PRO,Exploitation,2429.66,485.93,2915.59,1,20230625,2023,6
PCE-001472,2023-06-02,DEPT-005,Fournitures & Consommables,Fournitures de bureau,ORACLE,Exploitation,1092.83,218.57,1311.4,1,20230602,2023,6
PCE-001473,2023-04-09,DEPT-003,Déplacements & Missions,Carburant,ORACLE,Exploitation,1050.82,210.16,1260.98,0,20230409,2023,4
PCE-001474,2024-12-11,DEPT-006,Salaires & Charges sociales,Salaires bruts,CONSULTANTS SA,Exploitation,56176.54,0.0,56176.54,1,20241211,2024,12
PCE-001475,2024-04-01,DEPT-004,Sous-traitance,Prestations ponctuelles,CONSULTANTS SA,Exploitation,12708.32,2541.66,15249.98,0,20240401,2024,4
PCE-001476,2023-05-29,DEPT-007,Salaires & Charges sociales,Avantages en nature,CONSULTANTS SA,Exploitation,51668.75,0.0,51668.75,1,20230529,2023,5
PCE-001477,2023-02-13,DEPT-007,Salaires & Charges sociales,Avantages en nature,TOTAL MADA,Exploitation,51772.32,0.0,51772.32,1,20230213,2023,2
PCE-001478,2025-05-15,DEPT-001,Formation & Développement,Certifications,NETTOYAGE SERVICE,Exploitation,4220.89,844.18,5065.07,1,20250515,2025,5
PCE-001479,2025-05-28,DEPT-007,Salaires & Charges sociales,Salaires bruts,ORANGE PRO,Exploitation,72235.99,0.0,72235.99,1,20250528,2025,5
PCE-001480,2025-08-13,DEPT-003,Déplacements & Missions,Transport,TOTAL MADA,Exploitation,2117.54,423.51,2541.05,0,20250813,2025,8
PCE-001481,2025-08-18,DEPT-003,Déplacements & Missions,Carburant,FOURNITURES PRO,Exploitation,340.43,68.09,408.52,0,20250818,2025,8
PCE-001482,2024-12-06,DEPT-002,Formation & Développement,Formations externes,ORACLE,Exploitation,2994.67,598.93,3593.6,1,20241206,2024,12
PCE-001483,2025-09-09,DEPT-008,Fournitures & Consommables,Documentation,HOTEL COLBERT,Exploitation,778.34,155.67,934.01,1,20250909,2025,9
PCE-001484,2024-08-06,DEPT-008,Loyer & Charges locatives,Loyer bureaux,ORANGE PRO,Exploitation,7990.79,0.0,7990.79,1,20240806,2024,8
PCE-001485,2023-05-13,DEPT-008,Informatique & Licences,Licences logiciels,HOTEL COLBERT,Exploitation,11323.01,2264.6,13587.61,1,20230513,2023,5
PCE-001486,2025-06-10,DEPT-008,Informatique & Licences,Cloud & hébergement,FORMATION PLUS,Exploitation,3082.06,616.41,3698.47,1,20250610,2025,6
PCE-001487,2025-05-08,DEPT-003,Déplacements & Missions,Carburant,NETTOYAGE SERVICE,Exploitation,939.11,187.82,1126.93,0,20250508,2025,5
PCE-001488,2025-11-02,DEPT-008,Informatique & Licences,Licences logiciels,CONSULTANTS SA,Exploitation,14016.95,2803.39,16820.34,1,20251102,2025,11
PCE-001489,2023-03-19,DEPT-008,Fournitures & Consommables,Fournitures de bureau,IBM MADA,Exploitation,215.85,43.17,259.02,1,20230319,2023,3
PCE-001490,2023-10-02,DEPT-008,Informatique & Licences,Maintenance SI,TOTAL MADA,Exploitation,14758.0,2951.6,17709.6,1,20231002,2023,10
PCE-001491,2024-11-01,DEPT-005,Fournitures & Consommables,Consommables informatique,FOURNITURES PRO,Exploitation,908.16,181.63,1089.79,1,20241101,2024,11
PCE-001492,2024-04-25,DEPT-008,Loyer & Charges locatives,Charges communes,IBM MADA,Exploitation,5702.01,0.0,5702.01,1,20240425,2024,4
PCE-001493,2024-07-23,DEPT-005,Formation & Développement,Formations externes,FOURNITURES PRO,Exploitation,1652.31,330.46,1982.77,0,20240723,2024,7
PCE-001494,2023-01-09,DEPT-001,Formation & Développement,Certifications,AGENCE VOYAGE,Exploitation,1027.35,205.47,1232.82,1,20230109,2023,1
PCE-001495,2024-07-20,DEPT-008,Fournitures & Consommables,Fournitures de bureau,IBM MADA,Exploitation,1190.15,238.03,1428.18,1,20240720,2024,7
PCE-001496,2025-01-12,DEPT-005,Fournitures & Consommables,Fournitures de bureau,IT SOLUTIONS,Exploitation,1475.74,295.15,1770.89,1,20250112,2025,1
PCE-001497,2025-08-21,DEPT-008,Loyer & Charges locatives,Assurance locaux,HOTEL COLBERT,Exploitation,4169.7,0.0,4169.7,1,20250821,2025,8
PCE-001498,2023-08-29,DEPT-008,Loyer & Charges locatives,Loyer bureaux,FORMATION PLUS,Exploitation,4777.07,0.0,4777.07,1,20230829,2023,8
PCE-001499,2024-03-27,DEPT-002,Formation & Développement,Formations externes,ORANGE PRO,Exploitation,1162.43,232.49,1394.92,1,20240327,2024,3
PCE-001500,2024-02-23,DEPT-001,Formation & Développement,Abonnements professionnels,IT SOLUTIONS,Exploitation,3060.22,612.04,3672.26,0,20240223,2024,2
PCE-001501,2024-10-29,DEPT-001,Déplacements & Missions,Hôtel & restauration,IBM MADA,Exploitation,2840.79,568.16,3408.95,1,20241029,2024,10
PCE-001502,2025-02-04,DEPT-008,Loyer & Charges locatives,Assurance locaux,BAILLEUR IMMO,Exploitation,2114.03,0.0,2114.03,1,20250204,2025,2
PCE-001503,2024-10-29,DEPT-003,Sous-traitance,Prestations ponctuelles,MICROSOFT MADA,Exploitation,14688.2,2937.64,17625.84,1,20241029,2024,10
PCE-001504,2024-08-22,DEPT-005,Fournitures & Consommables,Documentation,AGENCE VOYAGE,Exploitation,158.33,31.67,190.0,1,20240822,2024,8
PCE-001505,2025-01-18,DEPT-008,Loyer & Charges locatives,Assurance locaux,IBM MADA,Exploitation,6408.03,0.0,6408.03,1,20250118,2025,1
PCE-001506,2025-07-14,DEPT-002,Sous-traitance,Prestations ponctuelles,FORMATION PLUS,Exploitation,1442.66,288.53,1731.19,1,20250714,2025,7
PCE-001507,2025-11-03,DEPT-008,Informatique & Licences,Licences logiciels,FOURNITURES PRO,Exploitation,14300.32,2860.06,17160.38,1,20251103,2025,11
PCE-001508,2025-01-22,DEPT-003,Salaires & Charges sociales,Charges patronales,MICROSOFT MADA,Exploitation,31404.52,0.0,31404.52,1,20250122,2025,1
PCE-001509,2024-02-20,DEPT-004,Sous-traitance,Consultants,BAILLEUR IMMO,Exploitation,18804.52,3760.9,22565.42,0,20240220,2024,2
PCE-001510,2023-02-11,DEPT-002,Sous-traitance,Prestations ponctuelles,HOTEL COLBERT,Exploitation,2206.81,441.36,2648.17,1,20230211,2023,2
PCE-001511,2023-02-20,DEPT-001,Formation & Développement,Formations externes,NETTOYAGE SERVICE,Exploitation,4946.92,989.38,5936.3,1,20230220,2023,2
PCE-001512,2024-08-07,DEPT-003,Sous-traitance,Consultants,NETTOYAGE SERVICE,Exploitation,18807.01,3761.4,22568.41,1,20240807,2024,8
PCE-001513,2025-11-09,DEPT-002,Formation & Développement,Certifications,ORANGE PRO,Exploitation,3634.68,726.94,4361.62,1,20251109,2025,11
PCE-001514,2025-06-19,DEPT-008,Loyer & Charges locatives,Loyer bureaux,FOURNITURES PRO,Exploitation,7925.6,0.0,7925.6,1,20250619,2025,6
PCE-001515,2024-11-12,DEPT-002,Salaires & Charges sociales,Salaires bruts,TRANSPORT EXPRESS,Exploitation,23612.97,0.0,23612.97,1,20241112,2024,11
PCE-001516,2024-04-01,DEPT-008,Loyer & Charges locatives,Charges communes,HOTEL COLBERT,Exploitation,7906.71,0.0,7906.71,1,20240401,2024,4
PCE-001517,2025-01-14,DEPT-001,Formation & Développement,Certifications,ORACLE,Exploitation,4302.67,860.53,5163.2,0,20250114,2025,1
PCE-001518,2024-08-13,DEPT-003,Sous-traitance,Consultants,MICROSOFT MADA,Exploitation,7311.33,1462.27,8773.6,1,20240813,2024,8
PCE-001519,2023-11-10,DEPT-008,Loyer & Charges locatives,Charges communes,SECURITE MADA,Exploitation,2072.15,0.0,2072.15,1,20231110,2023,11
PCE-001520,2024-06-09,DEPT-002,Déplacements & Missions,Carburant,CONSULTANTS SA,Exploitation,2094.5,418.9,2513.4,0,20240609,2024,6
PCE-001521,2025-03-02,DEPT-001,Formation & Développement,Formations externes,FOURNITURES PRO,Exploitation,1049.11,209.82,1258.93,1,20250302,2025,3
PCE-001522,2025-02-09,DEPT-002,Formation & Développement,Abonnements professionnels,SECURITE MADA,Exploitation,699.64,139.93,839.57,1,20250209,2025,2
PCE-001523,2024-02-19,DEPT-005,Formation & Développement,Formations externes,AGENCE VOYAGE,Exploitation,3223.46,644.69,3868.15,1,20240219,2024,2
PCE-001524,2025-12-19,DEPT-002,Formation & Développement,Formations externes,ORANGE PRO,Exploitation,1398.56,279.71,1678.27,1,20251219,2025,12
PCE-001525,2023-10-26,DEPT-007,Déplacements & Missions,Transport,ORACLE,Exploitation,2928.2,585.64,3513.84,1,20231026,2023,10
PCE-001526,2024-01-15,DEPT-001,Formation & Développement,Formations externes,SECURITE MADA,Exploitation,2681.35,536.27,3217.62,1,20240115,2024,1
PCE-001527,2024-05-17,DEPT-001,Salaires & Charges sociales,Charges patronales,AGENCE VOYAGE,Exploitation,36613.19,0.0,36613.19,1,20240517,2024,5
PCE-001528,2024-11-13,DEPT-008,Fournitures & Consommables,Fournitures de bureau,BAILLEUR IMMO,Exploitation,1011.88,202.38,1214.26,1,20241113,2024,11
PCE-001529,2023-03-12,DEPT-001,Formation & Développement,Formations externes,MICROSOFT MADA,Exploitation,3589.61,717.92,4307.53,1,20230312,2023,3
PCE-001530,2024-10-15,DEPT-008,Loyer & Charges locatives,Assurance locaux,FOURNITURES PRO,Exploitation,3008.67,0.0,3008.67,1,20241015,2024,10
PCE-001531,2025-11-28,DEPT-005,Fournitures & Consommables,Fournitures de bureau,IT SOLUTIONS,Exploitation,1410.37,282.07,1692.44,1,20251128,2025,11
PCE-001532,2025-07-31,DEPT-003,Salaires & Charges sociales,Salaires bruts,TRANSPORT EXPRESS,Exploitation,12459.67,0.0,12459.67,1,20250731,2025,7
PCE-001533,2023-02-22,DEPT-001,Déplacements & Missions,Carburant,FORMATION PLUS,Exploitation,884.56,176.91,1061.47,0,20230222,2023,2
PCE-001534,2025-11-01,DEPT-008,Informatique & Licences,Matériel informatique,SECURITE MADA,Exploitation,4649.96,929.99,5579.95,1,20251101,2025,11
PCE-001535,2025-09-26,DEPT-002,Sous-traitance,Expertise externe,AGENCE VOYAGE,Exploitation,3552.28,710.46,4262.74,1,20250926,2025,9
PCE-001536,2025-10-09,DEPT-002,Sous-traitance,Prestations ponctuelles,SECURITE MADA,Exploitation,19878.03,3975.61,23853.64,0,20251009,2025,10
PCE-001537,2023-05-29,DEPT-008,Loyer & Charges locatives,Charges communes,IBM MADA,Exploitation,6290.62,0.0,6290.62,1,20230529,2023,5
PCE-001538,2024-08-31,DEPT-008,Fournitures & Consommables,Documentation,HOTEL COLBERT,Exploitation,1077.8,215.56,1293.36,1,20240831,2024,8
PCE-001539,2025-02-08,DEPT-006,Informatique & Licences,Licences logiciels,FOURNITURES PRO,Exploitation,7932.9,1586.58,9519.48,1,20250208,2025,2
PCE-001540,2023-03-09,DEPT-008,Salaires & Charges sociales,Charges patronales,HOTEL COLBERT,Exploitation,9928.0,0.0,9928.0,1,20230309,2023,3
PCE-001541,2023-07-07,DEPT-008,Loyer & Charges locatives,Loyer bureaux,ORANGE PRO,Exploitation,6280.4,0.0,6280.4,1,20230707,2023,7
PCE-001542,2025-03-02,DEPT-008,Loyer & Charges locatives,Charges communes,TOTAL MADA,Exploitation,4140.83,0.0,4140.83,1,20250302,2025,3
PCE-001543,2023-04-28,DEPT-008,Loyer & Charges locatives,Loyer bureaux,HOTEL COLBERT,Exploitation,2786.87,0.0,2786.87,1,20230428,2023,4
PCE-001544,2023-08-21,DEPT-008,Fournitures & Consommables,Fournitures de bureau,TRANSPORT EXPRESS,Exploitation,726.88,145.38,872.26,1,20230821,2023,8
PCE-001545,2023-10-15,DEPT-008,Loyer & Charges locatives,Loyer bureaux,FOURNITURES PRO,Exploitation,4963.58,0.0,4963.58,1,20231015,2023,10
PCE-001546,2023-12-08,DEPT-008,Informatique & Licences,Licences logiciels,AGENCE VOYAGE,Exploitation,850.55,170.11,1020.66,1,20231208,2023,12
PCE-001547,2023-09-24,DEPT-008,Informatique & Licences,Licences logiciels,FOURNITURES PRO,Exploitation,13049.64,2609.93,15659.57,1,20230924,2023,9
PCE-001548,2023-07-30,DEPT-005,Fournitures & Consommables,Fournitures de bureau,TOTAL MADA,Exploitation,113.56,22.71,136.27,1,20230730,2023,7
PCE-001549,2023-05-23,DEPT-002,Sous-traitance,Consultants,ORANGE PRO,Exploitation,9733.99,1946.8,11680.79,0,20230523,2023,5
PCE-001550,2025-03-23,DEPT-008,Loyer & Charges locatives,Assurance locaux,FORMATION PLUS,Exploitation,7204.65,0.0,7204.65,1,20250323,2025,3
PCE-001551,2023-06-03,DEPT-001,Salaires & Charges sociales,Salaires bruts,TOTAL MADA,Exploitation,21149.68,0.0,21149.68,1,20230603,2023,6
PCE-001552,2023-07-06,DEPT-001,Sous-traitance,Consultants,AGENCE VOYAGE,Exploitation,16817.89,3363.58,20181.47,1,20230706,2023,7
PCE-001553,2025-03-04,DEPT-008,Fournitures & Consommables,Fournitures de bureau,IT SOLUTIONS,Exploitation,215.31,43.06,258.37,1,20250304,2025,3
PCE-001554,2025-10-11,DEPT-001,Déplacements & Missions,Carburant,TRANSPORT EXPRESS,Exploitation,599.91,119.98,719.89,1,20251011,2025,10
PCE-001555,2025-01-16,DEPT-006,Informatique & Licences,Maintenance SI,TRANSPORT EXPRESS,Exploitation,1204.2,240.84,1445.04,1,20250116,2025,1
PCE-001556,2024-02-24,DEPT-003,Sous-traitance,Expertise externe,IBM MADA,Exploitation,14107.99,2821.6,16929.59,0,20240224,2024,2
PCE-001557,2025-01-12,DEPT-008,Loyer & Charges locatives,Charges communes,MICROSOFT MADA,Exploitation,2163.33,0.0,2163.33,1,20250112,2025,1
PCE-001558,2023-05-20,DEPT-008,Informatique & Licences,Maintenance SI,ORANGE PRO,Exploitation,1017.18,203.44,1220.62,1,20230520,2023,5
PCE-001559,2024-05-15,DEPT-001,Déplacements & Missions,Carburant,BAILLEUR IMMO,Exploitation,299.39,59.88,359.27,0,20240515,2024,5
PCE-001560,2024-02-28,DEPT-007,Salaires & Charges sociales,Charges patronales,IBM MADA,Exploitation,21600.42,0.0,21600.42,1,20240228,2024,2
PCE-001561,2023-11-03,DEPT-005,Salaires & Charges sociales,Salaires bruts,FORMATION PLUS,Exploitation,27006.23,0.0,27006.23,1,20231103,2023,11
PCE-001562,2024-02-17,DEPT-004,Sous-traitance,Consultants,BAILLEUR IMMO,Exploitation,7421.39,1484.28,8905.67,0,20240217,2024,2
PCE-001563,2024-04-29,DEPT-008,Loyer & Charges locatives,Loyer bureaux,FORMATION PLUS,Exploitation,5380.79,0.0,5380.79,1,20240429,2024,4
PCE-001564,2025-01-11,DEPT-005,Fournitures & Consommables,Documentation,BAILLEUR IMMO,Exploitation,772.72,154.54,927.26,1,20250111,2025,1
PCE-001565,2025-10-29,DEPT-003,Sous-traitance,Expertise externe,AGENCE VOYAGE,Exploitation,1369.23,273.85,1643.08,1,20251029,2025,10
PCE-001566,2025-02-11,DEPT-008,Loyer & Charges locatives,Charges communes,FOURNITURES PRO,Exploitation,4928.86,0.0,4928.86,1,20250211,2025,2
PCE-001567,2023-09-06,DEPT-008,Loyer & Charges locatives,Loyer bureaux,CONSULTANTS SA,Exploitation,3607.94,0.0,3607.94,1,20230906,2023,9
PCE-001568,2025-01-28,DEPT-008,Informatique & Licences,Maintenance SI,NETTOYAGE SERVICE,Exploitation,13075.09,2615.02,15690.11,1,20250128,2025,1
PCE-001569,2024-08-11,DEPT-002,Formation & Développement,Formations externes,SECURITE MADA,Exploitation,3392.75,678.55,4071.3,1,20240811,2024,8
PCE-001570,2023-02-13,DEPT-005,Formation & Développement,Certifications,BAILLEUR IMMO,Exploitation,1132.0,226.4,1358.4,1,20230213,2023,2
PCE-001571,2025-12-05,DEPT-007,Salaires & Charges sociales,Avantages en nature,TOTAL MADA,Exploitation,46066.05,0.0,46066.05,1,20251205,2025,12
PCE-001572,2023-08-18,DEPT-001,Sous-traitance,Consultants,BAILLEUR IMMO,Exploitation,17181.23,3436.25,20617.48,0,20230818,2023,8
PCE-001573,2023-11-27,DEPT-008,Salaires & Charges sociales,Avantages en nature,BAILLEUR IMMO,Exploitation,34241.22,0.0,34241.22,1,20231127,2023,11
PCE-001574,2023-02-12,DEPT-004,Sous-traitance,Prestations ponctuelles,MICROSOFT MADA,Exploitation,6330.71,1266.14,7596.85,1,20230212,2023,2
PCE-001575,2023-10-25,DEPT-002,Formation & Développement,Certifications,IBM MADA,Exploitation,3531.38,706.28,4237.66,0,20231025,2023,10
PCE-001576,2025-06-02,DEPT-002,Formation & Développement,Abonnements professionnels,FOURNITURES PRO,Exploitation,2056.0,411.2,2467.2,1,20250602,2025,6
PCE-001577,2025-10-19,DEPT-002,Sous-traitance,Expertise externe,ORACLE,Exploitation,15907.09,3181.42,19088.51,1,20251019,2025,10
PCE-001578,2025-09-22,DEPT-002,Sous-traitance,Consultants,SECURITE MADA,Exploitation,2526.32,505.26,3031.58,1,20250922,2025,9
PCE-001579,2024-11-26,DEPT-001,Formation & Développement,Formations externes,ORACLE,Exploitation,1523.67,304.73,1828.4,1,20241126,2024,11
PCE-001580,2023-10-20,DEPT-008,Informatique & Licences,Licences logiciels,FORMATION PLUS,Exploitation,10977.44,2195.49,13172.93,1,20231020,2023,10
PCE-001581,2025-06-15,DEPT-005,Fournitures & Consommables,Consommables informatique,BAILLEUR IMMO,Exploitation,1412.73,282.55,1695.28,1,20250615,2025,6
PCE-001582,2025-01-24,DEPT-005,Fournitures & Consommables,Fournitures de bureau,MICROSOFT MADA,Exploitation,597.18,119.44,716.62,0,20250124,2025,1
PCE-001583,2023-02-07,DEPT-001,Formation & Développement,Certifications,HOTEL COLBERT,Exploitation,4910.28,982.06,5892.34,1,20230207,2023,2
PCE-001584,2024-10-07,DEPT-008,Loyer & Charges locatives,Charges communes,TRANSPORT EXPRESS,Exploitation,4548.35,0.0,4548.35,1,20241007,2024,10
PCE-001585,2024-06-04,DEPT-008,Loyer & Charges locatives,Assurance locaux,TOTAL MADA,Exploitation,3218.77,0.0,3218.77,1,20240604,2024,6
PCE-001586,2025-12-02,DEPT-005,Fournitures & Consommables,Documentation,FOURNITURES PRO,Exploitation,1416.58,283.32,1699.9,1,20251202,2025,12
PCE-001587,2024-06-24,DEPT-008,Salaires & Charges sociales,Salaires bruts,MICROSOFT MADA,Exploitation,58232.43,0.0,58232.43,1,20240624,2024,6
PCE-001588,2024-02-10,DEPT-001,Sous-traitance,Consultants,TOTAL MADA,Exploitation,8948.51,1789.7,10738.21,1,20240210,2024,2
PCE-001589,2025-05-26,DEPT-002,Sous-traitance,Consultants,BAILLEUR IMMO,Exploitation,1242.33,248.47,1490.8,1,20250526,2025,5
PCE-001590,2023-06-14,DEPT-008,Loyer & Charges locatives,Charges communes,MICROSOFT MADA,Exploitation,3129.25,0.0,3129.25,1,20230614,2023,6
PCE-001591,2023-02-27,DEPT-008,Loyer & Charges locatives,Charges communes,BAILLEUR IMMO,Exploitation,7444.88,0.0,7444.88,1,20230227,2023,2
PCE-001592,2023-03-06,DEPT-008,Informatique & Licences,Licences logiciels,BAILLEUR IMMO,Exploitation,1895.11,379.02,2274.13,1,20230306,2023,3
PCE-001593,2024-07-03,DEPT-004,Sous-traitance,Expertise externe,CONSULTANTS SA,Exploitation,11534.88,2306.98,13841.86,1,20240703,2024,7
PCE-001594,2024-03-08,DEPT-008,Loyer & Charges locatives,Assurance locaux,FORMATION PLUS,Exploitation,6530.86,0.0,6530.86,1,20240308,2024,3
PCE-001595,2023-02-23,DEPT-003,Salaires & Charges sociales,Avantages en nature,AGENCE VOYAGE,Exploitation,62063.03,0.0,62063.03,1,20230223,2023,2
PCE-001596,2024-12-25,DEPT-005,Formation & Développement,Certifications,ORACLE,Exploitation,2453.3,490.66,2943.96,1,20241225,2024,12
PCE-001597,2024-07-22,DEPT-007,Déplacements & Missions,Hôtel & restauration,ORACLE,Exploitation,2218.39,443.68,2662.07,0,20240722,2024,7
PCE-001598,2024-12-29,DEPT-001,Déplacements & Missions,Carburant,ORACLE,Exploitation,1270.76,254.15,1524.91,1,20241229,2024,12
PCE-001599,2023-04-29,DEPT-008,Informatique & Licences,Matériel informatique,SECURITE MADA,Exploitation,11297.84,2259.57,13557.41,1,20230429,2023,4
PCE-001600,2023-11-14,DEPT-002,Sous-traitance,Prestations ponctuelles,AGENCE VOYAGE,Exploitation,7767.46,1553.49,9320.95,0,20231114,2023,11
PCE-001601,2023-01-17,DEPT-006,Salaires & Charges sociales,Salaires bruts,ORACLE,Exploitation,15819.08,0.0,15819.08,1,20230117,2023,1
PCE-001602,2025-12-18,DEPT-008,Loyer & Charges locatives,Loyer bureaux,TOTAL MADA,Exploitation,6057.11,0.0,6057.11,1,20251218,2025,12
PCE-001603,2024-01-16,DEPT-008,Loyer & Charges locatives,Charges communes,NETTOYAGE SERVICE,Exploitation,7632.99,0.0,7632.99,1,20240116,2024,1
PCE-001604,2023-08-30,DEPT-005,Fournitures & Consommables,Consommables informatique,MICROSOFT MADA,Exploitation,851.41,170.28,1021.69,0,20230830,2023,8
PCE-001605,2024-02-25,DEPT-005,Fournitures & Consommables,Consommables informatique,IBM MADA,Exploitation,1233.05,246.61,1479.66,1,20240225,2024,2
PCE-001606,2025-06-05,DEPT-004,Salaires & Charges sociales,Salaires bruts,IBM MADA,Exploitation,41673.97,0.0,41673.97,1,20250605,2025,6
PCE-001607,2025-12-15,DEPT-008,Fournitures & Consommables,Documentation,HOTEL COLBERT,Exploitation,505.31,101.06,606.37,1,20251215,2025,12
PCE-001608,2025-04-02,DEPT-001,Déplacements & Missions,Carburant,NETTOYAGE SERVICE,Exploitation,1858.92,371.78,2230.7,1,20250402,2025,4
PCE-001609,2023-09-09,DEPT-001,Formation & Développement,Formations externes,CONSULTANTS SA,Exploitation,3805.05,761.01,4566.06,1,20230909,2023,9
PCE-001610,2023-03-13,DEPT-003,Déplacements & Missions,Hôtel & restauration,BAILLEUR IMMO,Exploitation,1885.26,377.05,2262.31,0,20230313,2023,3
PCE-001611,2024-07-22,DEPT-005,Formation & Développement,Certifications,IBM MADA,Exploitation,610.25,122.05,732.3,1,20240722,2024,7
PCE-001612,2025-07-20,DEPT-008,Fournitures & Consommables,Fournitures de bureau,ORANGE PRO,Exploitation,1217.87,243.57,1461.44,1,20250720,2025,7
PCE-001613,2024-10-12,DEPT-004,Sous-traitance,Consultants,CONSULTANTS SA,Exploitation,15157.1,3031.42,18188.52,1,20241012,2024,10
PCE-001614,2025-08-03,DEPT-006,Informatique & Licences,Maintenance SI,IBM MADA,Exploitation,9561.51,1912.3,11473.81,1,20250803,2025,8
PCE-001615,2025-09-01,DEPT-008,Loyer & Charges locatives,Charges communes,SECURITE MADA,Exploitation,3310.64,0.0,3310.64,1,20250901,2025,9
PCE-001616,2024-01-26,DEPT-002,Salaires & Charges sociales,Avantages en nature,FORMATION PLUS,Exploitation,55729.21,0.0,55729.21,1,20240126,2024,1
PCE-001617,2024-10-30,DEPT-002,Salaires & Charges sociales,Charges patronales,ORANGE PRO,Exploitation,35680.3,0.0,35680.3,1,20241030,2024,10
PCE-001618,2024-04-23,DEPT-001,Formation & Développement,Certifications,FOURNITURES PRO,Exploitation,1886.86,377.37,2264.23,1,20240423,2024,4
PCE-001619,2024-04-17,DEPT-002,Formation & Développement,Certifications,AGENCE VOYAGE,Exploitation,1176.41,235.28,1411.69,1,20240417,2024,4
PCE-001620,2023-06-25,DEPT-001,Sous-traitance,Consultants,SECURITE MADA,Exploitation,13177.87,2635.57,15813.44,0,20230625,2023,6
PCE-001621,2023-06-27,DEPT-005,Formation & Développement,Formations externes,FORMATION PLUS,Exploitation,3123.56,624.71,3748.27,1,20230627,2023,6
PCE-001622,2024-01-17,DEPT-006,Informatique & Licences,Maintenance SI,ORACLE,Exploitation,13052.62,2610.52,15663.14,1,20240117,2024,1
PCE-001623,2024-03-16,DEPT-005,Formation & Développement,Formations externes,ORANGE PRO,Exploitation,2581.23,516.25,3097.48,1,20240316,2024,3
PCE-001624,2024-06-22,DEPT-008,Fournitures & Consommables,Documentation,HOTEL COLBERT,Exploitation,369.89,73.98,443.87,1,20240622,2024,6
PCE-001625,2023-09-02,DEPT-005,Formation & Développement,Certifications,ORANGE PRO,Exploitation,4121.57,824.31,4945.88,1,20230902,2023,9
PCE-001626,2023-08-11,DEPT-007,Salaires & Charges sociales,Salaires bruts,TOTAL MADA,Exploitation,60533.49,0.0,60533.49,1,20230811,2023,8
PCE-001627,2024-02-24,DEPT-002,Déplacements & Missions,Carburant,BAILLEUR IMMO,Exploitation,914.95,182.99,1097.94,1,20240224,2024,2
PCE-001628,2023-09-05,DEPT-008,Informatique & Licences,Maintenance SI,NETTOYAGE SERVICE,Exploitation,4568.27,913.65,5481.92,0,20230905,2023,9
PCE-001629,2025-07-14,DEPT-006,Informatique & Licences,Licences logiciels,SECURITE MADA,Exploitation,13589.34,2717.87,16307.21,0,20250714,2025,7
PCE-001630,2025-11-14,DEPT-007,Déplacements & Missions,Hôtel & restauration,IBM MADA,Exploitation,1694.62,338.92,2033.54,1,20251114,2025,11
PCE-001631,2023-02-08,DEPT-003,Déplacements & Missions,Transport,FOURNITURES PRO,Exploitation,238.62,47.72,286.34,0,20230208,2023,2
PCE-001632,2023-04-03,DEPT-008,Loyer & Charges locatives,Charges communes,FOURNITURES PRO,Exploitation,2747.45,0.0,2747.45,1,20230403,2023,4
PCE-001633,2023-08-02,DEPT-005,Formation & Développement,Abonnements professionnels,FOURNITURES PRO,Exploitation,2320.7,464.14,2784.84,0,20230802,2023,8
PCE-001634,2024-06-25,DEPT-001,Salaires & Charges sociales,Avantages en nature,MICROSOFT MADA,Exploitation,72279.82,0.0,72279.82,1,20240625,2024,6
PCE-001635,2024-08-05,DEPT-006,Informatique & Licences,Matériel informatique,AGENCE VOYAGE,Exploitation,14246.06,2849.21,17095.27,1,20240805,2024,8
PCE-001636,2025-08-15,DEPT-001,Salaires & Charges sociales,Avantages en nature,HOTEL COLBERT,Exploitation,20391.91,0.0,20391.91,1,20250815,2025,8
PCE-001637,2025-06-07,DEPT-008,Loyer & Charges locatives,Assurance locaux,ORANGE PRO,Exploitation,7006.99,0.0,7006.99,1,20250607,2025,6
PCE-001638,2023-06-24,DEPT-005,Fournitures & Consommables,Documentation,TRANSPORT EXPRESS,Exploitation,365.98,73.2,439.18,0,20230624,2023,6
PCE-001639,2025-12-01,DEPT-008,Loyer & Charges locatives,Loyer bureaux,FORMATION PLUS,Exploitation,6466.56,0.0,6466.56,1,20251201,2025,12
PCE-001640,2023-01-07,DEPT-008,Loyer & Charges locatives,Charges communes,CONSULTANTS SA,Exploitation,6657.39,0.0,6657.39,1,20230107,2023,1
PCE-001641,2023-06-15,DEPT-005,Salaires & Charges sociales,Avantages en nature,MICROSOFT MADA,Exploitation,35138.08,0.0,35138.08,1,20230615,2023,6
PCE-001642,2025-09-04,DEPT-001,Formation & Développement,Abonnements professionnels,SECURITE MADA,Exploitation,1389.15,277.83,1666.98,1,20250904,2025,9
PCE-001643,2024-02-21,DEPT-008,Salaires & Charges sociales,Avantages en nature,MICROSOFT MADA,Exploitation,70834.21,0.0,70834.21,1,20240221,2024,2
PCE-001644,2023-11-27,DEPT-002,Formation & Développement,Formations externes,FOURNITURES PRO,Exploitation,3360.42,672.08,4032.5,0,20231127,2023,11
PCE-001645,2025-01-15,DEPT-003,Salaires & Charges sociales,Charges patronales,TRANSPORT EXPRESS,Exploitation,30901.65,0.0,30901.65,1,20250115,2025,1
PCE-001646,2025-12-31,DEPT-005,Fournitures & Consommables,Fournitures de bureau,AGENCE VOYAGE,Exploitation,448.7,89.74,538.44,0,20251231,2025,12
PCE-001647,2023-05-10,DEPT-002,Déplacements & Missions,Carburant,ORACLE,Exploitation,1342.65,268.53,1611.18,1,20230510,2023,5
PCE-001648,2025-08-27,DEPT-001,Salaires & Charges sociales,Salaires bruts,FOURNITURES PRO,Exploitation,61941.96,0.0,61941.96,1,20250827,2025,8
PCE-001649,2024-09-26,DEPT-002,Déplacements & Missions,Hôtel & restauration,IT SOLUTIONS,Exploitation,1873.97,374.79,2248.76,1,20240926,2024,9
PCE-001650,2024-05-28,DEPT-001,Formation & Développement,Abonnements professionnels,TOTAL MADA,Exploitation,2888.39,577.68,3466.07,1,20240528,2024,5
PCE-001651,2023-06-30,DEPT-008,Loyer & Charges locatives,Assurance locaux,FOURNITURES PRO,Exploitation,4504.69,0.0,4504.69,1,20230630,2023,6
PCE-001652,2024-05-13,DEPT-002,Formation & Développement,Abonnements professionnels,FOURNITURES PRO,Exploitation,2499.03,499.81,2998.84,1,20240513,2024,5
PCE-001653,2024-04-02,DEPT-006,Informatique & Licences,Matériel informatique,SECURITE MADA,Exploitation,14155.63,2831.13,16986.76,0,20240402,2024,4
PCE-001654,2025-11-24,DEPT-003,Déplacements & Missions,Transport,CONSULTANTS SA,Exploitation,469.94,93.99,563.93,1,20251124,2025,11
PCE-001655,2024-05-16,DEPT-006,Informatique & Licences,Matériel informatique,SECURITE MADA,Exploitation,12499.26,2499.85,14999.11,1,20240516,2024,5
PCE-001656,2023-03-29,DEPT-008,Loyer & Charges locatives,Loyer bureaux,NETTOYAGE SERVICE,Exploitation,4632.03,0.0,4632.03,1,20230329,2023,3
PCE-001657,2023-06-25,DEPT-002,Formation & Développement,Formations externes,IBM MADA,Exploitation,2032.97,406.59,2439.56,0,20230625,2023,6
PCE-001658,2025-03-07,DEPT-005,Salaires & Charges sociales,Charges patronales,HOTEL COLBERT,Exploitation,42372.31,0.0,42372.31,1,20250307,2025,3
PCE-001659,2023-06-23,DEPT-003,Salaires & Charges sociales,Avantages en nature,IT SOLUTIONS,Exploitation,25771.29,0.0,25771.29,0,20230623,2023,6
PCE-001660,2024-06-06,DEPT-003,Salaires & Charges sociales,Salaires bruts,FOURNITURES PRO,Exploitation,27114.05,0.0,27114.05,1,20240606,2024,6
PCE-001661,2025-05-09,DEPT-008,Loyer & Charges locatives,Assurance locaux,BAILLEUR IMMO,Exploitation,2768.96,0.0,2768.96,1,20250509,2025,5
PCE-001662,2024-01-16,DEPT-007,Déplacements & Missions,Carburant,ORANGE PRO,Exploitation,799.39,159.88,959.27,1,20240116,2024,1
PCE-001663,2024-03-29,DEPT-007,Déplacements & Missions,Hôtel & restauration,AGENCE VOYAGE,Exploitation,2448.36,489.67,2938.03,1,20240329,2024,3
PCE-001664,2025-05-01,DEPT-006,Salaires & Charges sociales,Avantages en nature,ORANGE PRO,Exploitation,78067.1,0.0,78067.1,1,20250501,2025,5
PCE-001665,2024-05-06,DEPT-002,Formation & Développement,Formations externes,AGENCE VOYAGE,Exploitation,2334.38,466.88,2801.26,1,20240506,2024,5
PCE-001666,2025-08-29,DEPT-008,Informatique & Licences,Matériel informatique,IT SOLUTIONS,Exploitation,4730.77,946.15,5676.92,1,20250829,2025,8
PCE-001667,2025-04-08,DEPT-002,Déplacements & Missions,Hôtel & restauration,TRANSPORT EXPRESS,Exploitation,2808.17,561.63,3369.8,1,20250408,2025,4
PCE-001668,2025-01-30,DEPT-003,Sous-traitance,Consultants,IBM MADA,Exploitation,8913.23,1782.65,10695.88,1,20250130,2025,1
PCE-001669,2025-09-13,DEPT-008,Informatique & Licences,Matériel informatique,TRANSPORT EXPRESS,Exploitation,7066.86,1413.37,8480.23,1,20250913,2025,9
PCE-001670,2024-07-20,DEPT-008,Fournitures & Consommables,Fournitures de bureau,FOURNITURES PRO,Exploitation,1450.35,290.07,1740.42,1,20240720,2024,7
PCE-001671,2025-11-16,DEPT-001,Formation & Développement,Certifications,FOURNITURES PRO,Exploitation,4603.96,920.79,5524.75,1,20251116,2025,11
PCE-001672,2023-12-07,DEPT-008,Fournitures & Consommables,Fournitures de bureau,ORACLE,Exploitation,366.15,73.23,439.38,1,20231207,2023,12
PCE-001673,2024-07-04,DEPT-008,Loyer & Charges locatives,Charges communes,HOTEL COLBERT,Exploitation,3601.87,0.0,3601.87,1,20240704,2024,7
PCE-001674,2023-05-08,DEPT-002,Formation & Développement,Formations externes,CONSULTANTS SA,Exploitation,1199.33,239.87,1439.2,0,20230508,2023,5
PCE-001675,2023-05-27,DEPT-006,Informatique & Licences,Matériel informatique,HOTEL COLBERT,Exploitation,13740.51,2748.1,16488.61,1,20230527,2023,5
PCE-001676,2025-04-21,DEPT-001,Formation & Développement,Formations externes,IBM MADA,Exploitation,1437.45,287.49,1724.94,1,20250421,2025,4
PCE-001677,2025-11-06,DEPT-001,Sous-traitance,Consultants,IBM MADA,Exploitation,19863.91,3972.78,23836.69,0,20251106,2025,11
PCE-001678,2024-06-07,DEPT-001,Déplacements & Missions,Carburant,TRANSPORT EXPRESS,Exploitation,452.08,90.42,542.5,1,20240607,2024,6
PCE-001679,2024-10-14,DEPT-007,Déplacements & Missions,Transport,CONSULTANTS SA,Exploitation,1093.26,218.65,1311.91,1,20241014,2024,10
PCE-001680,2025-08-05,DEPT-004,Sous-traitance,Prestations ponctuelles,TRANSPORT EXPRESS,Exploitation,18440.89,3688.18,22129.07,1,20250805,2025,8
PCE-001681,2024-02-28,DEPT-005,Fournitures & Consommables,Fournitures de bureau,MICROSOFT MADA,Exploitation,974.5,194.9,1169.4,1,20240228,2024,2
PCE-001682,2024-09-14,DEPT-008,Fournitures & Consommables,Documentation,ORACLE,Exploitation,145.19,29.04,174.23,1,20240914,2024,9
PCE-001683,2025-01-05,DEPT-008,Loyer & Charges locatives,Charges communes,HOTEL COLBERT,Exploitation,7410.67,0.0,7410.67,1,20250105,2025,1
PCE-001684,2025-01-17,DEPT-008,Informatique & Licences,Matériel informatique,FORMATION PLUS,Exploitation,5130.48,1026.1,6156.58,1,20250117,2025,1
PCE-001685,2023-05-26,DEPT-008,Loyer & Charges locatives,Assurance locaux,TRANSPORT EXPRESS,Exploitation,7835.26,0.0,7835.26,1,20230526,2023,5
PCE-001686,2023-01-07,DEPT-003,Sous-traitance,Consultants,HOTEL COLBERT,Exploitation,15900.11,3180.02,19080.13,1,20230107,2023,1
PCE-001687,2025-12-07,DEPT-008,Loyer & Charges locatives,Loyer bureaux,TOTAL MADA,Exploitation,6302.45,0.0,6302.45,1,20251207,2025,12
PCE-001688,2025-04-08,DEPT-008,Fournitures & Consommables,Consommables informatique,NETTOYAGE SERVICE,Exploitation,109.28,21.86,131.14,1,20250408,2025,4
PCE-001689,2025-04-15,DEPT-002,Salaires & Charges sociales,Avantages en nature,BAILLEUR IMMO,Exploitation,70895.28,0.0,70895.28,1,20250415,2025,4
PCE-001690,2023-06-12,DEPT-008,Loyer & Charges locatives,Charges communes,ORACLE,Exploitation,4643.03,0.0,4643.03,1,20230612,2023,6
PCE-001691,2025-02-06,DEPT-002,Formation & Développement,Formations externes,FOURNITURES PRO,Exploitation,2194.72,438.94,2633.66,1,20250206,2025,2
PCE-001692,2024-08-23,DEPT-007,Salaires & Charges sociales,Avantages en nature,HOTEL COLBERT,Exploitation,20969.16,0.0,20969.16,1,20240823,2024,8
PCE-001693,2025-07-27,DEPT-008,Informatique & Licences,Maintenance SI,SECURITE MADA,Exploitation,5319.8,1063.96,6383.76,1,20250727,2025,7
PCE-001694,2025-02-26,DEPT-003,Salaires & Charges sociales,Charges patronales,TOTAL MADA,Exploitation,46744.58,0.0,46744.58,1,20250226,2025,2
PCE-001695,2024-02-03,DEPT-006,Informatique & Licences,Cloud & hébergement,CONSULTANTS SA,Exploitation,3914.27,782.85,4697.12,1,20240203,2024,2
PCE-001696,2025-06-10,DEPT-005,Formation & Développement,Abonnements professionnels,TRANSPORT EXPRESS,Exploitation,3147.74,629.55,3777.29,1,20250610,2025,6
PCE-001697,2023-08-25,DEPT-001,Sous-traitance,Consultants,ORANGE PRO,Exploitation,10763.98,2152.8,12916.78,0,20230825,2023,8
PCE-001698,2023-02-10,DEPT-008,Informatique & Licences,Maintenance SI,ORACLE,Exploitation,3297.96,659.59,3957.55,0,20230210,2023,2
PCE-001699,2023-08-04,DEPT-006,Informatique & Licences,Matériel informatique,NETTOYAGE SERVICE,Exploitation,2502.65,500.53,3003.18,1,20230804,2023,8
PCE-001700,2023-04-26,DEPT-002,Déplacements & Missions,Transport,CONSULTANTS SA,Exploitation,2624.64,524.93,3149.57,1,20230426,2023,4
PCE-001701,2024-08-19,DEPT-005,Formation & Développement,Abonnements professionnels,MICROSOFT MADA,Exploitation,1824.38,364.88,2189.26,0,20240819,2024,8
PCE-001702,2024-02-09,DEPT-006,Salaires & Charges sociales,Charges patronales,NETTOYAGE SERVICE,Exploitation,25600.85,0.0,25600.85,1,20240209,2024,2
PCE-001703,2023-03-04,DEPT-003,Déplacements & Missions,Hôtel & restauration,AGENCE VOYAGE,Exploitation,2775.15,555.03,3330.18,1,20230304,2023,3
PCE-001704,2025-09-20,DEPT-004,Sous-traitance,Prestations ponctuelles,IBM MADA,Exploitation,3491.28,698.26,4189.54,1,20250920,2025,9
PCE-001705,2024-12-14,DEPT-002,Déplacements & Missions,Hôtel & restauration,TRANSPORT EXPRESS,Exploitation,1450.89,290.18,1741.07,1,20241214,2024,12
PCE-001706,2025-01-28,DEPT-005,Salaires & Charges sociales,Salaires bruts,IBM MADA,Exploitation,13186.94,0.0,13186.94,1,20250128,2025,1
PCE-001707,2025-09-21,DEPT-007,Déplacements & Missions,Carburant,BAILLEUR IMMO,Exploitation,1475.21,295.04,1770.25,0,20250921,2025,9
PCE-001708,2024-02-18,DEPT-002,Sous-traitance,Consultants,NETTOYAGE SERVICE,Exploitation,15124.26,3024.85,18149.11,0,20240218,2024,2
PCE-001709,2025-02-23,DEPT-008,Fournitures & Consommables,Consommables informatique,BAILLEUR IMMO,Exploitation,771.22,154.24,925.46,1,20250223,2025,2
PCE-001710,2025-07-13,DEPT-006,Informatique & Licences,Licences logiciels,NETTOYAGE SERVICE,Exploitation,8948.0,1789.6,10737.6,1,20250713,2025,7
PCE-001711,2024-09-18,DEPT-005,Fournitures & Consommables,Documentation,TRANSPORT EXPRESS,Exploitation,568.28,113.66,681.94,1,20240918,2024,9
PCE-001712,2024-07-22,DEPT-005,Fournitures & Consommables,Consommables informatique,NETTOYAGE SERVICE,Exploitation,1363.02,272.6,1635.62,1,20240722,2024,7
PCE-001713,2025-07-04,DEPT-005,Fournitures & Consommables,Fournitures de bureau,FORMATION PLUS,Exploitation,665.16,133.03,798.19,1,20250704,2025,7
PCE-001714,2025-03-03,DEPT-007,Déplacements & Missions,Carburant,CONSULTANTS SA,Exploitation,1563.33,312.67,1876.0,0,20250303,2025,3
PCE-001715,2025-03-11,DEPT-008,Fournitures & Consommables,Documentation,AGENCE VOYAGE,Exploitation,943.53,188.71,1132.24,1,20250311,2025,3
PCE-001716,2023-06-11,DEPT-008,Loyer & Charges locatives,Charges communes,CONSULTANTS SA,Exploitation,7921.41,0.0,7921.41,1,20230611,2023,6
PCE-001717,2024-08-07,DEPT-005,Salaires & Charges sociales,Charges patronales,HOTEL COLBERT,Exploitation,50742.86,0.0,50742.86,1,20240807,2024,8
PCE-001718,2024-01-17,DEPT-008,Informatique & Licences,Cloud & hébergement,ORACLE,Exploitation,7141.6,1428.32,8569.92,1,20240117,2024,1
PCE-001719,2023-11-05,DEPT-006,Informatique & Licences,Cloud & hébergement,ORACLE,Exploitation,7466.13,1493.23,8959.36,1,20231105,2023,11
PCE-001720,2023-12-01,DEPT-001,Déplacements & Missions,Hôtel & restauration,BAILLEUR IMMO,Exploitation,1738.9,347.78,2086.68,1,20231201,2023,12
PCE-001721,2024-05-18,DEPT-007,Salaires & Charges sociales,Salaires bruts,IBM MADA,Exploitation,50821.33,0.0,50821.33,1,20240518,2024,5
PCE-001722,2023-12-11,DEPT-001,Déplacements & Missions,Transport,BAILLEUR IMMO,Exploitation,2948.43,589.69,3538.12,0,20231211,2023,12
PCE-001723,2025-12-07,DEPT-001,Déplacements & Missions,Carburant,IT SOLUTIONS,Exploitation,2858.99,571.8,3430.79,1,20251207,2025,12
PCE-001724,2025-02-01,DEPT-001,Salaires & Charges sociales,Avantages en nature,HOTEL COLBERT,Exploitation,45120.55,0.0,45120.55,1,20250201,2025,2
PCE-001725,2023-03-02,DEPT-006,Informatique & Licences,Matériel informatique,BAILLEUR IMMO,Exploitation,2041.52,408.3,2449.82,1,20230302,2023,3
PCE-001726,2025-07-14,DEPT-007,Déplacements & Missions,Carburant,SECURITE MADA,Exploitation,2545.07,509.01,3054.08,0,20250714,2025,7
PCE-001727,2025-03-18,DEPT-008,Informatique & Licences,Maintenance SI,ORANGE PRO,Exploitation,12309.85,2461.97,14771.82,1,20250318,2025,3
PCE-001728,2025-04-05,DEPT-008,Fournitures & Consommables,Documentation,SECURITE MADA,Exploitation,353.81,70.76,424.57,1,20250405,2025,4
PCE-001729,2025-12-16,DEPT-002,Sous-traitance,Expertise externe,SECURITE MADA,Exploitation,8812.08,1762.42,10574.5,1,20251216,2025,12
PCE-001730,2025-03-14,DEPT-005,Fournitures & Consommables,Fournitures de bureau,IBM MADA,Exploitation,390.68,78.14,468.82,1,20250314,2025,3
PCE-001731,2025-04-19,DEPT-008,Loyer & Charges locatives,Charges communes,TOTAL MADA,Exploitation,2778.95,0.0,2778.95,1,20250419,2025,4
PCE-001732,2024-06-01,DEPT-008,Fournitures & Consommables,Documentation,HOTEL COLBERT,Exploitation,663.36,132.67,796.03,1,20240601,2024,6
PCE-001733,2023-03-04,DEPT-003,Déplacements & Missions,Hôtel & restauration,SECURITE MADA,Exploitation,2377.65,475.53,2853.18,1,20230304,2023,3
PCE-001734,2024-06-09,DEPT-008,Loyer & Charges locatives,Loyer bureaux,MICROSOFT MADA,Exploitation,7794.85,0.0,7794.85,1,20240609,2024,6
PCE-001735,2025-08-10,DEPT-001,Salaires & Charges sociales,Salaires bruts,TRANSPORT EXPRESS,Exploitation,33521.8,0.0,33521.8,1,20250810,2025,8
PCE-001736,2025-12-23,DEPT-008,Loyer & Charges locatives,Assurance locaux,TOTAL MADA,Exploitation,5694.46,0.0,5694.46,1,20251223,2025,12
PCE-001737,2023-11-30,DEPT-007,Salaires & Charges sociales,Charges patronales,TOTAL MADA,Exploitation,66711.4,0.0,66711.4,1,20231130,2023,11
PCE-001738,2024-12-27,DEPT-008,Informatique & Licences,Licences logiciels,TOTAL MADA,Exploitation,6291.11,1258.22,7549.33,1,20241227,2024,12
PCE-001739,2023-12-13,DEPT-006,Salaires & Charges sociales,Salaires bruts,SECURITE MADA,Exploitation,70741.59,0.0,70741.59,1,20231213,2023,12
PCE-001740,2023-01-30,DEPT-006,Informatique & Licences,Cloud & hébergement,FORMATION PLUS,Exploitation,14269.13,2853.83,17122.96,0,20230130,2023,1
PCE-001741,2024-10-31,DEPT-002,Déplacements & Missions,Hôtel & restauration,AGENCE VOYAGE,Exploitation,1639.28,327.86,1967.14,1,20241031,2024,10
PCE-001742,2025-05-04,DEPT-005,Fournitures & Consommables,Consommables informatique,HOTEL COLBERT,Exploitation,1466.48,293.3,1759.78,1,20250504,2025,5
PCE-001743,2024-02-09,DEPT-003,Sous-traitance,Consultants,NETTOYAGE SERVICE,Exploitation,16282.23,3256.45,19538.68,1,20240209,2024,2
PCE-001744,2024-09-28,DEPT-008,Fournitures & Consommables,Consommables informatique,SECURITE MADA,Exploitation,1366.31,273.26,1639.57,1,20240928,2024,9
PCE-001745,2025-07-05,DEPT-008,Informatique & Licences,Matériel informatique,IT SOLUTIONS,Exploitation,6209.2,1241.84,7451.04,1,20250705,2025,7
PCE-001746,2025-01-15,DEPT-005,Fournitures & Consommables,Fournitures de bureau,IBM MADA,Exploitation,174.27,34.85,209.12,1,20250115,2025,1
PCE-001747,2025-12-30,DEPT-008,Salaires & Charges sociales,Salaires bruts,FORMATION PLUS,Exploitation,28019.03,0.0,28019.03,1,20251230,2025,12
PCE-001748,2025-04-15,DEPT-008,Loyer & Charges locatives,Assurance locaux,AGENCE VOYAGE,Exploitation,4211.61,0.0,4211.61,1,20250415,2025,4
PCE-001749,2025-01-11,DEPT-006,Informatique & Licences,Licences logiciels,IBM MADA,Exploitation,4580.92,916.18,5497.1,1,20250111,2025,1
PCE-001750,2024-07-28,DEPT-002,Sous-traitance,Consultants,ORACLE,Exploitation,15011.12,3002.22,18013.34,1,20240728,2024,7
PCE-001751,2023-04-17,DEPT-006,Informatique & Licences,Licences logiciels,IT SOLUTIONS,Exploitation,1603.83,320.77,1924.6,1,20230417,2023,4
PCE-001752,2024-03-06,DEPT-008,Informatique & Licences,Cloud & hébergement,NETTOYAGE SERVICE,Exploitation,12496.64,2499.33,14995.97,0,20240306,2024,3
PCE-001753,2024-12-03,DEPT-008,Loyer & Charges locatives,Loyer bureaux,NETTOYAGE SERVICE,Exploitation,5777.54,0.0,5777.54,1,20241203,2024,12
PCE-001754,2025-05-15,DEPT-008,Fournitures & Consommables,Documentation,FOURNITURES PRO,Exploitation,1228.55,245.71,1474.26,1,20250515,2025,5
PCE-001755,2024-05-23,DEPT-005,Salaires & Charges sociales,Avantages en nature,HOTEL COLBERT,Exploitation,63662.82,0.0,63662.82,0,20240523,2024,5
PCE-001756,2024-11-13,DEPT-003,Sous-traitance,Expertise externe,HOTEL COLBERT,Exploitation,17089.45,3417.89,20507.34,1,20241113,2024,11
PCE-001757,2024-07-13,DEPT-002,Formation & Développement,Certifications,TOTAL MADA,Exploitation,3282.97,656.59,3939.56,1,20240713,2024,7
PCE-001758,2023-10-11,DEPT-008,Informatique & Licences,Cloud & hébergement,SECURITE MADA,Exploitation,10213.21,2042.64,12255.85,1,20231011,2023,10
PCE-001759,2025-05-05,DEPT-006,Informatique & Licences,Maintenance SI,CONSULTANTS SA,Exploitation,10830.04,2166.01,12996.05,1,20250505,2025,5
PCE-001760,2025-06-01,DEPT-006,Salaires & Charges sociales,Avantages en nature,HOTEL COLBERT,Exploitation,13148.72,0.0,13148.72,1,20250601,2025,6
PCE-001761,2025-06-19,DEPT-008,Loyer & Charges locatives,Loyer bureaux,ORANGE PRO,Exploitation,2933.21,0.0,2933.21,1,20250619,2025,6
PCE-001762,2025-12-31,DEPT-008,Informatique & Licences,Cloud & hébergement,IT SOLUTIONS,Exploitation,4456.64,891.33,5347.97,1,20251231,2025,12
PCE-001763,2023-09-19,DEPT-003,Sous-traitance,Prestations ponctuelles,TOTAL MADA,Exploitation,11393.95,2278.79,13672.74,0,20230919,2023,9
PCE-001764,2023-12-04,DEPT-004,Salaires & Charges sociales,Salaires bruts,CONSULTANTS SA,Exploitation,63472.02,0.0,63472.02,1,20231204,2023,12
PCE-001765,2023-04-08,DEPT-006,Informatique & Licences,Licences logiciels,IT SOLUTIONS,Exploitation,14359.65,2871.93,17231.58,1,20230408,2023,4
PCE-001766,2024-12-01,DEPT-001,Sous-traitance,Expertise externe,SECURITE MADA,Exploitation,14006.27,2801.25,16807.52,1,20241201,2024,12
PCE-001767,2024-03-04,DEPT-006,Informatique & Licences,Maintenance SI,MICROSOFT MADA,Exploitation,14211.1,2842.22,17053.32,1,20240304,2024,3
PCE-001768,2024-11-08,DEPT-006,Salaires & Charges sociales,Avantages en nature,BAILLEUR IMMO,Exploitation,56101.75,0.0,56101.75,1,20241108,2024,11
PCE-001769,2025-02-22,DEPT-001,Formation & Développement,Abonnements professionnels,HOTEL COLBERT,Exploitation,4185.31,837.06,5022.37,0,20250222,2025,2
PCE-001770,2025-02-26,DEPT-008,Informatique & Licences,Matériel informatique,NETTOYAGE SERVICE,Exploitation,12051.54,2410.31,14461.85,1,20250226,2025,2
PCE-001771,2024-04-14,DEPT-003,Sous-traitance,Expertise externe,ORANGE PRO,Exploitation,12291.67,2458.33,14750.0,0,20240414,2024,4
PCE-001772,2024-12-20,DEPT-006,Salaires & Charges sociales,Charges patronales,FOURNITURES PRO,Exploitation,10958.55,0.0,10958.55,1,20241220,2024,12
PCE-001773,2025-12-22,DEPT-001,Déplacements & Missions,Carburant,NETTOYAGE SERVICE,Exploitation,2779.17,555.83,3335.0,0,20251222,2025,12
PCE-001774,2024-11-27,DEPT-005,Fournitures & Consommables,Documentation,HOTEL COLBERT,Exploitation,775.22,155.04,930.26,1,20241127,2024,11
PCE-001775,2024-02-11,DEPT-008,Fournitures & Consommables,Consommables informatique,FORMATION PLUS,Exploitation,116.96,23.39,140.35,1,20240211,2024,2
PCE-001776,2025-12-06,DEPT-002,Formation & Développement,Abonnements professionnels,TRANSPORT EXPRESS,Exploitation,1815.85,363.17,2179.02,0,20251206,2025,12
PCE-001777,2025-07-12,DEPT-007,Salaires & Charges sociales,Salaires bruts,FORMATION PLUS,Exploitation,61526.36,0.0,61526.36,1,20250712,2025,7
PCE-001778,2025-02-11,DEPT-006,Informatique & Licences,Matériel informatique,HOTEL COLBERT,Exploitation,9784.79,1956.96,11741.75,1,20250211,2025,2
PCE-001779,2025-12-30,DEPT-006,Salaires & Charges sociales,Avantages en nature,HOTEL COLBERT,Exploitation,65542.49,0.0,65542.49,1,20251230,2025,12
PCE-001780,2024-11-03,DEPT-001,Sous-traitance,Prestations ponctuelles,MICROSOFT MADA,Exploitation,2015.64,403.13,2418.77,1,20241103,2024,11
PCE-001781,2025-09-21,DEPT-003,Salaires & Charges sociales,Salaires bruts,ORACLE,Exploitation,30605.1,0.0,30605.1,0,20250921,2025,9
PCE-001782,2023-04-07,DEPT-002,Déplacements & Missions,Carburant,TOTAL MADA,Exploitation,2682.67,536.53,3219.2,0,20230407,2023,4
PCE-001783,2025-03-27,DEPT-001,Formation & Développement,Certifications,HOTEL COLBERT,Exploitation,4216.47,843.29,5059.76,0,20250327,2025,3
PCE-001784,2023-12-10,DEPT-008,Loyer & Charges locatives,Charges communes,TOTAL MADA,Exploitation,2248.6,0.0,2248.6,1,20231210,2023,12
PCE-001785,2025-09-05,DEPT-001,Formation & Développement,Formations externes,IT SOLUTIONS,Exploitation,1559.87,311.97,1871.84,1,20250905,2025,9
PCE-001786,2023-01-01,DEPT-005,Fournitures & Consommables,Consommables informatique,HOTEL COLBERT,Exploitation,269.11,53.82,322.93,1,20230101,2023,1
PCE-001787,2023-05-28,DEPT-008,Loyer & Charges locatives,Loyer bureaux,IT SOLUTIONS,Exploitation,6409.85,0.0,6409.85,1,20230528,2023,5
PCE-001788,2023-06-19,DEPT-007,Déplacements & Missions,Hôtel & restauration,FORMATION PLUS,Exploitation,2940.64,588.13,3528.77,0,20230619,2023,6
PCE-001789,2024-07-16,DEPT-007,Déplacements & Missions,Carburant,CONSULTANTS SA,Exploitation,1553.56,310.71,1864.27,0,20240716,2024,7
PCE-001790,2024-12-10,DEPT-008,Loyer & Charges locatives,Loyer bureaux,TRANSPORT EXPRESS,Exploitation,3097.7,0.0,3097.7,1,20241210,2024,12
PCE-001791,2023-02-21,DEPT-002,Formation & Développement,Formations externes,TOTAL MADA,Exploitation,2946.69,589.34,3536.03,1,20230221,2023,2
PCE-001792,2023-01-11,DEPT-002,Formation & Développement,Abonnements professionnels,IBM MADA,Exploitation,838.56,167.71,1006.27,1,20230111,2023,1
PCE-001793,2023-07-05,DEPT-008,Loyer & Charges locatives,Loyer bureaux,NETTOYAGE SERVICE,Exploitation,3983.18,0.0,3983.18,1,20230705,2023,7
PCE-001794,2024-08-27,DEPT-007,Déplacements & Missions,Carburant,TRANSPORT EXPRESS,Exploitation,394.5,78.9,473.4,0,20240827,2024,8
PCE-001795,2024-03-07,DEPT-006,Informatique & Licences,Cloud & hébergement,MICROSOFT MADA,Exploitation,14266.31,2853.26,17119.57,1,20240307,2024,3
PCE-001796,2024-04-26,DEPT-005,Fournitures & Consommables,Fournitures de bureau,NETTOYAGE SERVICE,Exploitation,234.99,47.0,281.99,1,20240426,2024,4
PCE-001797,2025-02-21,DEPT-008,Informatique & Licences,Maintenance SI,ORANGE PRO,Exploitation,12633.25,2526.65,15159.9,1,20250221,2025,2
PCE-001798,2025-02-18,DEPT-007,Salaires & Charges sociales,Charges patronales,FORMATION PLUS,Exploitation,8618.32,0.0,8618.32,1,20250218,2025,2
PCE-001799,2025-10-03,DEPT-008,Loyer & Charges locatives,Loyer bureaux,ORACLE,Exploitation,7447.32,0.0,7447.32,1,20251003,2025,10
PCE-001800,2023-08-30,DEPT-001,Salaires & Charges sociales,Avantages en nature,FORMATION PLUS,Exploitation,7951.62,0.0,7951.62,1,20230830,2023,8
PCE-001801,2025-08-22,DEPT-006,Informatique & Licences,Licences logiciels,FORMATION PLUS,Exploitation,9499.47,1899.89,11399.36,0,20250822,2025,8
PCE-001802,2025-07-23,DEPT-007,Salaires & Charges sociales,Charges patronales,HOTEL COLBERT,Exploitation,9571.5,0.0,9571.5,1,20250723,2025,7
PCE-001803,2025-05-27,DEPT-001,Formation & Développement,Certifications,SECURITE MADA,Exploitation,3830.89,766.18,4597.07,1,20250527,2025,5
PCE-001804,2025-07-10,DEPT-006,Informatique & Licences,Maintenance SI,FORMATION PLUS,Exploitation,9092.21,1818.44,10910.65,0,20250710,2025,7
PCE-001805,2024-10-17,DEPT-003,Déplacements & Missions,Hôtel & restauration,IT SOLUTIONS,Exploitation,1973.05,394.61,2367.66,0,20241017,2024,10
PCE-001806,2023-06-20,DEPT-005,Fournitures & Consommables,Documentation,NETTOYAGE SERVICE,Exploitation,1266.84,253.37,1520.21,1,20230620,2023,6
PCE-001807,2025-12-19,DEPT-007,Déplacements & Missions,Hôtel & restauration,MICROSOFT MADA,Exploitation,990.59,198.12,1188.71,0,20251219,2025,12
PCE-001808,2023-03-30,DEPT-008,Loyer & Charges locatives,Loyer bureaux,ORACLE,Exploitation,5228.28,0.0,5228.28,1,20230330,2023,3
PCE-001809,2023-02-20,DEPT-008,Loyer & Charges locatives,Loyer bureaux,SECURITE MADA,Exploitation,3582.43,0.0,3582.43,1,20230220,2023,2
PCE-001810,2023-03-08,DEPT-007,Déplacements & Missions,Hôtel & restauration,BAILLEUR IMMO,Exploitation,206.01,41.2,247.21,1,20230308,2023,3
PCE-001811,2025-07-03,DEPT-008,Informatique & Licences,Cloud & hébergement,SECURITE MADA,Exploitation,5534.65,1106.93,6641.58,1,20250703,2025,7
PCE-001812,2023-07-03,DEPT-005,Formation & Développement,Certifications,ORANGE PRO,Exploitation,4768.15,953.63,5721.78,1,20230703,2023,7
PCE-001813,2025-08-22,DEPT-004,Salaires & Charges sociales,Salaires bruts,IBM MADA,Exploitation,69033.01,0.0,69033.01,1,20250822,2025,8
PCE-001814,2024-12-15,DEPT-002,Sous-traitance,Consultants,IBM MADA,Exploitation,10632.19,2126.44,12758.63,1,20241215,2024,12
PCE-001815,2024-05-23,DEPT-005,Formation & Développement,Abonnements professionnels,IT SOLUTIONS,Exploitation,4395.09,879.02,5274.11,1,20240523,2024,5
PCE-001816,2023-01-27,DEPT-008,Informatique & Licences,Licences logiciels,ORANGE PRO,Exploitation,8261.36,1652.27,9913.63,1,20230127,2023,1
PCE-001817,2025-01-22,DEPT-008,Loyer & Charges locatives,Loyer bureaux,AGENCE VOYAGE,Exploitation,5012.71,0.0,5012.71,1,20250122,2025,1
PCE-001818,2025-08-09,DEPT-006,Informatique & Licences,Matériel informatique,HOTEL COLBERT,Exploitation,13877.59,2775.52,16653.11,1,20250809,2025,8
PCE-001819,2025-04-08,DEPT-002,Salaires & Charges sociales,Avantages en nature,NETTOYAGE SERVICE,Exploitation,43739.93,0.0,43739.93,1,20250408,2025,4
PCE-001820,2025-05-01,DEPT-003,Déplacements & Missions,Transport,ORANGE PRO,Exploitation,2720.84,544.17,3265.01,0,20250501,2025,5
PCE-001821,2023-11-08,DEPT-008,Informatique & Licences,Licences logiciels,ORANGE PRO,Exploitation,14015.61,2803.12,16818.73,1,20231108,2023,11
PCE-001822,2025-07-14,DEPT-007,Salaires & Charges sociales,Avantages en nature,FORMATION PLUS,Exploitation,62362.22,0.0,62362.22,1,20250714,2025,7
PCE-001823,2024-07-15,DEPT-003,Déplacements & Missions,Transport,ORACLE,Exploitation,1373.72,274.74,1648.46,0,20240715,2024,7
PCE-001824,2024-04-26,DEPT-003,Déplacements & Missions,Hôtel & restauration,FOURNITURES PRO,Exploitation,1179.77,235.95,1415.72,1,20240426,2024,4
PCE-001825,2024-11-18,DEPT-005,Fournitures & Consommables,Consommables informatique,MICROSOFT MADA,Exploitation,368.0,73.6,441.6,1,20241118,2024,11
PCE-001826,2025-07-29,DEPT-008,Informatique & Licences,Maintenance SI,SECURITE MADA,Exploitation,6941.74,1388.35,8330.09,1,20250729,2025,7
PCE-001827,2024-03-28,DEPT-001,Sous-traitance,Consultants,FORMATION PLUS,Exploitation,13929.78,2785.96,16715.74,1,20240328,2024,3
PCE-001828,2023-03-11,DEPT-002,Déplacements & Missions,Carburant,HOTEL COLBERT,Exploitation,828.75,165.75,994.5,1,20230311,2023,3
PCE-001829,2023-03-03,DEPT-005,Formation & Développement,Abonnements professionnels,BAILLEUR IMMO,Exploitation,949.32,189.86,1139.18,1,20230303,2023,3
PCE-001830,2023-05-07,DEPT-005,Formation & Développement,Certifications,FORMATION PLUS,Exploitation,3554.98,711.0,4265.98,0,20230507,2023,5
PCE-001831,2023-07-19,DEPT-002,Sous-traitance,Expertise externe,IBM MADA,Exploitation,12798.72,2559.74,15358.46,0,20230719,2023,7
PCE-001832,2024-09-20,DEPT-006,Salaires & Charges sociales,Avantages en nature,CONSULTANTS SA,Exploitation,41574.81,0.0,41574.81,1,20240920,2024,9
PCE-001833,2023-06-04,DEPT-003,Déplacements & Missions,Carburant,FORMATION PLUS,Exploitation,2165.65,433.13,2598.78,1,20230604,2023,6
PCE-001834,2024-04-15,DEPT-001,Formation & Développement,Formations externes,AGENCE VOYAGE,Exploitation,1535.47,307.09,1842.56,0,20240415,2024,4
PCE-001835,2023-02-05,DEPT-008,Loyer & Charges locatives,Charges communes,TRANSPORT EXPRESS,Exploitation,4606.45,0.0,4606.45,1,20230205,2023,2
PCE-001836,2025-04-16,DEPT-005,Formation & Développement,Formations externes,IT SOLUTIONS,Exploitation,2289.22,457.84,2747.06,1,20250416,2025,4
PCE-001837,2025-12-31,DEPT-005,Fournitures & Consommables,Consommables informatique,IT SOLUTIONS,Exploitation,181.18,36.24,217.42,0,20251231,2025,12
PCE-001838,2024-07-15,DEPT-008,Loyer & Charges locatives,Charges communes,AGENCE VOYAGE,Exploitation,6894.05,0.0,6894.05,1,20240715,2024,7
PCE-001839,2023-05-06,DEPT-008,Fournitures & Consommables,Consommables informatique,CONSULTANTS SA,Exploitation,1069.34,213.87,1283.21,0,20230506,2023,5
PCE-001840,2024-05-24,DEPT-002,Formation & Développement,Certifications,ORANGE PRO,Exploitation,1779.69,355.94,2135.63,1,20240524,2024,5
PCE-001841,2025-05-19,DEPT-002,Formation & Développement,Certifications,TRANSPORT EXPRESS,Exploitation,2586.94,517.39,3104.33,1,20250519,2025,5
PCE-001842,2024-05-09,DEPT-008,Informatique & Licences,Cloud & hébergement,MICROSOFT MADA,Exploitation,798.56,159.71,958.27,1,20240509,2024,5
PCE-001843,2024-02-16,DEPT-008,Fournitures & Consommables,Documentation,HOTEL COLBERT,Exploitation,296.08,59.22,355.3,1,20240216,2024,2
PCE-001844,2023-12-19,DEPT-007,Salaires & Charges sociales,Avantages en nature,MICROSOFT MADA,Exploitation,48777.58,0.0,48777.58,1,20231219,2023,12
PCE-001845,2023-03-24,DEPT-005,Fournitures & Consommables,Consommables informatique,MICROSOFT MADA,Exploitation,879.08,175.82,1054.9,1,20230324,2023,3
PCE-001846,2025-09-03,DEPT-002,Déplacements & Missions,Hôtel & restauration,FOURNITURES PRO,Exploitation,2736.18,547.24,3283.42,1,20250903,2025,9
PCE-001847,2023-09-25,DEPT-008,Salaires & Charges sociales,Charges patronales,AGENCE VOYAGE,Exploitation,55280.3,0.0,55280.3,1,20230925,2023,9
PCE-001848,2024-06-28,DEPT-008,Loyer & Charges locatives,Assurance locaux,ORACLE,Exploitation,2042.12,0.0,2042.12,1,20240628,2024,6
PCE-001849,2025-08-15,DEPT-006,Informatique & Licences,Cloud & hébergement,AGENCE VOYAGE,Exploitation,6667.22,1333.44,8000.66,1,20250815,2025,8
PCE-001850,2025-04-01,DEPT-001,Sous-traitance,Consultants,CONSULTANTS SA,Exploitation,10804.84,2160.97,12965.81,1,20250401,2025,4
PCE-001851,2023-05-17,DEPT-008,Loyer & Charges locatives,Loyer bureaux,BAILLEUR IMMO,Exploitation,4859.99,0.0,4859.99,1,20230517,2023,5
PCE-001852,2023-10-22,DEPT-001,Formation & Développement,Abonnements professionnels,HOTEL COLBERT,Exploitation,3330.42,666.08,3996.5,1,20231022,2023,10
PCE-001853,2024-10-31,DEPT-008,Salaires & Charges sociales,Charges patronales,FORMATION PLUS,Exploitation,5532.89,0.0,5532.89,1,20241031,2024,10
PCE-001854,2025-12-14,DEPT-008,Informatique & Licences,Cloud & hébergement,FOURNITURES PRO,Exploitation,14347.46,2869.49,17216.95,1,20251214,2025,12
PCE-001855,2025-11-26,DEPT-002,Déplacements & Missions,Transport,MICROSOFT MADA,Exploitation,1034.73,206.95,1241.68,1,20251126,2025,11
PCE-001856,2025-06-11,DEPT-002,Déplacements & Missions,Transport,BAILLEUR IMMO,Exploitation,330.1,66.02,396.12,1,20250611,2025,6
PCE-001857,2024-08-09,DEPT-005,Fournitures & Consommables,Consommables informatique,BAILLEUR IMMO,Exploitation,856.92,171.38,1028.3,1,20240809,2024,8
PCE-001858,2024-08-10,DEPT-008,Loyer & Charges locatives,Charges communes,NETTOYAGE SERVICE,Exploitation,6956.66,0.0,6956.66,1,20240810,2024,8
PCE-001859,2024-01-23,DEPT-005,Salaires & Charges sociales,Salaires bruts,HOTEL COLBERT,Exploitation,70996.85,0.0,70996.85,1,20240123,2024,1
PCE-001860,2024-12-23,DEPT-003,Déplacements & Missions,Transport,ORANGE PRO,Exploitation,1071.93,214.39,1286.32,1,20241223,2024,12
PCE-001861,2023-08-12,DEPT-002,Formation & Développement,Certifications,NETTOYAGE SERVICE,Exploitation,646.71,129.34,776.05,1,20230812,2023,8
PCE-001862,2023-06-12,DEPT-008,Loyer & Charges locatives,Charges communes,FOURNITURES PRO,Exploitation,5776.13,0.0,5776.13,1,20230612,2023,6
PCE-001863,2024-07-30,DEPT-006,Informatique & Licences,Licences logiciels,MICROSOFT MADA,Exploitation,8620.77,1724.15,10344.92,0,20240730,2024,7
PCE-001864,2025-08-30,DEPT-007,Déplacements & Missions,Carburant,ORANGE PRO,Exploitation,405.76,81.15,486.91,0,20250830,2025,8
PCE-001865,2025-02-27,DEPT-006,Informatique & Licences,Licences logiciels,NETTOYAGE SERVICE,Exploitation,9884.03,1976.81,11860.84,0,20250227,2025,2
PCE-001866,2023-07-16,DEPT-008,Fournitures & Consommables,Documentation,IT SOLUTIONS,Exploitation,1053.61,210.72,1264.33,1,20230716,2023,7
PCE-001867,2023-01-29,DEPT-006,Informatique & Licences,Licences logiciels,SECURITE MADA,Exploitation,13726.1,2745.22,16471.32,1,20230129,2023,1
PCE-001868,2023-11-24,DEPT-004,Sous-traitance,Consultants,NETTOYAGE SERVICE,Exploitation,4164.91,832.98,4997.89,0,20231124,2023,11
PCE-001869,2025-03-07,DEPT-001,Salaires & Charges sociales,Salaires bruts,TRANSPORT EXPRESS,Exploitation,29434.46,0.0,29434.46,1,20250307,2025,3
PCE-001870,2024-05-16,DEPT-005,Fournitures & Consommables,Consommables informatique,FORMATION PLUS,Exploitation,750.42,150.08,900.5,1,20240516,2024,5
PCE-001871,2025-07-16,DEPT-006,Informatique & Licences,Matériel informatique,FOURNITURES PRO,Exploitation,14509.5,2901.9,17411.4,1,20250716,2025,7
PCE-001872,2024-10-17,DEPT-001,Déplacements & Missions,Transport,FOURNITURES PRO,Exploitation,1375.39,275.08,1650.47,0,20241017,2024,10
PCE-001873,2025-01-17,DEPT-002,Salaires & Charges sociales,Avantages en nature,SECURITE MADA,Exploitation,48471.08,0.0,48471.08,1,20250117,2025,1
PCE-001874,2025-11-13,DEPT-005,Fournitures & Consommables,Fournitures de bureau,BAILLEUR IMMO,Exploitation,118.91,23.78,142.69,1,20251113,2025,11
PCE-001875,2025-07-23,DEPT-008,Loyer & Charges locatives,Assurance locaux,TRANSPORT EXPRESS,Exploitation,5228.48,0.0,5228.48,1,20250723,2025,7
PCE-001876,2023-11-25,DEPT-002,Déplacements & Missions,Transport,IT SOLUTIONS,Exploitation,2400.73,480.15,2880.88,1,20231125,2023,11
PCE-001877,2024-01-26,DEPT-001,Sous-traitance,Consultants,CONSULTANTS SA,Exploitation,1191.54,238.31,1429.85,1,20240126,2024,1
PCE-001878,2023-12-15,DEPT-002,Formation & Développement,Abonnements professionnels,HOTEL COLBERT,Exploitation,4727.92,945.58,5673.5,1,20231215,2023,12
PCE-001879,2025-03-12,DEPT-001,Déplacements & Missions,Hôtel & restauration,NETTOYAGE SERVICE,Exploitation,668.54,133.71,802.25,1,20250312,2025,3
PCE-001880,2023-05-19,DEPT-005,Formation & Développement,Certifications,TOTAL MADA,Exploitation,4889.93,977.99,5867.92,0,20230519,2023,5
PCE-001881,2023-09-17,DEPT-002,Sous-traitance,Prestations ponctuelles,CONSULTANTS SA,Exploitation,9632.52,1926.5,11559.02,1,20230917,2023,9
PCE-001882,2023-11-13,DEPT-008,Informatique & Licences,Matériel informatique,ORACLE,Exploitation,10101.96,2020.39,12122.35,1,20231113,2023,11
PCE-001883,2023-12-10,DEPT-008,Fournitures & Consommables,Documentation,FORMATION PLUS,Exploitation,1084.88,216.98,1301.86,1,20231210,2023,12
PCE-001884,2024-10-25,DEPT-006,Informatique & Licences,Matériel informatique,IBM MADA,Exploitation,5591.64,1118.33,6709.97,1,20241025,2024,10
PCE-001885,2025-01-13,DEPT-008,Informatique & Licences,Matériel informatique,IT SOLUTIONS,Exploitation,12813.12,2562.62,15375.74,1,20250113,2025,1
PCE-001886,2024-03-28,DEPT-005,Fournitures & Consommables,Consommables informatique,ORANGE PRO,Exploitation,467.56,93.51,561.07,1,20240328,2024,3
PCE-001887,2023-02-24,DEPT-002,Formation & Développement,Certifications,BAILLEUR IMMO,Exploitation,2075.65,415.13,2490.78,0,20230224,2023,2
PCE-001888,2023-02-07,DEPT-008,Loyer & Charges locatives,Loyer bureaux,ORACLE,Exploitation,6189.2,0.0,6189.2,1,20230207,2023,2
PCE-001889,2023-04-27,DEPT-002,Formation & Développement,Certifications,ORANGE PRO,Exploitation,4913.18,982.64,5895.82,0,20230427,2023,4
PCE-001890,2025-08-16,DEPT-002,Déplacements & Missions,Carburant,TOTAL MADA,Exploitation,1785.65,357.13,2142.78,1,20250816,2025,8
PCE-001891,2025-08-08,DEPT-008,Loyer & Charges locatives,Charges communes,BAILLEUR IMMO,Exploitation,5574.79,0.0,5574.79,1,20250808,2025,8
PCE-001892,2024-06-23,DEPT-001,Sous-traitance,Prestations ponctuelles,CONSULTANTS SA,Exploitation,18520.62,3704.12,22224.74,1,20240623,2024,6
PCE-001893,2025-08-27,DEPT-006,Salaires & Charges sociales,Avantages en nature,ORACLE,Exploitation,51975.08,0.0,51975.08,1,20250827,2025,8
PCE-001894,2025-09-17,DEPT-005,Fournitures & Consommables,Documentation,NETTOYAGE SERVICE,Exploitation,478.63,95.73,574.36,1,20250917,2025,9
PCE-001895,2025-05-11,DEPT-008,Loyer & Charges locatives,Charges communes,TRANSPORT EXPRESS,Exploitation,3103.09,0.0,3103.09,1,20250511,2025,5
PCE-001896,2023-02-15,DEPT-005,Fournitures & Consommables,Fournitures de bureau,NETTOYAGE SERVICE,Exploitation,1472.07,294.41,1766.48,1,20230215,2023,2
PCE-001897,2023-02-16,DEPT-002,Salaires & Charges sociales,Avantages en nature,IT SOLUTIONS,Exploitation,31661.96,0.0,31661.96,1,20230216,2023,2
PCE-001898,2024-08-07,DEPT-003,Déplacements & Missions,Hôtel & restauration,BAILLEUR IMMO,Exploitation,2619.38,523.88,3143.26,0,20240807,2024,8
PCE-001899,2023-10-28,DEPT-001,Formation & Développement,Certifications,NETTOYAGE SERVICE,Exploitation,3459.18,691.84,4151.02,1,20231028,2023,10
PCE-001900,2025-02-04,DEPT-005,Formation & Développement,Abonnements professionnels,TRANSPORT EXPRESS,Exploitation,4429.6,885.92,5315.52,1,20250204,2025,2
PCE-001901,2024-07-03,DEPT-005,Fournitures & Consommables,Fournitures de bureau,ORANGE PRO,Exploitation,694.09,138.82,832.91,1,20240703,2024,7
PCE-001902,2023-08-16,DEPT-006,Informatique & Licences,Cloud & hébergement,TRANSPORT EXPRESS,Exploitation,2351.85,470.37,2822.22,1,20230816,2023,8
PCE-001903,2024-08-23,DEPT-008,Loyer & Charges locatives,Charges communes,FORMATION PLUS,Exploitation,5724.07,0.0,5724.07,1,20240823,2024,8
PCE-001904,2023-01-10,DEPT-002,Salaires & Charges sociales,Avantages en nature,TRANSPORT EXPRESS,Exploitation,15156.48,0.0,15156.48,1,20230110,2023,1
PCE-001905,2025-03-16,DEPT-003,Salaires & Charges sociales,Charges patronales,TRANSPORT EXPRESS,Exploitation,72220.6,0.0,72220.6,1,20250316,2025,3
PCE-001906,2025-05-20,DEPT-008,Informatique & Licences,Maintenance SI,IT SOLUTIONS,Exploitation,1233.95,246.79,1480.74,0,20250520,2025,5
PCE-001907,2024-08-11,DEPT-008,Loyer & Charges locatives,Charges communes,IBM MADA,Exploitation,5195.95,0.0,5195.95,1,20240811,2024,8
PCE-001908,2025-12-24,DEPT-001,Salaires & Charges sociales,Avantages en nature,ORANGE PRO,Exploitation,20946.88,0.0,20946.88,1,20251224,2025,12
PCE-001909,2023-04-27,DEPT-004,Sous-traitance,Expertise externe,ORACLE,Exploitation,1702.12,340.42,2042.54,0,20230427,2023,4
PCE-001910,2025-07-31,DEPT-005,Formation & Développement,Abonnements professionnels,TOTAL MADA,Exploitation,1883.28,376.66,2259.94,0,20250731,2025,7
PCE-001911,2024-06-24,DEPT-002,Sous-traitance,Expertise externe,IBM MADA,Exploitation,17898.16,3579.63,21477.79,1,20240624,2024,6
PCE-001912,2024-10-09,DEPT-006,Salaires & Charges sociales,Charges patronales,IBM MADA,Exploitation,63573.91,0.0,63573.91,1,20241009,2024,10
PCE-001913,2025-06-05,DEPT-008,Loyer & Charges locatives,Assurance locaux,NETTOYAGE SERVICE,Exploitation,7955.93,0.0,7955.93,1,20250605,2025,6
PCE-001914,2025-02-13,DEPT-003,Déplacements & Missions,Hôtel & restauration,MICROSOFT MADA,Exploitation,1163.82,232.76,1396.58,1,20250213,2025,2
PCE-001915,2025-11-08,DEPT-008,Informatique & Licences,Cloud & hébergement,TOTAL MADA,Exploitation,6497.51,1299.5,7797.01,1,20251108,2025,11
PCE-001916,2025-05-22,DEPT-002,Formation & Développement,Certifications,FOURNITURES PRO,Exploitation,3929.92,785.98,4715.9,1,20250522,2025,5
PCE-001917,2025-03-31,DEPT-008,Loyer & Charges locatives,Loyer bureaux,IBM MADA,Exploitation,3859.28,0.0,3859.28,1,20250331,2025,3
PCE-001918,2023-04-16,DEPT-005,Salaires & Charges sociales,Charges patronales,FORMATION PLUS,Exploitation,9031.31,0.0,9031.31,1,20230416,2023,4
PCE-001919,2024-11-28,DEPT-008,Informatique & Licences,Cloud & hébergement,MICROSOFT MADA,Exploitation,12803.39,2560.68,15364.07,1,20241128,2024,11
PCE-001920,2024-06-27,DEPT-008,Fournitures & Consommables,Consommables informatique,HOTEL COLBERT,Exploitation,989.61,197.92,1187.53,0,20240627,2024,6
PCE-001921,2024-08-10,DEPT-005,Salaires & Charges sociales,Charges patronales,TOTAL MADA,Exploitation,66369.47,0.0,66369.47,1,20240810,2024,8
PCE-001922,2025-02-28,DEPT-006,Informatique & Licences,Maintenance SI,CONSULTANTS SA,Exploitation,3574.12,714.82,4288.94,1,20250228,2025,2
PCE-001923,2023-08-05,DEPT-008,Informatique & Licences,Licences logiciels,IBM MADA,Exploitation,12864.88,2572.98,15437.86,1,20230805,2023,8
PCE-001924,2025-06-21,DEPT-008,Fournitures & Consommables,Consommables informatique,CONSULTANTS SA,Exploitation,1297.71,259.54,1557.25,1,20250621,2025,6
PCE-001925,2023-12-01,DEPT-006,Informatique & Licences,Matériel informatique,IBM MADA,Exploitation,3083.38,616.68,3700.06,1,20231201,2023,12
PCE-001926,2023-11-07,DEPT-002,Formation & Développement,Certifications,NETTOYAGE SERVICE,Exploitation,1799.65,359.93,2159.58,1,20231107,2023,11
PCE-001927,2023-06-28,DEPT-001,Déplacements & Missions,Carburant,TRANSPORT EXPRESS,Exploitation,426.75,85.35,512.1,1,20230628,2023,6
PCE-001928,2025-06-23,DEPT-002,Déplacements & Missions,Hôtel & restauration,TOTAL MADA,Exploitation,2151.98,430.4,2582.38,1,20250623,2025,6
PCE-001929,2024-06-24,DEPT-003,Sous-traitance,Prestations ponctuelles,MICROSOFT MADA,Exploitation,11364.57,2272.91,13637.48,0,20240624,2024,6
PCE-001930,2023-07-23,DEPT-007,Déplacements & Missions,Carburant,SECURITE MADA,Exploitation,2985.36,597.07,3582.43,1,20230723,2023,7
PCE-001931,2025-08-21,DEPT-008,Informatique & Licences,Maintenance SI,AGENCE VOYAGE,Exploitation,4166.96,833.39,5000.35,1,20250821,2025,8
PCE-001932,2025-11-24,DEPT-002,Formation & Développement,Certifications,ORANGE PRO,Exploitation,2899.46,579.89,3479.35,1,20251124,2025,11
PCE-001933,2023-07-05,DEPT-007,Déplacements & Missions,Hôtel & restauration,AGENCE VOYAGE,Exploitation,2161.71,432.34,2594.05,1,20230705,2023,7
PCE-001934,2024-10-09,DEPT-008,Informatique & Licences,Matériel informatique,ORANGE PRO,Exploitation,8090.83,1618.17,9709.0,1,20241009,2024,10
PCE-001935,2025-04-28,DEPT-001,Sous-traitance,Prestations ponctuelles,HOTEL COLBERT,Exploitation,13055.11,2611.02,15666.13,1,20250428,2025,4
PCE-001936,2023-03-16,DEPT-003,Sous-traitance,Expertise externe,FORMATION PLUS,Exploitation,13163.68,2632.74,15796.42,1,20230316,2023,3
PCE-001937,2023-10-02,DEPT-006,Salaires & Charges sociales,Avantages en nature,NETTOYAGE SERVICE,Exploitation,79462.12,0.0,79462.12,1,20231002,2023,10
PCE-001938,2024-09-04,DEPT-003,Déplacements & Missions,Hôtel & restauration,CONSULTANTS SA,Exploitation,373.93,74.79,448.72,0,20240904,2024,9
PCE-001939,2025-06-23,DEPT-006,Informatique & Licences,Matériel informatique,AGENCE VOYAGE,Exploitation,6640.16,1328.03,7968.19,1,20250623,2025,6
PCE-001940,2023-07-05,DEPT-005,Fournitures & Consommables,Consommables informatique,NETTOYAGE SERVICE,Exploitation,418.01,83.6,501.61,1,20230705,2023,7
PCE-001941,2023-08-12,DEPT-008,Loyer & Charges locatives,Charges communes,CONSULTANTS SA,Exploitation,6687.75,0.0,6687.75,1,20230812,2023,8
PCE-001942,2023-08-12,DEPT-008,Informatique & Licences,Cloud & hébergement,CONSULTANTS SA,Exploitation,2980.21,596.04,3576.25,1,20230812,2023,8
PCE-001943,2023-12-20,DEPT-002,Formation & Développement,Abonnements professionnels,TOTAL MADA,Exploitation,1408.19,281.64,1689.83,0,20231220,2023,12
PCE-001944,2024-01-06,DEPT-001,Formation & Développement,Formations externes,IT SOLUTIONS,Exploitation,1800.39,360.08,2160.47,1,20240106,2024,1
PCE-001945,2025-02-23,DEPT-008,Salaires & Charges sociales,Charges patronales,SECURITE MADA,Exploitation,79536.26,0.0,79536.26,1,20250223,2025,2
PCE-001946,2024-11-12,DEPT-008,Loyer & Charges locatives,Assurance locaux,NETTOYAGE SERVICE,Exploitation,2616.1,0.0,2616.1,1,20241112,2024,11
PCE-001947,2024-02-16,DEPT-002,Déplacements & Missions,Transport,ORANGE PRO,Exploitation,574.63,114.93,689.56,0,20240216,2024,2
PCE-001948,2024-06-09,DEPT-002,Déplacements & Missions,Carburant,TRANSPORT EXPRESS,Exploitation,1975.06,395.01,2370.07,0,20240609,2024,6
PCE-001949,2023-04-02,DEPT-008,Salaires & Charges sociales,Charges patronales,IBM MADA,Exploitation,77171.83,0.0,77171.83,1,20230402,2023,4
PCE-001950,2024-08-30,DEPT-004,Sous-traitance,Expertise externe,MICROSOFT MADA,Exploitation,6202.09,1240.42,7442.51,1,20240830,2024,8
PCE-001951,2025-02-07,DEPT-002,Formation & Développement,Certifications,AGENCE VOYAGE,Exploitation,4867.24,973.45,5840.69,1,20250207,2025,2
PCE-001952,2023-06-01,DEPT-008,Informatique & Licences,Licences logiciels,SECURITE MADA,Exploitation,10800.08,2160.02,12960.1,1,20230601,2023,6
PCE-001953,2024-11-08,DEPT-008,Loyer & Charges locatives,Charges communes,FORMATION PLUS,Exploitation,2904.49,0.0,2904.49,1,20241108,2024,11
PCE-001954,2024-04-11,DEPT-005,Formation & Développement,Certifications,MICROSOFT MADA,Exploitation,4761.99,952.4,5714.39,0,20240411,2024,4
PCE-001955,2024-02-10,DEPT-001,Formation & Développement,Formations externes,ORACLE,Exploitation,3508.47,701.69,4210.16,0,20240210,2024,2
PCE-001956,2024-09-30,DEPT-005,Formation & Développement,Abonnements professionnels,IT SOLUTIONS,Exploitation,2911.93,582.39,3494.32,1,20240930,2024,9
PCE-001957,2023-10-18,DEPT-003,Sous-traitance,Consultants,FORMATION PLUS,Exploitation,16616.98,3323.4,19940.38,0,20231018,2023,10
PCE-001958,2023-11-11,DEPT-003,Déplacements & Missions,Carburant,IT SOLUTIONS,Exploitation,2656.29,531.26,3187.55,1,20231111,2023,11
PCE-001959,2024-04-30,DEPT-006,Informatique & Licences,Licences logiciels,IBM MADA,Exploitation,1159.15,231.83,1390.98,1,20240430,2024,4
PCE-001960,2023-02-04,DEPT-005,Fournitures & Consommables,Consommables informatique,BAILLEUR IMMO,Exploitation,105.98,21.2,127.18,1,20230204,2023,2
PCE-001961,2023-12-05,DEPT-004,Sous-traitance,Expertise externe,SECURITE MADA,Exploitation,4730.1,946.02,5676.12,1,20231205,2023,12
PCE-001962,2025-05-07,DEPT-006,Informatique & Licences,Matériel informatique,BAILLEUR IMMO,Exploitation,8654.93,1730.99,10385.92,0,20250507,2025,5
PCE-001963,2025-01-02,DEPT-006,Informatique & Licences,Matériel informatique,FOURNITURES PRO,Exploitation,6326.75,1265.35,7592.1,1,20250102,2025,1
PCE-001964,2024-03-05,DEPT-008,Informatique & Licences,Maintenance SI,CONSULTANTS SA,Exploitation,9381.6,1876.32,11257.92,1,20240305,2024,3
PCE-001965,2023-03-28,DEPT-008,Fournitures & Consommables,Consommables informatique,TRANSPORT EXPRESS,Exploitation,161.31,32.26,193.57,1,20230328,2023,3
PCE-001966,2024-02-19,DEPT-008,Loyer & Charges locatives,Charges communes,FORMATION PLUS,Exploitation,7444.64,0.0,7444.64,1,20240219,2024,2
PCE-001967,2023-01-02,DEPT-003,Déplacements & Missions,Hôtel & restauration,HOTEL COLBERT,Exploitation,1818.41,363.68,2182.09,1,20230102,2023,1
PCE-001968,2023-02-23,DEPT-006,Informatique & Licences,Cloud & hébergement,AGENCE VOYAGE,Exploitation,1987.55,397.51,2385.06,1,20230223,2023,2
PCE-001969,2025-03-13,DEPT-002,Formation & Développement,Abonnements professionnels,FORMATION PLUS,Exploitation,2061.54,412.31,2473.85,1,20250313,2025,3
PCE-001970,2023-03-21,DEPT-001,Formation & Développement,Abonnements professionnels,HOTEL COLBERT,Exploitation,3404.87,680.97,4085.84,1,20230321,2023,3
PCE-001971,2023-09-30,DEPT-002,Sous-traitance,Expertise externe,ORACLE,Exploitation,4112.29,822.46,4934.75,1,20230930,2023,9
PCE-001972,2023-02-07,DEPT-008,Loyer & Charges locatives,Assurance locaux,ORANGE PRO,Exploitation,2367.55,0.0,2367.55,1,20230207,2023,2
PCE-001973,2023-03-18,DEPT-004,Sous-traitance,Expertise externe,TRANSPORT EXPRESS,Exploitation,16705.7,3341.14,20046.84,0,20230318,2023,3
PCE-001974,2024-05-19,DEPT-001,Sous-traitance,Prestations ponctuelles,SECURITE MADA,Exploitation,8254.23,1650.85,9905.08,1,20240519,2024,5
PCE-001975,2023-07-06,DEPT-002,Sous-traitance,Expertise externe,NETTOYAGE SERVICE,Exploitation,17057.5,3411.5,20469.0,0,20230706,2023,7
PCE-001976,2025-03-25,DEPT-008,Loyer & Charges locatives,Loyer bureaux,FOURNITURES PRO,Exploitation,2652.86,0.0,2652.86,1,20250325,2025,3
PCE-001977,2023-09-05,DEPT-002,Déplacements & Missions,Carburant,ORACLE,Exploitation,954.79,190.96,1145.75,0,20230905,2023,9
PCE-001978,2024-09-02,DEPT-006,Informatique & Licences,Matériel informatique,ORACLE,Exploitation,2477.29,495.46,2972.75,1,20240902,2024,9
PCE-001979,2023-02-15,DEPT-008,Loyer & Charges locatives,Loyer bureaux,TOTAL MADA,Exploitation,2891.98,0.0,2891.98,1,20230215,2023,2
PCE-001980,2024-01-26,DEPT-003,Salaires & Charges sociales,Avantages en nature,FORMATION PLUS,Exploitation,14705.96,0.0,14705.96,1,20240126,2024,1
PCE-001981,2023-11-26,DEPT-005,Formation & Développement,Abonnements professionnels,CONSULTANTS SA,Exploitation,1691.41,338.28,2029.69,1,20231126,2023,11
PCE-001982,2025-09-27,DEPT-002,Sous-traitance,Consultants,IBM MADA,Exploitation,11776.31,2355.26,14131.57,0,20250927,2025,9
PCE-001983,2023-11-28,DEPT-001,Sous-traitance,Prestations ponctuelles,HOTEL COLBERT,Exploitation,12479.16,2495.83,14974.99,0,20231128,2023,11
PCE-001984,2024-01-12,DEPT-003,Déplacements & Missions,Hôtel & restauration,TRANSPORT EXPRESS,Exploitation,1847.47,369.49,2216.96,0,20240112,2024,1
PCE-001985,2025-02-08,DEPT-007,Déplacements & Missions,Hôtel & restauration,CONSULTANTS SA,Exploitation,1000.45,200.09,1200.54,0,20250208,2025,2
PCE-001986,2024-03-17,DEPT-006,Informatique & Licences,Matériel informatique,TOTAL MADA,Exploitation,5951.48,1190.3,7141.78,0,20240317,2024,3
PCE-001987,2025-08-10,DEPT-005,Formation & Développement,Formations externes,AGENCE VOYAGE,Exploitation,678.84,135.77,814.61,1,20250810,2025,8
PCE-001988,2023-09-21,DEPT-002,Salaires & Charges sociales,Avantages en nature,BAILLEUR IMMO,Exploitation,41386.58,0.0,41386.58,1,20230921,2023,9
PCE-001989,2025-08-20,DEPT-001,Déplacements & Missions,Hôtel & restauration,TRANSPORT EXPRESS,Exploitation,2550.64,510.13,3060.77,1,20250820,2025,8
PCE-001990,2024-02-10,DEPT-003,Sous-traitance,Consultants,SECURITE MADA,Exploitation,9157.11,1831.42,10988.53,1,20240210,2024,2
PCE-001991,2025-08-21,DEPT-005,Fournitures & Consommables,Documentation,TRANSPORT EXPRESS,Exploitation,1090.77,218.15,1308.92,1,20250821,2025,8
PCE-001992,2024-01-09,DEPT-002,Formation & Développement,Formations externes,ORANGE PRO,Exploitation,3610.44,722.09,4332.53,1,20240109,2024,1
PCE-001993,2025-06-04,DEPT-006,Informatique & Licences,Matériel informatique,FOURNITURES PRO,Exploitation,2909.56,581.91,3491.47,1,20250604,2025,6
PCE-001994,2024-04-01,DEPT-001,Sous-traitance,Expertise externe,FOURNITURES PRO,Exploitation,4739.07,947.81,5686.88,0,20240401,2024,4
PCE-001995,2023-12-28,DEPT-006,Informatique & Licences,Maintenance SI,MICROSOFT MADA,Exploitation,10967.12,2193.42,13160.54,1,20231228,2023,12
PCE-001996,2023-02-26,DEPT-003,Déplacements & Missions,Transport,IT SOLUTIONS,Exploitation,2359.95,471.99,2831.94,0,20230226,2023,2
PCE-001997,2023-07-16,DEPT-005,Formation & Développement,Certifications,BAILLEUR IMMO,Exploitation,4994.02,998.8,5992.82,1,20230716,2023,7
PCE-001998,2024-01-15,DEPT-008,Loyer & Charges locatives,Charges communes,HOTEL COLBERT,Exploitation,5541.58,0.0,5541.58,1,20240115,2024,1
PCE-001999,2023-02-23,DEPT-002,Formation & Développement,Formations externes,CONSULTANTS SA,Exploitation,2850.81,570.16,3420.97,0,20230223,2023,2
PCE-002000,2024-04-09,DEPT-001,Formation & Développement,Formations externes,ORACLE,Exploitation,4572.75,914.55,5487.3,1,20240409,2024,4
PCE-002001,2023-11-17,DEPT-002,Déplacements & Missions,Transport,FORMATION PLUS,Exploitation,2143.59,428.72,2572.31,1,20231117,2023,11
PCE-002002,2024-07-24,DEPT-003,Déplacements & Missions,Carburant,NETTOYAGE SERVICE,Exploitation,516.22,103.24,619.46,0,20240724,2024,7
PCE-002003,2024-04-24,DEPT-003,Sous-traitance,Prestations ponctuelles,ORANGE PRO,Exploitation,4937.23,987.45,5924.68,1,20240424,2024,4
PCE-002004,2023-02-14,DEPT-002,Formation & Développement,Abonnements professionnels,TRANSPORT EXPRESS,Exploitation,2031.55,406.31,2437.86,0,20230214,2023,2
PCE-002005,2024-11-27,DEPT-008,Informatique & Licences,Licences logiciels,FOURNITURES PRO,Exploitation,8640.2,1728.04,10368.24,1,20241127,2024,11
PCE-002006,2024-01-15,DEPT-005,Formation & Développement,Formations externes,MICROSOFT MADA,Exploitation,2054.14,410.83,2464.97,0,20240115,2024,1
PCE-002007,2024-01-27,DEPT-002,Formation & Développement,Certifications,NETTOYAGE SERVICE,Exploitation,563.04,112.61,675.65,1,20240127,2024,1
PCE-002008,2025-06-11,DEPT-005,Salaires & Charges sociales,Charges patronales,FORMATION PLUS,Exploitation,50225.33,0.0,50225.33,1,20250611,2025,6
PCE-002009,2024-08-06,DEPT-003,Déplacements & Missions,Transport,TRANSPORT EXPRESS,Exploitation,1505.86,301.17,1807.03,1,20240806,2024,8
PCE-002010,2023-07-20,DEPT-008,Fournitures & Consommables,Documentation,AGENCE VOYAGE,Exploitation,476.43,95.29,571.72,1,20230720,2023,7
PCE-002011,2025-01-13,DEPT-004,Sous-traitance,Prestations ponctuelles,MICROSOFT MADA,Exploitation,1785.46,357.09,2142.55,0,20250113,2025,1
PCE-002012,2023-10-13,DEPT-002,Formation & Développement,Formations externes,TRANSPORT EXPRESS,Exploitation,2561.34,512.27,3073.61,0,20231013,2023,10
PCE-002013,2024-11-12,DEPT-008,Loyer & Charges locatives,Assurance locaux,FORMATION PLUS,Exploitation,6912.57,0.0,6912.57,1,20241112,2024,11
PCE-002014,2024-06-25,DEPT-005,Formation & Développement,Abonnements professionnels,FORMATION PLUS,Exploitation,4515.4,903.08,5418.48,1,20240625,2024,6
PCE-002015,2025-01-23,DEPT-005,Salaires & Charges sociales,Salaires bruts,MICROSOFT MADA,Exploitation,31631.5,0.0,31631.5,1,20250123,2025,1
PCE-002016,2025-04-15,DEPT-001,Déplacements & Missions,Carburant,IT SOLUTIONS,Exploitation,1447.95,289.59,1737.54,0,20250415,2025,4
PCE-002017,2024-06-27,DEPT-008,Fournitures & Consommables,Consommables informatique,HOTEL COLBERT,Exploitation,1429.53,285.91,1715.44,1,20240627,2024,6
PCE-002018,2024-05-23,DEPT-003,Salaires & Charges sociales,Charges patronales,NETTOYAGE SERVICE,Exploitation,20028.42,0.0,20028.42,1,20240523,2024,5
PCE-002019,2024-10-27,DEPT-002,Sous-traitance,Expertise externe,AGENCE VOYAGE,Exploitation,15434.85,3086.97,18521.82,0,20241027,2024,10
PCE-002020,2024-07-08,DEPT-006,Informatique & Licences,Maintenance SI,FORMATION PLUS,Exploitation,12830.02,2566.0,15396.02,1,20240708,2024,7
PCE-002021,2024-08-27,DEPT-001,Salaires & Charges sociales,Avantages en nature,FORMATION PLUS,Exploitation,79140.85,0.0,79140.85,1,20240827,2024,8
PCE-002022,2024-03-01,DEPT-003,Sous-traitance,Expertise externe,SECURITE MADA,Exploitation,10090.66,2018.13,12108.79,1,20240301,2024,3
PCE-002023,2023-03-30,DEPT-007,Salaires & Charges sociales,Avantages en nature,IBM MADA,Exploitation,50652.25,0.0,50652.25,1,20230330,2023,3
PCE-002024,2023-03-03,DEPT-001,Formation & Développement,Formations externes,TRANSPORT EXPRESS,Exploitation,3285.93,657.19,3943.12,0,20230303,2023,3
PCE-002025,2024-01-17,DEPT-007,Salaires & Charges sociales,Charges patronales,CONSULTANTS SA,Exploitation,17264.96,0.0,17264.96,1,20240117,2024,1
PCE-002026,2024-07-30,DEPT-007,Déplacements & Missions,Hôtel & restauration,FORMATION PLUS,Exploitation,1426.48,285.3,1711.78,1,20240730,2024,7
PCE-002027,2025-02-19,DEPT-001,Formation & Développement,Abonnements professionnels,IT SOLUTIONS,Exploitation,1807.12,361.42,2168.54,1,20250219,2025,2
PCE-002028,2024-04-21,DEPT-001,Sous-traitance,Consultants,FOURNITURES PRO,Exploitation,1703.26,340.65,2043.91,0,20240421,2024,4
PCE-002029,2023-03-23,DEPT-002,Salaires & Charges sociales,Salaires bruts,ORACLE,Exploitation,59880.26,0.0,59880.26,1,20230323,2023,3
PCE-002030,2024-08-16,DEPT-004,Sous-traitance,Prestations ponctuelles,FORMATION PLUS,Exploitation,10950.52,2190.1,13140.62,1,20240816,2024,8
PCE-002031,2023-09-21,DEPT-008,Informatique & Licences,Cloud & hébergement,TRANSPORT EXPRESS,Exploitation,2019.38,403.88,2423.26,1,20230921,2023,9
PCE-002032,2023-02-10,DEPT-005,Fournitures & Consommables,Fournitures de bureau,FORMATION PLUS,Exploitation,135.73,27.15,162.88,1,20230210,2023,2
PCE-002033,2023-05-07,DEPT-001,Sous-traitance,Prestations ponctuelles,NETTOYAGE SERVICE,Exploitation,9347.1,1869.42,11216.52,0,20230507,2023,5
PCE-002034,2024-08-23,DEPT-001,Sous-traitance,Consultants,CONSULTANTS SA,Exploitation,18432.79,3686.56,22119.35,1,20240823,2024,8
PCE-002035,2024-03-01,DEPT-008,Fournitures & Consommables,Fournitures de bureau,IT SOLUTIONS,Exploitation,122.79,24.56,147.35,0,20240301,2024,3
PCE-002036,2023-06-25,DEPT-006,Informatique & Licences,Cloud & hébergement,FORMATION PLUS,Exploitation,2386.33,477.27,2863.6,1,20230625,2023,6
PCE-002037,2023-06-03,DEPT-008,Loyer & Charges locatives,Loyer bureaux,ORANGE PRO,Exploitation,2175.33,0.0,2175.33,1,20230603,2023,6
PCE-002038,2025-12-05,DEPT-006,Informatique & Licences,Maintenance SI,AGENCE VOYAGE,Exploitation,7946.68,1589.34,9536.02,1,20251205,2025,12
PCE-002039,2025-05-31,DEPT-002,Salaires & Charges sociales,Charges patronales,ORANGE PRO,Exploitation,38365.42,0.0,38365.42,1,20250531,2025,5
PCE-002040,2025-12-05,DEPT-008,Informatique & Licences,Maintenance SI,TOTAL MADA,Exploitation,3805.19,761.04,4566.23,0,20251205,2025,12
PCE-002041,2024-12-20,DEPT-008,Fournitures & Consommables,Consommables informatique,TOTAL MADA,Exploitation,268.62,53.72,322.34,1,20241220,2024,12
PCE-002042,2023-11-16,DEPT-002,Formation & Développement,Certifications,ORANGE PRO,Exploitation,792.68,158.54,951.22,0,20231116,2023,11
PCE-002043,2024-11-16,DEPT-007,Salaires & Charges sociales,Salaires bruts,NETTOYAGE SERVICE,Exploitation,14162.35,0.0,14162.35,1,20241116,2024,11
PCE-002044,2025-08-22,DEPT-001,Formation & Développement,Abonnements professionnels,IBM MADA,Exploitation,4307.31,861.46,5168.77,1,20250822,2025,8
PCE-002045,2023-08-18,DEPT-008,Informatique & Licences,Cloud & hébergement,TOTAL MADA,Exploitation,1018.54,203.71,1222.25,1,20230818,2023,8
PCE-002046,2024-06-05,DEPT-005,Formation & Développement,Certifications,BAILLEUR IMMO,Exploitation,4792.0,958.4,5750.4,0,20240605,2024,6
PCE-002047,2023-09-06,DEPT-008,Loyer & Charges locatives,Charges communes,IT SOLUTIONS,Exploitation,7096.15,0.0,7096.15,1,20230906,2023,9
PCE-002048,2024-01-18,DEPT-006,Salaires & Charges sociales,Avantages en nature,TOTAL MADA,Exploitation,15921.92,0.0,15921.92,1,20240118,2024,1
PCE-002049,2024-09-19,DEPT-005,Fournitures & Consommables,Consommables informatique,IT SOLUTIONS,Exploitation,549.23,109.85,659.08,1,20240919,2024,9
PCE-002050,2025-11-25,DEPT-007,Salaires & Charges sociales,Avantages en nature,CONSULTANTS SA,Exploitation,37771.68,0.0,37771.68,1,20251125,2025,11
PCE-002051,2024-10-12,DEPT-008,Loyer & Charges locatives,Charges communes,TOTAL MADA,Exploitation,6594.51,0.0,6594.51,1,20241012,2024,10
PCE-002052,2023-01-31,DEPT-004,Salaires & Charges sociales,Salaires bruts,NETTOYAGE SERVICE,Exploitation,74206.68,0.0,74206.68,1,20230131,2023,1
PCE-002053,2023-07-21,DEPT-003,Sous-traitance,Expertise externe,TOTAL MADA,Exploitation,18934.46,3786.89,22721.35,0,20230721,2023,7
PCE-002054,2025-10-31,DEPT-004,Sous-traitance,Prestations ponctuelles,ORANGE PRO,Exploitation,3171.01,634.2,3805.21,0,20251031,2025,10
PCE-002055,2023-10-05,DEPT-002,Sous-traitance,Prestations ponctuelles,FOURNITURES PRO,Exploitation,13573.55,2714.71,16288.26,0,20231005,2023,10
PCE-002056,2024-09-18,DEPT-003,Déplacements & Missions,Carburant,MICROSOFT MADA,Exploitation,2252.35,450.47,2702.82,1,20240918,2024,9
PCE-002057,2024-12-29,DEPT-003,Sous-traitance,Expertise externe,MICROSOFT MADA,Exploitation,6029.08,1205.82,7234.9,1,20241229,2024,12
PCE-002058,2025-05-23,DEPT-002,Déplacements & Missions,Carburant,IT SOLUTIONS,Exploitation,929.68,185.94,1115.62,1,20250523,2025,5
PCE-002059,2025-06-06,DEPT-001,Formation & Développement,Certifications,FOURNITURES PRO,Exploitation,3314.08,662.82,3976.9,0,20250606,2025,6
PCE-002060,2023-06-20,DEPT-003,Salaires & Charges sociales,Avantages en nature,FORMATION PLUS,Exploitation,7814.42,0.0,7814.42,1,20230620,2023,6
PCE-002061,2023-10-05,DEPT-001,Formation & Développement,Formations externes,TOTAL MADA,Exploitation,3644.77,728.95,4373.72,1,20231005,2023,10
PCE-002062,2025-05-22,DEPT-002,Formation & Développement,Formations externes,FORMATION PLUS,Exploitation,2717.19,543.44,3260.63,1,20250522,2025,5
PCE-002063,2025-07-21,DEPT-007,Déplacements & Missions,Transport,FOURNITURES PRO,Exploitation,1484.56,296.91,1781.47,1,20250721,2025,7
PCE-002064,2023-10-03,DEPT-002,Formation & Développement,Formations externes,FORMATION PLUS,Exploitation,1631.5,326.3,1957.8,1,20231003,2023,10
PCE-002065,2023-06-20,DEPT-006,Informatique & Licences,Matériel informatique,TRANSPORT EXPRESS,Exploitation,10879.95,2175.99,13055.94,0,20230620,2023,6
PCE-002066,2023-07-18,DEPT-002,Sous-traitance,Expertise externe,FOURNITURES PRO,Exploitation,19873.94,3974.79,23848.73,1,20230718,2023,7
PCE-002067,2024-05-24,DEPT-008,Loyer & Charges locatives,Assurance locaux,MICROSOFT MADA,Exploitation,6748.72,0.0,6748.72,1,20240524,2024,5
PCE-002068,2023-06-18,DEPT-003,Salaires & Charges sociales,Avantages en nature,SECURITE MADA,Exploitation,38466.25,0.0,38466.25,1,20230618,2023,6
PCE-002069,2023-08-28,DEPT-008,Informatique & Licences,Licences logiciels,IT SOLUTIONS,Exploitation,10348.53,2069.71,12418.24,1,20230828,2023,8
PCE-002070,2025-05-07,DEPT-005,Formation & Développement,Formations externes,NETTOYAGE SERVICE,Exploitation,4779.97,955.99,5735.96,1,20250507,2025,5
PCE-002071,2024-07-08,DEPT-001,Salaires & Charges sociales,Avantages en nature,CONSULTANTS SA,Exploitation,5123.42,0.0,5123.42,1,20240708,2024,7
PCE-002072,2025-09-04,DEPT-008,Loyer & Charges locatives,Loyer bureaux,SECURITE MADA,Exploitation,4346.48,0.0,4346.48,1,20250904,2025,9
PCE-002073,2025-05-04,DEPT-005,Fournitures & Consommables,Documentation,CONSULTANTS SA,Exploitation,419.94,83.99,503.93,1,20250504,2025,5
PCE-002074,2024-12-10,DEPT-001,Formation & Développement,Abonnements professionnels,HOTEL COLBERT,Exploitation,698.2,139.64,837.84,1,20241210,2024,12
PCE-002075,2023-01-18,DEPT-001,Déplacements & Missions,Carburant,FORMATION PLUS,Exploitation,2417.73,483.55,2901.28,1,20230118,2023,1
PCE-002076,2023-03-17,DEPT-001,Salaires & Charges sociales,Avantages en nature,IBM MADA,Exploitation,30481.92,0.0,30481.92,1,20230317,2023,3
PCE-002077,2025-05-02,DEPT-001,Salaires & Charges sociales,Avantages en nature,TRANSPORT EXPRESS,Exploitation,51930.01,0.0,51930.01,1,20250502,2025,5
PCE-002078,2025-10-31,DEPT-008,Fournitures & Consommables,Consommables informatique,IT SOLUTIONS,Exploitation,1261.23,252.25,1513.48,1,20251031,2025,10
PCE-002079,2024-09-30,DEPT-008,Informatique & Licences,Licences logiciels,NETTOYAGE SERVICE,Exploitation,12099.78,2419.96,14519.74,1,20240930,2024,9
PCE-002080,2024-06-19,DEPT-008,Loyer & Charges locatives,Charges communes,TOTAL MADA,Exploitation,3267.1,0.0,3267.1,1,20240619,2024,6
PCE-002081,2024-01-04,DEPT-002,Formation & Développement,Abonnements professionnels,TOTAL MADA,Exploitation,3183.02,636.6,3819.62,0,20240104,2024,1
PCE-002082,2025-03-28,DEPT-001,Déplacements & Missions,Carburant,IT SOLUTIONS,Exploitation,458.19,91.64,549.83,1,20250328,2025,3
PCE-002083,2024-03-07,DEPT-006,Informatique & Licences,Matériel informatique,MICROSOFT MADA,Exploitation,6489.33,1297.87,7787.2,1,20240307,2024,3
PCE-002084,2023-07-11,DEPT-001,Sous-traitance,Expertise externe,SECURITE MADA,Exploitation,9548.45,1909.69,11458.14,1,20230711,2023,7
PCE-002085,2025-06-10,DEPT-001,Déplacements & Missions,Hôtel & restauration,IBM MADA,Exploitation,1428.88,285.78,1714.66,1,20250610,2025,6
PCE-002086,2025-10-08,DEPT-001,Sous-traitance,Consultants,NETTOYAGE SERVICE,Exploitation,7440.82,1488.16,8928.98,0,20251008,2025,10
PCE-002087,2024-12-26,DEPT-002,Déplacements & Missions,Transport,CONSULTANTS SA,Exploitation,2004.95,400.99,2405.94,1,20241226,2024,12
PCE-002088,2023-04-18,DEPT-008,Informatique & Licences,Licences logiciels,IT SOLUTIONS,Exploitation,10884.73,2176.95,13061.68,1,20230418,2023,4
PCE-002089,2023-05-01,DEPT-008,Loyer & Charges locatives,Charges communes,NETTOYAGE SERVICE,Exploitation,3277.45,0.0,3277.45,1,20230501,2023,5
PCE-002090,2025-03-21,DEPT-006,Informatique & Licences,Cloud & hébergement,ORANGE PRO,Exploitation,7343.73,1468.75,8812.48,1,20250321,2025,3
PCE-002091,2024-05-23,DEPT-008,Informatique & Licences,Cloud & hébergement,IBM MADA,Exploitation,4251.31,850.26,5101.57,1,20240523,2024,5
PCE-002092,2023-10-07,DEPT-005,Fournitures & Consommables,Fournitures de bureau,HOTEL COLBERT,Exploitation,795.06,159.01,954.07,1,20231007,2023,10
PCE-002093,2023-04-02,DEPT-005,Fournitures & Consommables,Consommables informatique,FOURNITURES PRO,Exploitation,1167.57,233.51,1401.08,1,20230402,2023,4
PCE-002094,2023-01-05,DEPT-003,Salaires & Charges sociales,Salaires bruts,FOURNITURES PRO,Exploitation,13675.72,0.0,13675.72,1,20230105,2023,1
PCE-002095,2024-05-05,DEPT-008,Loyer & Charges locatives,Loyer bureaux,CONSULTANTS SA,Exploitation,3542.5,0.0,3542.5,1,20240505,2024,5
PCE-002096,2023-02-20,DEPT-002,Formation & Développement,Abonnements professionnels,FOURNITURES PRO,Exploitation,3095.61,619.12,3714.73,1,20230220,2023,2
PCE-002097,2024-12-25,DEPT-001,Sous-traitance,Prestations ponctuelles,TOTAL MADA,Exploitation,3161.64,632.33,3793.97,1,20241225,2024,12
PCE-002098,2025-03-22,DEPT-001,Déplacements & Missions,Hôtel & restauration,IBM MADA,Exploitation,930.05,186.01,1116.06,1,20250322,2025,3
PCE-002099,2024-08-14,DEPT-004,Sous-traitance,Prestations ponctuelles,ORANGE PRO,Exploitation,15152.27,3030.45,18182.72,0,20240814,2024,8
PCE-002100,2023-10-17,DEPT-007,Déplacements & Missions,Carburant,NETTOYAGE SERVICE,Exploitation,550.39,110.08,660.47,1,20231017,2023,10
PCE-002101,2023-09-28,DEPT-003,Déplacements & Missions,Carburant,SECURITE MADA,Exploitation,1408.28,281.66,1689.94,1,20230928,2023,9
PCE-002102,2023-03-19,DEPT-002,Sous-traitance,Prestations ponctuelles,FORMATION PLUS,Exploitation,4218.09,843.62,5061.71,1,20230319,2023,3
PCE-002103,2025-04-24,DEPT-006,Informatique & Licences,Licences logiciels,TRANSPORT EXPRESS,Exploitation,5657.66,1131.53,6789.19,1,20250424,2025,4
PCE-002104,2024-10-11,DEPT-008,Fournitures & Consommables,Consommables informatique,NETTOYAGE SERVICE,Exploitation,636.28,127.26,763.54,1,20241011,2024,10
PCE-002105,2024-03-20,DEPT-008,Fournitures & Consommables,Consommables informatique,BAILLEUR IMMO,Exploitation,1289.73,257.95,1547.68,1,20240320,2024,3
PCE-002106,2023-05-10,DEPT-008,Loyer & Charges locatives,Assurance locaux,HOTEL COLBERT,Exploitation,5193.45,0.0,5193.45,1,20230510,2023,5
PCE-002107,2023-06-22,DEPT-003,Déplacements & Missions,Transport,TRANSPORT EXPRESS,Exploitation,2397.71,479.54,2877.25,1,20230622,2023,6
PCE-002108,2024-04-04,DEPT-005,Formation & Développement,Certifications,SECURITE MADA,Exploitation,3513.31,702.66,4215.97,0,20240404,2024,4
PCE-002109,2023-03-17,DEPT-002,Formation & Développement,Certifications,HOTEL COLBERT,Exploitation,3292.16,658.43,3950.59,0,20230317,2023,3
PCE-002110,2024-04-01,DEPT-008,Informatique & Licences,Maintenance SI,AGENCE VOYAGE,Exploitation,11779.75,2355.95,14135.7,1,20240401,2024,4
PCE-002111,2024-03-18,DEPT-003,Sous-traitance,Expertise externe,TRANSPORT EXPRESS,Exploitation,2989.07,597.81,3586.88,0,20240318,2024,3
PCE-002112,2023-02-02,DEPT-005,Fournitures & Consommables,Documentation,HOTEL COLBERT,Exploitation,118.24,23.65,141.89,1,20230202,2023,2
PCE-002113,2024-12-01,DEPT-008,Fournitures & Consommables,Documentation,FORMATION PLUS,Exploitation,319.9,63.98,383.88,1,20241201,2024,12
PCE-002114,2024-10-11,DEPT-003,Salaires & Charges sociales,Salaires bruts,SECURITE MADA,Exploitation,10204.42,0.0,10204.42,1,20241011,2024,10
PCE-002115,2025-05-23,DEPT-004,Sous-traitance,Expertise externe,ORANGE PRO,Exploitation,10346.85,2069.37,12416.22,0,20250523,2025,5
PCE-002116,2025-02-13,DEPT-006,Salaires & Charges sociales,Avantages en nature,IT SOLUTIONS,Exploitation,75907.0,0.0,75907.0,1,20250213,2025,2
PCE-002117,2025-07-01,DEPT-008,Fournitures & Consommables,Fournitures de bureau,TRANSPORT EXPRESS,Exploitation,802.85,160.57,963.42,1,20250701,2025,7
PCE-002118,2025-05-13,DEPT-006,Informatique & Licences,Cloud & hébergement,ORACLE,Exploitation,5727.73,1145.55,6873.28,1,20250513,2025,5
PCE-002119,2023-03-27,DEPT-001,Formation & Développement,Abonnements professionnels,BAILLEUR IMMO,Exploitation,3325.79,665.16,3990.95,1,20230327,2023,3
PCE-002120,2024-04-21,DEPT-004,Salaires & Charges sociales,Avantages en nature,IT SOLUTIONS,Exploitation,71095.43,0.0,71095.43,1,20240421,2024,4
PCE-002121,2024-06-03,DEPT-008,Loyer & Charges locatives,Assurance locaux,SECURITE MADA,Exploitation,4262.06,0.0,4262.06,1,20240603,2024,6
PCE-002122,2025-12-07,DEPT-007,Salaires & Charges sociales,Salaires bruts,MICROSOFT MADA,Exploitation,13985.26,0.0,13985.26,1,20251207,2025,12
PCE-002123,2025-04-08,DEPT-005,Fournitures & Consommables,Documentation,FOURNITURES PRO,Exploitation,1211.12,242.22,1453.34,0,20250408,2025,4
PCE-002124,2024-04-01,DEPT-005,Formation & Développement,Formations externes,HOTEL COLBERT,Exploitation,4396.04,879.21,5275.25,1,20240401,2024,4
PCE-002125,2025-08-12,DEPT-002,Salaires & Charges sociales,Avantages en nature,TOTAL MADA,Exploitation,71902.18,0.0,71902.18,1,20250812,2025,8
PCE-002126,2024-08-19,DEPT-004,Sous-traitance,Expertise externe,ORANGE PRO,Exploitation,14403.83,2880.77,17284.6,0,20240819,2024,8
PCE-002127,2023-05-08,DEPT-006,Informatique & Licences,Matériel informatique,IT SOLUTIONS,Exploitation,7976.42,1595.28,9571.7,1,20230508,2023,5
PCE-002128,2024-10-14,DEPT-006,Informatique & Licences,Cloud & hébergement,BAILLEUR IMMO,Exploitation,1521.37,304.27,1825.64,1,20241014,2024,10
PCE-002129,2023-06-28,DEPT-008,Informatique & Licences,Licences logiciels,ORACLE,Exploitation,7865.31,1573.06,9438.37,1,20230628,2023,6
PCE-002130,2025-10-03,DEPT-005,Formation & Développement,Certifications,TOTAL MADA,Exploitation,3887.43,777.49,4664.92,1,20251003,2025,10
PCE-002131,2024-09-23,DEPT-001,Déplacements & Missions,Transport,CONSULTANTS SA,Exploitation,822.65,164.53,987.18,0,20240923,2024,9
PCE-002132,2023-05-02,DEPT-008,Informatique & Licences,Maintenance SI,HOTEL COLBERT,Exploitation,9930.29,1986.06,11916.35,1,20230502,2023,5
PCE-002133,2024-11-12,DEPT-003,Déplacements & Missions,Transport,TRANSPORT EXPRESS,Exploitation,1135.34,227.07,1362.41,1,20241112,2024,11
PCE-002134,2025-09-18,DEPT-008,Informatique & Licences,Licences logiciels,FORMATION PLUS,Exploitation,12033.69,2406.74,14440.43,0,20250918,2025,9
PCE-002135,2025-03-14,DEPT-008,Loyer & Charges locatives,Loyer bureaux,ORACLE,Exploitation,7151.77,0.0,7151.77,1,20250314,2025,3
PCE-002136,2024-06-02,DEPT-008,Loyer & Charges locatives,Loyer bureaux,NETTOYAGE SERVICE,Exploitation,4830.58,0.0,4830.58,1,20240602,2024,6
PCE-002137,2024-04-03,DEPT-007,Déplacements & Missions,Carburant,ORANGE PRO,Exploitation,619.53,123.91,743.44,1,20240403,2024,4
PCE-002138,2024-07-17,DEPT-002,Formation & Développement,Formations externes,TRANSPORT EXPRESS,Exploitation,2787.37,557.47,3344.84,0,20240717,2024,7
PCE-002139,2024-05-10,DEPT-006,Informatique & Licences,Maintenance SI,FOURNITURES PRO,Exploitation,6540.34,1308.07,7848.41,1,20240510,2024,5
PCE-002140,2025-07-09,DEPT-008,Loyer & Charges locatives,Loyer bureaux,TOTAL MADA,Exploitation,6087.14,0.0,6087.14,1,20250709,2025,7
PCE-002141,2025-03-03,DEPT-004,Sous-traitance,Expertise externe,ORANGE PRO,Exploitation,2297.99,459.6,2757.59,0,20250303,2025,3
PCE-002142,2024-06-06,DEPT-003,Déplacements & Missions,Transport,IT SOLUTIONS,Exploitation,2344.49,468.9,2813.39,1,20240606,2024,6
PCE-002143,2023-05-04,DEPT-005,Formation & Développement,Certifications,AGENCE VOYAGE,Exploitation,776.31,155.26,931.57,1,20230504,2023,5
PCE-002144,2025-11-12,DEPT-002,Formation & Développement,Certifications,IT SOLUTIONS,Exploitation,4055.32,811.06,4866.38,0,20251112,2025,11
PCE-002145,2025-05-23,DEPT-005,Fournitures & Consommables,Documentation,SECURITE MADA,Exploitation,1260.58,252.12,1512.7,1,20250523,2025,5
PCE-002146,2025-08-28,DEPT-008,Fournitures & Consommables,Fournitures de bureau,MICROSOFT MADA,Exploitation,768.61,153.72,922.33,1,20250828,2025,8
PCE-002147,2024-09-01,DEPT-008,Loyer & Charges locatives,Charges communes,BAILLEUR IMMO,Exploitation,7633.39,0.0,7633.39,1,20240901,2024,9
PCE-002148,2024-01-31,DEPT-001,Salaires & Charges sociales,Salaires bruts,FOURNITURES PRO,Exploitation,38877.79,0.0,38877.79,1,20240131,2024,1
PCE-002149,2023-12-01,DEPT-002,Formation & Développement,Certifications,BAILLEUR IMMO,Exploitation,2381.68,476.34,2858.02,1,20231201,2023,12
PCE-002150,2024-04-01,DEPT-008,Loyer & Charges locatives,Charges communes,MICROSOFT MADA,Exploitation,7478.52,0.0,7478.52,1,20240401,2024,4
PCE-002151,2025-01-27,DEPT-003,Déplacements & Missions,Transport,IBM MADA,Exploitation,2332.6,466.52,2799.12,1,20250127,2025,1
PCE-002152,2024-09-16,DEPT-002,Sous-traitance,Prestations ponctuelles,HOTEL COLBERT,Exploitation,12098.78,2419.76,14518.54,0,20240916,2024,9
PCE-002153,2025-01-03,DEPT-008,Informatique & Licences,Matériel informatique,MICROSOFT MADA,Exploitation,5273.91,1054.78,6328.69,1,20250103,2025,1
PCE-002154,2023-04-11,DEPT-005,Formation & Développement,Certifications,ORACLE,Exploitation,4352.17,870.43,5222.6,1,20230411,2023,4
PCE-002155,2025-10-10,DEPT-006,Informatique & Licences,Licences logiciels,ORANGE PRO,Exploitation,13051.27,2610.25,15661.52,1,20251010,2025,10
PCE-002156,2025-08-17,DEPT-005,Fournitures & Consommables,Consommables informatique,TOTAL MADA,Exploitation,639.13,127.83,766.96,1,20250817,2025,8
PCE-002157,2024-05-06,DEPT-006,Informatique & Licences,Maintenance SI,ORANGE PRO,Exploitation,7915.92,1583.18,9499.1,1,20240506,2024,5
PCE-002158,2024-12-24,DEPT-003,Sous-traitance,Prestations ponctuelles,FORMATION PLUS,Exploitation,15616.89,3123.38,18740.27,1,20241224,2024,12
PCE-002159,2024-06-29,DEPT-004,Sous-traitance,Prestations ponctuelles,IBM MADA,Exploitation,5269.49,1053.9,6323.39,1,20240629,2024,6
PCE-002160,2024-10-13,DEPT-005,Fournitures & Consommables,Consommables informatique,TOTAL MADA,Exploitation,535.02,107.0,642.02,1,20241013,2024,10
PCE-002161,2024-06-15,DEPT-008,Loyer & Charges locatives,Charges communes,TRANSPORT EXPRESS,Exploitation,6920.78,0.0,6920.78,1,20240615,2024,6
PCE-002162,2025-11-21,DEPT-001,Déplacements & Missions,Carburant,TRANSPORT EXPRESS,Exploitation,1670.44,334.09,2004.53,0,20251121,2025,11
PCE-002163,2025-03-31,DEPT-003,Déplacements & Missions,Carburant,MICROSOFT MADA,Exploitation,758.22,151.64,909.86,0,20250331,2025,3
PCE-002164,2023-12-06,DEPT-001,Déplacements & Missions,Transport,BAILLEUR IMMO,Exploitation,1060.56,212.11,1272.67,0,20231206,2023,12
PCE-002165,2025-07-23,DEPT-001,Déplacements & Missions,Hôtel & restauration,IT SOLUTIONS,Exploitation,741.88,148.38,890.26,0,20250723,2025,7
PCE-002166,2023-09-09,DEPT-001,Déplacements & Missions,Carburant,HOTEL COLBERT,Exploitation,2548.91,509.78,3058.69,1,20230909,2023,9
PCE-002167,2025-02-13,DEPT-008,Loyer & Charges locatives,Assurance locaux,FOURNITURES PRO,Exploitation,7594.44,0.0,7594.44,1,20250213,2025,2
PCE-002168,2025-10-11,DEPT-002,Formation & Développement,Abonnements professionnels,IBM MADA,Exploitation,1388.7,277.74,1666.44,1,20251011,2025,10
PCE-002169,2023-08-29,DEPT-002,Salaires & Charges sociales,Charges patronales,MICROSOFT MADA,Exploitation,34835.13,0.0,34835.13,1,20230829,2023,8
PCE-002170,2025-03-24,DEPT-008,Informatique & Licences,Maintenance SI,IT SOLUTIONS,Exploitation,9451.27,1890.25,11341.52,1,20250324,2025,3
PCE-002171,2023-12-19,DEPT-002,Déplacements & Missions,Transport,ORACLE,Exploitation,2819.99,564.0,3383.99,1,20231219,2023,12
PCE-002172,2024-01-07,DEPT-007,Déplacements & Missions,Hôtel & restauration,TOTAL MADA,Exploitation,552.68,110.54,663.22,1,20240107,2024,1
PCE-002173,2025-07-22,DEPT-005,Formation & Développement,Abonnements professionnels,ORACLE,Exploitation,961.25,192.25,1153.5,0,20250722,2025,7
PCE-002174,2025-01-05,DEPT-008,Fournitures & Consommables,Documentation,BAILLEUR IMMO,Exploitation,744.36,148.87,893.23,1,20250105,2025,1
PCE-002175,2023-12-20,DEPT-005,Formation & Développement,Abonnements professionnels,FOURNITURES PRO,Exploitation,1365.27,273.05,1638.32,1,20231220,2023,12
PCE-002176,2023-02-23,DEPT-002,Salaires & Charges sociales,Salaires bruts,SECURITE MADA,Exploitation,63886.07,0.0,63886.07,1,20230223,2023,2
PCE-002177,2024-05-04,DEPT-003,Déplacements & Missions,Hôtel & restauration,NETTOYAGE SERVICE,Exploitation,903.18,180.64,1083.82,1,20240504,2024,5
PCE-002178,2023-07-16,DEPT-003,Sous-traitance,Prestations ponctuelles,MICROSOFT MADA,Exploitation,19317.34,3863.47,23180.81,1,20230716,2023,7
PCE-002179,2024-01-06,DEPT-003,Sous-traitance,Expertise externe,HOTEL COLBERT,Exploitation,19024.0,3804.8,22828.8,1,20240106,2024,1
PCE-002180,2023-01-04,DEPT-008,Salaires & Charges sociales,Charges patronales,FORMATION PLUS,Exploitation,38821.01,0.0,38821.01,1,20230104,2023,1
PCE-002181,2024-02-09,DEPT-001,Déplacements & Missions,Hôtel & restauration,IT SOLUTIONS,Exploitation,2514.78,502.96,3017.74,1,20240209,2024,2
PCE-002182,2024-09-01,DEPT-002,Sous-traitance,Consultants,IT SOLUTIONS,Exploitation,6941.57,1388.31,8329.88,1,20240901,2024,9
PCE-002183,2023-11-27,DEPT-006,Informatique & Licences,Cloud & hébergement,IBM MADA,Exploitation,5557.31,1111.46,6668.77,0,20231127,2023,11
PCE-002184,2023-12-25,DEPT-008,Loyer & Charges locatives,Loyer bureaux,BAILLEUR IMMO,Exploitation,6892.1,0.0,6892.1,1,20231225,2023,12
PCE-002185,2025-04-06,DEPT-006,Informatique & Licences,Cloud & hébergement,CONSULTANTS SA,Exploitation,7041.73,1408.35,8450.08,1,20250406,2025,4
PCE-002186,2025-01-03,DEPT-008,Fournitures & Consommables,Consommables informatique,TOTAL MADA,Exploitation,1288.7,257.74,1546.44,1,20250103,2025,1
PCE-002187,2023-07-15,DEPT-008,Loyer & Charges locatives,Charges communes,FOURNITURES PRO,Exploitation,6217.29,0.0,6217.29,1,20230715,2023,7
PCE-002188,2023-09-15,DEPT-005,Formation & Développement,Formations externes,IT SOLUTIONS,Exploitation,2163.61,432.72,2596.33,1,20230915,2023,9
PCE-002189,2024-03-19,DEPT-006,Informatique & Licences,Maintenance SI,NETTOYAGE SERVICE,Exploitation,5281.39,1056.28,6337.67,1,20240319,2024,3
PCE-002190,2025-11-11,DEPT-002,Déplacements & Missions,Hôtel & restauration,FOURNITURES PRO,Exploitation,1643.73,328.75,1972.48,0,20251111,2025,11
PCE-002191,2024-04-26,DEPT-003,Déplacements & Missions,Carburant,ORACLE,Exploitation,1374.2,274.84,1649.04,0,20240426,2024,4
PCE-002192,2024-09-25,DEPT-005,Formation & Développement,Formations externes,FORMATION PLUS,Exploitation,4539.91,907.98,5447.89,1,20240925,2024,9
PCE-002193,2024-02-02,DEPT-007,Déplacements & Missions,Transport,CONSULTANTS SA,Exploitation,2304.46,460.89,2765.35,0,20240202,2024,2
PCE-002194,2023-02-25,DEPT-008,Loyer & Charges locatives,Charges communes,MICROSOFT MADA,Exploitation,4262.04,0.0,4262.04,1,20230225,2023,2
PCE-002195,2024-08-26,DEPT-002,Sous-traitance,Expertise externe,ORANGE PRO,Exploitation,3789.61,757.92,4547.53,0,20240826,2024,8
PCE-002196,2023-12-25,DEPT-005,Fournitures & Consommables,Documentation,SECURITE MADA,Exploitation,472.9,94.58,567.48,1,20231225,2023,12
PCE-002197,2024-11-29,DEPT-004,Sous-traitance,Prestations ponctuelles,IT SOLUTIONS,Exploitation,1952.55,390.51,2343.06,0,20241129,2024,11
PCE-002198,2023-05-03,DEPT-008,Loyer & Charges locatives,Loyer bureaux,NETTOYAGE SERVICE,Exploitation,5455.11,0.0,5455.11,1,20230503,2023,5
PCE-002199,2023-07-13,DEPT-003,Salaires & Charges sociales,Avantages en nature,CONSULTANTS SA,Exploitation,15380.33,0.0,15380.33,1,20230713,2023,7
PCE-002200,2025-10-31,DEPT-005,Fournitures & Consommables,Fournitures de bureau,BAILLEUR IMMO,Exploitation,368.76,73.75,442.51,1,20251031,2025,10
PCE-002201,2025-01-22,DEPT-008,Salaires & Charges sociales,Charges patronales,ORANGE PRO,Exploitation,51625.9,0.0,51625.9,1,20250122,2025,1
PCE-002202,2023-05-05,DEPT-001,Déplacements & Missions,Transport,TOTAL MADA,Exploitation,2224.7,444.94,2669.64,0,20230505,2023,5
PCE-002203,2023-03-05,DEPT-008,Informatique & Licences,Maintenance SI,FOURNITURES PRO,Exploitation,588.92,117.78,706.7,0,20230305,2023,3
PCE-002204,2023-06-12,DEPT-002,Salaires & Charges sociales,Charges patronales,IBM MADA,Exploitation,65289.06,0.0,65289.06,1,20230612,2023,6
PCE-002205,2025-05-02,DEPT-008,Loyer & Charges locatives,Loyer bureaux,MICROSOFT MADA,Exploitation,2005.83,0.0,2005.83,1,20250502,2025,5
PCE-002206,2023-08-09,DEPT-005,Salaires & Charges sociales,Avantages en nature,BAILLEUR IMMO,Exploitation,13978.76,0.0,13978.76,0,20230809,2023,8
PCE-002207,2023-09-24,DEPT-008,Fournitures & Consommables,Documentation,TRANSPORT EXPRESS,Exploitation,909.1,181.82,1090.92,1,20230924,2023,9
PCE-002208,2025-02-15,DEPT-001,Salaires & Charges sociales,Avantages en nature,NETTOYAGE SERVICE,Exploitation,68183.8,0.0,68183.8,0,20250215,2025,2
PCE-002209,2024-04-26,DEPT-007,Salaires & Charges sociales,Charges patronales,TRANSPORT EXPRESS,Exploitation,33445.66,0.0,33445.66,1,20240426,2024,4
PCE-002210,2023-09-21,DEPT-008,Fournitures & Consommables,Documentation,ORACLE,Exploitation,125.3,25.06,150.36,1,20230921,2023,9
PCE-002211,2024-02-22,DEPT-005,Fournitures & Consommables,Fournitures de bureau,AGENCE VOYAGE,Exploitation,1200.65,240.13,1440.78,1,20240222,2024,2
PCE-002212,2025-11-30,DEPT-003,Sous-traitance,Prestations ponctuelles,IBM MADA,Exploitation,1258.25,251.65,1509.9,0,20251130,2025,11
PCE-002213,2025-05-02,DEPT-005,Formation & Développement,Abonnements professionnels,ORACLE,Exploitation,581.2,116.24,697.44,1,20250502,2025,5
PCE-002214,2024-02-05,DEPT-008,Informatique & Licences,Matériel informatique,MICROSOFT MADA,Exploitation,10000.72,2000.14,12000.86,0,20240205,2024,2
PCE-002215,2023-01-07,DEPT-002,Salaires & Charges sociales,Charges patronales,IBM MADA,Exploitation,68768.91,0.0,68768.91,1,20230107,2023,1
PCE-002216,2024-02-17,DEPT-006,Informatique & Licences,Cloud & hébergement,IBM MADA,Exploitation,12159.37,2431.87,14591.24,0,20240217,2024,2
PCE-002217,2024-12-05,DEPT-008,Loyer & Charges locatives,Assurance locaux,FOURNITURES PRO,Exploitation,7791.39,0.0,7791.39,1,20241205,2024,12
PCE-002218,2023-02-05,DEPT-008,Fournitures & Consommables,Fournitures de bureau,ORACLE,Exploitation,1309.81,261.96,1571.77,1,20230205,2023,2
PCE-002219,2024-07-19,DEPT-003,Déplacements & Missions,Hôtel & restauration,ORANGE PRO,Exploitation,1743.83,348.77,2092.6,0,20240719,2024,7
PCE-002220,2025-04-08,DEPT-002,Formation & Développement,Certifications,TOTAL MADA,Exploitation,3065.77,613.15,3678.92,1,20250408,2025,4
PCE-002221,2024-11-12,DEPT-004,Sous-traitance,Prestations ponctuelles,SECURITE MADA,Exploitation,17952.94,3590.59,21543.53,0,20241112,2024,11
PCE-002222,2023-07-24,DEPT-006,Informatique & Licences,Cloud & hébergement,IBM MADA,Exploitation,1668.0,333.6,2001.6,1,20230724,2023,7
PCE-002223,2023-07-21,DEPT-005,Fournitures & Consommables,Documentation,AGENCE VOYAGE,Exploitation,977.47,195.49,1172.96,1,20230721,2023,7
PCE-002224,2025-03-30,DEPT-003,Sous-traitance,Expertise externe,ORANGE PRO,Exploitation,10454.66,2090.93,12545.59,0,20250330,2025,3
PCE-002225,2024-11-11,DEPT-008,Fournitures & Consommables,Documentation,IT SOLUTIONS,Exploitation,1047.03,209.41,1256.44,1,20241111,2024,11
PCE-002226,2023-03-29,DEPT-002,Formation & Développement,Certifications,MICROSOFT MADA,Exploitation,1675.22,335.04,2010.26,0,20230329,2023,3
PCE-002227,2023-01-29,DEPT-005,Fournitures & Consommables,Consommables informatique,SECURITE MADA,Exploitation,145.79,29.16,174.95,1,20230129,2023,1
PCE-002228,2024-10-26,DEPT-001,Sous-traitance,Expertise externe,HOTEL COLBERT,Exploitation,10197.3,2039.46,12236.76,0,20241026,2024,10
PCE-002229,2024-03-14,DEPT-002,Salaires & Charges sociales,Salaires bruts,TOTAL MADA,Exploitation,38914.64,0.0,38914.64,1,20240314,2024,3
PCE-002230,2025-04-18,DEPT-008,Informatique & Licences,Matériel informatique,TRANSPORT EXPRESS,Exploitation,8719.64,1743.93,10463.57,1,20250418,2025,4
PCE-002231,2025-07-24,DEPT-002,Salaires & Charges sociales,Salaires bruts,ORACLE,Exploitation,23900.67,0.0,23900.67,1,20250724,2025,7
PCE-002232,2024-12-15,DEPT-005,Salaires & Charges sociales,Salaires bruts,BAILLEUR IMMO,Exploitation,56852.11,0.0,56852.11,1,20241215,2024,12
PCE-002233,2023-05-28,DEPT-007,Salaires & Charges sociales,Salaires bruts,HOTEL COLBERT,Exploitation,46516.43,0.0,46516.43,1,20230528,2023,5
PCE-002234,2023-01-05,DEPT-006,Salaires & Charges sociales,Charges patronales,TRANSPORT EXPRESS,Exploitation,7790.3,0.0,7790.3,1,20230105,2023,1
PCE-002235,2023-08-12,DEPT-002,Formation & Développement,Formations externes,FORMATION PLUS,Exploitation,3756.8,751.36,4508.16,0,20230812,2023,8
PCE-002236,2024-05-28,DEPT-008,Loyer & Charges locatives,Assurance locaux,BAILLEUR IMMO,Exploitation,5038.02,0.0,5038.02,1,20240528,2024,5
PCE-002237,2024-10-13,DEPT-008,Loyer & Charges locatives,Loyer bureaux,BAILLEUR IMMO,Exploitation,3960.97,0.0,3960.97,1,20241013,2024,10
PCE-002238,2025-01-09,DEPT-001,Sous-traitance,Expertise externe,FORMATION PLUS,Exploitation,9195.9,1839.18,11035.08,1,20250109,2025,1
PCE-002239,2025-07-01,DEPT-005,Formation & Développement,Abonnements professionnels,IBM MADA,Exploitation,775.61,155.12,930.73,0,20250701,2025,7
PCE-002240,2023-09-22,DEPT-001,Formation & Développement,Formations externes,HOTEL COLBERT,Exploitation,1045.21,209.04,1254.25,1,20230922,2023,9
PCE-002241,2025-06-02,DEPT-003,Sous-traitance,Prestations ponctuelles,IBM MADA,Exploitation,3082.2,616.44,3698.64,1,20250602,2025,6
PCE-002242,2024-05-28,DEPT-008,Loyer & Charges locatives,Assurance locaux,BAILLEUR IMMO,Exploitation,6500.81,0.0,6500.81,1,20240528,2024,5
PCE-002243,2023-10-05,DEPT-001,Sous-traitance,Expertise externe,ORANGE PRO,Exploitation,18696.99,3739.4,22436.39,1,20231005,2023,10
PCE-002244,2025-04-25,DEPT-001,Déplacements & Missions,Carburant,NETTOYAGE SERVICE,Exploitation,2989.46,597.89,3587.35,1,20250425,2025,4
PCE-002245,2023-05-04,DEPT-002,Formation & Développement,Formations externes,IBM MADA,Exploitation,508.31,101.66,609.97,1,20230504,2023,5
PCE-002246,2023-02-16,DEPT-001,Formation & Développement,Certifications,BAILLEUR IMMO,Exploitation,1051.53,210.31,1261.84,1,20230216,2023,2
PCE-002247,2025-03-10,DEPT-005,Formation & Développement,Formations externes,FOURNITURES PRO,Exploitation,3427.42,685.48,4112.9,0,20250310,2025,3
PCE-002248,2024-01-29,DEPT-001,Formation & Développement,Formations externes,ORACLE,Exploitation,2247.04,449.41,2696.45,1,20240129,2024,1
PCE-002249,2025-03-16,DEPT-006,Informatique & Licences,Maintenance SI,ORACLE,Exploitation,13418.46,2683.69,16102.15,1,20250316,2025,3
PCE-002250,2023-04-25,DEPT-002,Formation & Développement,Abonnements professionnels,CONSULTANTS SA,Exploitation,1912.02,382.4,2294.42,1,20230425,2023,4
PCE-002251,2023-01-28,DEPT-001,Sous-traitance,Prestations ponctuelles,SECURITE MADA,Exploitation,7512.04,1502.41,9014.45,0,20230128,2023,1
PCE-002252,2024-07-07,DEPT-001,Formation & Développement,Abonnements professionnels,IBM MADA,Exploitation,1228.15,245.63,1473.78,1,20240707,2024,7
PCE-002253,2023-11-09,DEPT-002,Déplacements & Missions,Transport,TOTAL MADA,Exploitation,1127.8,225.56,1353.36,1,20231109,2023,11
PCE-002254,2025-10-24,DEPT-005,Formation & Développement,Formations externes,NETTOYAGE SERVICE,Exploitation,2707.08,541.42,3248.5,1,20251024,2025,10
PCE-002255,2023-06-12,DEPT-008,Informatique & Licences,Licences logiciels,BAILLEUR IMMO,Exploitation,13787.2,2757.44,16544.64,0,20230612,2023,6
PCE-002256,2024-11-19,DEPT-008,Informatique & Licences,Cloud & hébergement,MICROSOFT MADA,Exploitation,1820.6,364.12,2184.72,1,20241119,2024,11
PCE-002257,2025-05-18,DEPT-005,Fournitures & Consommables,Fournitures de bureau,ORANGE PRO,Exploitation,458.38,91.68,550.06,1,20250518,2025,5
PCE-002258,2024-02-11,DEPT-003,Déplacements & Missions,Carburant,HOTEL COLBERT,Exploitation,559.0,111.8,670.8,1,20240211,2024,2
PCE-002259,2023-12-18,DEPT-005,Formation & Développement,Formations externes,IT SOLUTIONS,Exploitation,3049.36,609.87,3659.23,1,20231218,2023,12
PCE-002260,2023-06-05,DEPT-008,Loyer & Charges locatives,Charges communes,BAILLEUR IMMO,Exploitation,5861.31,0.0,5861.31,1,20230605,2023,6
PCE-002261,2023-08-06,DEPT-003,Sous-traitance,Expertise externe,TOTAL MADA,Exploitation,13421.66,2684.33,16105.99,1,20230806,2023,8
PCE-002262,2024-11-18,DEPT-006,Informatique & Licences,Matériel informatique,ORANGE PRO,Exploitation,12694.63,2538.93,15233.56,1,20241118,2024,11
PCE-002263,2025-01-13,DEPT-006,Informatique & Licences,Cloud & hébergement,IBM MADA,Exploitation,14402.68,2880.54,17283.22,0,20250113,2025,1
PCE-002264,2024-03-23,DEPT-002,Salaires & Charges sociales,Salaires bruts,TOTAL MADA,Exploitation,9534.69,0.0,9534.69,1,20240323,2024,3
PCE-002265,2023-08-25,DEPT-007,Salaires & Charges sociales,Charges patronales,NETTOYAGE SERVICE,Exploitation,13484.1,0.0,13484.1,1,20230825,2023,8
PCE-002266,2024-01-14,DEPT-008,Informatique & Licences,Licences logiciels,NETTOYAGE SERVICE,Exploitation,1712.92,342.58,2055.5,1,20240114,2024,1
PCE-002267,2024-11-18,DEPT-006,Informatique & Licences,Maintenance SI,HOTEL COLBERT,Exploitation,10124.97,2024.99,12149.96,1,20241118,2024,11
PCE-002268,2023-09-17,DEPT-008,Salaires & Charges sociales,Charges patronales,CONSULTANTS SA,Exploitation,37056.63,0.0,37056.63,1,20230917,2023,9
PCE-002269,2025-08-26,DEPT-002,Formation & Développement,Certifications,TRANSPORT EXPRESS,Exploitation,3256.59,651.32,3907.91,1,20250826,2025,8
PCE-002270,2024-12-20,DEPT-008,Loyer & Charges locatives,Loyer bureaux,ORANGE PRO,Exploitation,4417.07,0.0,4417.07,1,20241220,2024,12
PCE-002271,2024-12-13,DEPT-008,Loyer & Charges locatives,Charges communes,CONSULTANTS SA,Exploitation,2092.51,0.0,2092.51,1,20241213,2024,12
PCE-002272,2025-02-17,DEPT-008,Fournitures & Consommables,Fournitures de bureau,IBM MADA,Exploitation,732.38,146.48,878.86,1,20250217,2025,2
PCE-002273,2025-04-21,DEPT-008,Fournitures & Consommables,Fournitures de bureau,IT SOLUTIONS,Exploitation,808.44,161.69,970.13,0,20250421,2025,4
PCE-002274,2024-08-01,DEPT-006,Salaires & Charges sociales,Avantages en nature,MICROSOFT MADA,Exploitation,42432.7,0.0,42432.7,1,20240801,2024,8
PCE-002275,2023-04-04,DEPT-008,Loyer & Charges locatives,Loyer bureaux,TRANSPORT EXPRESS,Exploitation,2570.9,0.0,2570.9,1,20230404,2023,4
PCE-002276,2023-10-19,DEPT-006,Informatique & Licences,Matériel informatique,FORMATION PLUS,Exploitation,2364.51,472.9,2837.41,1,20231019,2023,10
PCE-002277,2023-10-11,DEPT-001,Formation & Développement,Formations externes,IBM MADA,Exploitation,1446.03,289.21,1735.24,1,20231011,2023,10
PCE-002278,2025-04-12,DEPT-007,Salaires & Charges sociales,Charges patronales,TRANSPORT EXPRESS,Exploitation,72124.23,0.0,72124.23,1,20250412,2025,4
PCE-002279,2025-08-23,DEPT-004,Sous-traitance,Prestations ponctuelles,HOTEL COLBERT,Exploitation,6840.65,1368.13,8208.78,1,20250823,2025,8
PCE-002280,2025-09-25,DEPT-006,Salaires & Charges sociales,Salaires bruts,SECURITE MADA,Exploitation,13585.64,0.0,13585.64,1,20250925,2025,9
PCE-002281,2023-08-30,DEPT-008,Salaires & Charges sociales,Salaires bruts,IBM MADA,Exploitation,32755.45,0.0,32755.45,1,20230830,2023,8
PCE-002282,2023-05-03,DEPT-008,Fournitures & Consommables,Documentation,BAILLEUR IMMO,Exploitation,1378.91,275.78,1654.69,1,20230503,2023,5
PCE-002283,2025-03-31,DEPT-005,Fournitures & Consommables,Fournitures de bureau,AGENCE VOYAGE,Exploitation,114.65,22.93,137.58,1,20250331,2025,3
PCE-002284,2023-12-31,DEPT-003,Sous-traitance,Prestations ponctuelles,AGENCE VOYAGE,Exploitation,14754.14,2950.83,17704.97,1,20231231,2023,12
PCE-002285,2024-02-27,DEPT-001,Formation & Développement,Abonnements professionnels,FOURNITURES PRO,Exploitation,2506.91,501.38,3008.29,0,20240227,2024,2
PCE-002286,2024-12-10,DEPT-001,Déplacements & Missions,Hôtel & restauration,FORMATION PLUS,Exploitation,2620.08,524.02,3144.1,1,20241210,2024,12
PCE-002287,2025-07-30,DEPT-001,Formation & Développement,Abonnements professionnels,ORACLE,Exploitation,3321.83,664.37,3986.2,1,20250730,2025,7
PCE-002288,2024-09-20,DEPT-002,Formation & Développement,Certifications,NETTOYAGE SERVICE,Exploitation,1755.92,351.18,2107.1,1,20240920,2024,9
PCE-002289,2025-11-08,DEPT-008,Informatique & Licences,Matériel informatique,HOTEL COLBERT,Exploitation,9234.53,1846.91,11081.44,1,20251108,2025,11
PCE-002290,2024-02-24,DEPT-005,Fournitures & Consommables,Consommables informatique,ORACLE,Exploitation,668.42,133.68,802.1,1,20240224,2024,2
PCE-002291,2025-03-24,DEPT-005,Fournitures & Consommables,Fournitures de bureau,FOURNITURES PRO,Exploitation,1200.14,240.03,1440.17,1,20250324,2025,3
PCE-002292,2023-06-05,DEPT-008,Fournitures & Consommables,Documentation,HOTEL COLBERT,Exploitation,669.96,133.99,803.95,1,20230605,2023,6
PCE-002293,2024-03-27,DEPT-001,Formation & Développement,Abonnements professionnels,AGENCE VOYAGE,Exploitation,1831.31,366.26,2197.57,1,20240327,2024,3
PCE-002294,2025-11-26,DEPT-002,Déplacements & Missions,Hôtel & restauration,IT SOLUTIONS,Exploitation,2274.39,454.88,2729.27,1,20251126,2025,11
PCE-002295,2024-05-11,DEPT-008,Loyer & Charges locatives,Charges communes,AGENCE VOYAGE,Exploitation,5853.31,0.0,5853.31,1,20240511,2024,5
PCE-002296,2024-10-31,DEPT-002,Déplacements & Missions,Hôtel & restauration,ORACLE,Exploitation,2593.89,518.78,3112.67,1,20241031,2024,10
PCE-002297,2024-12-21,DEPT-001,Formation & Développement,Abonnements professionnels,SECURITE MADA,Exploitation,2045.84,409.17,2455.01,1,20241221,2024,12
PCE-002298,2025-07-31,DEPT-008,Salaires & Charges sociales,Charges patronales,FORMATION PLUS,Exploitation,50084.6,0.0,50084.6,1,20250731,2025,7
PCE-002299,2024-09-24,DEPT-004,Salaires & Charges sociales,Salaires bruts,TOTAL MADA,Exploitation,52318.45,0.0,52318.45,1,20240924,2024,9
PCE-002300,2025-09-20,DEPT-005,Salaires & Charges sociales,Salaires bruts,MICROSOFT MADA,Exploitation,19687.98,0.0,19687.98,1,20250920,2025,9
PCE-002301,2023-12-19,DEPT-001,Déplacements & Missions,Carburant,MICROSOFT MADA,Exploitation,2892.31,578.46,3470.77,1,20231219,2023,12
PCE-002302,2025-01-01,DEPT-008,Fournitures & Consommables,Fournitures de bureau,BAILLEUR IMMO,Exploitation,634.66,126.93,761.59,1,20250101,2025,1
PCE-002303,2024-12-01,DEPT-006,Informatique & Licences,Cloud & hébergement,NETTOYAGE SERVICE,Exploitation,11927.72,2385.54,14313.26,0,20241201,2024,12
PCE-002304,2023-08-03,DEPT-003,Sous-traitance,Consultants,BAILLEUR IMMO,Exploitation,10463.28,2092.66,12555.94,1,20230803,2023,8
PCE-002305,2025-04-06,DEPT-008,Loyer & Charges locatives,Loyer bureaux,HOTEL COLBERT,Exploitation,3848.2,0.0,3848.2,1,20250406,2025,4
PCE-002306,2023-11-13,DEPT-006,Informatique & Licences,Licences logiciels,MICROSOFT MADA,Exploitation,7826.65,1565.33,9391.98,1,20231113,2023,11
PCE-002307,2023-04-16,DEPT-008,Loyer & Charges locatives,Assurance locaux,AGENCE VOYAGE,Exploitation,3651.2,0.0,3651.2,1,20230416,2023,4
PCE-002308,2025-07-26,DEPT-001,Salaires & Charges sociales,Avantages en nature,ORANGE PRO,Exploitation,17144.93,0.0,17144.93,1,20250726,2025,7
PCE-002309,2024-07-24,DEPT-002,Formation & Développement,Certifications,HOTEL COLBERT,Exploitation,2810.97,562.19,3373.16,1,20240724,2024,7
PCE-002310,2025-06-18,DEPT-008,Loyer & Charges locatives,Loyer bureaux,ORANGE PRO,Exploitation,3021.44,0.0,3021.44,1,20250618,2025,6
PCE-002311,2024-12-02,DEPT-002,Formation & Développement,Formations externes,SECURITE MADA,Exploitation,2253.75,450.75,2704.5,0,20241202,2024,12
PCE-002312,2023-05-02,DEPT-008,Loyer & Charges locatives,Loyer bureaux,AGENCE VOYAGE,Exploitation,4246.9,0.0,4246.9,1,20230502,2023,5
PCE-002313,2025-03-06,DEPT-008,Fournitures & Consommables,Documentation,FOURNITURES PRO,Exploitation,1374.56,274.91,1649.47,1,20250306,2025,3
PCE-002314,2024-07-12,DEPT-008,Informatique & Licences,Cloud & hébergement,CONSULTANTS SA,Exploitation,10206.91,2041.38,12248.29,1,20240712,2024,7
PCE-002315,2023-05-28,DEPT-006,Informatique & Licences,Matériel informatique,TOTAL MADA,Exploitation,2000.51,400.1,2400.61,1,20230528,2023,5
PCE-002316,2025-02-07,DEPT-008,Fournitures & Consommables,Fournitures de bureau,SECURITE MADA,Exploitation,788.34,157.67,946.01,1,20250207,2025,2
PCE-002317,2023-10-22,DEPT-003,Déplacements & Missions,Transport,TRANSPORT EXPRESS,Exploitation,885.87,177.17,1063.04,1,20231022,2023,10
PCE-002318,2025-08-12,DEPT-004,Sous-traitance,Prestations ponctuelles,SECURITE MADA,Exploitation,6985.86,1397.17,8383.03,0,20250812,2025,8
PCE-002319,2025-04-15,DEPT-008,Loyer & Charges locatives,Loyer bureaux,ORANGE PRO,Exploitation,2164.78,0.0,2164.78,1,20250415,2025,4
PCE-002320,2024-03-09,DEPT-006,Informatique & Licences,Maintenance SI,NETTOYAGE SERVICE,Exploitation,4422.0,884.4,5306.4,1,20240309,2024,3
PCE-002321,2024-08-10,DEPT-001,Salaires & Charges sociales,Charges patronales,HOTEL COLBERT,Exploitation,21274.13,0.0,21274.13,1,20240810,2024,8
PCE-002322,2023-12-06,DEPT-008,Loyer & Charges locatives,Assurance locaux,CONSULTANTS SA,Exploitation,2860.45,0.0,2860.45,1,20231206,2023,12
PCE-002323,2025-03-30,DEPT-008,Loyer & Charges locatives,Loyer bureaux,ORANGE PRO,Exploitation,4919.83,0.0,4919.83,1,20250330,2025,3
PCE-002324,2025-03-13,DEPT-007,Déplacements & Missions,Carburant,NETTOYAGE SERVICE,Exploitation,2956.54,591.31,3547.85,1,20250313,2025,3
PCE-002325,2025-07-11,DEPT-005,Fournitures & Consommables,Fournitures de bureau,ORANGE PRO,Exploitation,1437.59,287.52,1725.11,0,20250711,2025,7
PCE-002326,2024-02-28,DEPT-003,Salaires & Charges sociales,Salaires bruts,FOURNITURES PRO,Exploitation,7481.45,0.0,7481.45,1,20240228,2024,2
PCE-002327,2025-01-15,DEPT-008,Loyer & Charges locatives,Charges communes,HOTEL COLBERT,Exploitation,7542.97,0.0,7542.97,1,20250115,2025,1
PCE-002328,2023-04-01,DEPT-006,Informatique & Licences,Maintenance SI,FORMATION PLUS,Exploitation,4411.51,882.3,5293.81,1,20230401,2023,4
PCE-002329,2024-01-19,DEPT-008,Loyer & Charges locatives,Assurance locaux,ORACLE,Exploitation,3583.68,0.0,3583.68,1,20240119,2024,1
PCE-002330,2023-03-12,DEPT-002,Déplacements & Missions,Hôtel & restauration,ORANGE PRO,Exploitation,980.47,196.09,1176.56,1,20230312,2023,3
PCE-002331,2025-01-20,DEPT-007,Déplacements & Missions,Carburant,IBM MADA,Exploitation,1109.67,221.93,1331.6,1,20250120,2025,1
PCE-002332,2025-08-18,DEPT-008,Loyer & Charges locatives,Assurance locaux,AGENCE VOYAGE,Exploitation,2334.15,0.0,2334.15,1,20250818,2025,8
PCE-002333,2025-02-28,DEPT-001,Salaires & Charges sociales,Charges patronales,HOTEL COLBERT,Exploitation,50949.28,0.0,50949.28,1,20250228,2025,2
PCE-002334,2025-02-17,DEPT-002,Formation & Développement,Certifications,FORMATION PLUS,Exploitation,827.87,165.57,993.44,1,20250217,2025,2
PCE-002335,2025-01-21,DEPT-001,Sous-traitance,Consultants,IBM MADA,Exploitation,6007.22,1201.44,7208.66,1,20250121,2025,1
PCE-002336,2025-08-10,DEPT-007,Déplacements & Missions,Hôtel & restauration,IT SOLUTIONS,Exploitation,2627.24,525.45,3152.69,1,20250810,2025,8
PCE-002337,2024-11-07,DEPT-003,Salaires & Charges sociales,Salaires bruts,HOTEL COLBERT,Exploitation,5795.78,0.0,5795.78,1,20241107,2024,11
PCE-002338,2024-01-18,DEPT-003,Sous-traitance,Consultants,SECURITE MADA,Exploitation,19626.87,3925.37,23552.24,1,20240118,2024,1
PCE-002339,2023-01-20,DEPT-003,Déplacements & Missions,Transport,ORANGE PRO,Exploitation,1023.5,204.7,1228.2,0,20230120,2023,1
PCE-002340,2023-03-06,DEPT-008,Fournitures & Consommables,Documentation,IBM MADA,Exploitation,1375.98,275.2,1651.18,1,20230306,2023,3
PCE-002341,2024-01-17,DEPT-008,Loyer & Charges locatives,Loyer bureaux,ORANGE PRO,Exploitation,6039.73,0.0,6039.73,1,20240117,2024,1
PCE-002342,2025-10-03,DEPT-003,Sous-traitance,Prestations ponctuelles,TRANSPORT EXPRESS,Exploitation,10664.92,2132.98,12797.9,1,20251003,2025,10
PCE-002343,2025-07-19,DEPT-008,Loyer & Charges locatives,Charges communes,CONSULTANTS SA,Exploitation,3071.28,0.0,3071.28,1,20250719,2025,7
PCE-002344,2023-10-13,DEPT-006,Informatique & Licences,Cloud & hébergement,IBM MADA,Exploitation,11560.02,2312.0,13872.02,1,20231013,2023,10
PCE-002345,2024-06-10,DEPT-008,Fournitures & Consommables,Consommables informatique,ORANGE PRO,Exploitation,198.96,39.79,238.75,1,20240610,2024,6
PCE-002346,2025-04-09,DEPT-002,Déplacements & Missions,Carburant,ORACLE,Exploitation,1248.23,249.65,1497.88,1,20250409,2025,4
PCE-002347,2025-01-15,DEPT-002,Sous-traitance,Consultants,AGENCE VOYAGE,Exploitation,16972.39,3394.48,20366.87,0,20250115,2025,1
PCE-002348,2025-10-20,DEPT-005,Salaires & Charges sociales,Salaires bruts,FOURNITURES PRO,Exploitation,48898.01,0.0,48898.01,1,20251020,2025,10
PCE-002349,2024-02-03,DEPT-008,Loyer & Charges locatives,Charges communes,NETTOYAGE SERVICE,Exploitation,4831.43,0.0,4831.43,1,20240203,2024,2
PCE-002350,2024-01-09,DEPT-001,Formation & Développement,Certifications,FORMATION PLUS,Exploitation,4333.55,866.71,5200.26,1,20240109,2024,1
PCE-002351,2023-02-18,DEPT-008,Fournitures & Consommables,Consommables informatique,BAILLEUR IMMO,Exploitation,858.93,171.79,1030.72,1,20230218,2023,2
PCE-002352,2023-04-15,DEPT-008,Loyer & Charges locatives,Charges communes,BAILLEUR IMMO,Exploitation,2151.47,0.0,2151.47,1,20230415,2023,4
PCE-002353,2024-02-18,DEPT-001,Salaires & Charges sociales,Charges patronales,HOTEL COLBERT,Exploitation,56894.27,0.0,56894.27,1,20240218,2024,2
PCE-002354,2023-01-12,DEPT-002,Sous-traitance,Expertise externe,HOTEL COLBERT,Exploitation,12757.05,2551.41,15308.46,1,20230112,2023,1
PCE-002355,2023-06-28,DEPT-002,Sous-traitance,Consultants,ORACLE,Exploitation,6032.43,1206.49,7238.92,0,20230628,2023,6
PCE-002356,2023-12-28,DEPT-002,Déplacements & Missions,Carburant,MICROSOFT MADA,Exploitation,1596.7,319.34,1916.04,1,20231228,2023,12
PCE-002357,2025-04-14,DEPT-002,Formation & Développement,Certifications,NETTOYAGE SERVICE,Exploitation,4952.12,990.42,5942.54,1,20250414,2025,4
PCE-002358,2024-11-02,DEPT-008,Fournitures & Consommables,Documentation,IT SOLUTIONS,Exploitation,464.04,92.81,556.85,1,20241102,2024,11
PCE-002359,2024-05-19,DEPT-008,Loyer & Charges locatives,Assurance locaux,CONSULTANTS SA,Exploitation,6373.61,0.0,6373.61,1,20240519,2024,5
PCE-002360,2025-11-12,DEPT-001,Sous-traitance,Prestations ponctuelles,HOTEL COLBERT,Exploitation,5071.06,1014.21,6085.27,0,20251112,2025,11
PCE-002361,2025-11-20,DEPT-008,Loyer & Charges locatives,Assurance locaux,FOURNITURES PRO,Exploitation,2512.83,0.0,2512.83,1,20251120,2025,11
PCE-002362,2025-05-02,DEPT-001,Salaires & Charges sociales,Avantages en nature,SECURITE MADA,Exploitation,74012.63,0.0,74012.63,1,20250502,2025,5
PCE-002363,2023-03-05,DEPT-005,Fournitures & Consommables,Consommables informatique,TOTAL MADA,Exploitation,939.72,187.94,1127.66,1,20230305,2023,3
PCE-002364,2024-03-01,DEPT-008,Fournitures & Consommables,Fournitures de bureau,ORACLE,Exploitation,423.57,84.71,508.28,1,20240301,2024,3
PCE-002365,2024-09-10,DEPT-004,Sous-traitance,Consultants,CONSULTANTS SA,Exploitation,7256.88,1451.38,8708.26,1,20240910,2024,9
PCE-002366,2023-10-06,DEPT-006,Informatique & Licences,Maintenance SI,MICROSOFT MADA,Exploitation,6150.77,1230.15,7380.92,1,20231006,2023,10
PCE-002367,2023-10-30,DEPT-008,Loyer & Charges locatives,Loyer bureaux,MICROSOFT MADA,Exploitation,2611.45,0.0,2611.45,1,20231030,2023,10
PCE-002368,2023-04-13,DEPT-006,Informatique & Licences,Matériel informatique,CONSULTANTS SA,Exploitation,11768.58,2353.72,14122.3,1,20230413,2023,4
PCE-002369,2024-06-03,DEPT-007,Déplacements & Missions,Hôtel & restauration,NETTOYAGE SERVICE,Exploitation,1212.18,242.44,1454.62,1,20240603,2024,6
PCE-002370,2023-05-21,DEPT-005,Formation & Développement,Certifications,NETTOYAGE SERVICE,Exploitation,2399.37,479.87,2879.24,1,20230521,2023,5
PCE-002371,2024-10-27,DEPT-008,Fournitures & Consommables,Consommables informatique,NETTOYAGE SERVICE,Exploitation,1330.24,266.05,1596.29,1,20241027,2024,10
PCE-002372,2023-01-10,DEPT-001,Formation & Développement,Certifications,NETTOYAGE SERVICE,Exploitation,4772.04,954.41,5726.45,0,20230110,2023,1
PCE-002373,2025-04-11,DEPT-008,Loyer & Charges locatives,Loyer bureaux,FORMATION PLUS,Exploitation,4370.69,0.0,4370.69,1,20250411,2025,4
PCE-002374,2025-11-14,DEPT-003,Salaires & Charges sociales,Avantages en nature,TOTAL MADA,Exploitation,11428.78,0.0,11428.78,1,20251114,2025,11
PCE-002375,2023-11-14,DEPT-001,Déplacements & Missions,Carburant,ORACLE,Exploitation,741.26,148.25,889.51,1,20231114,2023,11
PCE-002376,2024-11-06,DEPT-007,Déplacements & Missions,Transport,AGENCE VOYAGE,Exploitation,2793.99,558.8,3352.79,0,20241106,2024,11
PCE-002377,2025-11-07,DEPT-005,Fournitures & Consommables,Consommables informatique,HOTEL COLBERT,Exploitation,576.31,115.26,691.57,0,20251107,2025,11
PCE-002378,2025-05-11,DEPT-002,Formation & Développement,Abonnements professionnels,SECURITE MADA,Exploitation,3419.62,683.92,4103.54,1,20250511,2025,5
PCE-002379,2023-06-04,DEPT-008,Fournitures & Consommables,Documentation,HOTEL COLBERT,Exploitation,1418.16,283.63,1701.79,1,20230604,2023,6
PCE-002380,2023-05-06,DEPT-007,Déplacements & Missions,Hôtel & restauration,ORACLE,Exploitation,2273.79,454.76,2728.55,1,20230506,2023,5
PCE-002381,2024-12-12,DEPT-005,Fournitures & Consommables,Consommables informatique,FORMATION PLUS,Exploitation,1060.8,212.16,1272.96,1,20241212,2024,12
PCE-002382,2024-07-04,DEPT-003,Salaires & Charges sociales,Charges patronales,CONSULTANTS SA,Exploitation,19782.66,0.0,19782.66,1,20240704,2024,7
PCE-002383,2025-05-06,DEPT-008,Salaires & Charges sociales,Charges patronales,HOTEL COLBERT,Exploitation,16649.93,0.0,16649.93,1,20250506,2025,5
PCE-002384,2024-07-10,DEPT-002,Sous-traitance,Expertise externe,ORANGE PRO,Exploitation,14455.85,2891.17,17347.02,1,20240710,2024,7
PCE-002385,2024-01-16,DEPT-001,Sous-traitance,Prestations ponctuelles,SECURITE MADA,Exploitation,13914.82,2782.96,16697.78,1,20240116,2024,1
PCE-002386,2025-09-09,DEPT-005,Fournitures & Consommables,Fournitures de bureau,ORACLE,Exploitation,368.52,73.7,442.22,1,20250909,2025,9
PCE-002387,2024-02-22,DEPT-001,Déplacements & Missions,Carburant,MICROSOFT MADA,Exploitation,491.08,98.22,589.3,1,20240222,2024,2
PCE-002388,2025-01-18,DEPT-008,Fournitures & Consommables,Fournitures de bureau,FOURNITURES PRO,Exploitation,856.63,171.33,1027.96,1,20250118,2025,1
PCE-002389,2024-02-26,DEPT-005,Formation & Développement,Certifications,BAILLEUR IMMO,Exploitation,1558.18,311.64,1869.82,1,20240226,2024,2
PCE-002390,2024-10-22,DEPT-008,Loyer & Charges locatives,Assurance locaux,IBM MADA,Exploitation,2525.46,0.0,2525.46,1,20241022,2024,10
PCE-002391,2024-08-26,DEPT-001,Formation & Développement,Formations externes,CONSULTANTS SA,Exploitation,4983.02,996.6,5979.62,1,20240826,2024,8
PCE-002392,2023-05-13,DEPT-005,Formation & Développement,Certifications,ORACLE,Exploitation,4522.21,904.44,5426.65,1,20230513,2023,5
PCE-002393,2023-06-24,DEPT-002,Déplacements & Missions,Transport,IT SOLUTIONS,Exploitation,2164.41,432.88,2597.29,0,20230624,2023,6
PCE-002394,2025-11-02,DEPT-001,Formation & Développement,Formations externes,HOTEL COLBERT,Exploitation,4752.56,950.51,5703.07,1,20251102,2025,11
PCE-002395,2025-04-20,DEPT-002,Sous-traitance,Expertise externe,AGENCE VOYAGE,Exploitation,11345.7,2269.14,13614.84,0,20250420,2025,4
PCE-002396,2023-09-30,DEPT-008,Fournitures & Consommables,Consommables informatique,SECURITE MADA,Exploitation,897.46,179.49,1076.95,1,20230930,2023,9
PCE-002397,2023-03-27,DEPT-008,Fournitures & Consommables,Consommables informatique,HOTEL COLBERT,Exploitation,343.21,68.64,411.85,1,20230327,2023,3
PCE-002398,2025-05-05,DEPT-002,Salaires & Charges sociales,Avantages en nature,FORMATION PLUS,Exploitation,47967.78,0.0,47967.78,1,20250505,2025,5
PCE-002399,2025-11-19,DEPT-005,Formation & Développement,Certifications,ORACLE,Exploitation,4873.35,974.67,5848.02,1,20251119,2025,11
PCE-002400,2024-02-05,DEPT-005,Fournitures & Consommables,Documentation,AGENCE VOYAGE,Exploitation,249.49,49.9,299.39,1,20240205,2024,2
PCE-002401,2023-07-24,DEPT-008,Informatique & Licences,Licences logiciels,SECURITE MADA,Exploitation,3404.47,680.89,4085.36,0,20230724,2023,7
PCE-002402,2025-04-28,DEPT-008,Loyer & Charges locatives,Loyer bureaux,AGENCE VOYAGE,Exploitation,4795.67,0.0,4795.67,1,20250428,2025,4
PCE-002403,2025-05-29,DEPT-004,Salaires & Charges sociales,Salaires bruts,HOTEL COLBERT,Exploitation,66952.55,0.0,66952.55,1,20250529,2025,5
PCE-002404,2023-02-10,DEPT-002,Formation & Développement,Formations externes,AGENCE VOYAGE,Exploitation,2678.45,535.69,3214.14,1,20230210,2023,2
PCE-002405,2023-06-10,DEPT-007,Déplacements & Missions,Transport,AGENCE VOYAGE,Exploitation,555.75,111.15,666.9,0,20230610,2023,6
PCE-002406,2025-02-06,DEPT-005,Fournitures & Consommables,Fournitures de bureau,HOTEL COLBERT,Exploitation,1448.56,289.71,1738.27,1,20250206,2025,2
PCE-002407,2025-12-18,DEPT-001,Sous-traitance,Prestations ponctuelles,FORMATION PLUS,Exploitation,16490.74,3298.15,19788.89,1,20251218,2025,12
PCE-002408,2025-07-12,DEPT-007,Déplacements & Missions,Transport,NETTOYAGE SERVICE,Exploitation,593.19,118.64,711.83,1,20250712,2025,7
PCE-002409,2024-07-12,DEPT-004,Salaires & Charges sociales,Salaires bruts,CONSULTANTS SA,Exploitation,11680.47,0.0,11680.47,1,20240712,2024,7
PCE-002410,2023-08-05,DEPT-004,Sous-traitance,Consultants,TRANSPORT EXPRESS,Exploitation,13252.38,2650.48,15902.86,0,20230805,2023,8
PCE-002411,2025-02-27,DEPT-001,Formation & Développement,Formations externes,IT SOLUTIONS,Exploitation,3606.12,721.22,4327.34,1,20250227,2025,2
PCE-002412,2023-08-28,DEPT-003,Sous-traitance,Consultants,IBM MADA,Exploitation,12543.12,2508.62,15051.74,1,20230828,2023,8
PCE-002413,2025-07-16,DEPT-001,Salaires & Charges sociales,Charges patronales,AGENCE VOYAGE,Exploitation,78087.41,0.0,78087.41,1,20250716,2025,7
PCE-002414,2023-07-30,DEPT-002,Sous-traitance,Prestations ponctuelles,NETTOYAGE SERVICE,Exploitation,9254.67,1850.93,11105.6,1,20230730,2023,7
PCE-002415,2024-07-10,DEPT-001,Formation & Développement,Formations externes,NETTOYAGE SERVICE,Exploitation,719.88,143.98,863.86,1,20240710,2024,7
PCE-002416,2025-09-03,DEPT-007,Déplacements & Missions,Carburant,FORMATION PLUS,Exploitation,1141.64,228.33,1369.97,1,20250903,2025,9
PCE-002417,2024-08-25,DEPT-001,Salaires & Charges sociales,Avantages en nature,BAILLEUR IMMO,Exploitation,11675.94,0.0,11675.94,1,20240825,2024,8
PCE-002418,2024-02-07,DEPT-002,Déplacements & Missions,Carburant,BAILLEUR IMMO,Exploitation,1344.32,268.86,1613.18,0,20240207,2024,2
PCE-002419,2024-10-21,DEPT-005,Formation & Développement,Formations externes,ORANGE PRO,Exploitation,1222.09,244.42,1466.51,0,20241021,2024,10
PCE-002420,2023-11-01,DEPT-008,Loyer & Charges locatives,Assurance locaux,IBM MADA,Exploitation,5706.45,0.0,5706.45,1,20231101,2023,11
PCE-002421,2024-09-24,DEPT-003,Sous-traitance,Prestations ponctuelles,CONSULTANTS SA,Exploitation,4850.79,970.16,5820.95,1,20240924,2024,9
PCE-002422,2025-08-06,DEPT-004,Salaires & Charges sociales,Avantages en nature,BAILLEUR IMMO,Exploitation,71153.15,0.0,71153.15,1,20250806,2025,8
PCE-002423,2025-03-13,DEPT-005,Fournitures & Consommables,Fournitures de bureau,BAILLEUR IMMO,Exploitation,1085.06,217.01,1302.07,1,20250313,2025,3
PCE-002424,2024-07-06,DEPT-005,Formation & Développement,Certifications,AGENCE VOYAGE,Exploitation,1519.62,303.92,1823.54,1,20240706,2024,7
PCE-002425,2025-10-26,DEPT-008,Loyer & Charges locatives,Charges communes,BAILLEUR IMMO,Exploitation,4983.94,0.0,4983.94,1,20251026,2025,10
PCE-002426,2024-03-10,DEPT-003,Sous-traitance,Consultants,IBM MADA,Exploitation,19338.86,3867.77,23206.63,1,20240310,2024,3
PCE-002427,2024-07-05,DEPT-008,Fournitures & Consommables,Documentation,CONSULTANTS SA,Exploitation,1395.34,279.07,1674.41,1,20240705,2024,7
PCE-002428,2024-11-20,DEPT-008,Fournitures & Consommables,Documentation,AGENCE VOYAGE,Exploitation,803.57,160.71,964.28,1,20241120,2024,11
PCE-002429,2023-05-06,DEPT-008,Loyer & Charges locatives,Assurance locaux,BAILLEUR IMMO,Exploitation,5640.44,0.0,5640.44,1,20230506,2023,5
PCE-002430,2024-07-20,DEPT-008,Informatique & Licences,Matériel informatique,ORANGE PRO,Exploitation,2260.31,452.06,2712.37,1,20240720,2024,7
PCE-002431,2023-09-01,DEPT-008,Informatique & Licences,Cloud & hébergement,ORACLE,Exploitation,4317.98,863.6,5181.58,0,20230901,2023,9
PCE-002432,2023-03-09,DEPT-001,Formation & Développement,Formations externes,ORACLE,Exploitation,3109.07,621.81,3730.88,1,20230309,2023,3
PCE-002433,2025-01-08,DEPT-008,Loyer & Charges locatives,Charges communes,MICROSOFT MADA,Exploitation,4967.74,0.0,4967.74,1,20250108,2025,1
PCE-002434,2025-09-20,DEPT-005,Formation & Développement,Formations externes,BAILLEUR IMMO,Exploitation,3364.78,672.96,4037.74,1,20250920,2025,9
PCE-002435,2025-08-03,DEPT-006,Informatique & Licences,Licences logiciels,HOTEL COLBERT,Exploitation,6749.58,1349.92,8099.5,0,20250803,2025,8
PCE-002436,2025-06-23,DEPT-003,Sous-traitance,Expertise externe,FORMATION PLUS,Exploitation,11836.43,2367.29,14203.72,0,20250623,2025,6
PCE-002437,2023-01-01,DEPT-002,Formation & Développement,Certifications,SECURITE MADA,Exploitation,3122.51,624.5,3747.01,1,20230101,2023,1
PCE-002438,2023-07-21,DEPT-004,Sous-traitance,Expertise externe,NETTOYAGE SERVICE,Exploitation,12807.72,2561.54,15369.26,1,20230721,2023,7
PCE-002439,2024-04-12,DEPT-001,Sous-traitance,Consultants,TRANSPORT EXPRESS,Exploitation,6329.31,1265.86,7595.17,0,20240412,2024,4
PCE-002440,2024-07-10,DEPT-008,Salaires & Charges sociales,Salaires bruts,FOURNITURES PRO,Exploitation,13875.76,0.0,13875.76,1,20240710,2024,7
PCE-002441,2023-11-07,DEPT-008,Loyer & Charges locatives,Loyer bureaux,SECURITE MADA,Exploitation,2834.95,0.0,2834.95,1,20231107,2023,11
PCE-002442,2024-03-07,DEPT-002,Formation & Développement,Abonnements professionnels,BAILLEUR IMMO,Exploitation,3281.83,656.37,3938.2,1,20240307,2024,3
PCE-002443,2023-05-12,DEPT-008,Salaires & Charges sociales,Charges patronales,IT SOLUTIONS,Exploitation,63728.56,0.0,63728.56,1,20230512,2023,5
PCE-002444,2025-07-01,DEPT-002,Formation & Développement,Certifications,BAILLEUR IMMO,Exploitation,1294.18,258.84,1553.02,1,20250701,2025,7
PCE-002445,2023-09-17,DEPT-006,Informatique & Licences,Cloud & hébergement,CONSULTANTS SA,Exploitation,3989.25,797.85,4787.1,1,20230917,2023,9
PCE-002446,2024-12-07,DEPT-003,Déplacements & Missions,Hôtel & restauration,IT SOLUTIONS,Exploitation,1544.25,308.85,1853.1,0,20241207,2024,12
PCE-002447,2024-08-02,DEPT-005,Fournitures & Consommables,Fournitures de bureau,IBM MADA,Exploitation,496.97,99.39,596.36,1,20240802,2024,8
PCE-002448,2024-05-18,DEPT-003,Sous-traitance,Prestations ponctuelles,NETTOYAGE SERVICE,Exploitation,15759.97,3151.99,18911.96,0,20240518,2024,5
PCE-002449,2024-12-02,DEPT-002,Déplacements & Missions,Carburant,ORACLE,Exploitation,385.39,77.08,462.47,0,20241202,2024,12
PCE-002450,2024-02-14,DEPT-008,Fournitures & Consommables,Fournitures de bureau,IBM MADA,Exploitation,1208.78,241.76,1450.54,1,20240214,2024,2
PCE-002451,2023-08-29,DEPT-005,Salaires & Charges sociales,Avantages en nature,NETTOYAGE SERVICE,Exploitation,36667.93,0.0,36667.93,1,20230829,2023,8
PCE-002452,2024-06-22,DEPT-001,Formation & Développement,Abonnements professionnels,TRANSPORT EXPRESS,Exploitation,4120.45,824.09,4944.54,1,20240622,2024,6
PCE-002453,2024-05-12,DEPT-005,Fournitures & Consommables,Consommables informatique,FORMATION PLUS,Exploitation,1324.2,264.84,1589.04,1,20240512,2024,5
PCE-002454,2024-02-03,DEPT-002,Déplacements & Missions,Carburant,FORMATION PLUS,Exploitation,770.89,154.18,925.07,0,20240203,2024,2
PCE-002455,2025-07-18,DEPT-003,Salaires & Charges sociales,Salaires bruts,FORMATION PLUS,Exploitation,13327.3,0.0,13327.3,1,20250718,2025,7
PCE-002456,2025-12-24,DEPT-001,Sous-traitance,Consultants,FORMATION PLUS,Exploitation,4032.45,806.49,4838.94,0,20251224,2025,12
PCE-002457,2023-12-04,DEPT-008,Loyer & Charges locatives,Charges communes,FORMATION PLUS,Exploitation,7769.5,0.0,7769.5,1,20231204,2023,12
PCE-002458,2025-12-03,DEPT-005,Formation & Développement,Abonnements professionnels,SECURITE MADA,Exploitation,1010.71,202.14,1212.85,1,20251203,2025,12
PCE-002459,2023-11-12,DEPT-004,Salaires & Charges sociales,Charges patronales,CONSULTANTS SA,Exploitation,74408.11,0.0,74408.11,1,20231112,2023,11
PCE-002460,2025-09-09,DEPT-005,Formation & Développement,Abonnements professionnels,SECURITE MADA,Exploitation,4594.25,918.85,5513.1,0,20250909,2025,9
PCE-002461,2025-07-10,DEPT-008,Informatique & Licences,Maintenance SI,ORACLE,Exploitation,9318.16,1863.63,11181.79,1,20250710,2025,7
PCE-002462,2023-05-11,DEPT-006,Informatique & Licences,Cloud & hébergement,ORACLE,Exploitation,13601.01,2720.2,16321.21,1,20230511,2023,5
PCE-002463,2025-07-13,DEPT-002,Sous-traitance,Prestations ponctuelles,CONSULTANTS SA,Exploitation,14185.32,2837.06,17022.38,1,20250713,2025,7
PCE-002464,2025-03-14,DEPT-002,Formation & Développement,Formations externes,IBM MADA,Exploitation,1231.43,246.29,1477.72,0,20250314,2025,3
PCE-002465,2024-06-21,DEPT-005,Fournitures & Consommables,Fournitures de bureau,HOTEL COLBERT,Exploitation,1454.98,291.0,1745.98,1,20240621,2024,6
PCE-002466,2024-12-07,DEPT-005,Formation & Développement,Abonnements professionnels,TOTAL MADA,Exploitation,3303.68,660.74,3964.42,1,20241207,2024,12
PCE-002467,2023-02-18,DEPT-008,Fournitures & Consommables,Consommables informatique,MICROSOFT MADA,Exploitation,1016.85,203.37,1220.22,1,20230218,2023,2
PCE-002468,2025-02-09,DEPT-005,Fournitures & Consommables,Documentation,FORMATION PLUS,Exploitation,962.0,192.4,1154.4,1,20250209,2025,2
PCE-002469,2023-07-03,DEPT-004,Sous-traitance,Expertise externe,IBM MADA,Exploitation,1466.61,293.32,1759.93,0,20230703,2023,7
PCE-002470,2025-11-30,DEPT-008,Loyer & Charges locatives,Loyer bureaux,SECURITE MADA,Exploitation,3105.87,0.0,3105.87,1,20251130,2025,11
PCE-002471,2023-04-18,DEPT-008,Informatique & Licences,Maintenance SI,FOURNITURES PRO,Exploitation,12956.98,2591.4,15548.38,1,20230418,2023,4
PCE-002472,2023-12-17,DEPT-008,Fournitures & Consommables,Documentation,BAILLEUR IMMO,Exploitation,429.66,85.93,515.59,1,20231217,2023,12
PCE-002473,2024-01-09,DEPT-005,Formation & Développement,Abonnements professionnels,TRANSPORT EXPRESS,Exploitation,622.48,124.5,746.98,1,20240109,2024,1
PCE-002474,2025-01-15,DEPT-001,Formation & Développement,Abonnements professionnels,NETTOYAGE SERVICE,Exploitation,3553.49,710.7,4264.19,1,20250115,2025,1
PCE-002475,2025-10-03,DEPT-008,Informatique & Licences,Licences logiciels,BAILLEUR IMMO,Exploitation,9122.19,1824.44,10946.63,1,20251003,2025,10
PCE-002476,2025-08-12,DEPT-003,Salaires & Charges sociales,Salaires bruts,ORANGE PRO,Exploitation,6044.15,0.0,6044.15,1,20250812,2025,8
PCE-002477,2025-07-14,DEPT-005,Formation & Développement,Formations externes,BAILLEUR IMMO,Exploitation,2553.19,510.64,3063.83,1,20250714,2025,7
PCE-002478,2024-05-29,DEPT-002,Sous-traitance,Prestations ponctuelles,ORANGE PRO,Exploitation,15216.06,3043.21,18259.27,0,20240529,2024,5
PCE-002479,2024-03-03,DEPT-002,Salaires & Charges sociales,Avantages en nature,TOTAL MADA,Exploitation,18195.98,0.0,18195.98,1,20240303,2024,3
PCE-002480,2025-09-23,DEPT-008,Loyer & Charges locatives,Loyer bureaux,IT SOLUTIONS,Exploitation,2787.44,0.0,2787.44,1,20250923,2025,9
PCE-002481,2025-07-18,DEPT-004,Sous-traitance,Consultants,BAILLEUR IMMO,Exploitation,4274.13,854.83,5128.96,1,20250718,2025,7
PCE-002482,2023-11-15,DEPT-001,Salaires & Charges sociales,Charges patronales,SECURITE MADA,Exploitation,37348.88,0.0,37348.88,1,20231115,2023,11
PCE-002483,2025-05-23,DEPT-005,Fournitures & Consommables,Fournitures de bureau,TRANSPORT EXPRESS,Exploitation,1178.17,235.63,1413.8,0,20250523,2025,5
PCE-002484,2024-01-06,DEPT-007,Salaires & Charges sociales,Charges patronales,AGENCE VOYAGE,Exploitation,16877.06,0.0,16877.06,1,20240106,2024,1
PCE-002485,2025-12-26,DEPT-002,Sous-traitance,Consultants,ORACLE,Exploitation,12836.87,2567.37,15404.24,1,20251226,2025,12
PCE-002486,2023-11-25,DEPT-003,Déplacements & Missions,Hôtel & restauration,CONSULTANTS SA,Exploitation,476.23,95.25,571.48,1,20231125,2023,11
PCE-002487,2024-12-12,DEPT-001,Formation & Développement,Certifications,IT SOLUTIONS,Exploitation,3027.73,605.55,3633.28,1,20241212,2024,12
PCE-002488,2025-03-25,DEPT-006,Informatique & Licences,Cloud & hébergement,NETTOYAGE SERVICE,Exploitation,2814.48,562.9,3377.38,1,20250325,2025,3
PCE-002489,2023-03-09,DEPT-008,Fournitures & Consommables,Consommables informatique,ORANGE PRO,Exploitation,916.85,183.37,1100.22,1,20230309,2023,3
PCE-002490,2024-09-03,DEPT-004,Sous-traitance,Consultants,NETTOYAGE SERVICE,Exploitation,10470.7,2094.14,12564.84,0,20240903,2024,9
PCE-002491,2025-07-14,DEPT-008,Loyer & Charges locatives,Charges communes,AGENCE VOYAGE,Exploitation,6565.06,0.0,6565.06,1,20250714,2025,7
PCE-002492,2025-11-06,DEPT-008,Informatique & Licences,Maintenance SI,AGENCE VOYAGE,Exploitation,5631.46,1126.29,6757.75,1,20251106,2025,11
PCE-002493,2025-01-03,DEPT-007,Déplacements & Missions,Hôtel & restauration,TRANSPORT EXPRESS,Exploitation,2716.23,543.25,3259.48,1,20250103,2025,1
PCE-002494,2024-10-20,DEPT-006,Salaires & Charges sociales,Salaires bruts,AGENCE VOYAGE,Exploitation,13820.86,0.0,13820.86,1,20241020,2024,10
PCE-002495,2025-04-26,DEPT-001,Déplacements & Missions,Transport,BAILLEUR IMMO,Exploitation,2785.47,557.09,3342.56,0,20250426,2025,4
PCE-002496,2023-01-11,DEPT-008,Fournitures & Consommables,Consommables informatique,FOURNITURES PRO,Exploitation,538.22,107.64,645.86,1,20230111,2023,1
PCE-002497,2023-01-06,DEPT-003,Déplacements & Missions,Hôtel & restauration,CONSULTANTS SA,Exploitation,1069.14,213.83,1282.97,1,20230106,2023,1
PCE-002498,2025-01-01,DEPT-001,Déplacements & Missions,Hôtel & restauration,TRANSPORT EXPRESS,Exploitation,329.88,65.98,395.86,0,20250101,2025,1
PCE-002499,2025-04-14,DEPT-007,Déplacements & Missions,Transport,FOURNITURES PRO,Exploitation,2549.93,509.99,3059.92,1,20250414,2025,4
PCE-002500,2024-01-11,DEPT-001,Formation & Développement,Formations externes,AGENCE VOYAGE,Exploitation,2770.39,554.08,3324.47,1,20240111,2024,1
PCE-002501,2025-08-09,DEPT-008,Loyer & Charges locatives,Loyer bureaux,FORMATION PLUS,Exploitation,3981.44,0.0,3981.44,1,20250809,2025,8
PCE-002502,2023-11-20,DEPT-005,Fournitures & Consommables,Fournitures de bureau,FOURNITURES PRO,Exploitation,352.72,70.54,423.26,1,20231120,2023,11
PCE-002503,2023-12-24,DEPT-005,Salaires & Charges sociales,Charges patronales,TRANSPORT EXPRESS,Exploitation,48563.8,0.0,48563.8,1,20231224,2023,12
PCE-002504,2025-02-21,DEPT-002,Sous-traitance,Consultants,AGENCE VOYAGE,Exploitation,19602.21,3920.44,23522.65,0,20250221,2025,2
PCE-002505,2024-10-25,DEPT-008,Loyer & Charges locatives,Assurance locaux,HOTEL COLBERT,Exploitation,7738.01,0.0,7738.01,1,20241025,2024,10
PCE-002506,2025-08-23,DEPT-006,Informatique & Licences,Matériel informatique,FORMATION PLUS,Exploitation,9635.66,1927.13,11562.79,1,20250823,2025,8
PCE-002507,2024-11-04,DEPT-005,Fournitures & Consommables,Documentation,FOURNITURES PRO,Exploitation,486.12,97.22,583.34,1,20241104,2024,11
PCE-002508,2024-04-02,DEPT-006,Informatique & Licences,Cloud & hébergement,FOURNITURES PRO,Exploitation,13514.71,2702.94,16217.65,0,20240402,2024,4
PCE-002509,2024-08-23,DEPT-001,Sous-traitance,Consultants,CONSULTANTS SA,Exploitation,11839.13,2367.83,14206.96,0,20240823,2024,8
PCE-002510,2024-04-01,DEPT-008,Informatique & Licences,Matériel informatique,MICROSOFT MADA,Exploitation,14187.83,2837.57,17025.4,0,20240401,2024,4
PCE-002511,2025-08-27,DEPT-005,Fournitures & Consommables,Fournitures de bureau,CONSULTANTS SA,Exploitation,1013.19,202.64,1215.83,1,20250827,2025,8
PCE-002512,2023-04-01,DEPT-002,Formation & Développement,Certifications,SECURITE MADA,Exploitation,795.84,159.17,955.01,1,20230401,2023,4
PCE-002513,2025-07-25,DEPT-005,Fournitures & Consommables,Consommables informatique,IT SOLUTIONS,Exploitation,449.2,89.84,539.04,1,20250725,2025,7
PCE-002514,2025-05-16,DEPT-005,Fournitures & Consommables,Documentation,FOURNITURES PRO,Exploitation,434.34,86.87,521.21,1,20250516,2025,5
PCE-002515,2023-07-17,DEPT-005,Fournitures & Consommables,Consommables informatique,FORMATION PLUS,Exploitation,1401.05,280.21,1681.26,1,20230717,2023,7
PCE-002516,2024-10-21,DEPT-001,Sous-traitance,Prestations ponctuelles,FORMATION PLUS,Exploitation,12498.13,2499.63,14997.76,1,20241021,2024,10
PCE-002517,2024-07-05,DEPT-003,Déplacements & Missions,Carburant,HOTEL COLBERT,Exploitation,372.47,74.49,446.96,0,20240705,2024,7
PCE-002518,2025-11-30,DEPT-008,Informatique & Licences,Cloud & hébergement,CONSULTANTS SA,Exploitation,3515.08,703.02,4218.1,0,20251130,2025,11
PCE-002519,2024-07-12,DEPT-001,Formation & Développement,Formations externes,TOTAL MADA,Exploitation,1256.13,251.23,1507.36,1,20240712,2024,7
PCE-002520,2025-11-08,DEPT-002,Formation & Développement,Formations externes,FOURNITURES PRO,Exploitation,4571.79,914.36,5486.15,0,20251108,2025,11
PCE-002521,2025-04-13,DEPT-001,Formation & Développement,Abonnements professionnels,HOTEL COLBERT,Exploitation,1942.42,388.48,2330.9,1,20250413,2025,4
PCE-002522,2024-10-26,DEPT-008,Loyer & Charges locatives,Loyer bureaux,BAILLEUR IMMO,Exploitation,3973.7,0.0,3973.7,1,20241026,2024,10
PCE-002523,2023-04-09,DEPT-008,Salaires & Charges sociales,Charges patronales,TOTAL MADA,Exploitation,48032.43,0.0,48032.43,1,20230409,2023,4
PCE-002524,2025-06-25,DEPT-004,Sous-traitance,Prestations ponctuelles,IT SOLUTIONS,Exploitation,16739.58,3347.92,20087.5,1,20250625,2025,6
PCE-002525,2025-04-03,DEPT-005,Salaires & Charges sociales,Salaires bruts,IBM MADA,Exploitation,11950.71,0.0,11950.71,1,20250403,2025,4
PCE-002526,2025-01-17,DEPT-003,Sous-traitance,Prestations ponctuelles,IBM MADA,Exploitation,16509.21,3301.84,19811.05,1,20250117,2025,1
PCE-002527,2024-10-03,DEPT-003,Déplacements & Missions,Carburant,MICROSOFT MADA,Exploitation,2939.14,587.83,3526.97,0,20241003,2024,10
PCE-002528,2025-08-06,DEPT-002,Déplacements & Missions,Transport,AGENCE VOYAGE,Exploitation,2263.77,452.75,2716.52,1,20250806,2025,8
PCE-002529,2023-08-15,DEPT-008,Fournitures & Consommables,Documentation,TOTAL MADA,Exploitation,1248.88,249.78,1498.66,1,20230815,2023,8
PCE-002530,2023-02-12,DEPT-007,Déplacements & Missions,Hôtel & restauration,ORANGE PRO,Exploitation,2582.58,516.52,3099.1,1,20230212,2023,2
PCE-002531,2023-01-23,DEPT-002,Salaires & Charges sociales,Avantages en nature,MICROSOFT MADA,Exploitation,17728.21,0.0,17728.21,1,20230123,2023,1
PCE-002532,2024-06-14,DEPT-007,Salaires & Charges sociales,Avantages en nature,ORANGE PRO,Exploitation,32407.97,0.0,32407.97,1,20240614,2024,6
PCE-002533,2025-08-19,DEPT-008,Informatique & Licences,Matériel informatique,FOURNITURES PRO,Exploitation,3479.68,695.94,4175.62,1,20250819,2025,8
PCE-002534,2025-05-16,DEPT-008,Informatique & Licences,Licences logiciels,IBM MADA,Exploitation,3406.35,681.27,4087.62,1,20250516,2025,5
PCE-002535,2025-08-27,DEPT-005,Formation & Développement,Formations externes,FOURNITURES PRO,Exploitation,4507.7,901.54,5409.24,1,20250827,2025,8
PCE-002536,2023-07-01,DEPT-005,Fournitures & Consommables,Fournitures de bureau,TRANSPORT EXPRESS,Exploitation,981.83,196.37,1178.2,1,20230701,2023,7
PCE-002537,2024-04-23,DEPT-008,Loyer & Charges locatives,Loyer bureaux,IBM MADA,Exploitation,6778.23,0.0,6778.23,1,20240423,2024,4
PCE-002538,2024-06-28,DEPT-008,Salaires & Charges sociales,Salaires bruts,FORMATION PLUS,Exploitation,22634.65,0.0,22634.65,1,20240628,2024,6
PCE-002539,2023-07-21,DEPT-007,Déplacements & Missions,Transport,IBM MADA,Exploitation,604.74,120.95,725.69,1,20230721,2023,7
PCE-002540,2025-11-10,DEPT-002,Formation & Développement,Formations externes,NETTOYAGE SERVICE,Exploitation,2683.91,536.78,3220.69,0,20251110,2025,11
PCE-002541,2023-05-21,DEPT-005,Fournitures & Consommables,Documentation,TOTAL MADA,Exploitation,368.77,73.75,442.52,0,20230521,2023,5
PCE-002542,2025-11-05,DEPT-001,Sous-traitance,Consultants,ORACLE,Exploitation,18826.46,3765.29,22591.75,1,20251105,2025,11
PCE-002543,2024-08-24,DEPT-008,Fournitures & Consommables,Fournitures de bureau,CONSULTANTS SA,Exploitation,1022.33,204.47,1226.8,1,20240824,2024,8
PCE-002544,2025-11-20,DEPT-001,Déplacements & Missions,Hôtel & restauration,IT SOLUTIONS,Exploitation,2373.66,474.73,2848.39,0,20251120,2025,11
PCE-002545,2024-12-24,DEPT-006,Informatique & Licences,Cloud & hébergement,MICROSOFT MADA,Exploitation,7399.26,1479.85,8879.11,1,20241224,2024,12
PCE-002546,2024-11-28,DEPT-005,Formation & Développement,Abonnements professionnels,SECURITE MADA,Exploitation,4962.33,992.47,5954.8,1,20241128,2024,11
PCE-002547,2024-01-17,DEPT-003,Sous-traitance,Expertise externe,HOTEL COLBERT,Exploitation,10713.0,2142.6,12855.6,1,20240117,2024,1
PCE-002548,2023-09-12,DEPT-004,Salaires & Charges sociales,Avantages en nature,SECURITE MADA,Exploitation,45438.14,0.0,45438.14,1,20230912,2023,9
PCE-002549,2024-05-03,DEPT-004,Salaires & Charges sociales,Charges patronales,TOTAL MADA,Exploitation,42081.82,0.0,42081.82,1,20240503,2024,5
PCE-002550,2023-05-02,DEPT-008,Loyer & Charges locatives,Assurance locaux,MICROSOFT MADA,Exploitation,7037.76,0.0,7037.76,1,20230502,2023,5
PCE-002551,2023-07-06,DEPT-008,Informatique & Licences,Licences logiciels,IBM MADA,Exploitation,7721.22,1544.24,9265.46,1,20230706,2023,7
PCE-002552,2025-10-22,DEPT-001,Déplacements & Missions,Carburant,IT SOLUTIONS,Exploitation,657.22,131.44,788.66,1,20251022,2025,10
PCE-002553,2023-11-16,DEPT-008,Informatique & Licences,Maintenance SI,FOURNITURES PRO,Exploitation,9391.38,1878.28,11269.66,0,20231116,2023,11
PCE-002554,2024-08-12,DEPT-008,Informatique & Licences,Maintenance SI,TOTAL MADA,Exploitation,6358.65,1271.73,7630.38,1,20240812,2024,8
PCE-002555,2023-04-20,DEPT-005,Formation & Développement,Formations externes,NETTOYAGE SERVICE,Exploitation,2376.78,475.36,2852.14,1,20230420,2023,4
PCE-002556,2024-07-02,DEPT-008,Loyer & Charges locatives,Charges communes,ORACLE,Exploitation,2059.15,0.0,2059.15,1,20240702,2024,7
PCE-002557,2024-11-22,DEPT-005,Formation & Développement,Abonnements professionnels,MICROSOFT MADA,Exploitation,3505.18,701.04,4206.22,1,20241122,2024,11
PCE-002558,2024-05-17,DEPT-002,Salaires & Charges sociales,Salaires bruts,IBM MADA,Exploitation,71647.67,0.0,71647.67,1,20240517,2024,5
PCE-002559,2024-06-08,DEPT-008,Informatique & Licences,Licences logiciels,CONSULTANTS SA,Exploitation,13898.23,2779.65,16677.88,1,20240608,2024,6
PCE-002560,2023-06-19,DEPT-008,Loyer & Charges locatives,Charges communes,ORACLE,Exploitation,7051.1,0.0,7051.1,1,20230619,2023,6
PCE-002561,2024-07-23,DEPT-001,Formation & Développement,Certifications,HOTEL COLBERT,Exploitation,3808.79,761.76,4570.55,1,20240723,2024,7
PCE-002562,2023-10-28,DEPT-003,Sous-traitance,Consultants,ORACLE,Exploitation,13515.55,2703.11,16218.66,0,20231028,2023,10
PCE-002563,2024-09-19,DEPT-004,Sous-traitance,Consultants,AGENCE VOYAGE,Exploitation,19840.97,3968.19,23809.16,0,20240919,2024,9
PCE-002564,2024-06-10,DEPT-008,Loyer & Charges locatives,Charges communes,ORANGE PRO,Exploitation,5520.8,0.0,5520.8,1,20240610,2024,6
PCE-002565,2024-08-03,DEPT-003,Sous-traitance,Consultants,ORACLE,Exploitation,6720.08,1344.02,8064.1,1,20240803,2024,8
PCE-002566,2023-05-20,DEPT-005,Fournitures & Consommables,Consommables informatique,MICROSOFT MADA,Exploitation,1217.5,243.5,1461.0,1,20230520,2023,5
PCE-002567,2025-11-13,DEPT-001,Formation & Développement,Certifications,AGENCE VOYAGE,Exploitation,3902.93,780.59,4683.52,1,20251113,2025,11
PCE-002568,2023-02-05,DEPT-006,Informatique & Licences,Cloud & hébergement,IBM MADA,Exploitation,13329.29,2665.86,15995.15,1,20230205,2023,2
PCE-002569,2025-09-01,DEPT-002,Salaires & Charges sociales,Salaires bruts,CONSULTANTS SA,Exploitation,74632.55,0.0,74632.55,1,20250901,2025,9
PCE-002570,2024-04-03,DEPT-008,Salaires & Charges sociales,Charges patronales,ORACLE,Exploitation,63264.54,0.0,63264.54,1,20240403,2024,4
PCE-002571,2024-03-24,DEPT-008,Fournitures & Consommables,Fournitures de bureau,TRANSPORT EXPRESS,Exploitation,961.35,192.27,1153.62,1,20240324,2024,3
PCE-002572,2025-06-22,DEPT-003,Sous-traitance,Expertise externe,MICROSOFT MADA,Exploitation,15018.44,3003.69,18022.13,0,20250622,2025,6
PCE-002573,2023-08-25,DEPT-006,Informatique & Licences,Matériel informatique,NETTOYAGE SERVICE,Exploitation,2880.44,576.09,3456.53,1,20230825,2023,8
PCE-002574,2024-03-07,DEPT-008,Fournitures & Consommables,Consommables informatique,MICROSOFT MADA,Exploitation,485.08,97.02,582.1,1,20240307,2024,3
PCE-002575,2024-04-15,DEPT-008,Loyer & Charges locatives,Loyer bureaux,HOTEL COLBERT,Exploitation,7847.94,0.0,7847.94,1,20240415,2024,4
PCE-002576,2023-05-21,DEPT-008,Informatique & Licences,Licences logiciels,FORMATION PLUS,Exploitation,9188.39,1837.68,11026.07,1,20230521,2023,5
PCE-002577,2025-05-29,DEPT-008,Salaires & Charges sociales,Charges patronales,IBM MADA,Exploitation,22715.6,0.0,22715.6,1,20250529,2025,5
PCE-002578,2025-02-02,DEPT-008,Loyer & Charges locatives,Assurance locaux,IBM MADA,Exploitation,2955.8,0.0,2955.8,1,20250202,2025,2
PCE-002579,2025-07-31,DEPT-002,Formation & Développement,Formations externes,AGENCE VOYAGE,Exploitation,2145.68,429.14,2574.82,1,20250731,2025,7
PCE-002580,2023-11-22,DEPT-008,Loyer & Charges locatives,Charges communes,IT SOLUTIONS,Exploitation,7684.98,0.0,7684.98,1,20231122,2023,11
PCE-002581,2023-05-05,DEPT-002,Salaires & Charges sociales,Avantages en nature,ORANGE PRO,Exploitation,46757.98,0.0,46757.98,1,20230505,2023,5
PCE-002582,2024-07-07,DEPT-004,Salaires & Charges sociales,Charges patronales,MICROSOFT MADA,Exploitation,18600.8,0.0,18600.8,1,20240707,2024,7
PCE-002583,2023-01-05,DEPT-003,Sous-traitance,Consultants,IBM MADA,Exploitation,8823.03,1764.61,10587.64,1,20230105,2023,1
PCE-002584,2024-09-24,DEPT-004,Sous-traitance,Prestations ponctuelles,ORANGE PRO,Exploitation,4713.86,942.77,5656.63,1,20240924,2024,9
PCE-002585,2025-06-29,DEPT-001,Sous-traitance,Prestations ponctuelles,FORMATION PLUS,Exploitation,3424.75,684.95,4109.7,1,20250629,2025,6
PCE-002586,2024-01-15,DEPT-008,Loyer & Charges locatives,Assurance locaux,SECURITE MADA,Exploitation,3746.24,0.0,3746.24,1,20240115,2024,1
PCE-002587,2023-03-07,DEPT-001,Sous-traitance,Prestations ponctuelles,TRANSPORT EXPRESS,Exploitation,17452.23,3490.45,20942.68,0,20230307,2023,3
PCE-002588,2025-07-30,DEPT-002,Sous-traitance,Expertise externe,ORACLE,Exploitation,5274.46,1054.89,6329.35,1,20250730,2025,7
PCE-002589,2024-04-10,DEPT-002,Formation & Développement,Certifications,SECURITE MADA,Exploitation,517.1,103.42,620.52,1,20240410,2024,4
PCE-002590,2024-09-18,DEPT-008,Loyer & Charges locatives,Charges communes,ORANGE PRO,Exploitation,3526.95,0.0,3526.95,1,20240918,2024,9
PCE-002591,2023-06-21,DEPT-008,Loyer & Charges locatives,Assurance locaux,SECURITE MADA,Exploitation,7464.28,0.0,7464.28,1,20230621,2023,6
PCE-002592,2025-06-03,DEPT-005,Fournitures & Consommables,Fournitures de bureau,ORACLE,Exploitation,1408.36,281.67,1690.03,0,20250603,2025,6
PCE-002593,2023-08-17,DEPT-002,Sous-traitance,Consultants,SECURITE MADA,Exploitation,11809.13,2361.83,14170.96,1,20230817,2023,8
PCE-002594,2024-07-29,DEPT-008,Loyer & Charges locatives,Loyer bureaux,HOTEL COLBERT,Exploitation,3745.27,0.0,3745.27,1,20240729,2024,7
PCE-002595,2023-06-07,DEPT-002,Déplacements & Missions,Transport,ORANGE PRO,Exploitation,1195.85,239.17,1435.02,0,20230607,2023,6
PCE-002596,2025-08-07,DEPT-001,Sous-traitance,Consultants,AGENCE VOYAGE,Exploitation,10367.07,2073.41,12440.48,1,20250807,2025,8
PCE-002597,2023-04-26,DEPT-006,Informatique & Licences,Licences logiciels,BAILLEUR IMMO,Exploitation,14002.73,2800.55,16803.28,0,20230426,2023,4
PCE-002598,2024-08-30,DEPT-008,Informatique & Licences,Maintenance SI,AGENCE VOYAGE,Exploitation,14615.49,2923.1,17538.59,1,20240830,2024,8
PCE-002599,2023-08-28,DEPT-002,Salaires & Charges sociales,Charges patronales,MICROSOFT MADA,Exploitation,54902.77,0.0,54902.77,1,20230828,2023,8
PCE-002600,2025-08-23,DEPT-006,Informatique & Licences,Licences logiciels,IBM MADA,Exploitation,5834.44,1166.89,7001.33,1,20250823,2025,8
PCE-002601,2025-04-21,DEPT-003,Déplacements & Missions,Transport,CONSULTANTS SA,Exploitation,2301.12,460.22,2761.34,1,20250421,2025,4
PCE-002602,2025-08-30,DEPT-003,Sous-traitance,Consultants,FORMATION PLUS,Exploitation,19880.82,3976.16,23856.98,1,20250830,2025,8
PCE-002603,2023-07-06,DEPT-003,Sous-traitance,Prestations ponctuelles,ORANGE PRO,Exploitation,15156.65,3031.33,18187.98,1,20230706,2023,7
PCE-002604,2025-03-06,DEPT-002,Sous-traitance,Expertise externe,MICROSOFT MADA,Exploitation,5310.56,1062.11,6372.67,1,20250306,2025,3
PCE-002605,2023-06-09,DEPT-005,Fournitures & Consommables,Consommables informatique,MICROSOFT MADA,Exploitation,850.34,170.07,1020.41,1,20230609,2023,6
PCE-002606,2023-08-20,DEPT-006,Informatique & Licences,Matériel informatique,SECURITE MADA,Exploitation,1853.88,370.78,2224.66,1,20230820,2023,8
PCE-002607,2023-06-27,DEPT-005,Formation & Développement,Certifications,TOTAL MADA,Exploitation,737.23,147.45,884.68,1,20230627,2023,6
PCE-002608,2023-03-17,DEPT-008,Informatique & Licences,Matériel informatique,FORMATION PLUS,Exploitation,6062.1,1212.42,7274.52,1,20230317,2023,3
PCE-002609,2023-11-24,DEPT-006,Informatique & Licences,Cloud & hébergement,ORACLE,Exploitation,13024.67,2604.93,15629.6,1,20231124,2023,11
PCE-002610,2025-03-16,DEPT-003,Sous-traitance,Consultants,AGENCE VOYAGE,Exploitation,7396.66,1479.33,8875.99,0,20250316,2025,3
PCE-002611,2023-06-07,DEPT-008,Loyer & Charges locatives,Charges communes,IT SOLUTIONS,Exploitation,4594.98,0.0,4594.98,1,20230607,2023,6
PCE-002612,2023-04-20,DEPT-008,Fournitures & Consommables,Documentation,IT SOLUTIONS,Exploitation,388.82,77.76,466.58,1,20230420,2023,4
PCE-002613,2024-07-31,DEPT-004,Sous-traitance,Expertise externe,ORACLE,Exploitation,4012.57,802.51,4815.08,0,20240731,2024,7
PCE-002614,2025-05-18,DEPT-002,Déplacements & Missions,Transport,AGENCE VOYAGE,Exploitation,1465.31,293.06,1758.37,1,20250518,2025,5
PCE-002615,2025-09-13,DEPT-002,Formation & Développement,Certifications,CONSULTANTS SA,Exploitation,2254.28,450.86,2705.14,1,20250913,2025,9
PCE-002616,2024-07-22,DEPT-006,Salaires & Charges sociales,Salaires bruts,SECURITE MADA,Exploitation,65356.0,0.0,65356.0,0,20240722,2024,7
PCE-002617,2024-08-25,DEPT-008,Loyer & Charges locatives,Charges communes,CONSULTANTS SA,Exploitation,6344.37,0.0,6344.37,1,20240825,2024,8
PCE-002618,2025-05-24,DEPT-003,Sous-traitance,Consultants,CONSULTANTS SA,Exploitation,5953.76,1190.75,7144.51,0,20250524,2025,5
PCE-002619,2025-12-26,DEPT-007,Déplacements & Missions,Transport,CONSULTANTS SA,Exploitation,347.28,69.46,416.74,1,20251226,2025,12
PCE-002620,2025-03-26,DEPT-003,Sous-traitance,Prestations ponctuelles,CONSULTANTS SA,Exploitation,1760.03,352.01,2112.04,0,20250326,2025,3
PCE-002621,2024-03-30,DEPT-001,Déplacements & Missions,Hôtel & restauration,AGENCE VOYAGE,Exploitation,393.47,78.69,472.16,1,20240330,2024,3
PCE-002622,2024-12-03,DEPT-003,Sous-traitance,Expertise externe,IT SOLUTIONS,Exploitation,5456.48,1091.3,6547.78,0,20241203,2024,12
PCE-002623,2023-07-16,DEPT-006,Salaires & Charges sociales,Charges patronales,SECURITE MADA,Exploitation,62917.94,0.0,62917.94,1,20230716,2023,7
PCE-002624,2024-06-06,DEPT-008,Loyer & Charges locatives,Loyer bureaux,NETTOYAGE SERVICE,Exploitation,2028.99,0.0,2028.99,1,20240606,2024,6
PCE-002625,2025-08-10,DEPT-002,Formation & Développement,Abonnements professionnels,AGENCE VOYAGE,Exploitation,3249.8,649.96,3899.76,0,20250810,2025,8
PCE-002626,2023-02-24,DEPT-003,Sous-traitance,Prestations ponctuelles,TRANSPORT EXPRESS,Exploitation,11093.25,2218.65,13311.9,1,20230224,2023,2
PCE-002627,2025-01-26,DEPT-002,Formation & Développement,Formations externes,AGENCE VOYAGE,Exploitation,4515.86,903.17,5419.03,0,20250126,2025,1
PCE-002628,2024-10-18,DEPT-008,Informatique & Licences,Maintenance SI,CONSULTANTS SA,Exploitation,4312.21,862.44,5174.65,1,20241018,2024,10
PCE-002629,2025-09-16,DEPT-008,Fournitures & Consommables,Fournitures de bureau,FORMATION PLUS,Exploitation,463.92,92.78,556.7,1,20250916,2025,9
PCE-002630,2023-04-29,DEPT-005,Fournitures & Consommables,Consommables informatique,FOURNITURES PRO,Exploitation,1123.7,224.74,1348.44,1,20230429,2023,4
PCE-002631,2025-09-04,DEPT-008,Loyer & Charges locatives,Assurance locaux,FOURNITURES PRO,Exploitation,3959.7,0.0,3959.7,1,20250904,2025,9
PCE-002632,2023-05-07,DEPT-008,Informatique & Licences,Maintenance SI,IT SOLUTIONS,Exploitation,12198.59,2439.72,14638.31,0,20230507,2023,5
PCE-002633,2025-09-12,DEPT-002,Sous-traitance,Expertise externe,SECURITE MADA,Exploitation,18601.75,3720.35,22322.1,0,20250912,2025,9
PCE-002634,2023-08-08,DEPT-008,Fournitures & Consommables,Consommables informatique,FOURNITURES PRO,Exploitation,566.97,113.39,680.36,1,20230808,2023,8
PCE-002635,2024-06-19,DEPT-002,Formation & Développement,Formations externes,FORMATION PLUS,Exploitation,2179.1,435.82,2614.92,1,20240619,2024,6
PCE-002636,2023-11-22,DEPT-001,Sous-traitance,Prestations ponctuelles,TRANSPORT EXPRESS,Exploitation,16265.75,3253.15,19518.9,1,20231122,2023,11
PCE-002637,2023-11-13,DEPT-001,Formation & Développement,Formations externes,TOTAL MADA,Exploitation,2588.72,517.74,3106.46,1,20231113,2023,11
PCE-002638,2023-10-28,DEPT-006,Salaires & Charges sociales,Avantages en nature,FORMATION PLUS,Exploitation,59614.04,0.0,59614.04,1,20231028,2023,10
PCE-002639,2024-01-26,DEPT-007,Déplacements & Missions,Hôtel & restauration,HOTEL COLBERT,Exploitation,1090.87,218.17,1309.04,0,20240126,2024,1
PCE-002640,2025-01-20,DEPT-004,Salaires & Charges sociales,Charges patronales,ORANGE PRO,Exploitation,20293.24,0.0,20293.24,1,20250120,2025,1
PCE-002641,2023-02-11,DEPT-008,Loyer & Charges locatives,Charges communes,SECURITE MADA,Exploitation,2390.61,0.0,2390.61,1,20230211,2023,2
PCE-002642,2025-09-14,DEPT-005,Salaires & Charges sociales,Salaires bruts,FORMATION PLUS,Exploitation,16828.58,0.0,16828.58,1,20250914,2025,9
PCE-002643,2024-03-08,DEPT-001,Salaires & Charges sociales,Charges patronales,CONSULTANTS SA,Exploitation,37052.66,0.0,37052.66,1,20240308,2024,3
PCE-002644,2024-03-30,DEPT-003,Sous-traitance,Expertise externe,ORANGE PRO,Exploitation,3920.18,784.04,4704.22,0,20240330,2024,3
PCE-002645,2025-07-23,DEPT-001,Salaires & Charges sociales,Salaires bruts,TRANSPORT EXPRESS,Exploitation,10820.97,0.0,10820.97,1,20250723,2025,7
PCE-002646,2023-02-27,DEPT-003,Déplacements & Missions,Hôtel & restauration,NETTOYAGE SERVICE,Exploitation,1933.5,386.7,2320.2,1,20230227,2023,2
PCE-002647,2023-04-27,DEPT-002,Déplacements & Missions,Hôtel & restauration,IBM MADA,Exploitation,1745.29,349.06,2094.35,1,20230427,2023,4
PCE-002648,2023-08-05,DEPT-005,Formation & Développement,Certifications,BAILLEUR IMMO,Exploitation,4886.16,977.23,5863.39,0,20230805,2023,8
PCE-002649,2023-12-13,DEPT-005,Fournitures & Consommables,Fournitures de bureau,TOTAL MADA,Exploitation,786.47,157.29,943.76,1,20231213,2023,12
PCE-002650,2025-03-29,DEPT-008,Salaires & Charges sociales,Charges patronales,ORACLE,Exploitation,52794.96,0.0,52794.96,1,20250329,2025,3
PCE-002651,2023-01-04,DEPT-002,Salaires & Charges sociales,Avantages en nature,IBM MADA,Exploitation,49580.29,0.0,49580.29,1,20230104,2023,1
PCE-002652,2025-01-28,DEPT-008,Loyer & Charges locatives,Charges communes,TRANSPORT EXPRESS,Exploitation,5778.32,0.0,5778.32,1,20250128,2025,1
PCE-002653,2023-05-27,DEPT-001,Sous-traitance,Prestations ponctuelles,IT SOLUTIONS,Exploitation,11339.39,2267.88,13607.27,1,20230527,2023,5
PCE-002654,2024-05-14,DEPT-008,Informatique & Licences,Licences logiciels,NETTOYAGE SERVICE,Exploitation,12256.21,2451.24,14707.45,1,20240514,2024,5
PCE-002655,2023-07-25,DEPT-003,Salaires & Charges sociales,Salaires bruts,TRANSPORT EXPRESS,Exploitation,5462.84,0.0,5462.84,1,20230725,2023,7
PCE-002656,2023-12-13,DEPT-004,Salaires & Charges sociales,Avantages en nature,TOTAL MADA,Exploitation,57667.65,0.0,57667.65,1,20231213,2023,12
PCE-002657,2023-07-16,DEPT-006,Informatique & Licences,Licences logiciels,TRANSPORT EXPRESS,Exploitation,12750.59,2550.12,15300.71,1,20230716,2023,7
PCE-002658,2024-02-06,DEPT-001,Déplacements & Missions,Transport,SECURITE MADA,Exploitation,2411.18,482.24,2893.42,0,20240206,2024,2
PCE-002659,2025-08-06,DEPT-007,Déplacements & Missions,Transport,TOTAL MADA,Exploitation,1421.84,284.37,1706.21,1,20250806,2025,8
PCE-002660,2023-08-14,DEPT-001,Sous-traitance,Consultants,IBM MADA,Exploitation,6350.64,1270.13,7620.77,1,20230814,2023,8
PCE-002661,2024-01-03,DEPT-003,Sous-traitance,Expertise externe,CONSULTANTS SA,Exploitation,11614.21,2322.84,13937.05,0,20240103,2024,1
PCE-002662,2024-06-10,DEPT-003,Déplacements & Missions,Carburant,FORMATION PLUS,Exploitation,2364.43,472.89,2837.32,0,20240610,2024,6
PCE-002663,2023-09-06,DEPT-001,Déplacements & Missions,Hôtel & restauration,TOTAL MADA,Exploitation,1411.38,282.28,1693.66,1,20230906,2023,9
PCE-002664,2023-11-16,DEPT-003,Sous-traitance,Prestations ponctuelles,AGENCE VOYAGE,Exploitation,16442.12,3288.42,19730.54,1,20231116,2023,11
PCE-002665,2024-10-31,DEPT-008,Informatique & Licences,Matériel informatique,IT SOLUTIONS,Exploitation,1022.49,204.5,1226.99,1,20241031,2024,10
PCE-002666,2023-06-21,DEPT-005,Formation & Développement,Certifications,NETTOYAGE SERVICE,Exploitation,4300.2,860.04,5160.24,1,20230621,2023,6
PCE-002667,2024-06-23,DEPT-004,Sous-traitance,Consultants,CONSULTANTS SA,Exploitation,13093.76,2618.75,15712.51,1,20240623,2024,6
PCE-002668,2024-11-04,DEPT-003,Sous-traitance,Expertise externe,ORACLE,Exploitation,1037.5,207.5,1245.0,0,20241104,2024,11
PCE-002669,2023-10-11,DEPT-001,Formation & Développement,Formations externes,IBM MADA,Exploitation,2385.19,477.04,2862.23,1,20231011,2023,10
PCE-002670,2025-08-06,DEPT-008,Salaires & Charges sociales,Charges patronales,ORANGE PRO,Exploitation,52201.77,0.0,52201.77,1,20250806,2025,8
PCE-002671,2024-02-02,DEPT-004,Sous-traitance,Expertise externe,TRANSPORT EXPRESS,Exploitation,3919.03,783.81,4702.84,1,20240202,2024,2
PCE-002672,2023-09-24,DEPT-008,Loyer & Charges locatives,Charges communes,AGENCE VOYAGE,Exploitation,2086.08,0.0,2086.08,1,20230924,2023,9
PCE-002673,2025-08-04,DEPT-002,Sous-traitance,Expertise externe,FOURNITURES PRO,Exploitation,6321.42,1264.28,7585.7,1,20250804,2025,8
PCE-002674,2025-09-28,DEPT-005,Formation & Développement,Abonnements professionnels,TOTAL MADA,Exploitation,2995.88,599.18,3595.06,1,20250928,2025,9
PCE-002675,2024-09-04,DEPT-007,Salaires & Charges sociales,Charges patronales,AGENCE VOYAGE,Exploitation,50910.44,0.0,50910.44,1,20240904,2024,9
PCE-002676,2025-07-08,DEPT-004,Sous-traitance,Expertise externe,FORMATION PLUS,Exploitation,15395.23,3079.05,18474.28,1,20250708,2025,7
PCE-002677,2025-06-08,DEPT-008,Loyer & Charges locatives,Assurance locaux,TOTAL MADA,Exploitation,7672.83,0.0,7672.83,1,20250608,2025,6
PCE-002678,2025-10-06,DEPT-008,Informatique & Licences,Cloud & hébergement,NETTOYAGE SERVICE,Exploitation,2283.63,456.73,2740.36,1,20251006,2025,10
PCE-002679,2025-10-25,DEPT-008,Informatique & Licences,Cloud & hébergement,HOTEL COLBERT,Exploitation,12806.21,2561.24,15367.45,1,20251025,2025,10
PCE-002680,2023-08-30,DEPT-007,Déplacements & Missions,Transport,BAILLEUR IMMO,Exploitation,886.33,177.27,1063.6,0,20230830,2023,8
PCE-002681,2024-06-05,DEPT-008,Loyer & Charges locatives,Assurance locaux,NETTOYAGE SERVICE,Exploitation,3003.87,0.0,3003.87,1,20240605,2024,6
PCE-002682,2025-12-03,DEPT-008,Loyer & Charges locatives,Loyer bureaux,IT SOLUTIONS,Exploitation,7453.53,0.0,7453.53,1,20251203,2025,12
PCE-002683,2023-12-22,DEPT-004,Sous-traitance,Consultants,ORACLE,Exploitation,16310.65,3262.13,19572.78,0,20231222,2023,12
PCE-002684,2025-12-30,DEPT-003,Sous-traitance,Prestations ponctuelles,SECURITE MADA,Exploitation,12999.92,2599.98,15599.9,1,20251230,2025,12
PCE-002685,2024-08-16,DEPT-003,Sous-traitance,Prestations ponctuelles,ORACLE,Exploitation,19634.81,3926.96,23561.77,0,20240816,2024,8
PCE-002686,2023-05-01,DEPT-002,Formation & Développement,Formations externes,MICROSOFT MADA,Exploitation,1350.97,270.19,1621.16,1,20230501,2023,5
PCE-002687,2023-07-25,DEPT-001,Formation & Développement,Certifications,SECURITE MADA,Exploitation,4324.05,864.81,5188.86,1,20230725,2023,7
PCE-002688,2024-08-24,DEPT-002,Sous-traitance,Expertise externe,MICROSOFT MADA,Exploitation,7822.97,1564.59,9387.56,0,20240824,2024,8
PCE-002689,2024-09-17,DEPT-008,Loyer & Charges locatives,Loyer bureaux,BAILLEUR IMMO,Exploitation,6736.78,0.0,6736.78,1,20240917,2024,9
PCE-002690,2025-05-04,DEPT-002,Déplacements & Missions,Carburant,CONSULTANTS SA,Exploitation,1641.15,328.23,1969.38,1,20250504,2025,5
PCE-002691,2025-04-30,DEPT-002,Formation & Développement,Certifications,ORACLE,Exploitation,4171.86,834.37,5006.23,0,20250430,2025,4
PCE-002692,2023-11-01,DEPT-005,Fournitures & Consommables,Documentation,CONSULTANTS SA,Exploitation,1030.35,206.07,1236.42,0,20231101,2023,11
PCE-002693,2023-01-02,DEPT-008,Fournitures & Consommables,Documentation,AGENCE VOYAGE,Exploitation,258.26,51.65,309.91,1,20230102,2023,1
PCE-002694,2023-06-09,DEPT-008,Salaires & Charges sociales,Salaires bruts,ORANGE PRO,Exploitation,72514.73,0.0,72514.73,1,20230609,2023,6
PCE-002695,2023-07-02,DEPT-006,Informatique & Licences,Maintenance SI,NETTOYAGE SERVICE,Exploitation,2170.4,434.08,2604.48,1,20230702,2023,7
PCE-002696,2024-03-09,DEPT-008,Loyer & Charges locatives,Loyer bureaux,FOURNITURES PRO,Exploitation,2414.8,0.0,2414.8,1,20240309,2024,3
PCE-002697,2023-08-20,DEPT-007,Salaires & Charges sociales,Charges patronales,TOTAL MADA,Exploitation,31864.21,0.0,31864.21,1,20230820,2023,8
PCE-002698,2023-05-12,DEPT-008,Fournitures & Consommables,Documentation,BAILLEUR IMMO,Exploitation,626.92,125.38,752.3,1,20230512,2023,5
PCE-002699,2025-01-25,DEPT-003,Salaires & Charges sociales,Salaires bruts,NETTOYAGE SERVICE,Exploitation,71523.74,0.0,71523.74,1,20250125,2025,1
PCE-002700,2025-01-29,DEPT-001,Sous-traitance,Expertise externe,TOTAL MADA,Exploitation,2222.73,444.55,2667.28,0,20250129,2025,1
PCE-002701,2024-06-26,DEPT-005,Formation & Développement,Certifications,HOTEL COLBERT,Exploitation,1827.05,365.41,2192.46,1,20240626,2024,6
PCE-002702,2023-10-11,DEPT-008,Loyer & Charges locatives,Charges communes,CONSULTANTS SA,Exploitation,6500.09,0.0,6500.09,1,20231011,2023,10
PCE-002703,2023-10-27,DEPT-006,Informatique & Licences,Licences logiciels,NETTOYAGE SERVICE,Exploitation,6973.8,1394.76,8368.56,1,20231027,2023,10
PCE-002704,2025-12-13,DEPT-005,Formation & Développement,Certifications,SECURITE MADA,Exploitation,1279.1,255.82,1534.92,0,20251213,2025,12
PCE-002705,2025-05-04,DEPT-001,Déplacements & Missions,Transport,ORACLE,Exploitation,2262.45,452.49,2714.94,1,20250504,2025,5
PCE-002706,2023-06-12,DEPT-008,Loyer & Charges locatives,Assurance locaux,FOURNITURES PRO,Exploitation,6479.62,0.0,6479.62,1,20230612,2023,6
PCE-002707,2025-09-01,DEPT-003,Sous-traitance,Expertise externe,AGENCE VOYAGE,Exploitation,19857.54,3971.51,23829.05,1,20250901,2025,9
PCE-002708,2024-08-20,DEPT-001,Formation & Développement,Abonnements professionnels,SECURITE MADA,Exploitation,1103.13,220.63,1323.76,1,20240820,2024,8
PCE-002709,2025-02-20,DEPT-006,Informatique & Licences,Matériel informatique,NETTOYAGE SERVICE,Exploitation,13384.85,2676.97,16061.82,1,20250220,2025,2
PCE-002710,2025-11-02,DEPT-001,Formation & Développement,Certifications,TRANSPORT EXPRESS,Exploitation,4424.36,884.87,5309.23,1,20251102,2025,11
PCE-002711,2023-10-03,DEPT-001,Formation & Développement,Certifications,NETTOYAGE SERVICE,Exploitation,3607.37,721.47,4328.84,1,20231003,2023,10
PCE-002712,2024-12-29,DEPT-005,Salaires & Charges sociales,Salaires bruts,FOURNITURES PRO,Exploitation,44922.66,0.0,44922.66,1,20241229,2024,12
PCE-002713,2024-08-22,DEPT-004,Sous-traitance,Expertise externe,FORMATION PLUS,Exploitation,10282.82,2056.56,12339.38,1,20240822,2024,8
PCE-002714,2024-11-14,DEPT-006,Informatique & Licences,Matériel informatique,IT SOLUTIONS,Exploitation,12344.21,2468.84,14813.05,1,20241114,2024,11
PCE-002715,2024-08-12,DEPT-001,Sous-traitance,Prestations ponctuelles,FORMATION PLUS,Exploitation,7457.47,1491.49,8948.96,0,20240812,2024,8
PCE-002716,2023-11-07,DEPT-008,Informatique & Licences,Maintenance SI,ORANGE PRO,Exploitation,2270.73,454.15,2724.88,1,20231107,2023,11
PCE-002717,2025-08-27,DEPT-005,Salaires & Charges sociales,Charges patronales,IBM MADA,Exploitation,38414.24,0.0,38414.24,1,20250827,2025,8
PCE-002718,2023-03-06,DEPT-008,Fournitures & Consommables,Consommables informatique,IT SOLUTIONS,Exploitation,1109.82,221.96,1331.78,1,20230306,2023,3
PCE-002719,2025-06-01,DEPT-008,Loyer & Charges locatives,Loyer bureaux,CONSULTANTS SA,Exploitation,5567.33,0.0,5567.33,1,20250601,2025,6
PCE-002720,2024-05-09,DEPT-006,Informatique & Licences,Licences logiciels,TRANSPORT EXPRESS,Exploitation,13932.63,2786.53,16719.16,1,20240509,2024,5
PCE-002721,2023-09-19,DEPT-005,Formation & Développement,Abonnements professionnels,BAILLEUR IMMO,Exploitation,3444.59,688.92,4133.51,1,20230919,2023,9
PCE-002722,2024-01-11,DEPT-002,Sous-traitance,Consultants,NETTOYAGE SERVICE,Exploitation,17460.76,3492.15,20952.91,1,20240111,2024,1
PCE-002723,2025-09-25,DEPT-002,Sous-traitance,Consultants,MICROSOFT MADA,Exploitation,13695.67,2739.13,16434.8,1,20250925,2025,9
PCE-002724,2025-01-11,DEPT-006,Informatique & Licences,Licences logiciels,IBM MADA,Exploitation,8197.11,1639.42,9836.53,1,20250111,2025,1
PCE-002725,2023-08-28,DEPT-008,Salaires & Charges sociales,Salaires bruts,FORMATION PLUS,Exploitation,9688.3,0.0,9688.3,1,20230828,2023,8
PCE-002726,2025-01-17,DEPT-008,Loyer & Charges locatives,Assurance locaux,FORMATION PLUS,Exploitation,5343.1,0.0,5343.1,1,20250117,2025,1
PCE-002727,2023-09-12,DEPT-008,Loyer & Charges locatives,Charges communes,IBM MADA,Exploitation,4021.41,0.0,4021.41,1,20230912,2023,9
PCE-002728,2025-10-11,DEPT-008,Fournitures & Consommables,Fournitures de bureau,IBM MADA,Exploitation,1340.27,268.05,1608.32,1,20251011,2025,10
PCE-002729,2024-03-17,DEPT-006,Informatique & Licences,Licences logiciels,IT SOLUTIONS,Exploitation,5553.83,1110.77,6664.6,1,20240317,2024,3
PCE-002730,2024-07-24,DEPT-006,Informatique & Licences,Cloud & hébergement,AGENCE VOYAGE,Exploitation,8308.5,1661.7,9970.2,1,20240724,2024,7
PCE-002731,2025-09-18,DEPT-008,Loyer & Charges locatives,Loyer bureaux,FORMATION PLUS,Exploitation,3277.55,0.0,3277.55,1,20250918,2025,9
PCE-002732,2024-02-18,DEPT-002,Sous-traitance,Expertise externe,FORMATION PLUS,Exploitation,17257.02,3451.4,20708.42,1,20240218,2024,2
PCE-002733,2023-10-17,DEPT-008,Fournitures & Consommables,Documentation,ORACLE,Exploitation,1406.67,281.33,1688.0,1,20231017,2023,10
PCE-002734,2025-08-24,DEPT-008,Loyer & Charges locatives,Charges communes,FORMATION PLUS,Exploitation,4888.47,0.0,4888.47,1,20250824,2025,8
PCE-002735,2023-10-08,DEPT-003,Déplacements & Missions,Transport,NETTOYAGE SERVICE,Exploitation,331.99,66.4,398.39,1,20231008,2023,10
PCE-002736,2025-02-08,DEPT-002,Déplacements & Missions,Carburant,FOURNITURES PRO,Exploitation,1924.68,384.94,2309.62,1,20250208,2025,2
PCE-002737,2025-03-21,DEPT-008,Informatique & Licences,Cloud & hébergement,ORANGE PRO,Exploitation,8010.81,1602.16,9612.97,1,20250321,2025,3
PCE-002738,2024-08-07,DEPT-001,Déplacements & Missions,Transport,ORANGE PRO,Exploitation,2500.51,500.1,3000.61,1,20240807,2024,8
PCE-002739,2025-02-20,DEPT-008,Informatique & Licences,Cloud & hébergement,TOTAL MADA,Exploitation,11473.36,2294.67,13768.03,1,20250220,2025,2
PCE-002740,2025-03-03,DEPT-008,Loyer & Charges locatives,Charges communes,TRANSPORT EXPRESS,Exploitation,6491.11,0.0,6491.11,1,20250303,2025,3
PCE-002741,2023-01-21,DEPT-001,Formation & Développement,Formations externes,MICROSOFT MADA,Exploitation,3720.95,744.19,4465.14,0,20230121,2023,1
PCE-002742,2025-01-26,DEPT-008,Loyer & Charges locatives,Loyer bureaux,CONSULTANTS SA,Exploitation,6438.22,0.0,6438.22,1,20250126,2025,1
PCE-002743,2023-07-02,DEPT-005,Formation & Développement,Formations externes,TRANSPORT EXPRESS,Exploitation,2423.93,484.79,2908.72,1,20230702,2023,7
PCE-002744,2025-06-20,DEPT-008,Salaires & Charges sociales,Salaires bruts,FORMATION PLUS,Exploitation,60100.75,0.0,60100.75,1,20250620,2025,6
PCE-002745,2024-08-18,DEPT-001,Formation & Développement,Certifications,IT SOLUTIONS,Exploitation,2800.26,560.05,3360.31,1,20240818,2024,8
PCE-002746,2024-02-12,DEPT-003,Sous-traitance,Consultants,NETTOYAGE SERVICE,Exploitation,1563.45,312.69,1876.14,1,20240212,2024,2
PCE-002747,2025-07-12,DEPT-001,Formation & Développement,Formations externes,FORMATION PLUS,Exploitation,3821.39,764.28,4585.67,1,20250712,2025,7
PCE-002748,2025-05-10,DEPT-008,Informatique & Licences,Licences logiciels,FOURNITURES PRO,Exploitation,12416.53,2483.31,14899.84,1,20250510,2025,5
PCE-002749,2023-07-18,DEPT-008,Loyer & Charges locatives,Charges communes,IBM MADA,Exploitation,4408.25,0.0,4408.25,1,20230718,2023,7
PCE-002750,2024-05-11,DEPT-003,Sous-traitance,Consultants,TRANSPORT EXPRESS,Exploitation,14410.02,2882.0,17292.02,1,20240511,2024,5
PCE-002751,2025-08-06,DEPT-008,Informatique & Licences,Licences logiciels,HOTEL COLBERT,Exploitation,10468.77,2093.75,12562.52,1,20250806,2025,8
PCE-002752,2024-01-18,DEPT-001,Salaires & Charges sociales,Charges patronales,TRANSPORT EXPRESS,Exploitation,67046.77,0.0,67046.77,1,20240118,2024,1
PCE-002753,2025-05-25,DEPT-003,Déplacements & Missions,Transport,FOURNITURES PRO,Exploitation,1394.92,278.98,1673.9,0,20250525,2025,5
PCE-002754,2023-10-31,DEPT-008,Informatique & Licences,Maintenance SI,BAILLEUR IMMO,Exploitation,6684.79,1336.96,8021.75,0,20231031,2023,10
PCE-002755,2024-03-04,DEPT-008,Informatique & Licences,Maintenance SI,ORACLE,Exploitation,2471.2,494.24,2965.44,1,20240304,2024,3
PCE-002756,2023-08-08,DEPT-002,Sous-traitance,Prestations ponctuelles,ORACLE,Exploitation,13321.68,2664.34,15986.02,1,20230808,2023,8
PCE-002757,2024-06-16,DEPT-005,Salaires & Charges sociales,Avantages en nature,NETTOYAGE SERVICE,Exploitation,19662.08,0.0,19662.08,1,20240616,2024,6
PCE-002758,2024-10-13,DEPT-008,Loyer & Charges locatives,Loyer bureaux,TOTAL MADA,Exploitation,5498.41,0.0,5498.41,1,20241013,2024,10
PCE-002759,2023-11-15,DEPT-002,Salaires & Charges sociales,Charges patronales,FORMATION PLUS,Exploitation,5579.75,0.0,5579.75,1,20231115,2023,11
PCE-002760,2025-12-23,DEPT-008,Loyer & Charges locatives,Assurance locaux,FORMATION PLUS,Exploitation,7324.32,0.0,7324.32,1,20251223,2025,12
PCE-002761,2023-10-25,DEPT-005,Fournitures & Consommables,Documentation,NETTOYAGE SERVICE,Exploitation,767.46,153.49,920.95,1,20231025,2023,10
PCE-002762,2023-08-05,DEPT-002,Sous-traitance,Expertise externe,AGENCE VOYAGE,Exploitation,19118.21,3823.64,22941.85,1,20230805,2023,8
PCE-002763,2023-01-06,DEPT-006,Informatique & Licences,Maintenance SI,TRANSPORT EXPRESS,Exploitation,1911.24,382.25,2293.49,1,20230106,2023,1
PCE-002764,2025-07-24,DEPT-006,Informatique & Licences,Maintenance SI,TRANSPORT EXPRESS,Exploitation,6604.25,1320.85,7925.1,1,20250724,2025,7
PCE-002765,2024-10-16,DEPT-002,Déplacements & Missions,Hôtel & restauration,CONSULTANTS SA,Exploitation,2298.32,459.66,2757.98,1,20241016,2024,10
PCE-002766,2023-06-27,DEPT-002,Sous-traitance,Expertise externe,FOURNITURES PRO,Exploitation,7342.04,1468.41,8810.45,0,20230627,2023,6
PCE-002767,2025-04-06,DEPT-002,Salaires & Charges sociales,Charges patronales,HOTEL COLBERT,Exploitation,70422.74,0.0,70422.74,1,20250406,2025,4
PCE-002768,2023-06-09,DEPT-008,Loyer & Charges locatives,Charges communes,CONSULTANTS SA,Exploitation,3237.36,0.0,3237.36,1,20230609,2023,6
PCE-002769,2023-08-25,DEPT-008,Loyer & Charges locatives,Assurance locaux,AGENCE VOYAGE,Exploitation,3435.74,0.0,3435.74,1,20230825,2023,8
PCE-002770,2024-01-09,DEPT-002,Sous-traitance,Consultants,AGENCE VOYAGE,Exploitation,15884.97,3176.99,19061.96,1,20240109,2024,1
PCE-002771,2025-01-27,DEPT-005,Formation & Développement,Certifications,AGENCE VOYAGE,Exploitation,781.74,156.35,938.09,0,20250127,2025,1
PCE-002772,2025-05-18,DEPT-004,Sous-traitance,Expertise externe,CONSULTANTS SA,Exploitation,12894.79,2578.96,15473.75,1,20250518,2025,5
PCE-002773,2025-07-22,DEPT-006,Salaires & Charges sociales,Charges patronales,FOURNITURES PRO,Exploitation,17713.02,0.0,17713.02,1,20250722,2025,7
PCE-002774,2024-02-02,DEPT-002,Formation & Développement,Formations externes,ORACLE,Exploitation,2360.34,472.07,2832.41,1,20240202,2024,2
PCE-002775,2024-04-24,DEPT-004,Salaires & Charges sociales,Charges patronales,AGENCE VOYAGE,Exploitation,63815.94,0.0,63815.94,1,20240424,2024,4
PCE-002776,2025-08-27,DEPT-008,Salaires & Charges sociales,Charges patronales,HOTEL COLBERT,Exploitation,28337.37,0.0,28337.37,1,20250827,2025,8
PCE-002777,2024-08-28,DEPT-008,Informatique & Licences,Matériel informatique,ORANGE PRO,Exploitation,6704.47,1340.89,8045.36,1,20240828,2024,8
PCE-002778,2025-09-27,DEPT-005,Fournitures & Consommables,Fournitures de bureau,SECURITE MADA,Exploitation,404.74,80.95,485.69,0,20250927,2025,9
PCE-002779,2024-11-06,DEPT-008,Loyer & Charges locatives,Charges communes,ORACLE,Exploitation,7432.98,0.0,7432.98,1,20241106,2024,11
PCE-002780,2023-03-23,DEPT-002,Sous-traitance,Expertise externe,BAILLEUR IMMO,Exploitation,18097.45,3619.49,21716.94,1,20230323,2023,3
PCE-002781,2024-03-01,DEPT-006,Salaires & Charges sociales,Salaires bruts,FOURNITURES PRO,Exploitation,28275.68,0.0,28275.68,1,20240301,2024,3
PCE-002782,2025-05-01,DEPT-002,Formation & Développement,Certifications,TRANSPORT EXPRESS,Exploitation,1954.47,390.89,2345.36,1,20250501,2025,5
PCE-002783,2024-03-24,DEPT-001,Formation & Développement,Certifications,IT SOLUTIONS,Exploitation,2954.81,590.96,3545.77,0,20240324,2024,3
PCE-002784,2023-06-10,DEPT-003,Déplacements & Missions,Carburant,IBM MADA,Exploitation,839.72,167.94,1007.66,1,20230610,2023,6
PCE-002785,2025-11-28,DEPT-002,Formation & Développement,Formations externes,ORACLE,Exploitation,4261.27,852.25,5113.52,0,20251128,2025,11
PCE-002786,2023-06-28,DEPT-004,Sous-traitance,Expertise externe,CONSULTANTS SA,Exploitation,1484.71,296.94,1781.65,1,20230628,2023,6
PCE-002787,2025-07-01,DEPT-001,Formation & Développement,Formations externes,TRANSPORT EXPRESS,Exploitation,2397.12,479.42,2876.54,1,20250701,2025,7
PCE-002788,2023-03-29,DEPT-001,Sous-traitance,Expertise externe,IT SOLUTIONS,Exploitation,17657.28,3531.46,21188.74,0,20230329,2023,3
PCE-002789,2024-04-22,DEPT-008,Fournitures & Consommables,Consommables informatique,ORACLE,Exploitation,399.6,79.92,479.52,1,20240422,2024,4
PCE-002790,2023-07-14,DEPT-008,Informatique & Licences,Matériel informatique,CONSULTANTS SA,Exploitation,985.34,197.07,1182.41,1,20230714,2023,7
PCE-002791,2023-09-07,DEPT-002,Déplacements & Missions,Carburant,TOTAL MADA,Exploitation,2298.17,459.63,2757.8,0,20230907,2023,9
PCE-002792,2024-03-22,DEPT-001,Salaires & Charges sociales,Avantages en nature,TRANSPORT EXPRESS,Exploitation,55345.05,0.0,55345.05,1,20240322,2024,3
PCE-002793,2024-11-17,DEPT-008,Loyer & Charges locatives,Assurance locaux,FORMATION PLUS,Exploitation,6422.37,0.0,6422.37,1,20241117,2024,11
PCE-002794,2025-09-21,DEPT-003,Salaires & Charges sociales,Salaires bruts,IBM MADA,Exploitation,19857.3,0.0,19857.3,1,20250921,2025,9
PCE-002795,2023-01-23,DEPT-007,Salaires & Charges sociales,Avantages en nature,BAILLEUR IMMO,Exploitation,37785.7,0.0,37785.7,1,20230123,2023,1
PCE-002796,2025-10-24,DEPT-008,Salaires & Charges sociales,Avantages en nature,IT SOLUTIONS,Exploitation,74907.14,0.0,74907.14,1,20251024,2025,10
PCE-002797,2025-08-14,DEPT-001,Formation & Développement,Certifications,NETTOYAGE SERVICE,Exploitation,2866.79,573.36,3440.15,1,20250814,2025,8
PCE-002798,2025-10-03,DEPT-008,Fournitures & Consommables,Documentation,CONSULTANTS SA,Exploitation,966.91,193.38,1160.29,1,20251003,2025,10
PCE-002799,2023-06-24,DEPT-001,Déplacements & Missions,Hôtel & restauration,IT SOLUTIONS,Exploitation,477.07,95.41,572.48,0,20230624,2023,6
PCE-002800,2024-08-24,DEPT-005,Fournitures & Consommables,Consommables informatique,CONSULTANTS SA,Exploitation,683.43,136.69,820.12,1,20240824,2024,8
PCE-002801,2023-12-29,DEPT-002,Formation & Développement,Certifications,ORANGE PRO,Exploitation,4099.63,819.93,4919.56,1,20231229,2023,12
PCE-002802,2024-02-23,DEPT-007,Salaires & Charges sociales,Charges patronales,FOURNITURES PRO,Exploitation,76119.13,0.0,76119.13,1,20240223,2024,2
PCE-002803,2025-05-21,DEPT-003,Sous-traitance,Expertise externe,TOTAL MADA,Exploitation,11297.97,2259.59,13557.56,0,20250521,2025,5
PCE-002804,2024-04-13,DEPT-006,Salaires & Charges sociales,Salaires bruts,FORMATION PLUS,Exploitation,19046.34,0.0,19046.34,1,20240413,2024,4
PCE-002805,2023-04-12,DEPT-008,Loyer & Charges locatives,Loyer bureaux,ORANGE PRO,Exploitation,7269.38,0.0,7269.38,1,20230412,2023,4
PCE-002806,2023-12-11,DEPT-008,Informatique & Licences,Cloud & hébergement,NETTOYAGE SERVICE,Exploitation,1070.38,214.08,1284.46,1,20231211,2023,12
PCE-002807,2024-04-01,DEPT-005,Salaires & Charges sociales,Avantages en nature,BAILLEUR IMMO,Exploitation,21200.12,0.0,21200.12,1,20240401,2024,4
PCE-002808,2025-06-14,DEPT-007,Déplacements & Missions,Carburant,ORANGE PRO,Exploitation,348.52,69.7,418.22,0,20250614,2025,6
PCE-002809,2024-07-07,DEPT-003,Salaires & Charges sociales,Avantages en nature,CONSULTANTS SA,Exploitation,63991.86,0.0,63991.86,1,20240707,2024,7
PCE-002810,2023-04-21,DEPT-007,Déplacements & Missions,Carburant,HOTEL COLBERT,Exploitation,1042.87,208.57,1251.44,1,20230421,2023,4
PCE-002811,2023-05-24,DEPT-007,Déplacements & Missions,Hôtel & restauration,HOTEL COLBERT,Exploitation,601.74,120.35,722.09,0,20230524,2023,5
PCE-002812,2023-11-08,DEPT-002,Déplacements & Missions,Hôtel & restauration,ORACLE,Exploitation,517.9,103.58,621.48,1,20231108,2023,11
PCE-002813,2024-10-19,DEPT-001,Formation & Développement,Abonnements professionnels,IBM MADA,Exploitation,2318.12,463.62,2781.74,1,20241019,2024,10
PCE-002814,2023-09-04,DEPT-002,Sous-traitance,Prestations ponctuelles,IT SOLUTIONS,Exploitation,7544.52,1508.9,9053.42,1,20230904,2023,9
PCE-002815,2025-01-12,DEPT-006,Informatique & Licences,Licences logiciels,TOTAL MADA,Exploitation,4052.87,810.57,4863.44,0,20250112,2025,1
PCE-002816,2024-11-10,DEPT-005,Fournitures & Consommables,Fournitures de bureau,NETTOYAGE SERVICE,Exploitation,907.77,181.55,1089.32,1,20241110,2024,11
PCE-002817,2024-07-26,DEPT-008,Loyer & Charges locatives,Loyer bureaux,AGENCE VOYAGE,Exploitation,2624.01,0.0,2624.01,1,20240726,2024,7
PCE-002818,2024-05-30,DEPT-001,Formation & Développement,Abonnements professionnels,IBM MADA,Exploitation,1324.96,264.99,1589.95,1,20240530,2024,5
PCE-002819,2023-06-08,DEPT-008,Loyer & Charges locatives,Charges communes,ORANGE PRO,Exploitation,3227.34,0.0,3227.34,1,20230608,2023,6
PCE-002820,2025-06-19,DEPT-008,Informatique & Licences,Maintenance SI,MICROSOFT MADA,Exploitation,2296.78,459.36,2756.14,1,20250619,2025,6
PCE-002821,2023-06-03,DEPT-004,Sous-traitance,Prestations ponctuelles,NETTOYAGE SERVICE,Exploitation,15433.23,3086.65,18519.88,0,20230603,2023,6
PCE-002822,2024-08-25,DEPT-002,Formation & Développement,Abonnements professionnels,MICROSOFT MADA,Exploitation,3774.09,754.82,4528.91,0,20240825,2024,8
PCE-002823,2023-03-13,DEPT-008,Salaires & Charges sociales,Charges patronales,FOURNITURES PRO,Exploitation,66173.53,0.0,66173.53,1,20230313,2023,3
PCE-002824,2023-10-01,DEPT-001,Sous-traitance,Consultants,SECURITE MADA,Exploitation,2537.24,507.45,3044.69,1,20231001,2023,10
PCE-002825,2023-02-10,DEPT-008,Informatique & Licences,Matériel informatique,ORANGE PRO,Exploitation,11114.59,2222.92,13337.51,1,20230210,2023,2
PCE-002826,2023-10-22,DEPT-008,Loyer & Charges locatives,Assurance locaux,AGENCE VOYAGE,Exploitation,3643.16,0.0,3643.16,1,20231022,2023,10
PCE-002827,2023-06-14,DEPT-003,Sous-traitance,Expertise externe,CONSULTANTS SA,Exploitation,12824.03,2564.81,15388.84,1,20230614,2023,6
PCE-002828,2025-03-14,DEPT-003,Déplacements & Missions,Hôtel & restauration,TOTAL MADA,Exploitation,680.76,136.15,816.91,1,20250314,2025,3
PCE-002829,2024-10-10,DEPT-007,Déplacements & Missions,Carburant,AGENCE VOYAGE,Exploitation,2792.85,558.57,3351.42,1,20241010,2024,10
PCE-002830,2024-03-14,DEPT-008,Loyer & Charges locatives,Charges communes,ORANGE PRO,Exploitation,4650.2,0.0,4650.2,1,20240314,2024,3
PCE-002831,2025-08-06,DEPT-002,Formation & Développement,Abonnements professionnels,IBM MADA,Exploitation,1053.4,210.68,1264.08,1,20250806,2025,8
PCE-002832,2023-06-26,DEPT-004,Sous-traitance,Expertise externe,FORMATION PLUS,Exploitation,10360.43,2072.09,12432.52,0,20230626,2023,6
PCE-002833,2025-09-29,DEPT-002,Sous-traitance,Prestations ponctuelles,HOTEL COLBERT,Exploitation,13101.74,2620.35,15722.09,1,20250929,2025,9
PCE-002834,2025-05-18,DEPT-008,Fournitures & Consommables,Consommables informatique,MICROSOFT MADA,Exploitation,1184.82,236.96,1421.78,1,20250518,2025,5
PCE-002835,2025-11-01,DEPT-002,Déplacements & Missions,Transport,TRANSPORT EXPRESS,Exploitation,2973.18,594.64,3567.82,1,20251101,2025,11
PCE-002836,2024-03-25,DEPT-001,Salaires & Charges sociales,Charges patronales,SECURITE MADA,Exploitation,50482.57,0.0,50482.57,1,20240325,2024,3
PCE-002837,2025-05-17,DEPT-008,Informatique & Licences,Licences logiciels,FORMATION PLUS,Exploitation,13522.24,2704.45,16226.69,1,20250517,2025,5
PCE-002838,2025-04-29,DEPT-003,Sous-traitance,Prestations ponctuelles,FORMATION PLUS,Exploitation,11313.17,2262.63,13575.8,0,20250429,2025,4
PCE-002839,2025-09-23,DEPT-005,Fournitures & Consommables,Documentation,MICROSOFT MADA,Exploitation,1075.74,215.15,1290.89,1,20250923,2025,9
PCE-002840,2024-03-05,DEPT-007,Salaires & Charges sociales,Avantages en nature,NETTOYAGE SERVICE,Exploitation,59127.39,0.0,59127.39,1,20240305,2024,3
PCE-002841,2025-10-23,DEPT-002,Déplacements & Missions,Hôtel & restauration,BAILLEUR IMMO,Exploitation,1518.26,303.65,1821.91,1,20251023,2025,10
PCE-002842,2025-10-02,DEPT-008,Informatique & Licences,Cloud & hébergement,HOTEL COLBERT,Exploitation,8203.81,1640.76,9844.57,1,20251002,2025,10
PCE-002843,2025-03-02,DEPT-002,Formation & Développement,Formations externes,ORACLE,Exploitation,4490.71,898.14,5388.85,1,20250302,2025,3
PCE-002844,2025-05-07,DEPT-002,Formation & Développement,Formations externes,IBM MADA,Exploitation,1795.41,359.08,2154.49,1,20250507,2025,5
PCE-002845,2023-11-04,DEPT-008,Loyer & Charges locatives,Loyer bureaux,ORACLE,Exploitation,3039.83,0.0,3039.83,1,20231104,2023,11
PCE-002846,2023-10-10,DEPT-004,Salaires & Charges sociales,Avantages en nature,SECURITE MADA,Exploitation,17272.05,0.0,17272.05,1,20231010,2023,10
PCE-002847,2023-01-07,DEPT-008,Informatique & Licences,Cloud & hébergement,TRANSPORT EXPRESS,Exploitation,8793.93,1758.79,10552.72,1,20230107,2023,1
PCE-002848,2025-06-27,DEPT-002,Formation & Développement,Formations externes,FORMATION PLUS,Exploitation,1545.86,309.17,1855.03,1,20250627,2025,6
PCE-002849,2025-05-14,DEPT-003,Déplacements & Missions,Hôtel & restauration,HOTEL COLBERT,Exploitation,696.48,139.3,835.78,0,20250514,2025,5
PCE-002850,2023-01-05,DEPT-001,Déplacements & Missions,Hôtel & restauration,ORANGE PRO,Exploitation,764.02,152.8,916.82,1,20230105,2023,1
PCE-002851,2023-04-11,DEPT-007,Salaires & Charges sociales,Charges patronales,ORANGE PRO,Exploitation,15836.6,0.0,15836.6,1,20230411,2023,4
PCE-002852,2025-07-30,DEPT-002,Formation & Développement,Certifications,CONSULTANTS SA,Exploitation,3448.59,689.72,4138.31,1,20250730,2025,7
PCE-002853,2024-05-15,DEPT-002,Déplacements & Missions,Carburant,SECURITE MADA,Exploitation,2042.51,408.5,2451.01,0,20240515,2024,5
PCE-002854,2024-05-18,DEPT-008,Loyer & Charges locatives,Charges communes,FOURNITURES PRO,Exploitation,5032.84,0.0,5032.84,1,20240518,2024,5
PCE-002855,2024-03-06,DEPT-005,Fournitures & Consommables,Consommables informatique,FOURNITURES PRO,Exploitation,872.38,174.48,1046.86,1,20240306,2024,3
PCE-002856,2025-07-05,DEPT-007,Salaires & Charges sociales,Avantages en nature,ORANGE PRO,Exploitation,20779.52,0.0,20779.52,1,20250705,2025,7
PCE-002857,2024-12-14,DEPT-003,Déplacements & Missions,Transport,HOTEL COLBERT,Exploitation,705.51,141.1,846.61,1,20241214,2024,12
PCE-002858,2024-04-27,DEPT-002,Sous-traitance,Prestations ponctuelles,FORMATION PLUS,Exploitation,10118.53,2023.71,12142.24,0,20240427,2024,4
PCE-002859,2023-09-30,DEPT-006,Informatique & Licences,Maintenance SI,FOURNITURES PRO,Exploitation,2153.09,430.62,2583.71,1,20230930,2023,9
PCE-002860,2025-04-07,DEPT-006,Informatique & Licences,Cloud & hébergement,MICROSOFT MADA,Exploitation,941.97,188.39,1130.36,1,20250407,2025,4
PCE-002861,2024-12-19,DEPT-005,Fournitures & Consommables,Documentation,MICROSOFT MADA,Exploitation,180.52,36.1,216.62,1,20241219,2024,12
PCE-002862,2025-06-07,DEPT-001,Déplacements & Missions,Hôtel & restauration,AGENCE VOYAGE,Exploitation,718.28,143.66,861.94,1,20250607,2025,6
PCE-002863,2025-07-24,DEPT-007,Déplacements & Missions,Hôtel & restauration,FORMATION PLUS,Exploitation,2274.81,454.96,2729.77,1,20250724,2025,7
PCE-002864,2024-04-13,DEPT-002,Formation & Développement,Formations externes,CONSULTANTS SA,Exploitation,3655.52,731.1,4386.62,1,20240413,2024,4
PCE-002865,2025-01-04,DEPT-007,Salaires & Charges sociales,Avantages en nature,SECURITE MADA,Exploitation,53904.59,0.0,53904.59,1,20250104,2025,1
PCE-002866,2024-04-11,DEPT-008,Fournitures & Consommables,Consommables informatique,TOTAL MADA,Exploitation,404.09,80.82,484.91,1,20240411,2024,4
PCE-002867,2025-05-19,DEPT-001,Formation & Développement,Formations externes,TOTAL MADA,Exploitation,1210.24,242.05,1452.29,1,20250519,2025,5
PCE-002868,2024-04-27,DEPT-002,Formation & Développement,Abonnements professionnels,HOTEL COLBERT,Exploitation,1587.26,317.45,1904.71,1,20240427,2024,4
PCE-002869,2024-01-20,DEPT-003,Déplacements & Missions,Carburant,ORANGE PRO,Exploitation,1290.69,258.14,1548.83,1,20240120,2024,1
PCE-002870,2025-04-17,DEPT-005,Fournitures & Consommables,Documentation,ORACLE,Exploitation,1156.01,231.2,1387.21,1,20250417,2025,4
PCE-002871,2025-03-30,DEPT-008,Salaires & Charges sociales,Salaires bruts,ORACLE,Exploitation,22866.36,0.0,22866.36,1,20250330,2025,3
PCE-002872,2025-04-05,DEPT-003,Déplacements & Missions,Hôtel & restauration,SECURITE MADA,Exploitation,2575.74,515.15,3090.89,1,20250405,2025,4
PCE-002873,2025-03-23,DEPT-008,Loyer & Charges locatives,Loyer bureaux,HOTEL COLBERT,Exploitation,5963.12,0.0,5963.12,1,20250323,2025,3
PCE-002874,2024-09-04,DEPT-008,Loyer & Charges locatives,Assurance locaux,SECURITE MADA,Exploitation,7060.94,0.0,7060.94,1,20240904,2024,9
PCE-002875,2023-01-17,DEPT-004,Sous-traitance,Consultants,IT SOLUTIONS,Exploitation,1513.31,302.66,1815.97,0,20230117,2023,1
PCE-002876,2023-11-26,DEPT-002,Formation & Développement,Certifications,TRANSPORT EXPRESS,Exploitation,4028.58,805.72,4834.3,0,20231126,2023,11
PCE-002877,2024-10-31,DEPT-001,Salaires & Charges sociales,Charges patronales,FOURNITURES PRO,Exploitation,9859.7,0.0,9859.7,1,20241031,2024,10
PCE-002878,2025-08-14,DEPT-004,Sous-traitance,Consultants,ORACLE,Exploitation,15205.15,3041.03,18246.18,1,20250814,2025,8
PCE-002879,2024-08-10,DEPT-008,Loyer & Charges locatives,Charges communes,CONSULTANTS SA,Exploitation,7707.86,0.0,7707.86,1,20240810,2024,8
PCE-002880,2025-03-13,DEPT-008,Fournitures & Consommables,Documentation,IT SOLUTIONS,Exploitation,240.46,48.09,288.55,1,20250313,2025,3
PCE-002881,2025-06-29,DEPT-005,Fournitures & Consommables,Documentation,AGENCE VOYAGE,Exploitation,739.13,147.83,886.96,1,20250629,2025,6
PCE-002882,2025-02-14,DEPT-008,Informatique & Licences,Matériel informatique,IBM MADA,Exploitation,11091.7,2218.34,13310.04,1,20250214,2025,2
PCE-002883,2023-01-22,DEPT-008,Salaires & Charges sociales,Charges patronales,TRANSPORT EXPRESS,Exploitation,16081.97,0.0,16081.97,1,20230122,2023,1
PCE-002884,2025-09-02,DEPT-008,Salaires & Charges sociales,Avantages en nature,AGENCE VOYAGE,Exploitation,68177.83,0.0,68177.83,1,20250902,2025,9
PCE-002885,2024-05-13,DEPT-001,Formation & Développement,Formations externes,ORACLE,Exploitation,4353.73,870.75,5224.48,1,20240513,2024,5
PCE-002886,2024-05-07,DEPT-006,Informatique & Licences,Licences logiciels,IT SOLUTIONS,Exploitation,13127.17,2625.43,15752.6,1,20240507,2024,5
PCE-002887,2025-11-22,DEPT-001,Déplacements & Missions,Hôtel & restauration,BAILLEUR IMMO,Exploitation,2694.48,538.9,3233.38,1,20251122,2025,11
PCE-002888,2023-01-14,DEPT-001,Sous-traitance,Consultants,BAILLEUR IMMO,Exploitation,2038.61,407.72,2446.33,1,20230114,2023,1
PCE-002889,2024-12-10,DEPT-005,Fournitures & Consommables,Fournitures de bureau,NETTOYAGE SERVICE,Exploitation,1399.12,279.82,1678.94,1,20241210,2024,12
PCE-002890,2024-06-08,DEPT-008,Informatique & Licences,Matériel informatique,IBM MADA,Exploitation,5122.87,1024.57,6147.44,0,20240608,2024,6
PCE-002891,2023-09-18,DEPT-008,Loyer & Charges locatives,Charges communes,SECURITE MADA,Exploitation,2575.5,0.0,2575.5,1,20230918,2023,9
PCE-002892,2024-01-24,DEPT-006,Salaires & Charges sociales,Avantages en nature,ORANGE PRO,Exploitation,51642.59,0.0,51642.59,1,20240124,2024,1
PCE-002893,2025-04-03,DEPT-001,Déplacements & Missions,Transport,FOURNITURES PRO,Exploitation,1779.22,355.84,2135.06,1,20250403,2025,4
PCE-002894,2024-10-10,DEPT-001,Salaires & Charges sociales,Charges patronales,TOTAL MADA,Exploitation,37546.38,0.0,37546.38,1,20241010,2024,10
PCE-002895,2025-06-10,DEPT-006,Informatique & Licences,Maintenance SI,NETTOYAGE SERVICE,Exploitation,9167.19,1833.44,11000.63,1,20250610,2025,6
PCE-002896,2024-03-03,DEPT-001,Sous-traitance,Expertise externe,FOURNITURES PRO,Exploitation,8812.85,1762.57,10575.42,1,20240303,2024,3
PCE-002897,2025-09-19,DEPT-001,Sous-traitance,Expertise externe,HOTEL COLBERT,Exploitation,6534.12,1306.82,7840.94,0,20250919,2025,9
PCE-002898,2024-01-26,DEPT-002,Sous-traitance,Prestations ponctuelles,MICROSOFT MADA,Exploitation,19648.54,3929.71,23578.25,0,20240126,2024,1
PCE-002899,2024-07-18,DEPT-007,Salaires & Charges sociales,Salaires bruts,FOURNITURES PRO,Exploitation,28547.75,0.0,28547.75,1,20240718,2024,7
PCE-002900,2024-04-25,DEPT-008,Fournitures & Consommables,Fournitures de bureau,BAILLEUR IMMO,Exploitation,110.42,22.08,132.5,1,20240425,2024,4
PCE-002901,2023-06-03,DEPT-008,Loyer & Charges locatives,Loyer bureaux,FOURNITURES PRO,Exploitation,5014.75,0.0,5014.75,1,20230603,2023,6
PCE-002902,2023-08-07,DEPT-008,Loyer & Charges locatives,Loyer bureaux,ORACLE,Exploitation,5425.74,0.0,5425.74,1,20230807,2023,8
PCE-002903,2024-12-25,DEPT-001,Formation & Développement,Certifications,ORACLE,Exploitation,3849.32,769.86,4619.18,1,20241225,2024,12
PCE-002904,2023-05-20,DEPT-005,Fournitures & Consommables,Documentation,NETTOYAGE SERVICE,Exploitation,867.1,173.42,1040.52,1,20230520,2023,5
PCE-002905,2025-05-26,DEPT-008,Loyer & Charges locatives,Assurance locaux,SECURITE MADA,Exploitation,4119.25,0.0,4119.25,1,20250526,2025,5
PCE-002906,2025-10-20,DEPT-008,Loyer & Charges locatives,Charges communes,FOURNITURES PRO,Exploitation,5848.8,0.0,5848.8,1,20251020,2025,10
PCE-002907,2024-09-18,DEPT-007,Déplacements & Missions,Hôtel & restauration,MICROSOFT MADA,Exploitation,1682.57,336.51,2019.08,1,20240918,2024,9
PCE-002908,2023-02-26,DEPT-008,Loyer & Charges locatives,Charges communes,AGENCE VOYAGE,Exploitation,7147.4,0.0,7147.4,1,20230226,2023,2
PCE-002909,2024-09-24,DEPT-002,Salaires & Charges sociales,Charges patronales,TOTAL MADA,Exploitation,25416.14,0.0,25416.14,1,20240924,2024,9
PCE-002910,2023-07-19,DEPT-002,Sous-traitance,Consultants,TOTAL MADA,Exploitation,3632.04,726.41,4358.45,0,20230719,2023,7
PCE-002911,2025-03-19,DEPT-007,Déplacements & Missions,Transport,NETTOYAGE SERVICE,Exploitation,1959.45,391.89,2351.34,0,20250319,2025,3
PCE-002912,2025-01-07,DEPT-001,Sous-traitance,Prestations ponctuelles,NETTOYAGE SERVICE,Exploitation,1552.78,310.56,1863.34,1,20250107,2025,1
PCE-002913,2025-02-02,DEPT-008,Informatique & Licences,Matériel informatique,NETTOYAGE SERVICE,Exploitation,10595.38,2119.08,12714.46,1,20250202,2025,2
PCE-002914,2025-09-02,DEPT-001,Sous-traitance,Prestations ponctuelles,ORACLE,Exploitation,11885.75,2377.15,14262.9,0,20250902,2025,9
PCE-002915,2024-06-29,DEPT-001,Déplacements & Missions,Carburant,IBM MADA,Exploitation,832.1,166.42,998.52,1,20240629,2024,6
PCE-002916,2023-11-09,DEPT-008,Informatique & Licences,Licences logiciels,CONSULTANTS SA,Exploitation,1698.41,339.68,2038.09,1,20231109,2023,11
PCE-002917,2023-02-25,DEPT-005,Salaires & Charges sociales,Charges patronales,ORANGE PRO,Exploitation,15356.41,0.0,15356.41,1,20230225,2023,2
PCE-002918,2024-09-23,DEPT-002,Sous-traitance,Expertise externe,ORANGE PRO,Exploitation,4558.55,911.71,5470.26,0,20240923,2024,9
PCE-002919,2023-06-02,DEPT-003,Salaires & Charges sociales,Charges patronales,FORMATION PLUS,Exploitation,66005.55,0.0,66005.55,1,20230602,2023,6
PCE-002920,2023-10-01,DEPT-001,Déplacements & Missions,Transport,NETTOYAGE SERVICE,Exploitation,856.75,171.35,1028.1,1,20231001,2023,10
PCE-002921,2024-05-25,DEPT-002,Sous-traitance,Expertise externe,ORACLE,Exploitation,1141.28,228.26,1369.54,0,20240525,2024,5
PCE-002922,2023-11-29,DEPT-006,Informatique & Licences,Matériel informatique,ORACLE,Exploitation,4123.41,824.68,4948.09,1,20231129,2023,11
PCE-002923,2024-03-20,DEPT-002,Déplacements & Missions,Carburant,HOTEL COLBERT,Exploitation,2440.57,488.11,2928.68,0,20240320,2024,3
PCE-002924,2023-11-11,DEPT-008,Informatique & Licences,Maintenance SI,AGENCE VOYAGE,Exploitation,12145.26,2429.05,14574.31,1,20231111,2023,11
PCE-002925,2025-12-24,DEPT-003,Sous-traitance,Prestations ponctuelles,TOTAL MADA,Exploitation,1647.38,329.48,1976.86,0,20251224,2025,12
PCE-002926,2023-04-12,DEPT-006,Salaires & Charges sociales,Avantages en nature,SECURITE MADA,Exploitation,58664.71,0.0,58664.71,1,20230412,2023,4
PCE-002927,2023-08-26,DEPT-008,Loyer & Charges locatives,Loyer bureaux,NETTOYAGE SERVICE,Exploitation,3965.76,0.0,3965.76,1,20230826,2023,8
PCE-002928,2024-07-06,DEPT-008,Informatique & Licences,Maintenance SI,FOURNITURES PRO,Exploitation,3702.64,740.53,4443.17,1,20240706,2024,7
PCE-002929,2023-04-12,DEPT-005,Salaires & Charges sociales,Avantages en nature,IT SOLUTIONS,Exploitation,77103.4,0.0,77103.4,1,20230412,2023,4
PCE-002930,2023-08-07,DEPT-002,Formation & Développement,Formations externes,BAILLEUR IMMO,Exploitation,4095.98,819.2,4915.18,0,20230807,2023,8
PCE-002931,2023-08-22,DEPT-001,Formation & Développement,Formations externes,IT SOLUTIONS,Exploitation,4798.26,959.65,5757.91,1,20230822,2023,8
PCE-002932,2024-11-29,DEPT-005,Fournitures & Consommables,Fournitures de bureau,NETTOYAGE SERVICE,Exploitation,453.55,90.71,544.26,1,20241129,2024,11
PCE-002933,2025-04-12,DEPT-002,Sous-traitance,Consultants,AGENCE VOYAGE,Exploitation,18455.51,3691.1,22146.61,1,20250412,2025,4
PCE-002934,2025-01-11,DEPT-003,Déplacements & Missions,Transport,SECURITE MADA,Exploitation,1013.38,202.68,1216.06,0,20250111,2025,1
PCE-002935,2025-03-28,DEPT-004,Sous-traitance,Consultants,AGENCE VOYAGE,Exploitation,5176.81,1035.36,6212.17,0,20250328,2025,3
PCE-002936,2024-12-22,DEPT-006,Informatique & Licences,Cloud & hébergement,ORACLE,Exploitation,9465.11,1893.02,11358.13,1,20241222,2024,12
PCE-002937,2023-09-29,DEPT-001,Sous-traitance,Consultants,MICROSOFT MADA,Exploitation,5426.84,1085.37,6512.21,0,20230929,2023,9
PCE-002938,2025-02-19,DEPT-008,Loyer & Charges locatives,Assurance locaux,FORMATION PLUS,Exploitation,4574.24,0.0,4574.24,1,20250219,2025,2
PCE-002939,2025-12-14,DEPT-007,Salaires & Charges sociales,Salaires bruts,FOURNITURES PRO,Exploitation,53609.71,0.0,53609.71,1,20251214,2025,12
PCE-002940,2024-04-23,DEPT-005,Fournitures & Consommables,Documentation,BAILLEUR IMMO,Exploitation,665.45,133.09,798.54,1,20240423,2024,4
PCE-002941,2024-02-28,DEPT-001,Sous-traitance,Prestations ponctuelles,IBM MADA,Exploitation,4814.51,962.9,5777.41,0,20240228,2024,2
PCE-002942,2024-02-08,DEPT-002,Salaires & Charges sociales,Charges patronales,IT SOLUTIONS,Exploitation,30913.09,0.0,30913.09,1,20240208,2024,2
PCE-002943,2023-12-02,DEPT-004,Salaires & Charges sociales,Charges patronales,ORACLE,Exploitation,41386.0,0.0,41386.0,1,20231202,2023,12
PCE-002944,2024-01-28,DEPT-002,Déplacements & Missions,Carburant,IT SOLUTIONS,Exploitation,1447.72,289.54,1737.26,0,20240128,2024,1
PCE-002945,2023-08-14,DEPT-004,Sous-traitance,Prestations ponctuelles,MICROSOFT MADA,Exploitation,10169.13,2033.83,12202.96,1,20230814,2023,8
PCE-002946,2024-12-10,DEPT-008,Loyer & Charges locatives,Assurance locaux,IBM MADA,Exploitation,5133.45,0.0,5133.45,1,20241210,2024,12
PCE-002947,2024-03-17,DEPT-008,Salaires & Charges sociales,Charges patronales,TOTAL MADA,Exploitation,52594.23,0.0,52594.23,1,20240317,2024,3
PCE-002948,2025-07-05,DEPT-008,Fournitures & Consommables,Fournitures de bureau,CONSULTANTS SA,Exploitation,530.42,106.08,636.5,1,20250705,2025,7
PCE-002949,2023-11-07,DEPT-007,Déplacements & Missions,Hôtel & restauration,AGENCE VOYAGE,Exploitation,1809.18,361.84,2171.02,1,20231107,2023,11
PCE-002950,2025-06-18,DEPT-006,Informatique & Licences,Maintenance SI,ORANGE PRO,Exploitation,7534.02,1506.8,9040.82,1,20250618,2025,6
PCE-002951,2024-05-12,DEPT-008,Fournitures & Consommables,Fournitures de bureau,ORANGE PRO,Exploitation,1137.08,227.42,1364.5,1,20240512,2024,5
PCE-002952,2023-03-18,DEPT-008,Fournitures & Consommables,Fournitures de bureau,CONSULTANTS SA,Exploitation,936.25,187.25,1123.5,1,20230318,2023,3
PCE-002953,2023-09-16,DEPT-005,Formation & Développement,Abonnements professionnels,AGENCE VOYAGE,Exploitation,1802.27,360.45,2162.72,1,20230916,2023,9
PCE-002954,2024-09-29,DEPT-008,Loyer & Charges locatives,Loyer bureaux,FORMATION PLUS,Exploitation,5282.91,0.0,5282.91,1,20240929,2024,9
PCE-002955,2023-04-09,DEPT-007,Déplacements & Missions,Hôtel & restauration,CONSULTANTS SA,Exploitation,2694.1,538.82,3232.92,1,20230409,2023,4
PCE-002956,2024-09-15,DEPT-004,Salaires & Charges sociales,Charges patronales,TRANSPORT EXPRESS,Exploitation,27945.3,0.0,27945.3,1,20240915,2024,9
PCE-002957,2024-01-03,DEPT-008,Informatique & Licences,Licences logiciels,ORACLE,Exploitation,791.02,158.2,949.22,1,20240103,2024,1
PCE-002958,2023-08-12,DEPT-001,Déplacements & Missions,Hôtel & restauration,IT SOLUTIONS,Exploitation,1262.88,252.58,1515.46,0,20230812,2023,8
PCE-002959,2024-04-11,DEPT-003,Déplacements & Missions,Transport,TRANSPORT EXPRESS,Exploitation,725.81,145.16,870.97,1,20240411,2024,4
PCE-002960,2023-07-01,DEPT-008,Fournitures & Consommables,Documentation,ORANGE PRO,Exploitation,382.25,76.45,458.7,1,20230701,2023,7
PCE-002961,2023-01-12,DEPT-008,Salaires & Charges sociales,Avantages en nature,ORANGE PRO,Exploitation,41522.24,0.0,41522.24,1,20230112,2023,1
PCE-002962,2024-09-04,DEPT-002,Formation & Développement,Certifications,ORANGE PRO,Exploitation,4566.27,913.25,5479.52,1,20240904,2024,9
PCE-002963,2025-01-05,DEPT-008,Informatique & Licences,Matériel informatique,AGENCE VOYAGE,Exploitation,5239.93,1047.99,6287.92,1,20250105,2025,1
PCE-002964,2023-03-16,DEPT-008,Fournitures & Consommables,Consommables informatique,TRANSPORT EXPRESS,Exploitation,1437.97,287.59,1725.56,1,20230316,2023,3
PCE-002965,2025-11-25,DEPT-002,Salaires & Charges sociales,Charges patronales,NETTOYAGE SERVICE,Exploitation,8721.03,0.0,8721.03,1,20251125,2025,11
PCE-002966,2024-09-28,DEPT-005,Fournitures & Consommables,Fournitures de bureau,FORMATION PLUS,Exploitation,841.25,168.25,1009.5,1,20240928,2024,9
PCE-002967,2023-03-06,DEPT-005,Salaires & Charges sociales,Avantages en nature,IT SOLUTIONS,Exploitation,39175.61,0.0,39175.61,1,20230306,2023,3
PCE-002968,2024-07-18,DEPT-001,Déplacements & Missions,Carburant,TOTAL MADA,Exploitation,902.08,180.42,1082.5,1,20240718,2024,7
PCE-002969,2023-01-06,DEPT-001,Déplacements & Missions,Carburant,CONSULTANTS SA,Exploitation,932.81,186.56,1119.37,0,20230106,2023,1
PCE-002970,2023-04-08,DEPT-008,Fournitures & Consommables,Fournitures de bureau,IBM MADA,Exploitation,816.28,163.26,979.54,1,20230408,2023,4
PCE-002971,2023-02-28,DEPT-007,Salaires & Charges sociales,Salaires bruts,TRANSPORT EXPRESS,Exploitation,18301.27,0.0,18301.27,1,20230228,2023,2
PCE-002972,2025-07-24,DEPT-008,Loyer & Charges locatives,Loyer bureaux,NETTOYAGE SERVICE,Exploitation,3100.06,0.0,3100.06,1,20250724,2025,7
PCE-002973,2024-10-25,DEPT-002,Déplacements & Missions,Carburant,AGENCE VOYAGE,Exploitation,365.9,73.18,439.08,0,20241025,2024,10
PCE-002974,2024-11-10,DEPT-004,Salaires & Charges sociales,Charges patronales,IBM MADA,Exploitation,48885.34,0.0,48885.34,1,20241110,2024,11
PCE-002975,2023-10-16,DEPT-008,Informatique & Licences,Cloud & hébergement,CONSULTANTS SA,Exploitation,2882.43,576.49,3458.92,1,20231016,2023,10
PCE-002976,2023-04-18,DEPT-008,Loyer & Charges locatives,Loyer bureaux,CONSULTANTS SA,Exploitation,7791.99,0.0,7791.99,1,20230418,2023,4
PCE-002977,2024-01-24,DEPT-001,Déplacements & Missions,Transport,FORMATION PLUS,Exploitation,2352.83,470.57,2823.4,0,20240124,2024,1
PCE-002978,2024-12-11,DEPT-001,Formation & Développement,Formations externes,AGENCE VOYAGE,Exploitation,4142.09,828.42,4970.51,1,20241211,2024,12
PCE-002979,2025-02-16,DEPT-008,Salaires & Charges sociales,Salaires bruts,HOTEL COLBERT,Exploitation,66797.65,0.0,66797.65,1,20250216,2025,2
PCE-002980,2023-01-23,DEPT-006,Informatique & Licences,Licences logiciels,IT SOLUTIONS,Exploitation,10659.53,2131.91,12791.44,1,20230123,2023,1
PCE-002981,2025-03-03,DEPT-001,Sous-traitance,Prestations ponctuelles,IBM MADA,Exploitation,6528.25,1305.65,7833.9,0,20250303,2025,3
PCE-002982,2025-01-21,DEPT-002,Déplacements & Missions,Carburant,BAILLEUR IMMO,Exploitation,1375.69,275.14,1650.83,0,20250121,2025,1
PCE-002983,2023-12-21,DEPT-006,Informatique & Licences,Matériel informatique,MICROSOFT MADA,Exploitation,6706.26,1341.25,8047.51,1,20231221,2023,12
PCE-002984,2025-12-02,DEPT-008,Loyer & Charges locatives,Assurance locaux,IT SOLUTIONS,Exploitation,3558.51,0.0,3558.51,1,20251202,2025,12
PCE-002985,2024-01-20,DEPT-008,Fournitures & Consommables,Consommables informatique,IT SOLUTIONS,Exploitation,852.88,170.58,1023.46,1,20240120,2024,1
PCE-002986,2023-12-09,DEPT-008,Fournitures & Consommables,Consommables informatique,NETTOYAGE SERVICE,Exploitation,317.85,63.57,381.42,1,20231209,2023,12
PCE-002987,2024-10-21,DEPT-007,Déplacements & Missions,Hôtel & restauration,BAILLEUR IMMO,Exploitation,692.64,138.53,831.17,1,20241021,2024,10
PCE-002988,2025-01-20,DEPT-003,Déplacements & Missions,Hôtel & restauration,IBM MADA,Exploitation,1081.12,216.22,1297.34,1,20250120,2025,1
PCE-002989,2024-01-21,DEPT-008,Fournitures & Consommables,Consommables informatique,TOTAL MADA,Exploitation,699.42,139.88,839.3,1,20240121,2024,1
PCE-002990,2023-06-14,DEPT-008,Loyer & Charges locatives,Assurance locaux,ORANGE PRO,Exploitation,6411.16,0.0,6411.16,1,20230614,2023,6
PCE-002991,2024-04-04,DEPT-008,Loyer & Charges locatives,Charges communes,SECURITE MADA,Exploitation,5864.05,0.0,5864.05,1,20240404,2024,4
PCE-002992,2024-06-20,DEPT-008,Loyer & Charges locatives,Charges communes,ORACLE,Exploitation,3071.33,0.0,3071.33,1,20240620,2024,6
PCE-002993,2024-11-10,DEPT-002,Formation & Développement,Abonnements professionnels,FOURNITURES PRO,Exploitation,3895.35,779.07,4674.42,1,20241110,2024,11
PCE-002994,2024-04-18,DEPT-005,Formation & Développement,Abonnements professionnels,TRANSPORT EXPRESS,Exploitation,3282.94,656.59,3939.53,0,20240418,2024,4
PCE-002995,2025-01-11,DEPT-008,Loyer & Charges locatives,Loyer bureaux,CONSULTANTS SA,Exploitation,2904.15,0.0,2904.15,1,20250111,2025,1
PCE-002996,2024-01-29,DEPT-003,Sous-traitance,Expertise externe,ORANGE PRO,Exploitation,18826.45,3765.29,22591.74,0,20240129,2024,1
PCE-002997,2023-05-10,DEPT-008,Informatique & Licences,Maintenance SI,AGENCE VOYAGE,Exploitation,7607.71,1521.54,9129.25,1,20230510,2023,5
PCE-002998,2023-02-13,DEPT-002,Sous-traitance,Prestations ponctuelles,ORACLE,Exploitation,18866.2,3773.24,22639.44,1,20230213,2023,2
PCE-002999,2023-07-28,DEPT-003,Déplacements & Missions,Hôtel & restauration,IT SOLUTIONS,Exploitation,2894.96,578.99,3473.95,1,20230728,2023,7
PCE-003000,2023-02-05,DEPT-002,Salaires & Charges sociales,Salaires bruts,SECURITE MADA,Exploitation,45915.71,0.0,45915.71,1,20230205,2023,2
