numero_facture,date_emission,date_echeance,date_paiement,code_client,code_produit,code_dept,quantite,prix_unitaire_ht,remise_pct,montant_ht,montant_tva,montant_ttc,statut_paiement,montant_encaisse,jours_retard,annee_emission,mois_emission,trimestre,date_id_emission,date_id_echeance,date_id_paiement,tranche_retard
FAC-2023-00001,2025-12-28,2026-01-27,2026-02-22,CLI-0104,SVC-022,DEPT-007,7,600.0,15,3570.0,714.0,4284.0,Payée,3570.0,26,2025,12,4,20251228,20260127,20260222.0,Retard < 30j
FAC-2023-00002,2023-05-21,2023-07-05,,CLI-0011,SVC-020,DEPT-001,4,1400.0,5,5320.0,1064.0,6384.0,Partielle,4249.15,1032,2023,5,2,20230521,20230705,,Contentieux > 90j
FAC-2023-00003,2023-07-25,2023-09-08,2023-09-08,CLI-0137,SVC-004,DEPT-001,8,1200.0,0,9600.0,1920.0,11520.0,Payée,9600.0,0,2023,7,3,20230725,20230908,20230908.0,Dans les délais
FAC-2023-00004,2024-08-23,2024-10-22,2024-11-01,CLI-0103,SVC-002,DEPT-007,1,8500.0,0,8500.0,1700.0,10200.0,Payée,8500.0,10,2024,8,3,20240823,20241022,20241101.0,Retard < 30j
FAC-2023-00005,2024-01-04,2024-03-04,2024-03-23,CLI-0130,SVC-019,DEPT-007,7,180.0,0,1260.0,252.0,1512.0,Payée,1260.0,19,2024,1,1,20240104,20240304,20240323.0,Retard < 30j
FAC-2023-00006,2023-10-21,2023-12-05,2023-12-29,CLI-0075,SVC-016,DEPT-003,1,1800.0,0,1800.0,360.0,2160.0,Payée,1800.0,24,2023,10,4,20231021,20231205,20231229.0,Retard < 30j
FAC-2023-00007,2024-08-12,2024-09-11,2024-10-04,CLI-0003,SVC-015,DEPT-003,1,2800.0,5,2660.0,532.0,3192.0,Payée,2660.0,23,2024,8,3,20240812,20240911,20241004.0,Retard < 30j
FAC-2023-00008,2025-05-18,2025-08-16,,CLI-0179,SVC-010,DEPT-002,45,45.0,0,2025.0,405.0,2430.0,Retard,0.0,259,2025,5,2,20250518,20250816,,Contentieux > 90j
FAC-2023-00009,2023-08-07,2023-09-21,2023-10-04,CLI-0123,SVC-016,DEPT-003,1,1800.0,0,1800.0,360.0,2160.0,Payée,1800.0,13,2023,8,3,20230807,20230921,20231004.0,Retard < 30j
FAC-2023-00010,2025-03-21,2025-04-20,,CLI-0006,SVC-022,DEPT-001,5,600.0,0,3000.0,600.0,3600.0,Partielle,2067.47,377,2025,3,1,20250321,20250420,,Contentieux > 90j
FAC-2023-00011,2025-10-14,2025-11-28,2025-12-15,CLI-0185,SVC-024,DEPT-002,5,700.0,5,3325.0,665.0,3990.0,Payée,3325.0,17,2025,10,4,20251014,20251128,20251215.0,Retard < 30j
FAC-2023-00012,2024-05-28,2024-08-26,,CLI-0195,SVC-007,DEPT-002,1,1200.0,5,1140.0,228.0,1368.0,Retard,0.0,614,2024,5,2,20240528,20240826,,Contentieux > 90j
FAC-2023-00013,2023-03-22,2023-05-06,2023-05-24,CLI-0192,SVC-004,DEPT-002,5,1200.0,5,5700.0,1140.0,6840.0,Payée,5700.0,18,2023,3,1,20230322,20230506,20230524.0,Retard < 30j
FAC-2023-00014,2024-10-31,2024-11-30,2024-12-29,CLI-0028,SVC-010,DEPT-003,48,45.0,0,2160.0,432.0,2592.0,Payée,2160.0,29,2024,10,4,20241031,20241130,20241229.0,Retard < 30j
FAC-2023-00015,2024-07-12,2024-08-11,2024-09-05,CLI-0163,SVC-017,DEPT-003,1,950.0,10,855.0,171.0,1026.0,Payée,855.0,25,2024,7,3,20240712,20240811,20240905.0,Retard < 30j
FAC-2023-00016,2025-08-17,2025-10-16,,CLI-0107,SVC-004,DEPT-004,2,1200.0,0,2400.0,480.0,2880.0,Contentieux,0.0,198,2025,8,3,20250817,20251016,,Contentieux > 90j
FAC-2023-00017,2023-07-04,2023-08-18,2023-09-16,CLI-0171,SVC-012,DEPT-001,1,3200.0,5,3040.0,608.0,3648.0,Payée,3040.0,29,2023,7,3,20230704,20230818,20230916.0,Retard < 30j
FAC-2023-00018,2024-06-20,2024-07-20,,CLI-0142,SVC-012,DEPT-003,1,3200.0,0,3200.0,640.0,3840.0,Retard,0.0,651,2024,6,2,20240620,20240720,,Contentieux > 90j
FAC-2023-00019,2024-04-23,2024-06-07,,CLI-0033,SVC-022,DEPT-007,8,600.0,0,4800.0,960.0,5760.0,Partielle,2787.38,694,2024,4,2,20240423,20240607,,Contentieux > 90j
FAC-2023-00020,2023-05-10,2023-07-09,2023-07-30,CLI-0069,SVC-021,DEPT-001,8,800.0,10,5760.0,1152.0,6912.0,Payée,5760.0,21,2023,5,2,20230510,20230709,20230730.0,Retard < 30j
FAC-2023-00021,2023-03-18,2023-04-17,2023-04-18,CLI-0044,SVC-002,DEPT-002,1,8500.0,0,8500.0,1700.0,10200.0,Payée,8500.0,1,2023,3,1,20230318,20230417,20230418.0,Retard < 30j
FAC-2023-00022,2025-03-06,2025-05-05,,CLI-0165,SVC-005,DEPT-007,1,15000.0,0,15000.0,3000.0,18000.0,Retard,0.0,362,2025,3,1,20250306,20250505,,Contentieux > 90j
FAC-2023-00023,2023-11-13,2023-12-28,,CLI-0133,SVC-019,DEPT-007,15,180.0,5,2565.0,513.0,3078.0,Retard,0.0,856,2023,11,4,20231113,20231228,,Contentieux > 90j
FAC-2023-00024,2023-03-09,2023-04-08,2023-05-01,CLI-0129,SVC-009,DEPT-002,1,180.0,5,171.0,34.2,205.2,Payée,171.0,23,2023,3,1,20230309,20230408,20230501.0,Retard < 30j
FAC-2023-00025,2025-01-22,2025-02-21,2025-02-21,CLI-0115,SVC-004,DEPT-004,9,1200.0,10,9720.0,1944.0,11664.0,Payée,9720.0,0,2025,1,1,20250122,20250221,20250221.0,Dans les délais
FAC-2023-00026,2023-09-08,2023-10-23,,CLI-0088,SVC-007,DEPT-001,1,1200.0,10,1080.0,216.0,1296.0,Retard,0.0,922,2023,9,3,20230908,20231023,,Contentieux > 90j
FAC-2023-00027,2023-02-13,2023-03-15,2023-03-18,CLI-0065,SVC-021,DEPT-007,1,800.0,5,760.0,152.0,912.0,Payée,760.0,3,2023,2,1,20230213,20230315,20230318.0,Retard < 30j
FAC-2023-00028,2024-02-29,2024-03-30,,CLI-0063,SVC-003,DEPT-002,1,22000.0,0,22000.0,4400.0,26400.0,Retard,0.0,763,2024,2,1,20240229,20240330,,Contentieux > 90j
FAC-2023-00029,2023-01-06,2023-02-05,,CLI-0104,SVC-005,DEPT-002,1,15000.0,0,15000.0,3000.0,18000.0,Contentieux,0.0,1182,2023,1,1,20230106,20230205,,Contentieux > 90j
FAC-2023-00030,2023-12-24,2024-01-23,,CLI-0166,SVC-009,DEPT-003,1,180.0,0,180.0,36.0,216.0,Partielle,65.86,830,2023,12,4,20231224,20240123,,Contentieux > 90j
FAC-2023-00031,2024-10-25,2024-12-24,2025-01-14,CLI-0074,SVC-019,DEPT-007,2,180.0,0,360.0,72.0,432.0,Payée,360.0,21,2024,10,4,20241025,20241224,20250114.0,Retard < 30j
FAC-2023-00032,2023-05-11,2023-06-25,2023-06-26,CLI-0037,SVC-024,DEPT-004,8,700.0,0,5600.0,1120.0,6720.0,Payée,5600.0,1,2023,5,2,20230511,20230625,20230626.0,Retard < 30j
FAC-2023-00033,2023-03-30,2023-04-29,,CLI-0155,SVC-008,DEPT-003,1,2500.0,5,2375.0,475.0,2850.0,Partielle,1494.95,1099,2023,3,1,20230330,20230429,,Contentieux > 90j
FAC-2023-00034,2023-03-05,2023-05-04,,CLI-0143,SVC-021,DEPT-004,1,800.0,15,680.0,136.0,816.0,Retard,0.0,1094,2023,3,1,20230305,20230504,,Contentieux > 90j
FAC-2023-00035,2025-06-27,2025-08-11,2025-08-15,CLI-0033,SVC-016,DEPT-001,1,1800.0,0,1800.0,360.0,2160.0,Payée,1800.0,4,2025,6,2,20250627,20250811,20250815.0,Retard < 30j
FAC-2023-00036,2024-10-27,2024-11-26,2024-12-09,CLI-0041,SVC-009,DEPT-004,1,180.0,0,180.0,36.0,216.0,Payée,180.0,13,2024,10,4,20241027,20241126,20241209.0,Retard < 30j
FAC-2023-00037,2025-05-31,2025-06-30,2025-07-30,CLI-0156,SVC-020,DEPT-002,2,1400.0,5,2660.0,532.0,3192.0,Payée,2660.0,30,2025,5,2,20250531,20250630,20250730.0,Retard < 30j
FAC-2023-00038,2024-04-12,2024-05-27,,CLI-0136,SVC-015,DEPT-004,1,2800.0,0,2800.0,560.0,3360.0,Retard,0.0,705,2024,4,2,20240412,20240527,,Contentieux > 90j
FAC-2023-00039,2023-07-14,2023-08-28,,CLI-0132,SVC-024,DEPT-003,6,700.0,0,4200.0,840.0,5040.0,Retard,0.0,978,2023,7,3,20230714,20230828,,Contentieux > 90j
FAC-2023-00040,2025-08-29,2025-10-13,2025-11-04,CLI-0048,SVC-022,DEPT-001,2,600.0,0,1200.0,240.0,1440.0,Payée,1200.0,22,2025,8,3,20250829,20251013,20251104.0,Retard < 30j
FAC-2023-00041,2023-05-03,2023-06-17,2023-07-03,CLI-0119,SVC-005,DEPT-001,1,15000.0,0,15000.0,3000.0,18000.0,Payée,15000.0,16,2023,5,2,20230503,20230617,20230703.0,Retard < 30j
FAC-2023-00042,2025-05-16,2025-07-15,,CLI-0130,SVC-012,DEPT-003,1,3200.0,10,2880.0,576.0,3456.0,Retard,0.0,291,2025,5,2,20250516,20250715,,Contentieux > 90j
FAC-2023-00043,2024-12-21,2025-02-04,2025-03-01,CLI-0183,SVC-010,DEPT-002,7,45.0,0,315.0,63.0,378.0,Payée,315.0,25,2024,12,4,20241221,20250204,20250301.0,Retard < 30j
FAC-2023-00044,2025-01-22,2025-03-08,2025-03-17,CLI-0033,SVC-012,DEPT-004,1,3200.0,0,3200.0,640.0,3840.0,Payée,3200.0,9,2025,1,1,20250122,20250308,20250317.0,Retard < 30j
FAC-2023-00045,2023-02-23,2023-03-25,,CLI-0172,SVC-020,DEPT-003,10,1400.0,10,12600.0,2520.0,15120.0,Retard,0.0,1134,2023,2,1,20230223,20230325,,Contentieux > 90j
FAC-2023-00046,2024-07-13,2024-08-12,2024-08-28,CLI-0008,SVC-006,DEPT-003,1,450.0,5,427.5,85.5,513.0,Payée,427.5,16,2024,7,3,20240713,20240812,20240828.0,Retard < 30j
FAC-2023-00047,2023-10-21,2023-11-20,2023-11-24,CLI-0002,SVC-006,DEPT-001,1,450.0,0,450.0,90.0,540.0,Payée,450.0,4,2023,10,4,20231021,20231120,20231124.0,Retard < 30j
FAC-2023-00048,2025-12-22,2026-01-21,2026-01-26,CLI-0028,SVC-024,DEPT-003,4,700.0,0,2800.0,560.0,3360.0,Payée,2800.0,5,2025,12,4,20251222,20260121,20260126.0,Retard < 30j
FAC-2023-00049,2024-10-26,2024-12-10,,CLI-0098,SVC-024,DEPT-007,10,700.0,0,7000.0,1400.0,8400.0,Partielle,2644.53,508,2024,10,4,20241026,20241210,,Contentieux > 90j
FAC-2023-00050,2023-06-17,2023-07-17,2023-08-09,CLI-0015,SVC-022,DEPT-004,5,600.0,0,3000.0,600.0,3600.0,Payée,3000.0,23,2023,6,2,20230617,20230717,20230809.0,Retard < 30j
FAC-2023-00051,2025-11-15,2025-12-30,2026-01-12,CLI-0087,SVC-007,DEPT-007,1,1200.0,0,1200.0,240.0,1440.0,Payée,1200.0,13,2025,11,4,20251115,20251230,20260112.0,Retard < 30j
FAC-2023-00052,2024-09-23,2024-10-23,2024-10-23,CLI-0150,SVC-017,DEPT-001,1,950.0,0,950.0,190.0,1140.0,Payée,950.0,0,2024,9,3,20240923,20241023,20241023.0,Dans les délais
FAC-2023-00053,2024-03-08,2024-04-07,2024-04-22,CLI-0063,SVC-010,DEPT-001,50,45.0,0,2250.0,450.0,2700.0,Payée,2250.0,15,2024,3,1,20240308,20240407,20240422.0,Retard < 30j
FAC-2023-00054,2025-05-31,2025-06-30,2025-07-09,CLI-0002,SVC-016,DEPT-007,1,1800.0,0,1800.0,360.0,2160.0,Payée,1800.0,9,2025,5,2,20250531,20250630,20250709.0,Retard < 30j
FAC-2023-00055,2024-12-26,2025-01-25,,CLI-0172,SVC-022,DEPT-004,2,600.0,0,1200.0,240.0,1440.0,Retard,0.0,462,2024,12,4,20241226,20250125,,Contentieux > 90j
FAC-2023-00056,2023-06-09,2023-08-08,2023-08-28,CLI-0005,SVC-015,DEPT-004,1,2800.0,10,2520.0,504.0,3024.0,Payée,2520.0,20,2023,6,2,20230609,20230808,20230828.0,Retard < 30j
FAC-2023-00057,2025-04-09,2025-05-09,2025-06-02,CLI-0093,SVC-004,DEPT-003,1,1200.0,15,1020.0,204.0,1224.0,Payée,1020.0,24,2025,4,2,20250409,20250509,20250602.0,Retard < 30j
FAC-2023-00058,2023-08-05,2023-09-04,2023-09-04,CLI-0027,SVC-014,DEPT-004,4,1500.0,0,6000.0,1200.0,7200.0,Payée,6000.0,0,2023,8,3,20230805,20230904,20230904.0,Dans les délais
FAC-2023-00059,2024-11-26,2025-01-10,2025-02-06,CLI-0098,SVC-024,DEPT-001,4,700.0,0,2800.0,560.0,3360.0,Payée,2800.0,27,2024,11,4,20241126,20250110,20250206.0,Retard < 30j
FAC-2023-00060,2024-02-02,2024-03-03,2024-03-07,CLI-0163,SVC-017,DEPT-002,1,950.0,10,855.0,171.0,1026.0,Payée,855.0,4,2024,2,1,20240202,20240303,20240307.0,Retard < 30j
FAC-2023-00061,2024-06-08,2024-07-08,2024-07-08,CLI-0032,SVC-005,DEPT-002,1,15000.0,0,15000.0,3000.0,18000.0,Payée,15000.0,0,2024,6,2,20240608,20240708,20240708.0,Dans les délais
FAC-2023-00062,2025-08-08,2025-09-22,,CLI-0192,SVC-016,DEPT-004,1,1800.0,5,1710.0,342.0,2052.0,Retard,0.0,222,2025,8,3,20250808,20250922,,Contentieux > 90j
FAC-2023-00063,2024-10-23,2024-12-22,2025-01-14,CLI-0173,SVC-021,DEPT-003,6,800.0,0,4800.0,960.0,5760.0,Payée,4800.0,23,2024,10,4,20241023,20241222,20250114.0,Retard < 30j
FAC-2023-00064,2023-04-26,2023-06-10,2023-07-03,CLI-0088,SVC-019,DEPT-001,13,180.0,0,2340.0,468.0,2808.0,Payée,2340.0,23,2023,4,2,20230426,20230610,20230703.0,Retard < 30j
FAC-2023-00065,2024-08-10,2024-09-24,,CLI-0017,SVC-012,DEPT-007,1,3200.0,0,3200.0,640.0,3840.0,Partielle,2328.47,585,2024,8,3,20240810,20240924,,Contentieux > 90j
FAC-2023-00066,2025-02-26,2025-03-28,2025-03-28,CLI-0181,SVC-017,DEPT-004,1,950.0,0,950.0,190.0,1140.0,Payée,950.0,0,2025,2,1,20250226,20250328,20250328.0,Dans les délais
FAC-2023-00067,2024-01-21,2024-03-06,2024-03-06,CLI-0175,SVC-021,DEPT-004,6,800.0,5,4560.0,912.0,5472.0,Payée,4560.0,0,2024,1,1,20240121,20240306,20240306.0,Dans les délais
FAC-2023-00068,2023-06-22,2023-07-22,2023-08-01,CLI-0032,SVC-011,DEPT-004,1,4500.0,0,4500.0,900.0,5400.0,Payée,4500.0,10,2023,6,2,20230622,20230722,20230801.0,Retard < 30j
FAC-2023-00069,2025-12-06,2026-01-05,2026-01-18,CLI-0138,SVC-017,DEPT-004,1,950.0,5,902.5,180.5,1083.0,Payée,902.5,13,2025,12,4,20251206,20260105,20260118.0,Retard < 30j
FAC-2023-00070,2023-04-18,2023-05-18,2023-05-18,CLI-0129,SVC-011,DEPT-003,1,4500.0,5,4275.0,855.0,5130.0,Payée,4275.0,0,2023,4,2,20230418,20230518,20230518.0,Dans les délais
FAC-2023-00071,2025-03-02,2025-04-01,,CLI-0029,SVC-018,DEPT-007,1,6500.0,0,6500.0,1300.0,7800.0,Retard,0.0,396,2025,3,1,20250302,20250401,,Contentieux > 90j
FAC-2023-00072,2023-06-16,2023-07-31,2023-08-17,CLI-0047,SVC-011,DEPT-003,1,4500.0,0,4500.0,900.0,5400.0,Payée,4500.0,17,2023,6,2,20230616,20230731,20230817.0,Retard < 30j
FAC-2023-00073,2023-06-23,2023-09-21,2023-10-07,CLI-0125,SVC-005,DEPT-002,1,15000.0,0,15000.0,3000.0,18000.0,Payée,15000.0,16,2023,6,2,20230623,20230921,20231007.0,Retard < 30j
FAC-2023-00074,2025-05-17,2025-06-16,2025-06-30,CLI-0162,SVC-003,DEPT-002,1,22000.0,0,22000.0,4400.0,26400.0,Payée,22000.0,14,2025,5,2,20250517,20250616,20250630.0,Retard < 30j
FAC-2023-00075,2025-09-22,2025-10-22,,CLI-0065,SVC-011,DEPT-002,1,4500.0,0,4500.0,900.0,5400.0,Contentieux,0.0,192,2025,9,3,20250922,20251022,,Contentieux > 90j
FAC-2023-00076,2023-07-27,2023-08-26,,CLI-0023,SVC-010,DEPT-007,33,45.0,5,1410.75,282.15,1692.9,Retard,0.0,980,2023,7,3,20230727,20230826,,Contentieux > 90j
FAC-2023-00077,2024-11-20,2025-01-04,2025-01-09,CLI-0011,SVC-022,DEPT-002,10,600.0,0,6000.0,1200.0,7200.0,Payée,6000.0,5,2024,11,4,20241120,20250104,20250109.0,Retard < 30j
FAC-2023-00078,2025-06-15,2025-07-30,2025-08-09,CLI-0190,SVC-006,DEPT-004,1,450.0,0,450.0,90.0,540.0,Payée,450.0,10,2025,6,2,20250615,20250730,20250809.0,Retard < 30j
FAC-2023-00079,2025-07-08,2025-08-07,2025-09-01,CLI-0186,SVC-010,DEPT-002,15,45.0,0,675.0,135.0,810.0,Payée,675.0,25,2025,7,3,20250708,20250807,20250901.0,Retard < 30j
FAC-2023-00080,2025-06-21,2025-08-05,,CLI-0117,SVC-022,DEPT-007,8,600.0,5,4560.0,912.0,5472.0,Retard,0.0,270,2025,6,2,20250621,20250805,,Contentieux > 90j
FAC-2023-00081,2023-11-28,2023-12-28,2024-01-08,CLI-0163,SVC-014,DEPT-001,4,1500.0,10,5400.0,1080.0,6480.0,Payée,5400.0,11,2023,11,4,20231128,20231228,20240108.0,Retard < 30j
FAC-2023-00082,2025-01-30,2025-03-01,2025-03-29,CLI-0197,SVC-016,DEPT-001,1,1800.0,0,1800.0,360.0,2160.0,Payée,1800.0,28,2025,1,1,20250130,20250301,20250329.0,Retard < 30j
FAC-2023-00083,2023-11-25,2024-01-24,,CLI-0091,SVC-003,DEPT-004,1,22000.0,0,22000.0,4400.0,26400.0,Partielle,8220.84,829,2023,11,4,20231125,20240124,,Contentieux > 90j
FAC-2023-00084,2025-07-12,2025-08-11,,CLI-0028,SVC-008,DEPT-004,1,2500.0,10,2250.0,450.0,2700.0,Partielle,1141.76,264,2025,7,3,20250712,20250811,,Contentieux > 90j
FAC-2023-00085,2024-04-27,2024-05-27,2024-06-05,CLI-0155,SVC-012,DEPT-001,1,3200.0,0,3200.0,640.0,3840.0,Payée,3200.0,9,2024,4,2,20240427,20240527,20240605.0,Retard < 30j
FAC-2023-00086,2024-11-17,2025-01-01,2025-01-26,CLI-0101,SVC-004,DEPT-002,3,1200.0,0,3600.0,720.0,4320.0,Payée,3600.0,25,2024,11,4,20241117,20250101,20250126.0,Retard < 30j
FAC-2023-00087,2023-01-11,2023-02-10,2023-02-18,CLI-0146,SVC-015,DEPT-002,1,2800.0,10,2520.0,504.0,3024.0,Payée,2520.0,8,2023,1,1,20230111,20230210,20230218.0,Retard < 30j
FAC-2023-00088,2025-12-16,2026-01-30,2026-02-13,CLI-0169,SVC-024,DEPT-001,7,700.0,0,4900.0,980.0,5880.0,Payée,4900.0,14,2025,12,4,20251216,20260130,20260213.0,Retard < 30j
FAC-2023-00089,2025-05-09,2025-06-08,2025-06-08,CLI-0015,SVC-008,DEPT-001,1,2500.0,5,2375.0,475.0,2850.0,Payée,2375.0,0,2025,5,2,20250509,20250608,20250608.0,Dans les délais
FAC-2023-00090,2023-02-03,2023-03-20,,CLI-0154,SVC-020,DEPT-003,9,1400.0,0,12600.0,2520.0,15120.0,Retard,0.0,1139,2023,2,1,20230203,20230320,,Contentieux > 90j
FAC-2023-00091,2024-12-23,2025-01-22,2025-01-22,CLI-0135,SVC-001,DEPT-007,1,3500.0,0,3500.0,700.0,4200.0,Payée,3500.0,0,2024,12,4,20241223,20250122,20250122.0,Dans les délais
FAC-2023-00092,2025-12-13,2026-01-12,,CLI-0115,SVC-003,DEPT-007,1,22000.0,0,22000.0,4400.0,26400.0,Retard,0.0,110,2025,12,4,20251213,20260112,,Contentieux > 90j
FAC-2023-00093,2025-03-10,2025-04-09,2025-04-28,CLI-0170,SVC-001,DEPT-003,1,3500.0,10,3150.0,630.0,3780.0,Payée,3150.0,19,2025,3,1,20250310,20250409,20250428.0,Retard < 30j
FAC-2023-00094,2023-02-03,2023-03-05,2023-03-06,CLI-0080,SVC-024,DEPT-007,6,700.0,5,3990.0,798.0,4788.0,Payée,3990.0,1,2023,2,1,20230203,20230305,20230306.0,Retard < 30j
FAC-2023-00095,2023-04-01,2023-05-16,2023-05-22,CLI-0105,SVC-005,DEPT-004,1,15000.0,0,15000.0,3000.0,18000.0,Payée,15000.0,6,2023,4,2,20230401,20230516,20230522.0,Retard < 30j
FAC-2023-00096,2024-01-09,2024-02-08,,CLI-0148,SVC-021,DEPT-004,3,800.0,0,2400.0,480.0,2880.0,Retard,0.0,814,2024,1,1,20240109,20240208,,Contentieux > 90j
FAC-2023-00097,2024-02-17,2024-04-02,,CLI-0011,SVC-010,DEPT-003,3,45.0,5,128.25,25.65,153.9,Partielle,58.71,760,2024,2,1,20240217,20240402,,Contentieux > 90j
FAC-2023-00098,2025-08-27,2025-09-26,2025-10-09,CLI-0158,SVC-013,DEPT-003,5,1100.0,0,5500.0,1100.0,6600.0,Payée,5500.0,13,2025,8,3,20250827,20250926,20251009.0,Retard < 30j
FAC-2023-00099,2024-11-10,2024-12-10,2024-12-30,CLI-0015,SVC-021,DEPT-004,5,800.0,0,4000.0,800.0,4800.0,Payée,4000.0,20,2024,11,4,20241110,20241210,20241230.0,Retard < 30j
FAC-2023-00100,2024-01-18,2024-03-03,2024-03-31,CLI-0123,SVC-011,DEPT-003,1,4500.0,0,4500.0,900.0,5400.0,Payée,4500.0,28,2024,1,1,20240118,20240303,20240331.0,Retard < 30j
FAC-2023-00101,2025-05-19,2025-06-18,,CLI-0026,SVC-024,DEPT-002,2,700.0,0,1400.0,280.0,1680.0,Contentieux,0.0,318,2025,5,2,20250519,20250618,,Contentieux > 90j
FAC-2023-00102,2024-10-19,2024-12-03,,CLI-0167,SVC-010,DEPT-003,7,45.0,0,315.0,63.0,378.0,Retard,0.0,515,2024,10,4,20241019,20241203,,Contentieux > 90j
FAC-2023-00103,2025-05-22,2025-06-21,2025-06-21,CLI-0140,SVC-020,DEPT-003,3,1400.0,5,3990.0,798.0,4788.0,Payée,3990.0,0,2025,5,2,20250522,20250621,20250621.0,Dans les délais
FAC-2023-00104,2024-07-16,2024-08-15,2024-09-02,CLI-0187,SVC-014,DEPT-007,1,1500.0,0,1500.0,300.0,1800.0,Payée,1500.0,18,2024,7,3,20240716,20240815,20240902.0,Retard < 30j
FAC-2023-00105,2023-10-20,2023-12-04,,CLI-0049,SVC-001,DEPT-004,1,3500.0,10,3150.0,630.0,3780.0,Retard,0.0,880,2023,10,4,20231020,20231204,,Contentieux > 90j
FAC-2023-00106,2023-05-18,2023-06-17,2023-07-05,CLI-0010,SVC-005,DEPT-004,1,15000.0,0,15000.0,3000.0,18000.0,Payée,15000.0,18,2023,5,2,20230518,20230617,20230705.0,Retard < 30j
FAC-2023-00107,2023-11-11,2023-12-11,,CLI-0174,SVC-002,DEPT-001,1,8500.0,5,8075.0,1615.0,9690.0,Partielle,3924.5,873,2023,11,4,20231111,20231211,,Contentieux > 90j
FAC-2023-00108,2025-12-20,2026-02-03,2026-02-15,CLI-0175,SVC-005,DEPT-002,1,15000.0,0,15000.0,3000.0,18000.0,Payée,15000.0,12,2025,12,4,20251220,20260203,20260215.0,Retard < 30j
FAC-2023-00109,2024-01-17,2024-03-02,2024-04-01,CLI-0037,SVC-001,DEPT-001,1,3500.0,0,3500.0,700.0,4200.0,Payée,3500.0,30,2024,1,1,20240117,20240302,20240401.0,Retard < 30j
FAC-2023-00110,2025-07-02,2025-08-01,2025-08-27,CLI-0084,SVC-009,DEPT-002,1,180.0,0,180.0,36.0,216.0,Payée,180.0,26,2025,7,3,20250702,20250801,20250827.0,Retard < 30j
FAC-2023-00111,2023-06-01,2023-07-16,,CLI-0039,SVC-005,DEPT-001,1,15000.0,0,15000.0,3000.0,18000.0,Partielle,7838.33,1021,2023,6,2,20230601,20230716,,Contentieux > 90j
FAC-2023-00112,2024-12-12,2025-01-26,2025-02-09,CLI-0101,SVC-022,DEPT-002,2,600.0,0,1200.0,240.0,1440.0,Payée,1200.0,14,2024,12,4,20241212,20250126,20250209.0,Retard < 30j
FAC-2023-00113,2025-01-10,2025-03-11,2025-03-18,CLI-0196,SVC-006,DEPT-002,1,450.0,0,450.0,90.0,540.0,Payée,450.0,7,2025,1,1,20250110,20250311,20250318.0,Retard < 30j
FAC-2023-00114,2023-02-23,2023-04-24,2023-05-18,CLI-0074,SVC-016,DEPT-007,1,1800.0,0,1800.0,360.0,2160.0,Payée,1800.0,24,2023,2,1,20230223,20230424,20230518.0,Retard < 30j
FAC-2023-00115,2023-06-26,2023-08-10,,CLI-0042,SVC-020,DEPT-004,2,1400.0,0,2800.0,560.0,3360.0,Contentieux,0.0,996,2023,6,2,20230626,20230810,,Contentieux > 90j
FAC-2023-00116,2025-04-18,2025-05-18,,CLI-0162,SVC-014,DEPT-001,10,1500.0,0,15000.0,3000.0,18000.0,Contentieux,0.0,349,2025,4,2,20250418,20250518,,Contentieux > 90j
FAC-2023-00117,2025-11-25,2025-12-25,,CLI-0141,SVC-015,DEPT-007,1,2800.0,0,2800.0,560.0,3360.0,Partielle,1932.37,128,2025,11,4,20251125,20251225,,Contentieux > 90j
FAC-2023-00118,2025-06-05,2025-07-20,,CLI-0055,SVC-005,DEPT-007,1,15000.0,0,15000.0,3000.0,18000.0,Partielle,10735.43,286,2025,6,2,20250605,20250720,,Contentieux > 90j
FAC-2023-00119,2023-12-04,2024-01-18,,CLI-0048,SVC-010,DEPT-003,11,45.0,0,495.0,99.0,594.0,Retard,0.0,835,2023,12,4,20231204,20240118,,Contentieux > 90j
FAC-2023-00120,2023-06-11,2023-07-26,,CLI-0159,SVC-010,DEPT-003,17,45.0,0,765.0,153.0,918.0,Contentieux,0.0,1011,2023,6,2,20230611,20230726,,Contentieux > 90j
FAC-2023-00121,2024-09-12,2024-10-12,2024-10-17,CLI-0041,SVC-021,DEPT-007,10,800.0,0,8000.0,1600.0,9600.0,Payée,8000.0,5,2024,9,3,20240912,20241012,20241017.0,Retard < 30j
FAC-2023-00122,2023-12-17,2024-01-31,,CLI-0177,SVC-005,DEPT-007,1,15000.0,5,14250.0,2850.0,17100.0,Retard,0.0,822,2023,12,4,20231217,20240131,,Contentieux > 90j
FAC-2023-00123,2023-03-26,2023-05-25,,CLI-0107,SVC-019,DEPT-003,2,180.0,0,360.0,72.0,432.0,Partielle,246.78,1073,2023,3,1,20230326,20230525,,Contentieux > 90j
FAC-2023-00124,2025-05-03,2025-06-02,2025-07-01,CLI-0200,SVC-007,DEPT-003,1,1200.0,5,1140.0,228.0,1368.0,Payée,1140.0,29,2025,5,2,20250503,20250602,20250701.0,Retard < 30j
FAC-2023-00125,2025-09-16,2025-10-16,,CLI-0197,SVC-010,DEPT-003,16,45.0,10,648.0,129.6,777.6,Retard,0.0,198,2025,9,3,20250916,20251016,,Contentieux > 90j
FAC-2023-00126,2023-05-03,2023-06-02,2023-06-26,CLI-0142,SVC-003,DEPT-002,1,22000.0,0,22000.0,4400.0,26400.0,Payée,22000.0,24,2023,5,2,20230503,20230602,20230626.0,Retard < 30j
FAC-2023-00127,2023-10-22,2023-12-06,2023-12-23,CLI-0108,SVC-020,DEPT-004,6,1400.0,10,7560.0,1512.0,9072.0,Payée,7560.0,17,2023,10,4,20231022,20231206,20231223.0,Retard < 30j
FAC-2023-00128,2025-11-20,2026-01-04,2026-01-28,CLI-0042,SVC-012,DEPT-001,1,3200.0,0,3200.0,640.0,3840.0,Payée,3200.0,24,2025,11,4,20251120,20260104,20260128.0,Retard < 30j
FAC-2023-00129,2024-05-22,2024-06-21,2024-07-10,CLI-0086,SVC-015,DEPT-007,1,2800.0,0,2800.0,560.0,3360.0,Payée,2800.0,19,2024,5,2,20240522,20240621,20240710.0,Retard < 30j
FAC-2023-00130,2023-11-24,2024-01-08,,CLI-0133,SVC-008,DEPT-002,1,2500.0,10,2250.0,450.0,2700.0,Partielle,1486.27,845,2023,11,4,20231124,20240108,,Contentieux > 90j
FAC-2023-00131,2025-11-20,2026-01-04,,CLI-0049,SVC-016,DEPT-001,1,1800.0,0,1800.0,360.0,2160.0,Partielle,987.63,118,2025,11,4,20251120,20260104,,Contentieux > 90j
FAC-2023-00132,2025-07-25,2025-10-23,2025-11-09,CLI-0125,SVC-017,DEPT-001,1,950.0,15,807.5,161.5,969.0,Payée,807.5,17,2025,7,3,20250725,20251023,20251109.0,Retard < 30j
FAC-2023-00133,2025-10-10,2025-11-09,,CLI-0015,SVC-010,DEPT-004,39,45.0,10,1579.5,315.9,1895.4,Retard,0.0,174,2025,10,4,20251010,20251109,,Contentieux > 90j
FAC-2023-00134,2023-01-17,2023-02-16,2023-02-27,CLI-0092,SVC-018,DEPT-003,1,6500.0,10,5850.0,1170.0,7020.0,Payée,5850.0,11,2023,1,1,20230117,20230216,20230227.0,Retard < 30j
FAC-2023-00135,2023-04-03,2023-05-03,2023-05-10,CLI-0128,SVC-012,DEPT-003,1,3200.0,0,3200.0,640.0,3840.0,Payée,3200.0,7,2023,4,2,20230403,20230503,20230510.0,Retard < 30j
FAC-2023-00136,2023-05-31,2023-06-30,,CLI-0170,SVC-010,DEPT-003,25,45.0,0,1125.0,225.0,1350.0,Retard,0.0,1037,2023,5,2,20230531,20230630,,Contentieux > 90j
FAC-2023-00137,2023-09-01,2023-10-16,2023-11-01,CLI-0190,SVC-022,DEPT-007,3,600.0,15,1530.0,306.0,1836.0,Payée,1530.0,16,2023,9,3,20230901,20231016,20231101.0,Retard < 30j
FAC-2023-00138,2024-02-12,2024-03-28,2024-03-28,CLI-0116,SVC-005,DEPT-001,1,15000.0,5,14250.0,2850.0,17100.0,Payée,14250.0,0,2024,2,1,20240212,20240328,20240328.0,Dans les délais
FAC-2023-00139,2024-11-13,2024-12-28,2025-01-01,CLI-0011,SVC-005,DEPT-007,1,15000.0,10,13500.0,2700.0,16200.0,Payée,13500.0,4,2024,11,4,20241113,20241228,20250101.0,Retard < 30j
FAC-2023-00140,2024-11-02,2024-12-02,2024-12-22,CLI-0158,SVC-005,DEPT-007,1,15000.0,10,13500.0,2700.0,16200.0,Payée,13500.0,20,2024,11,4,20241102,20241202,20241222.0,Retard < 30j
FAC-2023-00141,2024-11-19,2025-01-03,2025-01-17,CLI-0095,SVC-019,DEPT-004,18,180.0,10,2916.0,583.2,3499.2,Payée,2916.0,14,2024,11,4,20241119,20250103,20250117.0,Retard < 30j
FAC-2023-00142,2024-11-09,2025-01-08,,CLI-0005,SVC-012,DEPT-007,1,3200.0,5,3040.0,608.0,3648.0,Contentieux,0.0,479,2024,11,4,20241109,20250108,,Contentieux > 90j
FAC-2023-00143,2023-02-24,2023-03-26,,CLI-0097,SVC-024,DEPT-007,10,700.0,0,7000.0,1400.0,8400.0,Contentieux,0.0,1133,2023,2,1,20230224,20230326,,Contentieux > 90j
FAC-2023-00144,2023-04-16,2023-05-16,2023-06-04,CLI-0176,SVC-008,DEPT-002,1,2500.0,0,2500.0,500.0,3000.0,Payée,2500.0,19,2023,4,2,20230416,20230516,20230604.0,Retard < 30j
FAC-2023-00145,2023-08-14,2023-09-13,2023-10-04,CLI-0076,SVC-002,DEPT-002,1,8500.0,0,8500.0,1700.0,10200.0,Payée,8500.0,21,2023,8,3,20230814,20230913,20231004.0,Retard < 30j
FAC-2023-00146,2024-02-22,2024-04-22,2024-05-17,CLI-0130,SVC-023,DEPT-001,7,750.0,0,5250.0,1050.0,6300.0,Payée,5250.0,25,2024,2,1,20240222,20240422,20240517.0,Retard < 30j
FAC-2023-00147,2024-02-29,2024-03-30,,CLI-0044,SVC-017,DEPT-004,1,950.0,0,950.0,190.0,1140.0,Contentieux,0.0,763,2024,2,1,20240229,20240330,,Contentieux > 90j
FAC-2023-00148,2024-10-04,2024-11-03,2024-12-02,CLI-0162,SVC-013,DEPT-003,3,1100.0,0,3300.0,660.0,3960.0,Payée,3300.0,29,2024,10,4,20241004,20241103,20241202.0,Retard < 30j
FAC-2023-00149,2024-06-25,2024-07-25,,CLI-0197,SVC-023,DEPT-003,10,750.0,0,7500.0,1500.0,9000.0,Contentieux,0.0,646,2024,6,2,20240625,20240725,,Contentieux > 90j
FAC-2023-00150,2024-04-05,2024-05-20,,CLI-0171,SVC-010,DEPT-004,20,45.0,5,855.0,171.0,1026.0,Retard,0.0,712,2024,4,2,20240405,20240520,,Contentieux > 90j
FAC-2023-00151,2024-12-15,2025-01-29,,CLI-0101,SVC-016,DEPT-003,1,1800.0,0,1800.0,360.0,2160.0,Partielle,1189.5,458,2024,12,4,20241215,20250129,,Contentieux > 90j
FAC-2023-00152,2025-02-16,2025-04-02,,CLI-0039,SVC-019,DEPT-002,14,180.0,10,2268.0,453.6,2721.6,Contentieux,0.0,395,2025,2,1,20250216,20250402,,Contentieux > 90j
FAC-2023-00153,2024-08-12,2024-09-11,2024-10-04,CLI-0093,SVC-002,DEPT-003,1,8500.0,15,7225.0,1445.0,8670.0,Payée,7225.0,23,2024,8,3,20240812,20240911,20241004.0,Retard < 30j
FAC-2023-00154,2024-02-18,2024-03-19,2024-04-18,CLI-0148,SVC-007,DEPT-003,1,1200.0,10,1080.0,216.0,1296.0,Payée,1080.0,30,2024,2,1,20240218,20240319,20240418.0,Retard < 30j
FAC-2023-00155,2024-05-05,2024-06-04,,CLI-0044,SVC-004,DEPT-002,4,1200.0,0,4800.0,960.0,5760.0,Partielle,1981.61,697,2024,5,2,20240505,20240604,,Contentieux > 90j
FAC-2023-00156,2025-04-26,2025-05-26,2025-05-29,CLI-0016,SVC-004,DEPT-001,6,1200.0,5,6840.0,1368.0,8208.0,Payée,6840.0,3,2025,4,2,20250426,20250526,20250529.0,Retard < 30j
FAC-2023-00157,2025-04-13,2025-05-28,,CLI-0169,SVC-006,DEPT-002,1,450.0,5,427.5,85.5,513.0,Partielle,229.93,339,2025,4,2,20250413,20250528,,Contentieux > 90j
FAC-2023-00158,2024-08-07,2024-09-06,,CLI-0092,SVC-011,DEPT-007,1,4500.0,5,4275.0,855.0,5130.0,Partielle,1473.72,603,2024,8,3,20240807,20240906,,Contentieux > 90j
FAC-2023-00159,2023-03-18,2023-04-17,2023-04-23,CLI-0072,SVC-018,DEPT-001,1,6500.0,10,5850.0,1170.0,7020.0,Payée,5850.0,6,2023,3,1,20230318,20230417,20230423.0,Retard < 30j
FAC-2023-00160,2024-01-17,2024-02-16,,CLI-0126,SVC-016,DEPT-003,1,1800.0,10,1620.0,324.0,1944.0,Contentieux,0.0,806,2024,1,1,20240117,20240216,,Contentieux > 90j
FAC-2023-00161,2024-09-03,2024-10-18,2024-11-03,CLI-0011,SVC-001,DEPT-003,1,3500.0,0,3500.0,700.0,4200.0,Payée,3500.0,16,2024,9,3,20240903,20241018,20241103.0,Retard < 30j
FAC-2023-00162,2025-12-09,2026-01-08,2026-02-04,CLI-0142,SVC-021,DEPT-004,8,800.0,10,5760.0,1152.0,6912.0,Payée,5760.0,27,2025,12,4,20251209,20260108,20260204.0,Retard < 30j
FAC-2023-00163,2023-08-19,2023-10-03,,CLI-0087,SVC-007,DEPT-003,1,1200.0,0,1200.0,240.0,1440.0,Retard,0.0,942,2023,8,3,20230819,20231003,,Contentieux > 90j
FAC-2023-00164,2024-11-21,2024-12-21,2024-12-28,CLI-0056,SVC-001,DEPT-002,1,3500.0,5,3325.0,665.0,3990.0,Payée,3325.0,7,2024,11,4,20241121,20241221,20241228.0,Retard < 30j
FAC-2023-00165,2025-04-10,2025-05-10,2025-05-11,CLI-0186,SVC-021,DEPT-002,7,800.0,0,5600.0,1120.0,6720.0,Payée,5600.0,1,2025,4,2,20250410,20250510,20250511.0,Retard < 30j
FAC-2023-00166,2024-10-24,2024-11-23,2024-12-12,CLI-0044,SVC-016,DEPT-002,1,1800.0,10,1620.0,324.0,1944.0,Payée,1620.0,19,2024,10,4,20241024,20241123,20241212.0,Retard < 30j
FAC-2023-00167,2024-11-06,2024-12-06,,CLI-0140,SVC-009,DEPT-001,1,180.0,0,180.0,36.0,216.0,Retard,0.0,512,2024,11,4,20241106,20241206,,Contentieux > 90j
FAC-2023-00168,2025-01-06,2025-02-05,2025-02-19,CLI-0083,SVC-021,DEPT-002,4,800.0,0,3200.0,640.0,3840.0,Payée,3200.0,14,2025,1,1,20250106,20250205,20250219.0,Retard < 30j
FAC-2023-00169,2025-10-26,2025-11-25,2025-12-08,CLI-0128,SVC-022,DEPT-003,5,600.0,5,2850.0,570.0,3420.0,Payée,2850.0,13,2025,10,4,20251026,20251125,20251208.0,Retard < 30j
FAC-2023-00170,2024-03-24,2024-04-23,2024-05-17,CLI-0187,SVC-008,DEPT-007,1,2500.0,15,2125.0,425.0,2550.0,Payée,2125.0,24,2024,3,1,20240324,20240423,20240517.0,Retard < 30j
FAC-2023-00171,2025-08-22,2025-10-06,,CLI-0119,SVC-014,DEPT-002,9,1500.0,10,12150.0,2430.0,14580.0,Retard,0.0,208,2025,8,3,20250822,20251006,,Contentieux > 90j
FAC-2023-00172,2025-12-12,2026-01-11,,CLI-0181,SVC-003,DEPT-001,1,22000.0,0,22000.0,4400.0,26400.0,Retard,0.0,111,2025,12,4,20251212,20260111,,Contentieux > 90j
FAC-2023-00173,2023-05-07,2023-07-06,2023-08-04,CLI-0173,SVC-004,DEPT-002,9,1200.0,10,9720.0,1944.0,11664.0,Payée,9720.0,29,2023,5,2,20230507,20230706,20230804.0,Retard < 30j
FAC-2023-00174,2025-12-01,2025-12-31,,CLI-0051,SVC-011,DEPT-007,1,4500.0,0,4500.0,900.0,5400.0,Retard,0.0,122,2025,12,4,20251201,20251231,,Contentieux > 90j
FAC-2023-00175,2025-11-11,2025-12-11,2025-12-14,CLI-0151,SVC-003,DEPT-007,1,22000.0,0,22000.0,4400.0,26400.0,Payée,22000.0,3,2025,11,4,20251111,20251211,20251214.0,Retard < 30j
FAC-2023-00176,2023-04-29,2023-06-13,,CLI-0132,SVC-015,DEPT-003,1,2800.0,0,2800.0,560.0,3360.0,Retard,0.0,1054,2023,4,2,20230429,20230613,,Contentieux > 90j
FAC-2023-00177,2024-06-05,2024-07-05,2024-07-05,CLI-0006,SVC-013,DEPT-004,1,1100.0,5,1045.0,209.0,1254.0,Payée,1045.0,0,2024,6,2,20240605,20240705,20240705.0,Dans les délais
FAC-2023-00178,2023-05-11,2023-06-10,,CLI-0109,SVC-023,DEPT-004,9,750.0,15,5737.5,1147.5,6885.0,Partielle,1919.25,1057,2023,5,2,20230511,20230610,,Contentieux > 90j
FAC-2023-00179,2025-04-17,2025-05-17,,CLI-0010,SVC-010,DEPT-004,12,45.0,5,513.0,102.6,615.6,Retard,0.0,350,2025,4,2,20250417,20250517,,Contentieux > 90j
FAC-2023-00180,2025-07-07,2025-08-21,,CLI-0119,SVC-013,DEPT-007,7,1100.0,0,7700.0,1540.0,9240.0,Retard,0.0,254,2025,7,3,20250707,20250821,,Contentieux > 90j
FAC-2023-00181,2024-12-13,2025-01-27,2025-02-24,CLI-0043,SVC-021,DEPT-002,2,800.0,0,1600.0,320.0,1920.0,Payée,1600.0,28,2024,12,4,20241213,20250127,20250224.0,Retard < 30j
FAC-2023-00182,2023-02-16,2023-03-18,2023-04-16,CLI-0070,SVC-001,DEPT-004,1,3500.0,15,2975.0,595.0,3570.0,Payée,2975.0,29,2023,2,1,20230216,20230318,20230416.0,Retard < 30j
FAC-2023-00183,2024-04-15,2024-06-14,2024-06-21,CLI-0164,SVC-013,DEPT-001,4,1100.0,0,4400.0,880.0,5280.0,Payée,4400.0,7,2024,4,2,20240415,20240614,20240621.0,Retard < 30j
FAC-2023-00184,2025-05-08,2025-06-07,,CLI-0010,SVC-022,DEPT-002,10,600.0,5,5700.0,1140.0,6840.0,Partielle,1754.59,329,2025,5,2,20250508,20250607,,Contentieux > 90j
FAC-2023-00185,2023-03-10,2023-04-24,,CLI-0020,SVC-004,DEPT-001,8,1200.0,0,9600.0,1920.0,11520.0,Retard,0.0,1104,2023,3,1,20230310,20230424,,Contentieux > 90j
FAC-2023-00186,2023-04-01,2023-05-01,2023-05-01,CLI-0076,SVC-024,DEPT-002,7,700.0,0,4900.0,980.0,5880.0,Payée,4900.0,0,2023,4,2,20230401,20230501,20230501.0,Dans les délais
FAC-2023-00187,2024-04-24,2024-05-24,2024-06-08,CLI-0155,SVC-010,DEPT-002,47,45.0,0,2115.0,423.0,2538.0,Payée,2115.0,15,2024,4,2,20240424,20240524,20240608.0,Retard < 30j
FAC-2023-00188,2025-12-03,2026-01-17,2026-01-17,CLI-0096,SVC-005,DEPT-007,1,15000.0,0,15000.0,3000.0,18000.0,Payée,15000.0,0,2025,12,4,20251203,20260117,20260117.0,Dans les délais
FAC-2023-00189,2023-12-25,2024-02-08,2024-02-25,CLI-0180,SVC-024,DEPT-004,7,700.0,0,4900.0,980.0,5880.0,Payée,4900.0,17,2023,12,4,20231225,20240208,20240225.0,Retard < 30j
FAC-2023-00190,2025-05-02,2025-06-01,2025-06-07,CLI-0162,SVC-011,DEPT-007,1,4500.0,0,4500.0,900.0,5400.0,Payée,4500.0,6,2025,5,2,20250502,20250601,20250607.0,Retard < 30j
FAC-2023-00191,2024-04-06,2024-05-21,,CLI-0147,SVC-008,DEPT-004,1,2500.0,0,2500.0,500.0,3000.0,Retard,0.0,711,2024,4,2,20240406,20240521,,Contentieux > 90j
FAC-2023-00192,2025-04-25,2025-06-09,2025-06-12,CLI-0017,SVC-018,DEPT-004,1,6500.0,15,5525.0,1105.0,6630.0,Payée,5525.0,3,2025,4,2,20250425,20250609,20250612.0,Retard < 30j
FAC-2023-00193,2024-02-21,2024-03-22,2024-04-14,CLI-0076,SVC-009,DEPT-003,1,180.0,0,180.0,36.0,216.0,Payée,180.0,23,2024,2,1,20240221,20240322,20240414.0,Retard < 30j
FAC-2023-00194,2024-01-26,2024-02-25,2024-02-25,CLI-0028,SVC-018,DEPT-001,1,6500.0,0,6500.0,1300.0,7800.0,Payée,6500.0,0,2024,1,1,20240126,20240225,20240225.0,Dans les délais
FAC-2023-00195,2024-03-20,2024-04-19,,CLI-0057,SVC-019,DEPT-001,17,180.0,0,3060.0,612.0,3672.0,Partielle,1381.88,743,2024,3,1,20240320,20240419,,Contentieux > 90j
FAC-2023-00196,2023-08-29,2023-09-28,,CLI-0065,SVC-007,DEPT-002,1,1200.0,5,1140.0,228.0,1368.0,Retard,0.0,947,2023,8,3,20230829,20230928,,Contentieux > 90j
FAC-2023-00197,2024-02-23,2024-04-23,2024-05-06,CLI-0184,SVC-023,DEPT-004,7,750.0,10,4725.0,945.0,5670.0,Payée,4725.0,13,2024,2,1,20240223,20240423,20240506.0,Retard < 30j
FAC-2023-00198,2025-01-05,2025-02-04,2025-03-02,CLI-0145,SVC-018,DEPT-004,1,6500.0,0,6500.0,1300.0,7800.0,Payée,6500.0,26,2025,1,1,20250105,20250204,20250302.0,Retard < 30j
FAC-2023-00199,2025-08-19,2025-10-03,2025-10-24,CLI-0031,SVC-024,DEPT-001,6,700.0,10,3780.0,756.0,4536.0,Payée,3780.0,21,2025,8,3,20250819,20251003,20251024.0,Retard < 30j
FAC-2023-00200,2023-10-26,2023-12-25,2024-01-15,CLI-0173,SVC-008,DEPT-003,1,2500.0,0,2500.0,500.0,3000.0,Payée,2500.0,21,2023,10,4,20231026,20231225,20240115.0,Retard < 30j
FAC-2023-00201,2024-11-06,2024-12-21,2024-12-31,CLI-0048,SVC-007,DEPT-004,1,1200.0,0,1200.0,240.0,1440.0,Payée,1200.0,10,2024,11,4,20241106,20241221,20241231.0,Retard < 30j
FAC-2023-00202,2024-11-22,2025-01-06,2025-02-01,CLI-0169,SVC-021,DEPT-004,5,800.0,5,3800.0,760.0,4560.0,Payée,3800.0,26,2024,11,4,20241122,20250106,20250201.0,Retard < 30j
FAC-2023-00203,2024-12-22,2025-01-21,2025-01-27,CLI-0052,SVC-024,DEPT-007,3,700.0,0,2100.0,420.0,2520.0,Payée,2100.0,6,2024,12,4,20241222,20250121,20250127.0,Retard < 30j
FAC-2023-00204,2025-12-09,2026-01-08,,CLI-0197,SVC-002,DEPT-001,1,8500.0,0,8500.0,1700.0,10200.0,Retard,0.0,114,2025,12,4,20251209,20260108,,Contentieux > 90j
FAC-2023-00205,2023-10-09,2023-11-08,2023-11-16,CLI-0002,SVC-014,DEPT-007,4,1500.0,0,6000.0,1200.0,7200.0,Payée,6000.0,8,2023,10,4,20231009,20231108,20231116.0,Retard < 30j
FAC-2023-00206,2023-05-04,2023-06-03,,CLI-0142,SVC-012,DEPT-007,1,3200.0,5,3040.0,608.0,3648.0,Retard,0.0,1064,2023,5,2,20230504,20230603,,Contentieux > 90j
FAC-2023-00207,2025-09-26,2025-11-25,2025-11-25,CLI-0149,SVC-022,DEPT-001,1,600.0,0,600.0,120.0,720.0,Payée,600.0,0,2025,9,3,20250926,20251125,20251125.0,Dans les délais
FAC-2023-00208,2024-07-16,2024-08-15,2024-09-06,CLI-0163,SVC-024,DEPT-002,9,700.0,15,5355.0,1071.0,6426.0,Payée,5355.0,22,2024,7,3,20240716,20240815,20240906.0,Retard < 30j
FAC-2023-00209,2025-12-09,2026-01-23,2026-02-03,CLI-0033,SVC-004,DEPT-003,3,1200.0,0,3600.0,720.0,4320.0,Payée,3600.0,11,2025,12,4,20251209,20260123,20260203.0,Retard < 30j
FAC-2023-00210,2023-06-11,2023-07-11,2023-07-21,CLI-0086,SVC-013,DEPT-002,6,1100.0,15,5610.0,1122.0,6732.0,Payée,5610.0,10,2023,6,2,20230611,20230711,20230721.0,Retard < 30j
FAC-2023-00211,2023-06-15,2023-07-30,2023-08-29,CLI-0095,SVC-022,DEPT-004,1,600.0,0,600.0,120.0,720.0,Payée,600.0,30,2023,6,2,20230615,20230730,20230829.0,Retard < 30j
FAC-2023-00212,2023-01-20,2023-03-06,,CLI-0017,SVC-021,DEPT-003,3,800.0,0,2400.0,480.0,2880.0,Retard,0.0,1153,2023,1,1,20230120,20230306,,Contentieux > 90j
FAC-2023-00213,2025-12-17,2026-02-15,,CLI-0173,SVC-004,DEPT-007,1,1200.0,0,1200.0,240.0,1440.0,Partielle,775.37,76,2025,12,4,20251217,20260215,,Retard 61-90j
FAC-2023-00214,2023-04-06,2023-05-21,,CLI-0147,SVC-009,DEPT-003,1,180.0,10,162.0,32.4,194.4,Retard,0.0,1077,2023,4,2,20230406,20230521,,Contentieux > 90j
FAC-2023-00215,2023-03-09,2023-04-23,2023-05-01,CLI-0167,SVC-019,DEPT-007,7,180.0,10,1134.0,226.8,1360.8,Payée,1134.0,8,2023,3,1,20230309,20230423,20230501.0,Retard < 30j
FAC-2023-00216,2025-03-26,2025-05-10,2025-05-29,CLI-0045,SVC-023,DEPT-007,2,750.0,0,1500.0,300.0,1800.0,Payée,1500.0,19,2025,3,1,20250326,20250510,20250529.0,Retard < 30j
FAC-2023-00217,2023-10-14,2023-11-13,,CLI-0104,SVC-013,DEPT-001,2,1100.0,0,2200.0,440.0,2640.0,Contentieux,0.0,901,2023,10,4,20231014,20231113,,Contentieux > 90j
FAC-2023-00218,2024-04-20,2024-06-04,,CLI-0031,SVC-014,DEPT-007,2,1500.0,0,3000.0,600.0,3600.0,Retard,0.0,697,2024,4,2,20240420,20240604,,Contentieux > 90j
FAC-2023-00219,2023-03-02,2023-04-01,,CLI-0126,SVC-011,DEPT-004,1,4500.0,5,4275.0,855.0,5130.0,Retard,0.0,1127,2023,3,1,20230302,20230401,,Contentieux > 90j
FAC-2023-00220,2024-12-29,2025-01-28,2025-02-03,CLI-0151,SVC-008,DEPT-007,1,2500.0,0,2500.0,500.0,3000.0,Payée,2500.0,6,2024,12,4,20241229,20250128,20250203.0,Retard < 30j
FAC-2023-00221,2024-08-27,2024-10-11,,CLI-0122,SVC-003,DEPT-001,1,22000.0,5,20900.0,4180.0,25080.0,Retard,0.0,568,2024,8,3,20240827,20241011,,Contentieux > 90j
FAC-2023-00222,2025-02-17,2025-03-19,2025-04-07,CLI-0086,SVC-005,DEPT-003,1,15000.0,5,14250.0,2850.0,17100.0,Payée,14250.0,19,2025,2,1,20250217,20250319,20250407.0,Retard < 30j
FAC-2023-00223,2023-07-07,2023-08-06,2023-08-18,CLI-0115,SVC-004,DEPT-001,1,1200.0,10,1080.0,216.0,1296.0,Payée,1080.0,12,2023,7,3,20230707,20230806,20230818.0,Retard < 30j
FAC-2023-00224,2024-01-19,2024-03-04,2024-03-31,CLI-0042,SVC-003,DEPT-004,1,22000.0,0,22000.0,4400.0,26400.0,Payée,22000.0,27,2024,1,1,20240119,20240304,20240331.0,Retard < 30j
FAC-2023-00225,2023-07-03,2023-08-02,2023-08-17,CLI-0032,SVC-001,DEPT-004,1,3500.0,0,3500.0,700.0,4200.0,Payée,3500.0,15,2023,7,3,20230703,20230802,20230817.0,Retard < 30j
FAC-2023-00226,2025-04-27,2025-06-11,,CLI-0004,SVC-010,DEPT-007,25,45.0,5,1068.75,213.75,1282.5,Retard,0.0,325,2025,4,2,20250427,20250611,,Contentieux > 90j
FAC-2023-00227,2025-12-03,2026-01-02,2026-01-14,CLI-0076,SVC-019,DEPT-003,7,180.0,5,1197.0,239.4,1436.4,Payée,1197.0,12,2025,12,4,20251203,20260102,20260114.0,Retard < 30j
FAC-2023-00228,2023-10-26,2023-11-25,2023-12-16,CLI-0086,SVC-016,DEPT-003,1,1800.0,0,1800.0,360.0,2160.0,Payée,1800.0,21,2023,10,4,20231026,20231125,20231216.0,Retard < 30j
FAC-2023-00229,2025-01-09,2025-03-10,2025-04-05,CLI-0149,SVC-003,DEPT-007,1,22000.0,0,22000.0,4400.0,26400.0,Payée,22000.0,26,2025,1,1,20250109,20250310,20250405.0,Retard < 30j
FAC-2023-00230,2025-07-26,2025-08-25,2025-09-14,CLI-0187,SVC-007,DEPT-003,1,1200.0,0,1200.0,240.0,1440.0,Payée,1200.0,20,2025,7,3,20250726,20250825,20250914.0,Retard < 30j
FAC-2023-00231,2024-11-05,2024-12-20,,CLI-0189,SVC-013,DEPT-007,8,1100.0,0,8800.0,1760.0,10560.0,Retard,0.0,498,2024,11,4,20241105,20241220,,Contentieux > 90j
FAC-2023-00232,2024-10-18,2024-12-02,2024-12-17,CLI-0043,SVC-010,DEPT-002,39,45.0,10,1579.5,315.9,1895.4,Payée,1579.5,15,2024,10,4,20241018,20241202,20241217.0,Retard < 30j
FAC-2023-00233,2024-08-19,2024-09-18,2024-09-28,CLI-0126,SVC-011,DEPT-003,1,4500.0,5,4275.0,855.0,5130.0,Payée,4275.0,10,2024,8,3,20240819,20240918,20240928.0,Retard < 30j
FAC-2023-00234,2025-03-15,2025-04-14,,CLI-0121,SVC-009,DEPT-007,1,180.0,0,180.0,36.0,216.0,Partielle,71.98,383,2025,3,1,20250315,20250414,,Contentieux > 90j
FAC-2023-00235,2023-02-25,2023-04-11,2023-04-24,CLI-0055,SVC-022,DEPT-001,8,600.0,10,4320.0,864.0,5184.0,Payée,4320.0,13,2023,2,1,20230225,20230411,20230424.0,Retard < 30j
FAC-2023-00236,2025-10-19,2025-11-18,2025-11-22,CLI-0129,SVC-022,DEPT-004,3,600.0,5,1710.0,342.0,2052.0,Payée,1710.0,4,2025,10,4,20251019,20251118,20251122.0,Retard < 30j
FAC-2023-00237,2025-07-08,2025-08-07,2025-08-27,CLI-0121,SVC-003,DEPT-007,1,22000.0,15,18700.0,3740.0,22440.0,Payée,18700.0,20,2025,7,3,20250708,20250807,20250827.0,Retard < 30j
FAC-2023-00238,2025-05-06,2025-06-05,,CLI-0156,SVC-023,DEPT-007,9,750.0,0,6750.0,1350.0,8100.0,Contentieux,0.0,331,2025,5,2,20250506,20250605,,Contentieux > 90j
FAC-2023-00239,2023-06-24,2023-07-24,,CLI-0181,SVC-021,DEPT-003,2,800.0,5,1520.0,304.0,1824.0,Retard,0.0,1013,2023,6,2,20230624,20230724,,Contentieux > 90j
FAC-2023-00240,2023-04-01,2023-05-01,,CLI-0051,SVC-021,DEPT-004,10,800.0,15,6800.0,1360.0,8160.0,Retard,0.0,1097,2023,4,2,20230401,20230501,,Contentieux > 90j
FAC-2023-00241,2023-08-05,2023-09-04,2023-10-02,CLI-0104,SVC-014,DEPT-007,1,1500.0,0,1500.0,300.0,1800.0,Payée,1500.0,28,2023,8,3,20230805,20230904,20231002.0,Retard < 30j
FAC-2023-00242,2024-03-28,2024-05-12,2024-06-08,CLI-0177,SVC-023,DEPT-002,8,750.0,0,6000.0,1200.0,7200.0,Payée,6000.0,27,2024,3,1,20240328,20240512,20240608.0,Retard < 30j
FAC-2023-00243,2025-09-15,2025-10-15,2025-10-15,CLI-0109,SVC-001,DEPT-001,1,3500.0,0,3500.0,700.0,4200.0,Payée,3500.0,0,2025,9,3,20250915,20251015,20251015.0,Dans les délais
FAC-2023-00244,2024-09-30,2024-11-14,,CLI-0045,SVC-012,DEPT-007,1,3200.0,0,3200.0,640.0,3840.0,Retard,0.0,534,2024,9,3,20240930,20241114,,Contentieux > 90j
FAC-2023-00245,2025-09-02,2025-11-01,,CLI-0149,SVC-012,DEPT-004,1,3200.0,0,3200.0,640.0,3840.0,Retard,0.0,182,2025,9,3,20250902,20251101,,Contentieux > 90j
FAC-2023-00246,2024-09-06,2024-10-21,,CLI-0101,SVC-003,DEPT-001,1,22000.0,0,22000.0,4400.0,26400.0,Retard,0.0,558,2024,9,3,20240906,20241021,,Contentieux > 90j
FAC-2023-00247,2023-08-12,2023-09-26,,CLI-0108,SVC-021,DEPT-007,3,800.0,10,2160.0,432.0,2592.0,Retard,0.0,949,2023,8,3,20230812,20230926,,Contentieux > 90j
FAC-2023-00248,2023-11-24,2024-01-23,2024-02-16,CLI-0053,SVC-018,DEPT-002,1,6500.0,0,6500.0,1300.0,7800.0,Payée,6500.0,24,2023,11,4,20231124,20240123,20240216.0,Retard < 30j
FAC-2023-00249,2024-01-13,2024-02-12,2024-02-12,CLI-0128,SVC-021,DEPT-007,3,800.0,5,2280.0,456.0,2736.0,Payée,2280.0,0,2024,1,1,20240113,20240212,20240212.0,Dans les délais
FAC-2023-00250,2025-05-29,2025-07-13,,CLI-0059,SVC-015,DEPT-002,1,2800.0,0,2800.0,560.0,3360.0,Retard,0.0,293,2025,5,2,20250529,20250713,,Contentieux > 90j
FAC-2023-00251,2023-05-09,2023-06-23,,CLI-0090,SVC-023,DEPT-003,10,750.0,0,7500.0,1500.0,9000.0,Partielle,2951.1,1044,2023,5,2,20230509,20230623,,Contentieux > 90j
FAC-2023-00252,2023-08-22,2023-10-06,,CLI-0059,SVC-015,DEPT-003,1,2800.0,0,2800.0,560.0,3360.0,Partielle,1578.8,939,2023,8,3,20230822,20231006,,Contentieux > 90j
FAC-2023-00253,2025-03-14,2025-04-13,2025-05-07,CLI-0181,SVC-013,DEPT-007,10,1100.0,0,11000.0,2200.0,13200.0,Payée,11000.0,24,2025,3,1,20250314,20250413,20250507.0,Retard < 30j
FAC-2023-00254,2024-09-01,2024-10-31,,CLI-0053,SVC-022,DEPT-003,10,600.0,0,6000.0,1200.0,7200.0,Retard,0.0,548,2024,9,3,20240901,20241031,,Contentieux > 90j
FAC-2023-00255,2024-09-17,2024-10-17,2024-10-21,CLI-0038,SVC-008,DEPT-007,1,2500.0,0,2500.0,500.0,3000.0,Payée,2500.0,4,2024,9,3,20240917,20241017,20241021.0,Retard < 30j
FAC-2023-00256,2023-10-10,2023-11-24,2023-12-23,CLI-0124,SVC-014,DEPT-002,10,1500.0,0,15000.0,3000.0,18000.0,Payée,15000.0,29,2023,10,4,20231010,20231124,20231223.0,Retard < 30j
FAC-2023-00257,2025-09-29,2025-11-13,2025-12-06,CLI-0171,SVC-006,DEPT-007,1,450.0,0,450.0,90.0,540.0,Payée,450.0,23,2025,9,3,20250929,20251113,20251206.0,Retard < 30j
FAC-2023-00258,2023-01-20,2023-02-19,2023-03-10,CLI-0016,SVC-012,DEPT-007,1,3200.0,0,3200.0,640.0,3840.0,Payée,3200.0,19,2023,1,1,20230120,20230219,20230310.0,Retard < 30j
FAC-2023-00259,2025-10-10,2025-11-09,2025-12-02,CLI-0156,SVC-021,DEPT-004,7,800.0,5,5320.0,1064.0,6384.0,Payée,5320.0,23,2025,10,4,20251010,20251109,20251202.0,Retard < 30j
FAC-2023-00260,2023-03-05,2023-04-04,2023-04-04,CLI-0051,SVC-003,DEPT-003,1,22000.0,5,20900.0,4180.0,25080.0,Payée,20900.0,0,2023,3,1,20230305,20230404,20230404.0,Dans les délais
FAC-2023-00261,2024-08-14,2024-09-13,2024-10-09,CLI-0070,SVC-018,DEPT-007,1,6500.0,0,6500.0,1300.0,7800.0,Payée,6500.0,26,2024,8,3,20240814,20240913,20241009.0,Retard < 30j
FAC-2023-00262,2023-08-22,2023-10-21,,CLI-0157,SVC-004,DEPT-003,5,1200.0,5,5700.0,1140.0,6840.0,Retard,0.0,924,2023,8,3,20230822,20231021,,Contentieux > 90j
FAC-2023-00263,2025-06-22,2025-07-22,,CLI-0166,SVC-002,DEPT-001,1,8500.0,0,8500.0,1700.0,10200.0,Contentieux,0.0,284,2025,6,2,20250622,20250722,,Contentieux > 90j
FAC-2023-00264,2023-03-08,2023-04-07,,CLI-0079,SVC-010,DEPT-001,29,45.0,0,1305.0,261.0,1566.0,Partielle,448.26,1121,2023,3,1,20230308,20230407,,Contentieux > 90j
FAC-2023-00265,2024-12-19,2025-02-17,2025-03-11,CLI-0074,SVC-007,DEPT-002,1,1200.0,10,1080.0,216.0,1296.0,Payée,1080.0,22,2024,12,4,20241219,20250217,20250311.0,Retard < 30j
FAC-2023-00266,2024-02-28,2024-03-29,,CLI-0187,SVC-005,DEPT-007,1,15000.0,10,13500.0,2700.0,16200.0,Retard,0.0,764,2024,2,1,20240228,20240329,,Contentieux > 90j
FAC-2023-00267,2024-07-29,2024-08-28,2024-09-10,CLI-0110,SVC-018,DEPT-003,1,6500.0,0,6500.0,1300.0,7800.0,Payée,6500.0,13,2024,7,3,20240729,20240828,20240910.0,Retard < 30j
FAC-2023-00268,2025-11-19,2026-01-03,,CLI-0175,SVC-009,DEPT-001,1,180.0,15,153.0,30.6,183.6,Retard,0.0,119,2025,11,4,20251119,20260103,,Contentieux > 90j
FAC-2023-00269,2023-05-02,2023-06-16,2023-06-19,CLI-0043,SVC-014,DEPT-002,5,1500.0,10,6750.0,1350.0,8100.0,Payée,6750.0,3,2023,5,2,20230502,20230616,20230619.0,Retard < 30j
FAC-2023-00270,2024-10-21,2024-12-20,,CLI-0046,SVC-023,DEPT-004,4,750.0,5,2850.0,570.0,3420.0,Retard,0.0,498,2024,10,4,20241021,20241220,,Contentieux > 90j
FAC-2023-00271,2024-07-04,2024-08-18,2024-08-18,CLI-0045,SVC-019,DEPT-004,15,180.0,0,2700.0,540.0,3240.0,Payée,2700.0,0,2024,7,3,20240704,20240818,20240818.0,Dans les délais
FAC-2023-00272,2024-07-23,2024-08-22,2024-08-22,CLI-0158,SVC-024,DEPT-001,6,700.0,0,4200.0,840.0,5040.0,Payée,4200.0,0,2024,7,3,20240723,20240822,20240822.0,Dans les délais
FAC-2023-00273,2025-01-03,2025-03-04,2025-03-26,CLI-0143,SVC-021,DEPT-002,2,800.0,5,1520.0,304.0,1824.0,Payée,1520.0,22,2025,1,1,20250103,20250304,20250326.0,Retard < 30j
FAC-2023-00274,2024-10-23,2024-11-22,2024-11-25,CLI-0152,SVC-009,DEPT-007,1,180.0,10,162.0,32.4,194.4,Payée,162.0,3,2024,10,4,20241023,20241122,20241125.0,Retard < 30j
FAC-2023-00275,2023-04-10,2023-05-10,2023-06-03,CLI-0150,SVC-011,DEPT-001,1,4500.0,0,4500.0,900.0,5400.0,Payée,4500.0,24,2023,4,2,20230410,20230510,20230603.0,Retard < 30j
FAC-2023-00276,2025-06-22,2025-08-06,,CLI-0039,SVC-006,DEPT-004,1,450.0,0,450.0,90.0,540.0,Contentieux,0.0,269,2025,6,2,20250622,20250806,,Contentieux > 90j
FAC-2023-00277,2023-09-28,2023-10-28,,CLI-0060,SVC-023,DEPT-003,5,750.0,0,3750.0,750.0,4500.0,Partielle,1638.79,917,2023,9,3,20230928,20231028,,Contentieux > 90j
FAC-2023-00278,2025-01-31,2025-03-02,2025-03-02,CLI-0080,SVC-003,DEPT-004,1,22000.0,5,20900.0,4180.0,25080.0,Payée,20900.0,0,2025,1,1,20250131,20250302,20250302.0,Dans les délais
FAC-2023-00279,2024-04-24,2024-06-08,,CLI-0192,SVC-010,DEPT-001,28,45.0,5,1197.0,239.4,1436.4,Retard,0.0,693,2024,4,2,20240424,20240608,,Contentieux > 90j
FAC-2023-00280,2023-06-09,2023-07-09,2023-08-01,CLI-0065,SVC-016,DEPT-001,1,1800.0,0,1800.0,360.0,2160.0,Payée,1800.0,23,2023,6,2,20230609,20230709,20230801.0,Retard < 30j
FAC-2023-00281,2024-12-04,2025-01-03,2025-01-06,CLI-0003,SVC-023,DEPT-004,2,750.0,15,1275.0,255.0,1530.0,Payée,1275.0,3,2024,12,4,20241204,20250103,20250106.0,Retard < 30j
FAC-2023-00282,2025-02-23,2025-04-09,,CLI-0022,SVC-008,DEPT-001,1,2500.0,0,2500.0,500.0,3000.0,Retard,0.0,388,2025,2,1,20250223,20250409,,Contentieux > 90j
FAC-2023-00283,2024-09-04,2024-10-04,,CLI-0099,SVC-012,DEPT-002,1,3200.0,0,3200.0,640.0,3840.0,Retard,0.0,575,2024,9,3,20240904,20241004,,Contentieux > 90j
FAC-2023-00284,2023-10-20,2023-11-19,2023-11-24,CLI-0197,SVC-022,DEPT-004,2,600.0,0,1200.0,240.0,1440.0,Payée,1200.0,5,2023,10,4,20231020,20231119,20231124.0,Retard < 30j
FAC-2023-00285,2024-03-12,2024-04-11,2024-05-04,CLI-0110,SVC-024,DEPT-002,3,700.0,10,1890.0,378.0,2268.0,Payée,1890.0,23,2024,3,1,20240312,20240411,20240504.0,Retard < 30j
FAC-2023-00286,2023-10-14,2023-11-13,2023-12-05,CLI-0027,SVC-004,DEPT-003,2,1200.0,0,2400.0,480.0,2880.0,Payée,2400.0,22,2023,10,4,20231014,20231113,20231205.0,Retard < 30j
FAC-2023-00287,2024-07-21,2024-08-20,2024-09-02,CLI-0044,SVC-008,DEPT-001,1,2500.0,5,2375.0,475.0,2850.0,Payée,2375.0,13,2024,7,3,20240721,20240820,20240902.0,Retard < 30j
FAC-2023-00288,2025-11-26,2026-01-10,2026-01-30,CLI-0096,SVC-007,DEPT-003,1,1200.0,5,1140.0,228.0,1368.0,Payée,1140.0,20,2025,11,4,20251126,20260110,20260130.0,Retard < 30j
FAC-2023-00289,2024-05-05,2024-06-04,2024-06-30,CLI-0199,SVC-002,DEPT-007,1,8500.0,0,8500.0,1700.0,10200.0,Payée,8500.0,26,2024,5,2,20240505,20240604,20240630.0,Retard < 30j
FAC-2023-00290,2023-01-25,2023-03-11,,CLI-0022,SVC-017,DEPT-007,1,950.0,15,807.5,161.5,969.0,Partielle,295.54,1148,2023,1,1,20230125,20230311,,Contentieux > 90j
FAC-2023-00291,2023-12-20,2024-02-03,,CLI-0133,SVC-012,DEPT-001,1,3200.0,5,3040.0,608.0,3648.0,Contentieux,0.0,819,2023,12,4,20231220,20240203,,Contentieux > 90j
FAC-2023-00292,2023-05-19,2023-07-18,2023-07-18,CLI-0005,SVC-019,DEPT-004,2,180.0,0,360.0,72.0,432.0,Payée,360.0,0,2023,5,2,20230519,20230718,20230718.0,Dans les délais
FAC-2023-00293,2025-10-23,2025-11-22,,CLI-0156,SVC-010,DEPT-001,50,45.0,0,2250.0,450.0,2700.0,Retard,0.0,161,2025,10,4,20251023,20251122,,Contentieux > 90j
FAC-2023-00294,2023-11-09,2024-01-08,2024-02-04,CLI-0196,SVC-018,DEPT-002,1,6500.0,0,6500.0,1300.0,7800.0,Payée,6500.0,27,2023,11,4,20231109,20240108,20240204.0,Retard < 30j
FAC-2023-00295,2024-10-31,2024-12-15,2024-12-15,CLI-0048,SVC-018,DEPT-003,1,6500.0,0,6500.0,1300.0,7800.0,Payée,6500.0,0,2024,10,4,20241031,20241215,20241215.0,Dans les délais
FAC-2023-00296,2024-05-03,2024-06-17,,CLI-0137,SVC-024,DEPT-007,1,700.0,0,700.0,140.0,840.0,Partielle,250.6,684,2024,5,2,20240503,20240617,,Contentieux > 90j
FAC-2023-00297,2024-09-25,2024-11-09,,CLI-0185,SVC-002,DEPT-002,1,8500.0,5,8075.0,1615.0,9690.0,Retard,0.0,539,2024,9,3,20240925,20241109,,Contentieux > 90j
FAC-2023-00298,2023-10-09,2023-11-08,2023-11-25,CLI-0038,SVC-001,DEPT-007,1,3500.0,5,3325.0,665.0,3990.0,Payée,3325.0,17,2023,10,4,20231009,20231108,20231125.0,Retard < 30j
FAC-2023-00299,2024-06-14,2024-07-29,,CLI-0159,SVC-024,DEPT-003,3,700.0,0,2100.0,420.0,2520.0,Retard,0.0,642,2024,6,2,20240614,20240729,,Contentieux > 90j
FAC-2023-00300,2024-11-17,2024-12-17,2024-12-17,CLI-0038,SVC-001,DEPT-003,1,3500.0,10,3150.0,630.0,3780.0,Payée,3150.0,0,2024,11,4,20241117,20241217,20241217.0,Dans les délais
FAC-2023-00301,2023-06-07,2023-07-07,2023-08-02,CLI-0176,SVC-021,DEPT-007,8,800.0,0,6400.0,1280.0,7680.0,Payée,6400.0,26,2023,6,2,20230607,20230707,20230802.0,Retard < 30j
FAC-2023-00302,2023-11-19,2023-12-19,2023-12-21,CLI-0051,SVC-012,DEPT-002,1,3200.0,0,3200.0,640.0,3840.0,Payée,3200.0,2,2023,11,4,20231119,20231219,20231221.0,Retard < 30j
FAC-2023-00303,2023-04-01,2023-05-31,2023-05-31,CLI-0157,SVC-001,DEPT-004,1,3500.0,10,3150.0,630.0,3780.0,Payée,3150.0,0,2023,4,2,20230401,20230531,20230531.0,Dans les délais
FAC-2023-00304,2023-11-04,2023-12-19,,CLI-0116,SVC-013,DEPT-004,3,1100.0,10,2970.0,594.0,3564.0,Partielle,1712.0,865,2023,11,4,20231104,20231219,,Contentieux > 90j
FAC-2023-00305,2024-05-23,2024-06-22,,CLI-0070,SVC-011,DEPT-003,1,4500.0,0,4500.0,900.0,5400.0,Retard,0.0,679,2024,5,2,20240523,20240622,,Contentieux > 90j
FAC-2023-00306,2025-02-02,2025-03-04,,CLI-0023,SVC-019,DEPT-007,5,180.0,0,900.0,180.0,1080.0,Partielle,350.7,424,2025,2,1,20250202,20250304,,Contentieux > 90j
FAC-2023-00307,2023-05-22,2023-06-21,,CLI-0014,SVC-013,DEPT-003,8,1100.0,10,7920.0,1584.0,9504.0,Retard,0.0,1046,2023,5,2,20230522,20230621,,Contentieux > 90j
FAC-2023-00308,2025-07-24,2025-09-22,2025-10-06,CLI-0103,SVC-003,DEPT-007,1,22000.0,0,22000.0,4400.0,26400.0,Payée,22000.0,14,2025,7,3,20250724,20250922,20251006.0,Retard < 30j
FAC-2023-00309,2025-01-24,2025-02-23,2025-03-02,CLI-0076,SVC-015,DEPT-007,1,2800.0,0,2800.0,560.0,3360.0,Payée,2800.0,7,2025,1,1,20250124,20250223,20250302.0,Retard < 30j
FAC-2023-00310,2023-01-14,2023-02-13,2023-03-14,CLI-0076,SVC-005,DEPT-003,1,15000.0,10,13500.0,2700.0,16200.0,Payée,13500.0,29,2023,1,1,20230114,20230213,20230314.0,Retard < 30j
FAC-2023-00311,2023-01-20,2023-04-20,,CLI-0195,SVC-023,DEPT-003,6,750.0,0,4500.0,900.0,5400.0,Retard,0.0,1108,2023,1,1,20230120,20230420,,Contentieux > 90j
FAC-2023-00312,2025-12-21,2026-01-20,2026-01-20,CLI-0032,SVC-007,DEPT-002,1,1200.0,15,1020.0,204.0,1224.0,Payée,1020.0,0,2025,12,4,20251221,20260120,20260120.0,Dans les délais
FAC-2023-00313,2023-03-31,2023-05-15,,CLI-0090,SVC-003,DEPT-003,1,22000.0,10,19800.0,3960.0,23760.0,Partielle,11085.62,1083,2023,3,1,20230331,20230515,,Contentieux > 90j
FAC-2023-00314,2023-06-23,2023-08-22,2023-09-11,CLI-0143,SVC-024,DEPT-001,10,700.0,0,7000.0,1400.0,8400.0,Payée,7000.0,20,2023,6,2,20230623,20230822,20230911.0,Retard < 30j
FAC-2023-00315,2023-05-08,2023-06-22,2023-07-05,CLI-0180,SVC-019,DEPT-003,15,180.0,5,2565.0,513.0,3078.0,Payée,2565.0,13,2023,5,2,20230508,20230622,20230705.0,Retard < 30j
FAC-2023-00316,2024-10-30,2024-11-29,2024-12-06,CLI-0099,SVC-013,DEPT-002,6,1100.0,0,6600.0,1320.0,7920.0,Payée,6600.0,7,2024,10,4,20241030,20241129,20241206.0,Retard < 30j
FAC-2023-00317,2023-11-15,2023-12-15,2024-01-05,CLI-0178,SVC-004,DEPT-001,2,1200.0,0,2400.0,480.0,2880.0,Payée,2400.0,21,2023,11,4,20231115,20231215,20240105.0,Retard < 30j
FAC-2023-00318,2024-03-01,2024-04-30,2024-05-02,CLI-0165,SVC-012,DEPT-001,1,3200.0,0,3200.0,640.0,3840.0,Payée,3200.0,2,2024,3,1,20240301,20240430,20240502.0,Retard < 30j
FAC-2023-00319,2024-09-15,2024-10-30,,CLI-0049,SVC-022,DEPT-003,10,600.0,0,6000.0,1200.0,7200.0,Retard,0.0,549,2024,9,3,20240915,20241030,,Contentieux > 90j
FAC-2023-00320,2024-05-23,2024-07-22,2024-07-22,CLI-0046,SVC-003,DEPT-003,1,22000.0,15,18700.0,3740.0,22440.0,Payée,18700.0,0,2024,5,2,20240523,20240722,20240722.0,Dans les délais
FAC-2023-00321,2023-03-05,2023-04-04,,CLI-0083,SVC-006,DEPT-007,1,450.0,15,382.5,76.5,459.0,Partielle,221.08,1124,2023,3,1,20230305,20230404,,Contentieux > 90j
FAC-2023-00322,2025-08-04,2025-09-03,2025-09-03,CLI-0079,SVC-004,DEPT-001,2,1200.0,10,2160.0,432.0,2592.0,Payée,2160.0,0,2025,8,3,20250804,20250903,20250903.0,Dans les délais
FAC-2023-00323,2024-02-10,2024-04-10,2024-04-10,CLI-0069,SVC-005,DEPT-007,1,15000.0,10,13500.0,2700.0,16200.0,Payée,13500.0,0,2024,2,1,20240210,20240410,20240410.0,Dans les délais
FAC-2023-00324,2023-06-03,2023-09-01,2023-09-24,CLI-0179,SVC-009,DEPT-002,1,180.0,0,180.0,36.0,216.0,Payée,180.0,23,2023,6,2,20230603,20230901,20230924.0,Retard < 30j
FAC-2023-00325,2023-09-08,2023-10-08,2023-10-13,CLI-0028,SVC-011,DEPT-007,1,4500.0,0,4500.0,900.0,5400.0,Payée,4500.0,5,2023,9,3,20230908,20231008,20231013.0,Retard < 30j
FAC-2023-00326,2025-03-19,2025-05-03,,CLI-0136,SVC-024,DEPT-002,8,700.0,0,5600.0,1120.0,6720.0,Retard,0.0,364,2025,3,1,20250319,20250503,,Contentieux > 90j
FAC-2023-00327,2024-01-19,2024-02-18,2024-02-22,CLI-0111,SVC-007,DEPT-001,1,1200.0,0,1200.0,240.0,1440.0,Payée,1200.0,4,2024,1,1,20240119,20240218,20240222.0,Retard < 30j
FAC-2023-00328,2024-05-18,2024-06-17,,CLI-0187,SVC-020,DEPT-001,5,1400.0,0,7000.0,1400.0,8400.0,Partielle,3776.61,684,2024,5,2,20240518,20240617,,Contentieux > 90j
FAC-2023-00329,2023-10-09,2023-11-23,,CLI-0090,SVC-013,DEPT-007,7,1100.0,0,7700.0,1540.0,9240.0,Partielle,4334.38,891,2023,10,4,20231009,20231123,,Contentieux > 90j
FAC-2023-00330,2025-01-05,2025-03-06,2025-04-02,CLI-0005,SVC-013,DEPT-003,8,1100.0,0,8800.0,1760.0,10560.0,Payée,8800.0,27,2025,1,1,20250105,20250306,20250402.0,Retard < 30j
FAC-2023-00331,2024-01-04,2024-02-18,2024-02-18,CLI-0124,SVC-009,DEPT-003,1,180.0,0,180.0,36.0,216.0,Payée,180.0,0,2024,1,1,20240104,20240218,20240218.0,Dans les délais
FAC-2023-00332,2025-12-20,2026-02-03,2026-02-12,CLI-0017,SVC-016,DEPT-002,1,1800.0,0,1800.0,360.0,2160.0,Payée,1800.0,9,2025,12,4,20251220,20260203,20260212.0,Retard < 30j
FAC-2023-00333,2024-05-08,2024-06-22,,CLI-0031,SVC-008,DEPT-001,1,2500.0,0,2500.0,500.0,3000.0,Retard,0.0,679,2024,5,2,20240508,20240622,,Contentieux > 90j
FAC-2023-00334,2025-03-06,2025-05-05,,CLI-0069,SVC-019,DEPT-002,13,180.0,10,2106.0,421.2,2527.2,Contentieux,0.0,362,2025,3,1,20250306,20250505,,Contentieux > 90j
FAC-2023-00335,2024-10-13,2024-11-12,,CLI-0054,SVC-008,DEPT-007,1,2500.0,10,2250.0,450.0,2700.0,Retard,0.0,536,2024,10,4,20241013,20241112,,Contentieux > 90j
FAC-2023-00336,2024-12-21,2025-01-20,2025-01-27,CLI-0008,SVC-023,DEPT-004,10,750.0,0,7500.0,1500.0,9000.0,Payée,7500.0,7,2024,12,4,20241221,20250120,20250127.0,Retard < 30j
FAC-2023-00337,2023-12-26,2024-01-25,2024-02-03,CLI-0166,SVC-010,DEPT-001,32,45.0,0,1440.0,288.0,1728.0,Payée,1440.0,9,2023,12,4,20231226,20240125,20240203.0,Retard < 30j
FAC-2023-00338,2023-01-02,2023-02-01,2023-02-04,CLI-0162,SVC-016,DEPT-003,1,1800.0,0,1800.0,360.0,2160.0,Payée,1800.0,3,2023,1,1,20230102,20230201,20230204.0,Retard < 30j
FAC-2023-00339,2023-05-02,2023-06-01,2023-06-05,CLI-0054,SVC-011,DEPT-001,1,4500.0,0,4500.0,900.0,5400.0,Payée,4500.0,4,2023,5,2,20230502,20230601,20230605.0,Retard < 30j
FAC-2023-00340,2023-05-29,2023-06-28,,CLI-0162,SVC-012,DEPT-001,1,3200.0,0,3200.0,640.0,3840.0,Partielle,1592.95,1039,2023,5,2,20230529,20230628,,Contentieux > 90j
FAC-2023-00341,2024-10-22,2024-12-21,,CLI-0107,SVC-010,DEPT-004,9,45.0,15,344.25,68.85,413.1,Retard,0.0,497,2024,10,4,20241022,20241221,,Contentieux > 90j
FAC-2023-00342,2024-10-11,2024-12-10,,CLI-0196,SVC-016,DEPT-007,1,1800.0,0,1800.0,360.0,2160.0,Contentieux,0.0,508,2024,10,4,20241011,20241210,,Contentieux > 90j
FAC-2023-00343,2023-12-26,2024-02-09,,CLI-0112,SVC-008,DEPT-003,1,2500.0,0,2500.0,500.0,3000.0,Retard,0.0,813,2023,12,4,20231226,20240209,,Contentieux > 90j
FAC-2023-00344,2023-01-04,2023-02-03,,CLI-0041,SVC-006,DEPT-007,1,450.0,10,405.0,81.0,486.0,Partielle,200.8,1184,2023,1,1,20230104,20230203,,Contentieux > 90j
FAC-2023-00345,2024-10-13,2024-11-12,,CLI-0010,SVC-006,DEPT-002,1,450.0,10,405.0,81.0,486.0,Contentieux,0.0,536,2024,10,4,20241013,20241112,,Contentieux > 90j
FAC-2023-00346,2023-08-02,2023-10-01,,CLI-0196,SVC-019,DEPT-002,17,180.0,0,3060.0,612.0,3672.0,Retard,0.0,944,2023,8,3,20230802,20231001,,Contentieux > 90j
FAC-2023-00347,2023-12-10,2024-01-09,,CLI-0109,SVC-011,DEPT-003,1,4500.0,5,4275.0,855.0,5130.0,Contentieux,0.0,844,2023,12,4,20231210,20240109,,Contentieux > 90j
FAC-2023-00348,2024-06-27,2024-07-27,,CLI-0140,SVC-001,DEPT-003,1,3500.0,0,3500.0,700.0,4200.0,Retard,0.0,644,2024,6,2,20240627,20240727,,Contentieux > 90j
FAC-2023-00349,2023-01-03,2023-02-02,,CLI-0082,SVC-004,DEPT-002,1,1200.0,0,1200.0,240.0,1440.0,Retard,0.0,1185,2023,1,1,20230103,20230202,,Contentieux > 90j
FAC-2023-00350,2025-02-14,2025-04-15,2025-05-10,CLI-0130,SVC-016,DEPT-007,1,1800.0,0,1800.0,360.0,2160.0,Payée,1800.0,25,2025,2,1,20250214,20250415,20250510.0,Retard < 30j
FAC-2023-00351,2024-04-06,2024-05-06,,CLI-0200,SVC-022,DEPT-001,3,600.0,0,1800.0,360.0,2160.0,Retard,0.0,726,2024,4,2,20240406,20240506,,Contentieux > 90j
FAC-2023-00352,2024-10-14,2024-11-28,2024-12-14,CLI-0094,SVC-001,DEPT-002,1,3500.0,0,3500.0,700.0,4200.0,Payée,3500.0,16,2024,10,4,20241014,20241128,20241214.0,Retard < 30j
FAC-2023-00353,2023-06-03,2023-07-03,,CLI-0121,SVC-006,DEPT-007,1,450.0,0,450.0,90.0,540.0,Partielle,155.95,1034,2023,6,2,20230603,20230703,,Contentieux > 90j
FAC-2023-00354,2023-03-05,2023-04-04,,CLI-0187,SVC-016,DEPT-007,1,1800.0,0,1800.0,360.0,2160.0,Retard,0.0,1124,2023,3,1,20230305,20230404,,Contentieux > 90j
FAC-2023-00355,2023-04-20,2023-06-04,2023-06-11,CLI-0137,SVC-006,DEPT-004,1,450.0,0,450.0,90.0,540.0,Payée,450.0,7,2023,4,2,20230420,20230604,20230611.0,Retard < 30j
FAC-2023-00356,2024-06-27,2024-07-27,2024-08-16,CLI-0170,SVC-024,DEPT-007,5,700.0,0,3500.0,700.0,4200.0,Payée,3500.0,20,2024,6,2,20240627,20240727,20240816.0,Retard < 30j
FAC-2023-00357,2023-11-11,2023-12-26,2023-12-26,CLI-0169,SVC-016,DEPT-003,1,1800.0,0,1800.0,360.0,2160.0,Payée,1800.0,0,2023,11,4,20231111,20231226,20231226.0,Dans les délais
FAC-2023-00358,2025-09-10,2025-10-25,2025-11-07,CLI-0192,SVC-020,DEPT-001,4,1400.0,0,5600.0,1120.0,6720.0,Payée,5600.0,13,2025,9,3,20250910,20251025,20251107.0,Retard < 30j
FAC-2023-00359,2024-09-23,2024-11-07,,CLI-0147,SVC-004,DEPT-007,7,1200.0,0,8400.0,1680.0,10080.0,Partielle,3633.02,541,2024,9,3,20240923,20241107,,Contentieux > 90j
FAC-2023-00360,2025-01-29,2025-03-15,2025-04-07,CLI-0124,SVC-006,DEPT-001,1,450.0,10,405.0,81.0,486.0,Payée,405.0,23,2025,1,1,20250129,20250315,20250407.0,Retard < 30j
FAC-2023-00361,2025-08-10,2025-09-09,,CLI-0084,SVC-015,DEPT-007,1,2800.0,0,2800.0,560.0,3360.0,Retard,0.0,235,2025,8,3,20250810,20250909,,Contentieux > 90j
FAC-2023-00362,2023-07-18,2023-08-17,2023-09-15,CLI-0018,SVC-005,DEPT-004,1,15000.0,0,15000.0,3000.0,18000.0,Payée,15000.0,29,2023,7,3,20230718,20230817,20230915.0,Retard < 30j
FAC-2023-00363,2023-05-05,2023-08-03,,CLI-0179,SVC-008,DEPT-004,1,2500.0,10,2250.0,450.0,2700.0,Retard,0.0,1003,2023,5,2,20230505,20230803,,Contentieux > 90j
FAC-2023-00364,2025-08-30,2025-10-29,2025-10-29,CLI-0165,SVC-022,DEPT-004,10,600.0,10,5400.0,1080.0,6480.0,Payée,5400.0,0,2025,8,3,20250830,20251029,20251029.0,Dans les délais
FAC-2023-00365,2025-11-24,2025-12-24,,CLI-0010,SVC-017,DEPT-007,1,950.0,10,855.0,171.0,1026.0,Retard,0.0,129,2025,11,4,20251124,20251224,,Contentieux > 90j
FAC-2023-00366,2025-07-08,2025-09-06,2025-09-14,CLI-0046,SVC-004,DEPT-002,3,1200.0,10,3240.0,648.0,3888.0,Payée,3240.0,8,2025,7,3,20250708,20250906,20250914.0,Retard < 30j
FAC-2023-00367,2025-05-17,2025-06-16,,CLI-0041,SVC-002,DEPT-002,1,8500.0,0,8500.0,1700.0,10200.0,Retard,0.0,320,2025,5,2,20250517,20250616,,Contentieux > 90j
FAC-2023-00368,2024-06-12,2024-07-27,,CLI-0192,SVC-005,DEPT-001,1,15000.0,0,15000.0,3000.0,18000.0,Retard,0.0,644,2024,6,2,20240612,20240727,,Contentieux > 90j
FAC-2023-00369,2025-03-24,2025-04-23,2025-05-17,CLI-0027,SVC-013,DEPT-001,9,1100.0,0,9900.0,1980.0,11880.0,Payée,9900.0,24,2025,3,1,20250324,20250423,20250517.0,Retard < 30j
FAC-2023-00370,2025-12-06,2026-01-20,2026-01-21,CLI-0190,SVC-019,DEPT-001,15,180.0,0,2700.0,540.0,3240.0,Payée,2700.0,1,2025,12,4,20251206,20260120,20260121.0,Retard < 30j
FAC-2023-00371,2024-08-08,2024-10-07,,CLI-0173,SVC-004,DEPT-004,9,1200.0,10,9720.0,1944.0,11664.0,Partielle,4199.7,572,2024,8,3,20240808,20241007,,Contentieux > 90j
FAC-2023-00372,2025-08-26,2025-10-10,2025-10-30,CLI-0175,SVC-020,DEPT-001,1,1400.0,0,1400.0,280.0,1680.0,Payée,1400.0,20,2025,8,3,20250826,20251010,20251030.0,Retard < 30j
FAC-2023-00373,2024-05-01,2024-05-31,2024-06-12,CLI-0126,SVC-011,DEPT-003,1,4500.0,0,4500.0,900.0,5400.0,Payée,4500.0,12,2024,5,2,20240501,20240531,20240612.0,Retard < 30j
FAC-2023-00374,2024-09-12,2024-10-12,,CLI-0006,SVC-011,DEPT-001,1,4500.0,0,4500.0,900.0,5400.0,Retard,0.0,567,2024,9,3,20240912,20241012,,Contentieux > 90j
FAC-2023-00375,2024-09-07,2024-10-07,2024-10-22,CLI-0071,SVC-005,DEPT-003,1,15000.0,15,12750.0,2550.0,15300.0,Payée,12750.0,15,2024,9,3,20240907,20241007,20241022.0,Retard < 30j
FAC-2023-00376,2023-07-02,2023-08-16,,CLI-0132,SVC-020,DEPT-004,4,1400.0,0,5600.0,1120.0,6720.0,Partielle,2820.08,990,2023,7,3,20230702,20230816,,Contentieux > 90j
FAC-2023-00377,2023-04-26,2023-06-10,2023-06-24,CLI-0159,SVC-012,DEPT-007,1,3200.0,0,3200.0,640.0,3840.0,Payée,3200.0,14,2023,4,2,20230426,20230610,20230624.0,Retard < 30j
FAC-2023-00378,2025-12-09,2026-01-08,2026-01-15,CLI-0128,SVC-005,DEPT-002,1,15000.0,10,13500.0,2700.0,16200.0,Payée,13500.0,7,2025,12,4,20251209,20260108,20260115.0,Retard < 30j
FAC-2023-00379,2023-03-09,2023-04-23,,CLI-0017,SVC-008,DEPT-003,1,2500.0,0,2500.0,500.0,3000.0,Partielle,1630.79,1105,2023,3,1,20230309,20230423,,Contentieux > 90j
FAC-2023-00380,2025-10-31,2025-12-15,,CLI-0117,SVC-015,DEPT-002,1,2800.0,0,2800.0,560.0,3360.0,Partielle,1793.64,138,2025,10,4,20251031,20251215,,Contentieux > 90j
FAC-2023-00381,2025-07-02,2025-08-16,,CLI-0119,SVC-016,DEPT-003,1,1800.0,0,1800.0,360.0,2160.0,Partielle,1068.19,259,2025,7,3,20250702,20250816,,Contentieux > 90j
FAC-2023-00382,2024-06-13,2024-07-13,,CLI-0109,SVC-006,DEPT-003,1,450.0,5,427.5,85.5,513.0,Retard,0.0,658,2024,6,2,20240613,20240713,,Contentieux > 90j
FAC-2023-00383,2023-04-12,2023-05-12,,CLI-0008,SVC-013,DEPT-002,3,1100.0,10,2970.0,594.0,3564.0,Retard,0.0,1086,2023,4,2,20230412,20230512,,Contentieux > 90j
FAC-2023-00384,2024-04-06,2024-06-05,2024-06-05,CLI-0069,SVC-021,DEPT-001,4,800.0,0,3200.0,640.0,3840.0,Payée,3200.0,0,2024,4,2,20240406,20240605,20240605.0,Dans les délais
FAC-2023-00385,2023-12-21,2024-02-04,2024-02-15,CLI-0147,SVC-005,DEPT-007,1,15000.0,5,14250.0,2850.0,17100.0,Payée,14250.0,11,2023,12,4,20231221,20240204,20240215.0,Retard < 30j
FAC-2023-00386,2024-07-17,2024-08-16,,CLI-0097,SVC-023,DEPT-002,7,750.0,10,4725.0,945.0,5670.0,Partielle,2501.88,624,2024,7,3,20240717,20240816,,Contentieux > 90j
FAC-2023-00387,2025-12-02,2026-01-01,2026-01-28,CLI-0145,SVC-010,DEPT-003,40,45.0,0,1800.0,360.0,2160.0,Payée,1800.0,27,2025,12,4,20251202,20260101,20260128.0,Retard < 30j
FAC-2023-00388,2024-08-01,2024-08-31,2024-09-16,CLI-0172,SVC-021,DEPT-003,5,800.0,5,3800.0,760.0,4560.0,Payée,3800.0,16,2024,8,3,20240801,20240831,20240916.0,Retard < 30j
FAC-2023-00389,2024-07-21,2024-09-19,,CLI-0196,SVC-011,DEPT-003,1,4500.0,0,4500.0,900.0,5400.0,Retard,0.0,590,2024,7,3,20240721,20240919,,Contentieux > 90j
FAC-2023-00390,2025-11-25,2025-12-25,,CLI-0057,SVC-005,DEPT-007,1,15000.0,5,14250.0,2850.0,17100.0,Partielle,10013.69,128,2025,11,4,20251125,20251225,,Contentieux > 90j
FAC-2023-00391,2024-10-16,2024-11-15,,CLI-0128,SVC-022,DEPT-003,3,600.0,5,1710.0,342.0,2052.0,Retard,0.0,533,2024,10,4,20241016,20241115,,Contentieux > 90j
FAC-2023-00392,2025-04-08,2025-05-08,2025-05-15,CLI-0083,SVC-014,DEPT-003,7,1500.0,5,9975.0,1995.0,11970.0,Payée,9975.0,7,2025,4,2,20250408,20250508,20250515.0,Retard < 30j
FAC-2023-00393,2025-12-30,2026-02-28,,CLI-0069,SVC-022,DEPT-007,8,600.0,10,4320.0,864.0,5184.0,Retard,0.0,63,2025,12,4,20251230,20260228,,Retard 61-90j
FAC-2023-00394,2024-01-06,2024-02-20,2024-03-02,CLI-0095,SVC-006,DEPT-007,1,450.0,0,450.0,90.0,540.0,Payée,450.0,11,2024,1,1,20240106,20240220,20240302.0,Retard < 30j
FAC-2023-00395,2024-11-18,2025-01-02,2025-01-16,CLI-0055,SVC-022,DEPT-004,2,600.0,0,1200.0,240.0,1440.0,Payée,1200.0,14,2024,11,4,20241118,20250102,20250116.0,Retard < 30j
FAC-2023-00396,2024-06-17,2024-07-17,2024-07-19,CLI-0104,SVC-012,DEPT-004,1,3200.0,0,3200.0,640.0,3840.0,Payée,3200.0,2,2024,6,2,20240617,20240717,20240719.0,Retard < 30j
FAC-2023-00397,2023-05-26,2023-06-25,2023-07-14,CLI-0016,SVC-021,DEPT-007,8,800.0,10,5760.0,1152.0,6912.0,Payée,5760.0,19,2023,5,2,20230526,20230625,20230714.0,Retard < 30j
FAC-2023-00398,2023-04-21,2023-06-05,2023-06-26,CLI-0095,SVC-014,DEPT-007,3,1500.0,0,4500.0,900.0,5400.0,Payée,4500.0,21,2023,4,2,20230421,20230605,20230626.0,Retard < 30j
FAC-2023-00399,2024-10-09,2024-12-08,2024-12-08,CLI-0143,SVC-005,DEPT-004,1,15000.0,10,13500.0,2700.0,16200.0,Payée,13500.0,0,2024,10,4,20241009,20241208,20241208.0,Dans les délais
FAC-2023-00400,2023-12-29,2024-02-12,2024-02-24,CLI-0105,SVC-021,DEPT-002,6,800.0,5,4560.0,912.0,5472.0,Payée,4560.0,12,2023,12,4,20231229,20240212,20240224.0,Retard < 30j
FAC-2023-00401,2023-11-21,2023-12-21,,CLI-0052,SVC-019,DEPT-002,17,180.0,5,2907.0,581.4,3488.4,Retard,0.0,863,2023,11,4,20231121,20231221,,Contentieux > 90j
FAC-2023-00402,2025-05-29,2025-06-28,2025-06-28,CLI-0187,SVC-014,DEPT-001,7,1500.0,0,10500.0,2100.0,12600.0,Payée,10500.0,0,2025,5,2,20250529,20250628,20250628.0,Dans les délais
FAC-2023-00403,2025-02-03,2025-04-04,,CLI-0164,SVC-007,DEPT-007,1,1200.0,15,1020.0,204.0,1224.0,Partielle,691.99,393,2025,2,1,20250203,20250404,,Contentieux > 90j
FAC-2023-00404,2023-01-09,2023-02-08,2023-02-25,CLI-0057,SVC-001,DEPT-003,1,3500.0,5,3325.0,665.0,3990.0,Payée,3325.0,17,2023,1,1,20230109,20230208,20230225.0,Retard < 30j
FAC-2023-00405,2025-02-24,2025-04-10,2025-04-10,CLI-0042,SVC-004,DEPT-003,9,1200.0,0,10800.0,2160.0,12960.0,Payée,10800.0,0,2025,2,1,20250224,20250410,20250410.0,Dans les délais
FAC-2023-00406,2025-12-01,2025-12-31,2026-01-03,CLI-0093,SVC-015,DEPT-003,1,2800.0,0,2800.0,560.0,3360.0,Payée,2800.0,3,2025,12,4,20251201,20251231,20260103.0,Retard < 30j
FAC-2023-00407,2024-01-21,2024-02-20,,CLI-0151,SVC-012,DEPT-001,1,3200.0,0,3200.0,640.0,3840.0,Partielle,2259.21,802,2024,1,1,20240121,20240220,,Contentieux > 90j
FAC-2023-00408,2023-09-26,2023-10-26,2023-11-22,CLI-0071,SVC-008,DEPT-002,1,2500.0,0,2500.0,500.0,3000.0,Payée,2500.0,27,2023,9,3,20230926,20231026,20231122.0,Retard < 30j
FAC-2023-00409,2023-03-18,2023-05-02,2023-05-31,CLI-0039,SVC-012,DEPT-007,1,3200.0,0,3200.0,640.0,3840.0,Payée,3200.0,29,2023,3,1,20230318,20230502,20230531.0,Retard < 30j
FAC-2023-00410,2023-04-09,2023-05-09,2023-05-11,CLI-0015,SVC-020,DEPT-004,2,1400.0,5,2660.0,532.0,3192.0,Payée,2660.0,2,2023,4,2,20230409,20230509,20230511.0,Retard < 30j
FAC-2023-00411,2023-09-11,2023-10-26,,CLI-0139,SVC-013,DEPT-002,9,1100.0,0,9900.0,1980.0,11880.0,Retard,0.0,919,2023,9,3,20230911,20231026,,Contentieux > 90j
FAC-2023-00412,2024-09-08,2024-11-07,2024-12-05,CLI-0194,SVC-001,DEPT-003,1,3500.0,0,3500.0,700.0,4200.0,Payée,3500.0,28,2024,9,3,20240908,20241107,20241205.0,Retard < 30j
FAC-2023-00413,2023-10-08,2023-11-22,2023-11-24,CLI-0190,SVC-020,DEPT-003,7,1400.0,10,8820.0,1764.0,10584.0,Payée,8820.0,2,2023,10,4,20231008,20231122,20231124.0,Retard < 30j
FAC-2023-00414,2025-10-16,2025-11-30,,CLI-0037,SVC-004,DEPT-007,4,1200.0,5,4560.0,912.0,5472.0,Retard,0.0,153,2025,10,4,20251016,20251130,,Contentieux > 90j
FAC-2023-00415,2025-04-19,2025-05-19,2025-06-14,CLI-0060,SVC-012,DEPT-002,1,3200.0,0,3200.0,640.0,3840.0,Payée,3200.0,26,2025,4,2,20250419,20250519,20250614.0,Retard < 30j
FAC-2023-00416,2024-04-25,2024-06-24,,CLI-0149,SVC-011,DEPT-001,1,4500.0,0,4500.0,900.0,5400.0,Retard,0.0,677,2024,4,2,20240425,20240624,,Contentieux > 90j
FAC-2023-00417,2025-10-08,2025-11-22,,CLI-0175,SVC-022,DEPT-001,3,600.0,10,1620.0,324.0,1944.0,Retard,0.0,161,2025,10,4,20251008,20251122,,Contentieux > 90j
FAC-2023-00418,2024-04-18,2024-06-02,,CLI-0031,SVC-009,DEPT-003,1,180.0,0,180.0,36.0,216.0,Contentieux,0.0,699,2024,4,2,20240418,20240602,,Contentieux > 90j
FAC-2023-00419,2023-07-24,2023-09-22,,CLI-0144,SVC-002,DEPT-003,1,8500.0,10,7650.0,1530.0,9180.0,Partielle,5554.85,953,2023,7,3,20230724,20230922,,Contentieux > 90j
FAC-2023-00420,2023-08-26,2023-09-25,,CLI-0099,SVC-014,DEPT-002,2,1500.0,10,2700.0,540.0,3240.0,Partielle,823.06,950,2023,8,3,20230826,20230925,,Contentieux > 90j
FAC-2023-00421,2024-11-04,2024-12-04,2024-12-16,CLI-0199,SVC-006,DEPT-001,1,450.0,0,450.0,90.0,540.0,Payée,450.0,12,2024,11,4,20241104,20241204,20241216.0,Retard < 30j
FAC-2023-00422,2024-01-10,2024-02-24,2024-03-19,CLI-0119,SVC-011,DEPT-003,1,4500.0,0,4500.0,900.0,5400.0,Payée,4500.0,24,2024,1,1,20240110,20240224,20240319.0,Retard < 30j
FAC-2023-00423,2025-09-06,2025-10-21,,CLI-0123,SVC-023,DEPT-001,7,750.0,5,4987.5,997.5,5985.0,Retard,0.0,193,2025,9,3,20250906,20251021,,Contentieux > 90j
FAC-2023-00424,2023-05-01,2023-06-15,,CLI-0042,SVC-023,DEPT-007,3,750.0,0,2250.0,450.0,2700.0,Partielle,1218.01,1052,2023,5,2,20230501,20230615,,Contentieux > 90j
FAC-2023-00425,2025-02-16,2025-03-18,2025-03-21,CLI-0138,SVC-006,DEPT-004,1,450.0,5,427.5,85.5,513.0,Payée,427.5,3,2025,2,1,20250216,20250318,20250321.0,Retard < 30j
FAC-2023-00426,2025-04-22,2025-05-22,2025-06-06,CLI-0150,SVC-004,DEPT-001,8,1200.0,0,9600.0,1920.0,11520.0,Payée,9600.0,15,2025,4,2,20250422,20250522,20250606.0,Retard < 30j
FAC-2023-00427,2024-04-03,2024-05-03,,CLI-0162,SVC-024,DEPT-007,6,700.0,0,4200.0,840.0,5040.0,Retard,0.0,729,2024,4,2,20240403,20240503,,Contentieux > 90j
FAC-2023-00428,2024-05-24,2024-06-23,,CLI-0029,SVC-014,DEPT-004,8,1500.0,0,12000.0,2400.0,14400.0,Retard,0.0,678,2024,5,2,20240524,20240623,,Contentieux > 90j
FAC-2023-00429,2023-04-22,2023-06-06,,CLI-0047,SVC-018,DEPT-004,1,6500.0,0,6500.0,1300.0,7800.0,Partielle,3593.09,1061,2023,4,2,20230422,20230606,,Contentieux > 90j
FAC-2023-00430,2023-06-03,2023-07-03,2023-07-19,CLI-0152,SVC-006,DEPT-003,1,450.0,5,427.5,85.5,513.0,Payée,427.5,16,2023,6,2,20230603,20230703,20230719.0,Retard < 30j
FAC-2023-00431,2024-04-01,2024-05-01,2024-05-11,CLI-0015,SVC-017,DEPT-001,1,950.0,0,950.0,190.0,1140.0,Payée,950.0,10,2024,4,2,20240401,20240501,20240511.0,Retard < 30j
FAC-2023-00432,2025-07-06,2025-09-04,2025-09-19,CLI-0143,SVC-015,DEPT-001,1,2800.0,0,2800.0,560.0,3360.0,Payée,2800.0,15,2025,7,3,20250706,20250904,20250919.0,Retard < 30j
FAC-2023-00433,2023-02-06,2023-03-23,2023-04-22,CLI-0154,SVC-024,DEPT-001,2,700.0,0,1400.0,280.0,1680.0,Payée,1400.0,30,2023,2,1,20230206,20230323,20230422.0,Retard < 30j
FAC-2023-00434,2024-09-15,2024-10-15,,CLI-0028,SVC-020,DEPT-004,9,1400.0,0,12600.0,2520.0,15120.0,Retard,0.0,564,2024,9,3,20240915,20241015,,Contentieux > 90j
FAC-2023-00435,2023-04-22,2023-06-06,,CLI-0108,SVC-012,DEPT-003,1,3200.0,10,2880.0,576.0,3456.0,Retard,0.0,1061,2023,4,2,20230422,20230606,,Contentieux > 90j
FAC-2023-00436,2025-08-26,2025-09-25,2025-10-04,CLI-0172,SVC-020,DEPT-001,6,1400.0,5,7980.0,1596.0,9576.0,Payée,7980.0,9,2025,8,3,20250826,20250925,20251004.0,Retard < 30j
FAC-2023-00437,2024-08-20,2024-10-04,2024-10-05,CLI-0108,SVC-012,DEPT-001,1,3200.0,0,3200.0,640.0,3840.0,Payée,3200.0,1,2024,8,3,20240820,20241004,20241005.0,Retard < 30j
FAC-2023-00438,2023-10-15,2023-11-14,,CLI-0051,SVC-016,DEPT-004,1,1800.0,10,1620.0,324.0,1944.0,Retard,0.0,900,2023,10,4,20231015,20231114,,Contentieux > 90j
FAC-2023-00439,2024-02-06,2024-03-22,,CLI-0033,SVC-009,DEPT-004,1,180.0,0,180.0,36.0,216.0,Partielle,89.36,771,2024,2,1,20240206,20240322,,Contentieux > 90j
FAC-2023-00440,2024-11-23,2024-12-23,2024-12-25,CLI-0057,SVC-023,DEPT-004,2,750.0,5,1425.0,285.0,1710.0,Payée,1425.0,2,2024,11,4,20241123,20241223,20241225.0,Retard < 30j
FAC-2023-00441,2025-10-29,2025-12-28,2025-12-28,CLI-0143,SVC-022,DEPT-007,3,600.0,15,1530.0,306.0,1836.0,Payée,1530.0,0,2025,10,4,20251029,20251228,20251228.0,Dans les délais
FAC-2023-00442,2025-09-16,2025-10-31,,CLI-0136,SVC-019,DEPT-002,18,180.0,5,3078.0,615.6,3693.6,Partielle,1988.11,183,2025,9,3,20250916,20251031,,Contentieux > 90j
FAC-2023-00443,2025-03-04,2025-04-03,2025-04-22,CLI-0041,SVC-004,DEPT-004,10,1200.0,5,11400.0,2280.0,13680.0,Payée,11400.0,19,2025,3,1,20250304,20250403,20250422.0,Retard < 30j
FAC-2023-00444,2024-05-23,2024-07-07,2024-07-20,CLI-0185,SVC-023,DEPT-004,5,750.0,0,3750.0,750.0,4500.0,Payée,3750.0,13,2024,5,2,20240523,20240707,20240720.0,Retard < 30j
FAC-2023-00445,2025-04-25,2025-06-09,,CLI-0043,SVC-005,DEPT-007,1,15000.0,5,14250.0,2850.0,17100.0,Partielle,7925.1,327,2025,4,2,20250425,20250609,,Contentieux > 90j
FAC-2023-00446,2024-03-21,2024-04-20,,CLI-0099,SVC-023,DEPT-003,4,750.0,0,3000.0,600.0,3600.0,Retard,0.0,742,2024,3,1,20240321,20240420,,Contentieux > 90j
FAC-2023-00447,2023-12-31,2024-02-14,2024-02-16,CLI-0042,SVC-023,DEPT-003,9,750.0,0,6750.0,1350.0,8100.0,Payée,6750.0,2,2023,12,4,20231231,20240214,20240216.0,Retard < 30j
FAC-2023-00448,2025-05-04,2025-06-03,,CLI-0172,SVC-016,DEPT-004,1,1800.0,5,1710.0,342.0,2052.0,Partielle,969.49,333,2025,5,2,20250504,20250603,,Contentieux > 90j
FAC-2023-00449,2023-08-07,2023-09-21,2023-09-21,CLI-0004,SVC-017,DEPT-002,1,950.0,0,950.0,190.0,1140.0,Payée,950.0,0,2023,8,3,20230807,20230921,20230921.0,Dans les délais
FAC-2023-00450,2024-08-09,2024-09-08,2024-09-08,CLI-0086,SVC-006,DEPT-003,1,450.0,5,427.5,85.5,513.0,Payée,427.5,0,2024,8,3,20240809,20240908,20240908.0,Dans les délais
FAC-2023-00451,2023-03-08,2023-04-07,2023-05-07,CLI-0063,SVC-018,DEPT-002,1,6500.0,0,6500.0,1300.0,7800.0,Payée,6500.0,30,2023,3,1,20230308,20230407,20230507.0,Retard < 30j
FAC-2023-00452,2025-03-07,2025-04-06,,CLI-0199,SVC-018,DEPT-003,1,6500.0,0,6500.0,1300.0,7800.0,Retard,0.0,391,2025,3,1,20250307,20250406,,Contentieux > 90j
FAC-2023-00453,2025-03-04,2025-04-03,,CLI-0015,SVC-013,DEPT-003,7,1100.0,15,6545.0,1309.0,7854.0,Contentieux,0.0,394,2025,3,1,20250304,20250403,,Contentieux > 90j
FAC-2023-00454,2023-01-27,2023-02-26,2023-03-21,CLI-0170,SVC-002,DEPT-002,1,8500.0,5,8075.0,1615.0,9690.0,Payée,8075.0,23,2023,1,1,20230127,20230226,20230321.0,Retard < 30j
FAC-2023-00455,2025-01-23,2025-04-23,2025-04-30,CLI-0195,SVC-023,DEPT-003,10,750.0,0,7500.0,1500.0,9000.0,Payée,7500.0,7,2025,1,1,20250123,20250423,20250430.0,Retard < 30j
FAC-2023-00456,2023-06-02,2023-07-02,2023-07-29,CLI-0140,SVC-006,DEPT-001,1,450.0,0,450.0,90.0,540.0,Payée,450.0,27,2023,6,2,20230602,20230702,20230729.0,Retard < 30j
FAC-2023-00457,2025-05-27,2025-06-26,2025-07-01,CLI-0121,SVC-002,DEPT-007,1,8500.0,0,8500.0,1700.0,10200.0,Payée,8500.0,5,2025,5,2,20250527,20250626,20250701.0,Retard < 30j
FAC-2023-00458,2024-11-07,2024-12-07,,CLI-0082,SVC-001,DEPT-003,1,3500.0,0,3500.0,700.0,4200.0,Partielle,1119.9,511,2024,11,4,20241107,20241207,,Contentieux > 90j
FAC-2023-00459,2024-09-08,2024-10-08,2024-10-25,CLI-0181,SVC-002,DEPT-001,1,8500.0,0,8500.0,1700.0,10200.0,Payée,8500.0,17,2024,9,3,20240908,20241008,20241025.0,Retard < 30j
FAC-2023-00460,2024-03-26,2024-05-10,2024-06-06,CLI-0101,SVC-017,DEPT-002,1,950.0,15,807.5,161.5,969.0,Payée,807.5,27,2024,3,1,20240326,20240510,20240606.0,Retard < 30j
FAC-2023-00461,2025-04-06,2025-05-21,2025-05-29,CLI-0132,SVC-018,DEPT-003,1,6500.0,0,6500.0,1300.0,7800.0,Payée,6500.0,8,2025,4,2,20250406,20250521,20250529.0,Retard < 30j
FAC-2023-00462,2024-08-24,2024-09-23,,CLI-0104,SVC-012,DEPT-007,1,3200.0,0,3200.0,640.0,3840.0,Retard,0.0,586,2024,8,3,20240824,20240923,,Contentieux > 90j
FAC-2023-00463,2023-01-19,2023-03-05,2023-03-15,CLI-0147,SVC-018,DEPT-007,1,6500.0,0,6500.0,1300.0,7800.0,Payée,6500.0,10,2023,1,1,20230119,20230305,20230315.0,Retard < 30j
FAC-2023-00464,2023-03-23,2023-05-07,2023-05-09,CLI-0190,SVC-008,DEPT-004,1,2500.0,5,2375.0,475.0,2850.0,Payée,2375.0,2,2023,3,1,20230323,20230507,20230509.0,Retard < 30j
FAC-2023-00465,2024-08-02,2024-09-01,2024-09-19,CLI-0082,SVC-018,DEPT-007,1,6500.0,0,6500.0,1300.0,7800.0,Payée,6500.0,18,2024,8,3,20240802,20240901,20240919.0,Retard < 30j
FAC-2023-00466,2025-09-23,2025-11-22,,CLI-0157,SVC-015,DEPT-007,1,2800.0,0,2800.0,560.0,3360.0,Partielle,1109.52,161,2025,9,3,20250923,20251122,,Contentieux > 90j
FAC-2023-00467,2023-12-09,2024-01-08,2024-01-16,CLI-0026,SVC-004,DEPT-002,9,1200.0,0,10800.0,2160.0,12960.0,Payée,10800.0,8,2023,12,4,20231209,20240108,20240116.0,Retard < 30j
FAC-2023-00468,2024-02-26,2024-03-27,,CLI-0134,SVC-004,DEPT-004,9,1200.0,10,9720.0,1944.0,11664.0,Partielle,6519.08,766,2024,2,1,20240226,20240327,,Contentieux > 90j
FAC-2023-00469,2023-11-11,2023-12-11,,CLI-0199,SVC-003,DEPT-001,1,22000.0,0,22000.0,4400.0,26400.0,Retard,0.0,873,2023,11,4,20231111,20231211,,Contentieux > 90j
FAC-2023-00470,2023-04-22,2023-05-22,2023-05-22,CLI-0027,SVC-003,DEPT-007,1,22000.0,0,22000.0,4400.0,26400.0,Payée,22000.0,0,2023,4,2,20230422,20230522,20230522.0,Dans les délais
FAC-2023-00471,2025-04-14,2025-05-14,2025-06-05,CLI-0071,SVC-009,DEPT-003,1,180.0,0,180.0,36.0,216.0,Payée,180.0,22,2025,4,2,20250414,20250514,20250605.0,Retard < 30j
FAC-2023-00472,2023-08-31,2023-10-30,,CLI-0005,SVC-013,DEPT-001,9,1100.0,0,9900.0,1980.0,11880.0,Retard,0.0,915,2023,8,3,20230831,20231030,,Contentieux > 90j
FAC-2023-00473,2023-05-29,2023-06-28,2023-07-11,CLI-0178,SVC-002,DEPT-003,1,8500.0,0,8500.0,1700.0,10200.0,Payée,8500.0,13,2023,5,2,20230529,20230628,20230711.0,Retard < 30j
FAC-2023-00474,2024-07-30,2024-09-13,2024-10-03,CLI-0185,SVC-003,DEPT-001,1,22000.0,5,20900.0,4180.0,25080.0,Payée,20900.0,20,2024,7,3,20240730,20240913,20241003.0,Retard < 30j
FAC-2023-00475,2025-12-28,2026-02-11,,CLI-0147,SVC-006,DEPT-007,1,450.0,0,450.0,90.0,540.0,Retard,0.0,80,2025,12,4,20251228,20260211,,Retard 61-90j
FAC-2023-00476,2023-10-23,2023-12-07,,CLI-0094,SVC-021,DEPT-003,5,800.0,5,3800.0,760.0,4560.0,Partielle,2650.53,877,2023,10,4,20231023,20231207,,Contentieux > 90j
FAC-2023-00477,2023-10-17,2023-11-16,2023-12-06,CLI-0003,SVC-018,DEPT-007,1,6500.0,0,6500.0,1300.0,7800.0,Payée,6500.0,20,2023,10,4,20231017,20231116,20231206.0,Retard < 30j
FAC-2023-00478,2024-09-16,2024-10-31,,CLI-0169,SVC-003,DEPT-003,1,22000.0,0,22000.0,4400.0,26400.0,Retard,0.0,548,2024,9,3,20240916,20241031,,Contentieux > 90j
FAC-2023-00479,2025-11-15,2025-12-15,2025-12-26,CLI-0065,SVC-014,DEPT-002,3,1500.0,0,4500.0,900.0,5400.0,Payée,4500.0,11,2025,11,4,20251115,20251215,20251226.0,Retard < 30j
FAC-2023-00480,2023-04-22,2023-06-06,,CLI-0037,SVC-006,DEPT-004,1,450.0,10,405.0,81.0,486.0,Partielle,322.85,1061,2023,4,2,20230422,20230606,,Contentieux > 90j
FAC-2023-00481,2023-05-30,2023-06-29,2023-06-30,CLI-0199,SVC-018,DEPT-002,1,6500.0,0,6500.0,1300.0,7800.0,Payée,6500.0,1,2023,5,2,20230530,20230629,20230630.0,Retard < 30j
FAC-2023-00482,2024-11-08,2024-12-23,,CLI-0177,SVC-016,DEPT-002,1,1800.0,0,1800.0,360.0,2160.0,Retard,0.0,495,2024,11,4,20241108,20241223,,Contentieux > 90j
FAC-2023-00483,2023-05-23,2023-07-07,2023-07-21,CLI-0031,SVC-010,DEPT-007,13,45.0,0,585.0,117.0,702.0,Payée,585.0,14,2023,5,2,20230523,20230707,20230721.0,Retard < 30j
FAC-2023-00484,2025-01-16,2025-03-02,2025-03-17,CLI-0048,SVC-019,DEPT-002,12,180.0,15,1836.0,367.2,2203.2,Payée,1836.0,15,2025,1,1,20250116,20250302,20250317.0,Retard < 30j
FAC-2023-00485,2025-06-12,2025-08-11,2025-08-27,CLI-0069,SVC-023,DEPT-004,5,750.0,10,3375.0,675.0,4050.0,Payée,3375.0,16,2025,6,2,20250612,20250811,20250827.0,Retard < 30j
FAC-2023-00486,2025-01-04,2025-03-05,2025-03-06,CLI-0144,SVC-015,DEPT-002,1,2800.0,5,2660.0,532.0,3192.0,Payée,2660.0,1,2025,1,1,20250104,20250305,20250306.0,Retard < 30j
FAC-2023-00487,2023-06-17,2023-07-17,2023-08-15,CLI-0199,SVC-020,DEPT-002,5,1400.0,10,6300.0,1260.0,7560.0,Payée,6300.0,29,2023,6,2,20230617,20230717,20230815.0,Retard < 30j
FAC-2023-00488,2023-06-06,2023-07-06,,CLI-0084,SVC-024,DEPT-001,2,700.0,10,1260.0,252.0,1512.0,Retard,0.0,1031,2023,6,2,20230606,20230706,,Contentieux > 90j
FAC-2023-00489,2025-04-09,2025-05-24,2025-06-04,CLI-0177,SVC-019,DEPT-007,20,180.0,0,3600.0,720.0,4320.0,Payée,3600.0,11,2025,4,2,20250409,20250524,20250604.0,Retard < 30j
FAC-2023-00490,2023-11-01,2023-12-01,2023-12-14,CLI-0166,SVC-016,DEPT-002,1,1800.0,0,1800.0,360.0,2160.0,Payée,1800.0,13,2023,11,4,20231101,20231201,20231214.0,Retard < 30j
FAC-2023-00491,2025-11-11,2026-01-10,2026-01-10,CLI-0144,SVC-017,DEPT-002,1,950.0,0,950.0,190.0,1140.0,Payée,950.0,0,2025,11,4,20251111,20260110,20260110.0,Dans les délais
FAC-2023-00492,2023-12-06,2024-01-05,2024-01-09,CLI-0187,SVC-022,DEPT-004,9,600.0,0,5400.0,1080.0,6480.0,Payée,5400.0,4,2023,12,4,20231206,20240105,20240109.0,Retard < 30j
FAC-2023-00493,2024-03-24,2024-05-08,2024-05-19,CLI-0112,SVC-002,DEPT-003,1,8500.0,5,8075.0,1615.0,9690.0,Payée,8075.0,11,2024,3,1,20240324,20240508,20240519.0,Retard < 30j
FAC-2023-00494,2024-02-28,2024-03-29,,CLI-0072,SVC-002,DEPT-004,1,8500.0,0,8500.0,1700.0,10200.0,Retard,0.0,764,2024,2,1,20240228,20240329,,Contentieux > 90j
FAC-2023-00495,2023-04-06,2023-05-06,2023-05-07,CLI-0146,SVC-015,DEPT-007,1,2800.0,0,2800.0,560.0,3360.0,Payée,2800.0,1,2023,4,2,20230406,20230506,20230507.0,Retard < 30j
FAC-2023-00496,2024-06-23,2024-09-21,2024-10-10,CLI-0195,SVC-009,DEPT-004,1,180.0,0,180.0,36.0,216.0,Payée,180.0,19,2024,6,2,20240623,20240921,20241010.0,Retard < 30j
FAC-2023-00497,2023-06-09,2023-07-24,,CLI-0116,SVC-019,DEPT-002,18,180.0,0,3240.0,648.0,3888.0,Contentieux,0.0,1013,2023,6,2,20230609,20230724,,Contentieux > 90j
FAC-2023-00498,2024-12-23,2025-02-06,2025-02-06,CLI-0159,SVC-013,DEPT-007,6,1100.0,0,6600.0,1320.0,7920.0,Payée,6600.0,0,2024,12,4,20241223,20250206,20250206.0,Dans les délais
FAC-2023-00499,2023-12-06,2024-01-05,2024-01-17,CLI-0044,SVC-015,DEPT-002,1,2800.0,0,2800.0,560.0,3360.0,Payée,2800.0,12,2023,12,4,20231206,20240105,20240117.0,Retard < 30j
FAC-2023-00500,2023-11-19,2024-01-03,,CLI-0047,SVC-006,DEPT-001,1,450.0,0,450.0,90.0,540.0,Retard,0.0,850,2023,11,4,20231119,20240103,,Contentieux > 90j
FAC-2023-00501,2024-11-07,2024-12-07,2024-12-15,CLI-0071,SVC-014,DEPT-007,2,1500.0,0,3000.0,600.0,3600.0,Payée,3000.0,8,2024,11,4,20241107,20241207,20241215.0,Retard < 30j
FAC-2023-00502,2025-04-21,2025-05-21,2025-05-26,CLI-0050,SVC-021,DEPT-002,1,800.0,0,800.0,160.0,960.0,Payée,800.0,5,2025,4,2,20250421,20250521,20250526.0,Retard < 30j
FAC-2023-00503,2023-03-22,2023-05-21,2023-05-26,CLI-0194,SVC-017,DEPT-003,1,950.0,10,855.0,171.0,1026.0,Payée,855.0,5,2023,3,1,20230322,20230521,20230526.0,Retard < 30j
FAC-2023-00504,2025-04-10,2025-05-25,2025-05-25,CLI-0055,SVC-017,DEPT-003,1,950.0,0,950.0,190.0,1140.0,Payée,950.0,0,2025,4,2,20250410,20250525,20250525.0,Dans les délais
FAC-2023-00505,2025-07-08,2025-08-07,2025-09-01,CLI-0026,SVC-007,DEPT-002,1,1200.0,5,1140.0,228.0,1368.0,Payée,1140.0,25,2025,7,3,20250708,20250807,20250901.0,Retard < 30j
FAC-2023-00506,2023-10-20,2023-12-19,2024-01-15,CLI-0069,SVC-014,DEPT-003,10,1500.0,10,13500.0,2700.0,16200.0,Payée,13500.0,27,2023,10,4,20231020,20231219,20240115.0,Retard < 30j
FAC-2023-00507,2024-12-02,2025-01-01,2025-01-20,CLI-0051,SVC-024,DEPT-004,8,700.0,0,5600.0,1120.0,6720.0,Payée,5600.0,19,2024,12,4,20241202,20250101,20250120.0,Retard < 30j
FAC-2023-00508,2023-02-03,2023-03-20,,CLI-0042,SVC-004,DEPT-002,4,1200.0,0,4800.0,960.0,5760.0,Partielle,3082.48,1139,2023,2,1,20230203,20230320,,Contentieux > 90j
FAC-2023-00509,2023-12-30,2024-02-13,2024-03-13,CLI-0185,SVC-004,DEPT-007,8,1200.0,10,8640.0,1728.0,10368.0,Payée,8640.0,29,2023,12,4,20231230,20240213,20240313.0,Retard < 30j
FAC-2023-00510,2025-09-14,2025-10-14,,CLI-0038,SVC-003,DEPT-001,1,22000.0,5,20900.0,4180.0,25080.0,Partielle,11905.54,200,2025,9,3,20250914,20251014,,Contentieux > 90j
FAC-2023-00511,2025-12-05,2026-01-04,2026-02-01,CLI-0200,SVC-014,DEPT-004,7,1500.0,0,10500.0,2100.0,12600.0,Payée,10500.0,28,2025,12,4,20251205,20260104,20260201.0,Retard < 30j
FAC-2023-00512,2025-02-19,2025-03-21,,CLI-0071,SVC-016,DEPT-007,1,1800.0,0,1800.0,360.0,2160.0,Retard,0.0,407,2025,2,1,20250219,20250321,,Contentieux > 90j
FAC-2023-00513,2023-10-02,2023-11-16,2023-11-16,CLI-0031,SVC-014,DEPT-003,5,1500.0,0,7500.0,1500.0,9000.0,Payée,7500.0,0,2023,10,4,20231002,20231116,20231116.0,Dans les délais
FAC-2023-00514,2025-04-16,2025-05-31,2025-05-31,CLI-0183,SVC-018,DEPT-007,1,6500.0,0,6500.0,1300.0,7800.0,Payée,6500.0,0,2025,4,2,20250416,20250531,20250531.0,Dans les délais
FAC-2023-00515,2025-11-30,2026-01-14,2026-01-29,CLI-0160,SVC-004,DEPT-004,1,1200.0,0,1200.0,240.0,1440.0,Payée,1200.0,15,2025,11,4,20251130,20260114,20260129.0,Retard < 30j
FAC-2023-00516,2023-11-13,2023-12-13,2024-01-11,CLI-0115,SVC-004,DEPT-004,7,1200.0,5,7980.0,1596.0,9576.0,Payée,7980.0,29,2023,11,4,20231113,20231213,20240111.0,Retard < 30j
FAC-2023-00517,2024-07-18,2024-09-16,2024-09-24,CLI-0173,SVC-012,DEPT-004,1,3200.0,15,2720.0,544.0,3264.0,Payée,2720.0,8,2024,7,3,20240718,20240916,20240924.0,Retard < 30j
FAC-2023-00518,2025-09-15,2025-10-15,2025-11-09,CLI-0170,SVC-018,DEPT-003,1,6500.0,0,6500.0,1300.0,7800.0,Payée,6500.0,25,2025,9,3,20250915,20251015,20251109.0,Retard < 30j
FAC-2023-00519,2024-12-06,2025-01-05,,CLI-0097,SVC-019,DEPT-002,14,180.0,5,2394.0,478.8,2872.8,Partielle,1507.36,482,2024,12,4,20241206,20250105,,Contentieux > 90j
FAC-2023-00520,2023-11-28,2023-12-28,2024-01-13,CLI-0140,SVC-023,DEPT-007,2,750.0,0,1500.0,300.0,1800.0,Payée,1500.0,16,2023,11,4,20231128,20231228,20240113.0,Retard < 30j
FAC-2023-00521,2023-04-17,2023-05-17,2023-05-17,CLI-0187,SVC-023,DEPT-002,3,750.0,0,2250.0,450.0,2700.0,Payée,2250.0,0,2023,4,2,20230417,20230517,20230517.0,Dans les délais
FAC-2023-00522,2025-06-10,2025-07-10,2025-07-10,CLI-0146,SVC-020,DEPT-007,2,1400.0,0,2800.0,560.0,3360.0,Payée,2800.0,0,2025,6,2,20250610,20250710,20250710.0,Dans les délais
FAC-2023-00523,2025-02-26,2025-04-12,2025-04-12,CLI-0011,SVC-024,DEPT-002,7,700.0,5,4655.0,931.0,5586.0,Payée,4655.0,0,2025,2,1,20250226,20250412,20250412.0,Dans les délais
FAC-2023-00524,2025-06-18,2025-08-17,,CLI-0196,SVC-016,DEPT-007,1,1800.0,0,1800.0,360.0,2160.0,Partielle,1377.68,258,2025,6,2,20250618,20250817,,Contentieux > 90j
FAC-2023-00525,2023-03-10,2023-04-09,2023-04-18,CLI-0092,SVC-007,DEPT-007,1,1200.0,5,1140.0,228.0,1368.0,Payée,1140.0,9,2023,3,1,20230310,20230409,20230418.0,Retard < 30j
FAC-2023-00526,2023-03-15,2023-04-14,2023-04-19,CLI-0052,SVC-022,DEPT-001,6,600.0,0,3600.0,720.0,4320.0,Payée,3600.0,5,2023,3,1,20230315,20230414,20230419.0,Retard < 30j
FAC-2023-00527,2024-12-24,2025-02-07,2025-02-07,CLI-0088,SVC-013,DEPT-001,7,1100.0,0,7700.0,1540.0,9240.0,Payée,7700.0,0,2024,12,4,20241224,20250207,20250207.0,Dans les délais
FAC-2023-00528,2024-08-05,2024-09-04,2024-09-21,CLI-0028,SVC-018,DEPT-003,1,6500.0,5,6175.0,1235.0,7410.0,Payée,6175.0,17,2024,8,3,20240805,20240904,20240921.0,Retard < 30j
FAC-2023-00529,2024-02-03,2024-03-19,2024-03-19,CLI-0088,SVC-008,DEPT-003,1,2500.0,0,2500.0,500.0,3000.0,Payée,2500.0,0,2024,2,1,20240203,20240319,20240319.0,Dans les délais
FAC-2023-00530,2025-11-02,2026-01-01,2026-01-17,CLI-0053,SVC-014,DEPT-001,2,1500.0,0,3000.0,600.0,3600.0,Payée,3000.0,16,2025,11,4,20251102,20260101,20260117.0,Retard < 30j
FAC-2023-00531,2024-05-27,2024-06-26,,CLI-0158,SVC-009,DEPT-007,1,180.0,5,171.0,34.2,205.2,Contentieux,0.0,675,2024,5,2,20240527,20240626,,Contentieux > 90j
FAC-2023-00532,2024-11-26,2025-01-25,2025-02-18,CLI-0149,SVC-008,DEPT-007,1,2500.0,15,2125.0,425.0,2550.0,Payée,2125.0,24,2024,11,4,20241126,20250125,20250218.0,Retard < 30j
FAC-2023-00533,2023-08-27,2023-09-26,2023-10-05,CLI-0008,SVC-016,DEPT-002,1,1800.0,0,1800.0,360.0,2160.0,Payée,1800.0,9,2023,8,3,20230827,20230926,20231005.0,Retard < 30j
FAC-2023-00534,2024-12-24,2025-01-23,,CLI-0099,SVC-014,DEPT-003,9,1500.0,0,13500.0,2700.0,16200.0,Retard,0.0,464,2024,12,4,20241224,20250123,,Contentieux > 90j
FAC-2023-00535,2023-07-10,2023-08-09,,CLI-0079,SVC-010,DEPT-001,26,45.0,5,1111.5,222.3,1333.8,Retard,0.0,997,2023,7,3,20230710,20230809,,Contentieux > 90j
FAC-2023-00536,2025-09-02,2025-10-02,2025-10-14,CLI-0170,SVC-006,DEPT-002,1,450.0,0,450.0,90.0,540.0,Payée,450.0,12,2025,9,3,20250902,20251002,20251014.0,Retard < 30j
FAC-2023-00537,2024-02-13,2024-03-14,2024-03-25,CLI-0057,SVC-016,DEPT-002,1,1800.0,0,1800.0,360.0,2160.0,Payée,1800.0,11,2024,2,1,20240213,20240314,20240325.0,Retard < 30j
FAC-2023-00538,2024-05-26,2024-06-25,2024-06-26,CLI-0071,SVC-007,DEPT-001,1,1200.0,10,1080.0,216.0,1296.0,Payée,1080.0,1,2024,5,2,20240526,20240625,20240626.0,Retard < 30j
FAC-2023-00539,2025-10-05,2025-12-04,,CLI-0024,SVC-022,DEPT-004,10,600.0,0,6000.0,1200.0,7200.0,Partielle,4673.98,149,2025,10,4,20251005,20251204,,Contentieux > 90j
FAC-2023-00540,2024-10-07,2024-11-21,,CLI-0119,SVC-020,DEPT-003,8,1400.0,10,10080.0,2016.0,12096.0,Partielle,5919.58,527,2024,10,4,20241007,20241121,,Contentieux > 90j
FAC-2023-00541,2025-11-12,2025-12-12,2025-12-15,CLI-0151,SVC-006,DEPT-001,1,450.0,0,450.0,90.0,540.0,Payée,450.0,3,2025,11,4,20251112,20251212,20251215.0,Retard < 30j
FAC-2023-00542,2025-09-06,2025-10-06,2025-10-12,CLI-0162,SVC-014,DEPT-004,9,1500.0,0,13500.0,2700.0,16200.0,Payée,13500.0,6,2025,9,3,20250906,20251006,20251012.0,Retard < 30j
FAC-2023-00543,2025-11-27,2025-12-27,2026-01-04,CLI-0038,SVC-023,DEPT-004,8,750.0,0,6000.0,1200.0,7200.0,Payée,6000.0,8,2025,11,4,20251127,20251227,20260104.0,Retard < 30j
FAC-2023-00544,2024-10-28,2024-12-12,2025-01-11,CLI-0177,SVC-004,DEPT-003,6,1200.0,5,6840.0,1368.0,8208.0,Payée,6840.0,30,2024,10,4,20241028,20241212,20250111.0,Retard < 30j
FAC-2023-00545,2025-08-23,2025-10-22,2025-10-28,CLI-0074,SVC-009,DEPT-004,1,180.0,15,153.0,30.6,183.6,Payée,153.0,6,2025,8,3,20250823,20251022,20251028.0,Retard < 30j
FAC-2023-00546,2025-05-08,2025-06-07,2025-06-27,CLI-0134,SVC-007,DEPT-003,1,1200.0,5,1140.0,228.0,1368.0,Payée,1140.0,20,2025,5,2,20250508,20250607,20250627.0,Retard < 30j
FAC-2023-00547,2023-09-26,2023-10-26,,CLI-0141,SVC-006,DEPT-001,1,450.0,15,382.5,76.5,459.0,Retard,0.0,919,2023,9,3,20230926,20231026,,Contentieux > 90j
FAC-2023-00548,2025-06-04,2025-07-19,2025-07-23,CLI-0087,SVC-008,DEPT-004,1,2500.0,10,2250.0,450.0,2700.0,Payée,2250.0,4,2025,6,2,20250604,20250719,20250723.0,Retard < 30j
FAC-2023-00549,2025-05-13,2025-06-12,,CLI-0003,SVC-006,DEPT-007,1,450.0,0,450.0,90.0,540.0,Contentieux,0.0,324,2025,5,2,20250513,20250612,,Contentieux > 90j
FAC-2023-00550,2024-10-08,2024-12-07,2024-12-07,CLI-0164,SVC-024,DEPT-004,8,700.0,0,5600.0,1120.0,6720.0,Payée,5600.0,0,2024,10,4,20241008,20241207,20241207.0,Dans les délais
FAC-2023-00551,2023-12-01,2024-01-15,2024-01-16,CLI-0031,SVC-023,DEPT-004,1,750.0,0,750.0,150.0,900.0,Payée,750.0,1,2023,12,4,20231201,20240115,20240116.0,Retard < 30j
FAC-2023-00552,2025-01-09,2025-02-23,2025-03-06,CLI-0105,SVC-009,DEPT-003,1,180.0,0,180.0,36.0,216.0,Payée,180.0,11,2025,1,1,20250109,20250223,20250306.0,Retard < 30j
FAC-2023-00553,2023-09-06,2023-10-06,,CLI-0006,SVC-014,DEPT-002,6,1500.0,10,8100.0,1620.0,9720.0,Contentieux,0.0,939,2023,9,3,20230906,20231006,,Contentieux > 90j
FAC-2023-00554,2023-12-24,2024-01-23,,CLI-0176,SVC-019,DEPT-004,11,180.0,0,1980.0,396.0,2376.0,Retard,0.0,830,2023,12,4,20231224,20240123,,Contentieux > 90j
FAC-2023-00555,2025-02-19,2025-03-21,2025-03-25,CLI-0140,SVC-003,DEPT-002,1,22000.0,5,20900.0,4180.0,25080.0,Payée,20900.0,4,2025,2,1,20250219,20250321,20250325.0,Retard < 30j
FAC-2023-00556,2025-05-13,2025-07-12,2025-07-12,CLI-0196,SVC-011,DEPT-001,1,4500.0,5,4275.0,855.0,5130.0,Payée,4275.0,0,2025,5,2,20250513,20250712,20250712.0,Dans les délais
FAC-2023-00557,2024-04-12,2024-05-12,,CLI-0050,SVC-011,DEPT-003,1,4500.0,0,4500.0,900.0,5400.0,Retard,0.0,720,2024,4,2,20240412,20240512,,Contentieux > 90j
FAC-2023-00558,2025-03-20,2025-05-19,,CLI-0184,SVC-021,DEPT-003,5,800.0,10,3600.0,720.0,4320.0,Retard,0.0,348,2025,3,1,20250320,20250519,,Contentieux > 90j
FAC-2023-00559,2025-07-11,2025-10-09,2025-10-09,CLI-0179,SVC-017,DEPT-002,1,950.0,0,950.0,190.0,1140.0,Payée,950.0,0,2025,7,3,20250711,20251009,20251009.0,Dans les délais
FAC-2023-00560,2024-05-30,2024-07-29,2024-07-30,CLI-0074,SVC-022,DEPT-001,2,600.0,0,1200.0,240.0,1440.0,Payée,1200.0,1,2024,5,2,20240530,20240729,20240730.0,Retard < 30j
FAC-2023-00561,2023-04-21,2023-06-05,2023-06-05,CLI-0147,SVC-018,DEPT-001,1,6500.0,0,6500.0,1300.0,7800.0,Payée,6500.0,0,2023,4,2,20230421,20230605,20230605.0,Dans les délais
FAC-2023-00562,2023-11-15,2023-12-15,,CLI-0084,SVC-020,DEPT-002,2,1400.0,5,2660.0,532.0,3192.0,Partielle,1209.46,869,2023,11,4,20231115,20231215,,Contentieux > 90j
FAC-2023-00563,2023-09-16,2023-11-15,,CLI-0091,SVC-015,DEPT-001,1,2800.0,0,2800.0,560.0,3360.0,Retard,0.0,899,2023,9,3,20230916,20231115,,Contentieux > 90j
FAC-2023-00564,2024-12-31,2025-01-30,2025-02-28,CLI-0010,SVC-022,DEPT-003,6,600.0,10,3240.0,648.0,3888.0,Payée,3240.0,29,2024,12,4,20241231,20250130,20250228.0,Retard < 30j
FAC-2023-00565,2023-10-04,2023-11-18,,CLI-0169,SVC-015,DEPT-002,1,2800.0,15,2380.0,476.0,2856.0,Retard,0.0,896,2023,10,4,20231004,20231118,,Contentieux > 90j
FAC-2023-00566,2025-07-24,2025-09-07,2025-10-06,CLI-0180,SVC-020,DEPT-003,10,1400.0,0,14000.0,2800.0,16800.0,Payée,14000.0,29,2025,7,3,20250724,20250907,20251006.0,Retard < 30j
FAC-2023-00567,2024-04-10,2024-05-10,2024-05-28,CLI-0109,SVC-016,DEPT-004,1,1800.0,10,1620.0,324.0,1944.0,Payée,1620.0,18,2024,4,2,20240410,20240510,20240528.0,Retard < 30j
FAC-2023-00568,2024-09-13,2024-10-13,2024-10-16,CLI-0083,SVC-005,DEPT-003,1,15000.0,0,15000.0,3000.0,18000.0,Payée,15000.0,3,2024,9,3,20240913,20241013,20241016.0,Retard < 30j
FAC-2023-00569,2025-12-31,2026-01-30,,CLI-0092,SVC-016,DEPT-004,1,1800.0,0,1800.0,360.0,2160.0,Partielle,1392.26,92,2025,12,4,20251231,20260130,,Contentieux > 90j
FAC-2023-00570,2025-05-31,2025-07-15,2025-07-15,CLI-0095,SVC-001,DEPT-007,1,3500.0,5,3325.0,665.0,3990.0,Payée,3325.0,0,2025,5,2,20250531,20250715,20250715.0,Dans les délais
FAC-2023-00571,2025-04-23,2025-06-07,2025-06-17,CLI-0119,SVC-007,DEPT-002,1,1200.0,10,1080.0,216.0,1296.0,Payée,1080.0,10,2025,4,2,20250423,20250607,20250617.0,Retard < 30j
FAC-2023-00572,2025-02-13,2025-03-15,2025-03-25,CLI-0199,SVC-013,DEPT-007,4,1100.0,0,4400.0,880.0,5280.0,Payée,4400.0,10,2025,2,1,20250213,20250315,20250325.0,Retard < 30j
FAC-2023-00573,2024-07-10,2024-08-09,2024-08-21,CLI-0186,SVC-023,DEPT-004,5,750.0,5,3562.5,712.5,4275.0,Payée,3562.5,12,2024,7,3,20240710,20240809,20240821.0,Retard < 30j
FAC-2023-00574,2024-01-09,2024-02-08,2024-03-03,CLI-0057,SVC-003,DEPT-007,1,22000.0,0,22000.0,4400.0,26400.0,Payée,22000.0,24,2024,1,1,20240109,20240208,20240303.0,Retard < 30j
FAC-2023-00575,2025-10-04,2025-11-03,2025-11-03,CLI-0141,SVC-009,DEPT-007,1,180.0,0,180.0,36.0,216.0,Payée,180.0,0,2025,10,4,20251004,20251103,20251103.0,Dans les délais
FAC-2023-00576,2023-07-29,2023-08-28,2023-09-20,CLI-0006,SVC-006,DEPT-001,1,450.0,0,450.0,90.0,540.0,Payée,450.0,23,2023,7,3,20230729,20230828,20230920.0,Retard < 30j
FAC-2023-00577,2023-11-05,2023-12-05,2023-12-26,CLI-0072,SVC-003,DEPT-003,1,22000.0,0,22000.0,4400.0,26400.0,Payée,22000.0,21,2023,11,4,20231105,20231205,20231226.0,Retard < 30j
FAC-2023-00578,2025-08-07,2025-09-21,2025-09-21,CLI-0154,SVC-012,DEPT-002,1,3200.0,5,3040.0,608.0,3648.0,Payée,3040.0,0,2025,8,3,20250807,20250921,20250921.0,Dans les délais
FAC-2023-00579,2025-03-14,2025-04-28,2025-05-05,CLI-0017,SVC-009,DEPT-003,1,180.0,0,180.0,36.0,216.0,Payée,180.0,7,2025,3,1,20250314,20250428,20250505.0,Retard < 30j
FAC-2023-00580,2023-09-07,2023-10-22,,CLI-0122,SVC-001,DEPT-004,1,3500.0,15,2975.0,595.0,3570.0,Retard,0.0,923,2023,9,3,20230907,20231022,,Contentieux > 90j
FAC-2023-00581,2023-03-10,2023-04-24,,CLI-0139,SVC-008,DEPT-001,1,2500.0,0,2500.0,500.0,3000.0,Retard,0.0,1104,2023,3,1,20230310,20230424,,Contentieux > 90j
FAC-2023-00582,2024-03-02,2024-04-16,,CLI-0160,SVC-022,DEPT-003,8,600.0,0,4800.0,960.0,5760.0,Contentieux,0.0,746,2024,3,1,20240302,20240416,,Contentieux > 90j
FAC-2023-00583,2023-03-28,2023-05-12,2023-05-26,CLI-0049,SVC-021,DEPT-002,9,800.0,0,7200.0,1440.0,8640.0,Payée,7200.0,14,2023,3,1,20230328,20230512,20230526.0,Retard < 30j
FAC-2023-00584,2024-03-22,2024-04-21,2024-05-13,CLI-0115,SVC-002,DEPT-003,1,8500.0,15,7225.0,1445.0,8670.0,Payée,7225.0,22,2024,3,1,20240322,20240421,20240513.0,Retard < 30j
FAC-2023-00585,2024-07-19,2024-09-02,2024-09-12,CLI-0004,SVC-006,DEPT-001,1,450.0,0,450.0,90.0,540.0,Payée,450.0,10,2024,7,3,20240719,20240902,20240912.0,Retard < 30j
FAC-2023-00586,2025-08-31,2025-09-30,2025-10-05,CLI-0013,SVC-019,DEPT-004,6,180.0,0,1080.0,216.0,1296.0,Payée,1080.0,5,2025,8,3,20250831,20250930,20251005.0,Retard < 30j
FAC-2023-00587,2024-11-24,2024-12-24,2025-01-22,CLI-0028,SVC-022,DEPT-001,1,600.0,0,600.0,120.0,720.0,Payée,600.0,29,2024,11,4,20241124,20241224,20250122.0,Retard < 30j
FAC-2023-00588,2024-04-21,2024-05-21,2024-06-07,CLI-0041,SVC-016,DEPT-004,1,1800.0,0,1800.0,360.0,2160.0,Payée,1800.0,17,2024,4,2,20240421,20240521,20240607.0,Retard < 30j
FAC-2023-00589,2025-02-12,2025-03-29,2025-03-29,CLI-0058,SVC-001,DEPT-004,1,3500.0,0,3500.0,700.0,4200.0,Payée,3500.0,0,2025,2,1,20250212,20250329,20250329.0,Dans les délais
FAC-2023-00590,2024-08-26,2024-09-25,2024-10-01,CLI-0138,SVC-018,DEPT-007,1,6500.0,0,6500.0,1300.0,7800.0,Payée,6500.0,6,2024,8,3,20240826,20240925,20241001.0,Retard < 30j
FAC-2023-00591,2025-08-17,2025-09-16,,CLI-0110,SVC-011,DEPT-007,1,4500.0,0,4500.0,900.0,5400.0,Retard,0.0,228,2025,8,3,20250817,20250916,,Contentieux > 90j
FAC-2023-00592,2025-12-23,2026-01-22,2026-02-02,CLI-0050,SVC-003,DEPT-007,1,22000.0,0,22000.0,4400.0,26400.0,Payée,22000.0,11,2025,12,4,20251223,20260122,20260202.0,Retard < 30j
FAC-2023-00593,2023-01-02,2023-02-16,2023-02-22,CLI-0116,SVC-015,DEPT-001,1,2800.0,5,2660.0,532.0,3192.0,Payée,2660.0,6,2023,1,1,20230102,20230216,20230222.0,Retard < 30j
FAC-2023-00594,2024-05-04,2024-06-18,2024-07-17,CLI-0189,SVC-012,DEPT-004,1,3200.0,0,3200.0,640.0,3840.0,Payée,3200.0,29,2024,5,2,20240504,20240618,20240717.0,Retard < 30j
FAC-2023-00595,2025-10-15,2025-11-14,2025-11-27,CLI-0057,SVC-017,DEPT-003,1,950.0,5,902.5,180.5,1083.0,Payée,902.5,13,2025,10,4,20251015,20251114,20251127.0,Retard < 30j
FAC-2023-00596,2024-10-21,2024-11-20,,CLI-0129,SVC-021,DEPT-001,2,800.0,0,1600.0,320.0,1920.0,Retard,0.0,528,2024,10,4,20241021,20241120,,Contentieux > 90j
FAC-2023-00597,2023-03-06,2023-04-20,2023-04-21,CLI-0042,SVC-006,DEPT-001,1,450.0,0,450.0,90.0,540.0,Payée,450.0,1,2023,3,1,20230306,20230420,20230421.0,Retard < 30j
FAC-2023-00598,2025-03-06,2025-04-20,,CLI-0175,SVC-021,DEPT-003,8,800.0,0,6400.0,1280.0,7680.0,Retard,0.0,377,2025,3,1,20250306,20250420,,Contentieux > 90j
FAC-2023-00599,2024-03-28,2024-04-27,2024-05-05,CLI-0015,SVC-012,DEPT-004,1,3200.0,5,3040.0,608.0,3648.0,Payée,3040.0,8,2024,3,1,20240328,20240427,20240505.0,Retard < 30j
FAC-2023-00600,2023-05-05,2023-07-04,,CLI-0024,SVC-015,DEPT-004,1,2800.0,0,2800.0,560.0,3360.0,Retard,0.0,1033,2023,5,2,20230505,20230704,,Contentieux > 90j
FAC-2023-00601,2023-04-30,2023-06-14,2023-06-14,CLI-0117,SVC-023,DEPT-003,10,750.0,0,7500.0,1500.0,9000.0,Payée,7500.0,0,2023,4,2,20230430,20230614,20230614.0,Dans les délais
FAC-2023-00602,2025-11-29,2025-12-29,,CLI-0023,SVC-007,DEPT-007,1,1200.0,0,1200.0,240.0,1440.0,Retard,0.0,124,2025,11,4,20251129,20251229,,Contentieux > 90j
FAC-2023-00603,2024-01-31,2024-03-16,2024-03-22,CLI-0123,SVC-007,DEPT-007,1,1200.0,0,1200.0,240.0,1440.0,Payée,1200.0,6,2024,1,1,20240131,20240316,20240322.0,Retard < 30j
FAC-2023-00604,2023-08-05,2023-09-19,2023-10-11,CLI-0171,SVC-014,DEPT-001,10,1500.0,0,15000.0,3000.0,18000.0,Payée,15000.0,22,2023,8,3,20230805,20230919,20231011.0,Retard < 30j
FAC-2023-00605,2025-04-02,2025-05-02,,CLI-0051,SVC-006,DEPT-007,1,450.0,0,450.0,90.0,540.0,Retard,0.0,365,2025,4,2,20250402,20250502,,Contentieux > 90j
FAC-2023-00606,2024-12-22,2025-02-05,2025-02-20,CLI-0183,SVC-015,DEPT-003,1,2800.0,10,2520.0,504.0,3024.0,Payée,2520.0,15,2024,12,4,20241222,20250205,20250220.0,Retard < 30j
FAC-2023-00607,2025-05-31,2025-07-30,2025-08-07,CLI-0130,SVC-021,DEPT-004,6,800.0,5,4560.0,912.0,5472.0,Payée,4560.0,8,2025,5,2,20250531,20250730,20250807.0,Retard < 30j
FAC-2023-00608,2024-06-04,2024-07-19,2024-08-08,CLI-0169,SVC-024,DEPT-001,6,700.0,15,3570.0,714.0,4284.0,Payée,3570.0,20,2024,6,2,20240604,20240719,20240808.0,Retard < 30j
FAC-2023-00609,2023-02-03,2023-03-05,,CLI-0010,SVC-010,DEPT-002,34,45.0,0,1530.0,306.0,1836.0,Partielle,464.03,1154,2023,2,1,20230203,20230305,,Contentieux > 90j
FAC-2023-00610,2023-02-14,2023-03-16,,CLI-0065,SVC-011,DEPT-007,1,4500.0,5,4275.0,855.0,5130.0,Partielle,3040.25,1143,2023,2,1,20230214,20230316,,Contentieux > 90j
FAC-2023-00611,2023-11-13,2024-01-12,2024-01-16,CLI-0157,SVC-018,DEPT-002,1,6500.0,0,6500.0,1300.0,7800.0,Payée,6500.0,4,2023,11,4,20231113,20240112,20240116.0,Retard < 30j
FAC-2023-00612,2024-05-26,2024-06-25,,CLI-0084,SVC-012,DEPT-001,1,3200.0,0,3200.0,640.0,3840.0,Retard,0.0,676,2024,5,2,20240526,20240625,,Contentieux > 90j
FAC-2023-00613,2024-03-21,2024-05-05,,CLI-0175,SVC-013,DEPT-002,2,1100.0,5,2090.0,418.0,2508.0,Retard,0.0,727,2024,3,1,20240321,20240505,,Contentieux > 90j
FAC-2023-00614,2023-07-15,2023-08-14,2023-09-02,CLI-0150,SVC-023,DEPT-001,10,750.0,5,7125.0,1425.0,8550.0,Payée,7125.0,19,2023,7,3,20230715,20230814,20230902.0,Retard < 30j
FAC-2023-00615,2024-12-13,2025-01-27,2025-01-29,CLI-0017,SVC-011,DEPT-002,1,4500.0,10,4050.0,810.0,4860.0,Payée,4050.0,2,2024,12,4,20241213,20250127,20250129.0,Retard < 30j
FAC-2023-00616,2025-02-22,2025-04-23,2025-05-08,CLI-0184,SVC-001,DEPT-007,1,3500.0,0,3500.0,700.0,4200.0,Payée,3500.0,15,2025,2,1,20250222,20250423,20250508.0,Retard < 30j
FAC-2023-00617,2024-10-31,2024-12-30,2024-12-30,CLI-0173,SVC-005,DEPT-004,1,15000.0,0,15000.0,3000.0,18000.0,Payée,15000.0,0,2024,10,4,20241031,20241230,20241230.0,Dans les délais
FAC-2023-00618,2025-10-30,2025-11-29,2025-12-19,CLI-0140,SVC-020,DEPT-002,2,1400.0,0,2800.0,560.0,3360.0,Payée,2800.0,20,2025,10,4,20251030,20251129,20251219.0,Retard < 30j
FAC-2023-00619,2023-06-19,2023-08-03,,CLI-0042,SVC-011,DEPT-007,1,4500.0,0,4500.0,900.0,5400.0,Retard,0.0,1003,2023,6,2,20230619,20230803,,Contentieux > 90j
FAC-2023-00620,2023-06-24,2023-07-24,2023-07-27,CLI-0127,SVC-009,DEPT-002,1,180.0,0,180.0,36.0,216.0,Payée,180.0,3,2023,6,2,20230624,20230724,20230727.0,Retard < 30j
FAC-2023-00621,2024-02-10,2024-04-10,,CLI-0149,SVC-018,DEPT-002,1,6500.0,0,6500.0,1300.0,7800.0,Retard,0.0,752,2024,2,1,20240210,20240410,,Contentieux > 90j
FAC-2023-00622,2025-12-09,2026-01-08,2026-01-30,CLI-0172,SVC-020,DEPT-003,4,1400.0,0,5600.0,1120.0,6720.0,Payée,5600.0,22,2025,12,4,20251209,20260108,20260130.0,Retard < 30j
FAC-2023-00623,2023-08-19,2023-09-18,2023-10-05,CLI-0176,SVC-003,DEPT-002,1,22000.0,5,20900.0,4180.0,25080.0,Payée,20900.0,17,2023,8,3,20230819,20230918,20231005.0,Retard < 30j
FAC-2023-00624,2023-02-19,2023-03-21,2023-04-07,CLI-0102,SVC-012,DEPT-007,1,3200.0,5,3040.0,608.0,3648.0,Payée,3040.0,17,2023,2,1,20230219,20230321,20230407.0,Retard < 30j
FAC-2023-00625,2023-10-26,2023-12-10,,CLI-0139,SVC-020,DEPT-002,8,1400.0,0,11200.0,2240.0,13440.0,Retard,0.0,874,2023,10,4,20231026,20231210,,Contentieux > 90j
FAC-2023-00626,2023-06-25,2023-08-09,2023-08-13,CLI-0119,SVC-005,DEPT-003,1,15000.0,0,15000.0,3000.0,18000.0,Payée,15000.0,4,2023,6,2,20230625,20230809,20230813.0,Retard < 30j
FAC-2023-00627,2023-08-16,2023-09-30,2023-10-16,CLI-0004,SVC-011,DEPT-002,1,4500.0,0,4500.0,900.0,5400.0,Payée,4500.0,16,2023,8,3,20230816,20230930,20231016.0,Retard < 30j
FAC-2023-00628,2024-02-22,2024-04-22,,CLI-0165,SVC-007,DEPT-007,1,1200.0,0,1200.0,240.0,1440.0,Retard,0.0,740,2024,2,1,20240222,20240422,,Contentieux > 90j
FAC-2023-00629,2023-10-17,2023-12-16,,CLI-0149,SVC-020,DEPT-003,1,1400.0,0,1400.0,280.0,1680.0,Partielle,788.76,868,2023,10,4,20231017,20231216,,Contentieux > 90j
FAC-2023-00630,2024-08-04,2024-09-03,,CLI-0052,SVC-002,DEPT-003,1,8500.0,0,8500.0,1700.0,10200.0,Retard,0.0,606,2024,8,3,20240804,20240903,,Contentieux > 90j
FAC-2023-00631,2023-01-18,2023-02-17,,CLI-0016,SVC-015,DEPT-003,1,2800.0,0,2800.0,560.0,3360.0,Retard,0.0,1170,2023,1,1,20230118,20230217,,Contentieux > 90j
FAC-2023-00632,2024-08-22,2024-10-06,2024-10-15,CLI-0033,SVC-001,DEPT-004,1,3500.0,10,3150.0,630.0,3780.0,Payée,3150.0,9,2024,8,3,20240822,20241006,20241015.0,Retard < 30j
FAC-2023-00633,2023-07-23,2023-09-21,2023-09-21,CLI-0157,SVC-023,DEPT-002,6,750.0,0,4500.0,900.0,5400.0,Payée,4500.0,0,2023,7,3,20230723,20230921,20230921.0,Dans les délais
FAC-2023-00634,2025-07-26,2025-09-09,,CLI-0059,SVC-017,DEPT-001,1,950.0,0,950.0,190.0,1140.0,Retard,0.0,235,2025,7,3,20250726,20250909,,Contentieux > 90j
FAC-2023-00635,2024-09-16,2024-10-16,2024-10-21,CLI-0079,SVC-017,DEPT-001,1,950.0,0,950.0,190.0,1140.0,Payée,950.0,5,2024,9,3,20240916,20241016,20241021.0,Retard < 30j
FAC-2023-00636,2024-12-21,2025-01-20,2025-02-16,CLI-0109,SVC-022,DEPT-003,6,600.0,5,3420.0,684.0,4104.0,Payée,3420.0,27,2024,12,4,20241221,20250120,20250216.0,Retard < 30j
FAC-2023-00637,2024-06-11,2024-07-11,,CLI-0018,SVC-021,DEPT-001,7,800.0,10,5040.0,1008.0,6048.0,Retard,0.0,660,2024,6,2,20240611,20240711,,Contentieux > 90j
FAC-2023-00638,2024-04-06,2024-05-21,,CLI-0171,SVC-009,DEPT-001,1,180.0,0,180.0,36.0,216.0,Partielle,113.12,711,2024,4,2,20240406,20240521,,Contentieux > 90j
FAC-2023-00639,2024-04-10,2024-05-25,2024-06-16,CLI-0122,SVC-017,DEPT-003,1,950.0,0,950.0,190.0,1140.0,Payée,950.0,22,2024,4,2,20240410,20240525,20240616.0,Retard < 30j
FAC-2023-00640,2025-07-08,2025-09-06,2025-09-09,CLI-0184,SVC-011,DEPT-007,1,4500.0,0,4500.0,900.0,5400.0,Payée,4500.0,3,2025,7,3,20250708,20250906,20250909.0,Retard < 30j
FAC-2023-00641,2024-02-19,2024-03-20,,CLI-0166,SVC-022,DEPT-007,3,600.0,0,1800.0,360.0,2160.0,Retard,0.0,773,2024,2,1,20240219,20240320,,Contentieux > 90j
FAC-2023-00642,2023-10-25,2023-12-09,2024-01-08,CLI-0043,SVC-014,DEPT-007,10,1500.0,10,13500.0,2700.0,16200.0,Payée,13500.0,30,2023,10,4,20231025,20231209,20240108.0,Retard < 30j
FAC-2023-00643,2024-10-12,2024-11-11,2024-11-11,CLI-0038,SVC-006,DEPT-003,1,450.0,10,405.0,81.0,486.0,Payée,405.0,0,2024,10,4,20241012,20241111,20241111.0,Dans les délais
FAC-2023-00644,2024-09-13,2024-11-12,,CLI-0130,SVC-014,DEPT-003,8,1500.0,5,11400.0,2280.0,13680.0,Retard,0.0,536,2024,9,3,20240913,20241112,,Contentieux > 90j
FAC-2023-00645,2023-08-07,2023-09-21,2023-10-03,CLI-0047,SVC-007,DEPT-007,1,1200.0,0,1200.0,240.0,1440.0,Payée,1200.0,12,2023,8,3,20230807,20230921,20231003.0,Retard < 30j
FAC-2023-00646,2024-04-17,2024-05-17,,CLI-0174,SVC-020,DEPT-003,10,1400.0,0,14000.0,2800.0,16800.0,Retard,0.0,715,2024,4,2,20240417,20240517,,Contentieux > 90j
FAC-2023-00647,2025-09-03,2025-11-02,2025-11-20,CLI-0024,SVC-023,DEPT-002,3,750.0,0,2250.0,450.0,2700.0,Payée,2250.0,18,2025,9,3,20250903,20251102,20251120.0,Retard < 30j
FAC-2023-00648,2025-08-28,2025-10-12,2025-10-12,CLI-0124,SVC-016,DEPT-004,1,1800.0,0,1800.0,360.0,2160.0,Payée,1800.0,0,2025,8,3,20250828,20251012,20251012.0,Dans les délais
FAC-2023-00649,2025-04-25,2025-06-09,,CLI-0004,SVC-009,DEPT-002,1,180.0,0,180.0,36.0,216.0,Retard,0.0,327,2025,4,2,20250425,20250609,,Contentieux > 90j
FAC-2023-00650,2023-12-29,2024-01-28,,CLI-0063,SVC-003,DEPT-007,1,22000.0,10,19800.0,3960.0,23760.0,Contentieux,0.0,825,2023,12,4,20231229,20240128,,Contentieux > 90j
FAC-2023-00651,2024-10-27,2024-11-26,2024-11-26,CLI-0151,SVC-023,DEPT-007,8,750.0,10,5400.0,1080.0,6480.0,Payée,5400.0,0,2024,10,4,20241027,20241126,20241126.0,Dans les délais
FAC-2023-00652,2024-10-02,2024-11-16,,CLI-0122,SVC-024,DEPT-007,7,700.0,5,4655.0,931.0,5586.0,Retard,0.0,532,2024,10,4,20241002,20241116,,Contentieux > 90j
FAC-2023-00653,2023-03-20,2023-05-19,2023-05-19,CLI-0165,SVC-017,DEPT-002,1,950.0,0,950.0,190.0,1140.0,Payée,950.0,0,2023,3,1,20230320,20230519,20230519.0,Dans les délais
FAC-2023-00654,2025-03-21,2025-05-05,2025-05-24,CLI-0159,SVC-018,DEPT-007,1,6500.0,15,5525.0,1105.0,6630.0,Payée,5525.0,19,2025,3,1,20250321,20250505,20250524.0,Retard < 30j
FAC-2023-00655,2024-01-24,2024-03-24,2024-04-07,CLI-0194,SVC-002,DEPT-003,1,8500.0,0,8500.0,1700.0,10200.0,Payée,8500.0,14,2024,1,1,20240124,20240324,20240407.0,Retard < 30j
FAC-2023-00656,2025-05-15,2025-07-14,,CLI-0144,SVC-006,DEPT-002,1,450.0,0,450.0,90.0,540.0,Partielle,290.24,292,2025,5,2,20250515,20250714,,Contentieux > 90j
FAC-2023-00657,2025-07-14,2025-09-12,2025-10-11,CLI-0144,SVC-021,DEPT-002,2,800.0,5,1520.0,304.0,1824.0,Payée,1520.0,29,2025,7,3,20250714,20250912,20251011.0,Retard < 30j
FAC-2023-00658,2024-10-24,2025-01-22,2025-01-29,CLI-0125,SVC-014,DEPT-004,8,1500.0,0,12000.0,2400.0,14400.0,Payée,12000.0,7,2024,10,4,20241024,20250122,20250129.0,Retard < 30j
FAC-2023-00659,2024-10-25,2024-11-24,,CLI-0028,SVC-009,DEPT-001,1,180.0,5,171.0,34.2,205.2,Partielle,119.4,524,2024,10,4,20241025,20241124,,Contentieux > 90j
FAC-2023-00660,2025-07-09,2025-08-08,,CLI-0028,SVC-004,DEPT-007,6,1200.0,0,7200.0,1440.0,8640.0,Retard,0.0,267,2025,7,3,20250709,20250808,,Contentieux > 90j
FAC-2023-00661,2025-02-14,2025-03-16,2025-03-21,CLI-0186,SVC-006,DEPT-003,1,450.0,0,450.0,90.0,540.0,Payée,450.0,5,2025,2,1,20250214,20250316,20250321.0,Retard < 30j
FAC-2023-00662,2023-11-04,2024-01-03,2024-01-03,CLI-0173,SVC-022,DEPT-004,3,600.0,10,1620.0,324.0,1944.0,Payée,1620.0,0,2023,11,4,20231104,20240103,20240103.0,Dans les délais
FAC-2023-00663,2025-07-02,2025-08-01,2025-08-04,CLI-0097,SVC-010,DEPT-002,19,45.0,5,812.25,162.45,974.7,Payée,812.25,3,2025,7,3,20250702,20250801,20250804.0,Retard < 30j
FAC-2023-00664,2024-06-02,2024-07-17,,CLI-0001,SVC-020,DEPT-001,1,1400.0,0,1400.0,280.0,1680.0,Partielle,800.45,654,2024,6,2,20240602,20240717,,Contentieux > 90j
FAC-2023-00665,2024-05-02,2024-06-16,,CLI-0185,SVC-016,DEPT-004,1,1800.0,0,1800.0,360.0,2160.0,Retard,0.0,685,2024,5,2,20240502,20240616,,Contentieux > 90j
FAC-2023-00666,2023-06-12,2023-07-12,2023-08-11,CLI-0129,SVC-015,DEPT-003,1,2800.0,5,2660.0,532.0,3192.0,Payée,2660.0,30,2023,6,2,20230612,20230712,20230811.0,Retard < 30j
FAC-2023-00667,2024-03-01,2024-04-15,2024-05-02,CLI-0189,SVC-021,DEPT-001,1,800.0,0,800.0,160.0,960.0,Payée,800.0,17,2024,3,1,20240301,20240415,20240502.0,Retard < 30j
FAC-2023-00668,2024-09-03,2024-11-02,2024-11-03,CLI-0046,SVC-002,DEPT-004,1,8500.0,0,8500.0,1700.0,10200.0,Payée,8500.0,1,2024,9,3,20240903,20241102,20241103.0,Retard < 30j
FAC-2023-00669,2024-08-05,2024-09-04,,CLI-0054,SVC-006,DEPT-007,1,450.0,5,427.5,85.5,513.0,Retard,0.0,605,2024,8,3,20240805,20240904,,Contentieux > 90j
FAC-2023-00670,2023-12-30,2024-02-13,,CLI-0175,SVC-018,DEPT-003,1,6500.0,15,5525.0,1105.0,6630.0,Retard,0.0,809,2023,12,4,20231230,20240213,,Contentieux > 90j
FAC-2023-00671,2024-09-04,2024-10-19,,CLI-0011,SVC-003,DEPT-004,1,22000.0,0,22000.0,4400.0,26400.0,Partielle,15622.91,560,2024,9,3,20240904,20241019,,Contentieux > 90j
FAC-2023-00672,2024-08-22,2024-10-06,2024-10-18,CLI-0169,SVC-003,DEPT-003,1,22000.0,0,22000.0,4400.0,26400.0,Payée,22000.0,12,2024,8,3,20240822,20241006,20241018.0,Retard < 30j
FAC-2023-00673,2025-12-10,2026-01-09,2026-01-10,CLI-0162,SVC-014,DEPT-007,4,1500.0,5,5700.0,1140.0,6840.0,Payée,5700.0,1,2025,12,4,20251210,20260109,20260110.0,Retard < 30j
FAC-2023-00674,2023-06-29,2023-08-28,,CLI-0194,SVC-017,DEPT-003,1,950.0,0,950.0,190.0,1140.0,Retard,0.0,978,2023,6,2,20230629,20230828,,Contentieux > 90j
FAC-2023-00675,2024-10-10,2024-11-09,,CLI-0135,SVC-020,DEPT-003,5,1400.0,0,7000.0,1400.0,8400.0,Contentieux,0.0,539,2024,10,4,20241010,20241109,,Contentieux > 90j
FAC-2023-00676,2025-10-13,2025-11-27,2025-12-03,CLI-0042,SVC-020,DEPT-007,9,1400.0,5,11970.0,2394.0,14364.0,Payée,11970.0,6,2025,10,4,20251013,20251127,20251203.0,Retard < 30j
FAC-2023-00677,2024-08-17,2024-09-16,2024-09-18,CLI-0072,SVC-023,DEPT-002,4,750.0,0,3000.0,600.0,3600.0,Payée,3000.0,2,2024,8,3,20240817,20240916,20240918.0,Retard < 30j
FAC-2023-00678,2025-04-27,2025-05-27,2025-06-04,CLI-0187,SVC-014,DEPT-001,1,1500.0,0,1500.0,300.0,1800.0,Payée,1500.0,8,2025,4,2,20250427,20250527,20250604.0,Retard < 30j
FAC-2023-00679,2024-07-30,2024-09-28,2024-10-12,CLI-0196,SVC-007,DEPT-007,1,1200.0,0,1200.0,240.0,1440.0,Payée,1200.0,14,2024,7,3,20240730,20240928,20241012.0,Retard < 30j
FAC-2023-00680,2023-01-13,2023-02-27,2023-03-19,CLI-0169,SVC-011,DEPT-007,1,4500.0,0,4500.0,900.0,5400.0,Payée,4500.0,20,2023,1,1,20230113,20230227,20230319.0,Retard < 30j
FAC-2023-00681,2023-12-26,2024-01-25,,CLI-0187,SVC-001,DEPT-004,1,3500.0,0,3500.0,700.0,4200.0,Retard,0.0,828,2023,12,4,20231226,20240125,,Contentieux > 90j
FAC-2023-00682,2023-10-06,2023-11-20,2023-12-19,CLI-0147,SVC-002,DEPT-003,1,8500.0,0,8500.0,1700.0,10200.0,Payée,8500.0,29,2023,10,4,20231006,20231120,20231219.0,Retard < 30j
FAC-2023-00683,2023-04-25,2023-06-24,,CLI-0144,SVC-014,DEPT-003,9,1500.0,0,13500.0,2700.0,16200.0,Retard,0.0,1043,2023,4,2,20230425,20230624,,Contentieux > 90j
FAC-2023-00684,2023-02-08,2023-03-25,,CLI-0171,SVC-018,DEPT-003,1,6500.0,0,6500.0,1300.0,7800.0,Retard,0.0,1134,2023,2,1,20230208,20230325,,Contentieux > 90j
FAC-2023-00685,2024-07-28,2024-09-11,2024-09-30,CLI-0019,SVC-005,DEPT-007,1,15000.0,10,13500.0,2700.0,16200.0,Payée,13500.0,19,2024,7,3,20240728,20240911,20240930.0,Retard < 30j
FAC-2023-00686,2025-03-08,2025-04-07,,CLI-0051,SVC-019,DEPT-003,7,180.0,0,1260.0,252.0,1512.0,Partielle,851.47,390,2025,3,1,20250308,20250407,,Contentieux > 90j
FAC-2023-00687,2025-04-27,2025-05-27,,CLI-0010,SVC-009,DEPT-003,1,180.0,0,180.0,36.0,216.0,Partielle,87.44,340,2025,4,2,20250427,20250527,,Contentieux > 90j
FAC-2023-00688,2024-09-11,2024-11-10,2024-11-10,CLI-0068,SVC-017,DEPT-002,1,950.0,0,950.0,190.0,1140.0,Payée,950.0,0,2024,9,3,20240911,20241110,20241110.0,Dans les délais
FAC-2023-00689,2025-11-02,2025-12-02,2025-12-29,CLI-0028,SVC-015,DEPT-002,1,2800.0,0,2800.0,560.0,3360.0,Payée,2800.0,27,2025,11,4,20251102,20251202,20251229.0,Retard < 30j
FAC-2023-00690,2025-09-17,2025-10-17,2025-11-01,CLI-0057,SVC-011,DEPT-002,1,4500.0,5,4275.0,855.0,5130.0,Payée,4275.0,15,2025,9,3,20250917,20251017,20251101.0,Retard < 30j
FAC-2023-00691,2023-09-29,2023-11-13,2023-12-02,CLI-0031,SVC-017,DEPT-007,1,950.0,0,950.0,190.0,1140.0,Payée,950.0,19,2023,9,3,20230929,20231113,20231202.0,Retard < 30j
FAC-2023-00692,2024-09-28,2024-11-12,,CLI-0037,SVC-001,DEPT-007,1,3500.0,10,3150.0,630.0,3780.0,Retard,0.0,536,2024,9,3,20240928,20241112,,Contentieux > 90j
FAC-2023-00693,2025-08-14,2025-09-13,2025-09-27,CLI-0027,SVC-011,DEPT-001,1,4500.0,10,4050.0,810.0,4860.0,Payée,4050.0,14,2025,8,3,20250814,20250913,20250927.0,Retard < 30j
FAC-2023-00694,2024-03-05,2024-04-04,2024-05-03,CLI-0176,SVC-010,DEPT-003,21,45.0,0,945.0,189.0,1134.0,Payée,945.0,29,2024,3,1,20240305,20240404,20240503.0,Retard < 30j
FAC-2023-00695,2023-08-29,2023-09-28,2023-09-28,CLI-0138,SVC-022,DEPT-007,5,600.0,0,3000.0,600.0,3600.0,Payée,3000.0,0,2023,8,3,20230829,20230928,20230928.0,Dans les délais
FAC-2023-00696,2023-07-29,2023-08-28,2023-09-12,CLI-0172,SVC-017,DEPT-003,1,950.0,0,950.0,190.0,1140.0,Payée,950.0,15,2023,7,3,20230729,20230828,20230912.0,Retard < 30j
FAC-2023-00697,2024-08-03,2024-09-17,2024-10-03,CLI-0045,SVC-023,DEPT-007,10,750.0,0,7500.0,1500.0,9000.0,Payée,7500.0,16,2024,8,3,20240803,20240917,20241003.0,Retard < 30j
FAC-2023-00698,2023-09-24,2023-11-08,,CLI-0139,SVC-002,DEPT-004,1,8500.0,0,8500.0,1700.0,10200.0,Partielle,2764.44,906,2023,9,3,20230924,20231108,,Contentieux > 90j
FAC-2023-00699,2025-05-23,2025-06-22,,CLI-0016,SVC-003,DEPT-007,1,22000.0,0,22000.0,4400.0,26400.0,Retard,0.0,314,2025,5,2,20250523,20250622,,Contentieux > 90j
FAC-2023-00700,2025-07-02,2025-08-31,2025-09-07,CLI-0194,SVC-023,DEPT-007,10,750.0,0,7500.0,1500.0,9000.0,Payée,7500.0,7,2025,7,3,20250702,20250831,20250907.0,Retard < 30j
FAC-2023-00701,2023-09-27,2023-11-26,,CLI-0024,SVC-015,DEPT-004,1,2800.0,0,2800.0,560.0,3360.0,Retard,0.0,888,2023,9,3,20230927,20231126,,Contentieux > 90j
FAC-2023-00702,2024-09-27,2024-10-27,,CLI-0029,SVC-015,DEPT-004,1,2800.0,5,2660.0,532.0,3192.0,Retard,0.0,552,2024,9,3,20240927,20241027,,Contentieux > 90j
FAC-2023-00703,2024-04-03,2024-05-03,,CLI-0146,SVC-008,DEPT-003,1,2500.0,0,2500.0,500.0,3000.0,Partielle,1072.57,729,2024,4,2,20240403,20240503,,Contentieux > 90j
FAC-2023-00704,2024-11-07,2025-02-05,,CLI-0125,SVC-006,DEPT-001,1,450.0,5,427.5,85.5,513.0,Partielle,225.14,451,2024,11,4,20241107,20250205,,Contentieux > 90j
FAC-2023-00705,2023-08-20,2023-10-04,2023-10-09,CLI-0019,SVC-016,DEPT-003,1,1800.0,0,1800.0,360.0,2160.0,Payée,1800.0,5,2023,8,3,20230820,20231004,20231009.0,Retard < 30j
FAC-2023-00706,2023-09-18,2023-10-18,,CLI-0110,SVC-020,DEPT-001,9,1400.0,0,12600.0,2520.0,15120.0,Retard,0.0,927,2023,9,3,20230918,20231018,,Contentieux > 90j
FAC-2023-00707,2023-05-26,2023-07-25,2023-08-14,CLI-0103,SVC-018,DEPT-007,1,6500.0,5,6175.0,1235.0,7410.0,Payée,6175.0,20,2023,5,2,20230526,20230725,20230814.0,Retard < 30j
FAC-2023-00708,2024-05-14,2024-07-13,,CLI-0130,SVC-008,DEPT-004,1,2500.0,0,2500.0,500.0,3000.0,Contentieux,0.0,658,2024,5,2,20240514,20240713,,Contentieux > 90j
FAC-2023-00709,2024-03-02,2024-04-16,2024-05-08,CLI-0019,SVC-011,DEPT-007,1,4500.0,10,4050.0,810.0,4860.0,Payée,4050.0,22,2024,3,1,20240302,20240416,20240508.0,Retard < 30j
FAC-2023-00710,2024-04-28,2024-06-12,,CLI-0108,SVC-018,DEPT-007,1,6500.0,0,6500.0,1300.0,7800.0,Retard,0.0,689,2024,4,2,20240428,20240612,,Contentieux > 90j
FAC-2023-00711,2025-08-06,2025-09-05,,CLI-0150,SVC-004,DEPT-002,6,1200.0,0,7200.0,1440.0,8640.0,Retard,0.0,239,2025,8,3,20250806,20250905,,Contentieux > 90j
FAC-2023-00712,2023-05-23,2023-06-22,,CLI-0097,SVC-013,DEPT-004,10,1100.0,0,11000.0,2200.0,13200.0,Retard,0.0,1045,2023,5,2,20230523,20230622,,Contentieux > 90j
FAC-2023-00713,2023-05-06,2023-07-05,,CLI-0103,SVC-016,DEPT-007,1,1800.0,0,1800.0,360.0,2160.0,Retard,0.0,1032,2023,5,2,20230506,20230705,,Contentieux > 90j
FAC-2023-00714,2023-10-28,2024-01-26,2024-02-08,CLI-0195,SVC-001,DEPT-004,1,3500.0,5,3325.0,665.0,3990.0,Payée,3325.0,13,2023,10,4,20231028,20240126,20240208.0,Retard < 30j
FAC-2023-00715,2025-07-04,2025-08-03,,CLI-0187,SVC-019,DEPT-003,8,180.0,0,1440.0,288.0,1728.0,Partielle,647.81,272,2025,7,3,20250704,20250803,,Contentieux > 90j
FAC-2023-00716,2024-12-06,2025-01-20,2025-02-16,CLI-0137,SVC-023,DEPT-004,2,750.0,0,1500.0,300.0,1800.0,Payée,1500.0,27,2024,12,4,20241206,20250120,20250216.0,Retard < 30j
FAC-2023-00717,2023-05-08,2023-06-07,,CLI-0041,SVC-010,DEPT-001,24,45.0,10,972.0,194.4,1166.4,Contentieux,0.0,1060,2023,5,2,20230508,20230607,,Contentieux > 90j
FAC-2023-00718,2023-08-13,2023-09-12,,CLI-0172,SVC-012,DEPT-007,1,3200.0,10,2880.0,576.0,3456.0,Partielle,1202.75,963,2023,8,3,20230813,20230912,,Contentieux > 90j
FAC-2023-00719,2024-10-13,2025-01-11,2025-01-19,CLI-0125,SVC-021,DEPT-002,7,800.0,0,5600.0,1120.0,6720.0,Payée,5600.0,8,2024,10,4,20241013,20250111,20250119.0,Retard < 30j
FAC-2023-00720,2024-01-21,2024-03-06,,CLI-0147,SVC-005,DEPT-003,1,15000.0,0,15000.0,3000.0,18000.0,Retard,0.0,787,2024,1,1,20240121,20240306,,Contentieux > 90j
FAC-2023-00721,2024-08-13,2024-09-27,,CLI-0132,SVC-005,DEPT-002,1,15000.0,15,12750.0,2550.0,15300.0,Retard,0.0,582,2024,8,3,20240813,20240927,,Contentieux > 90j
FAC-2023-00722,2023-02-02,2023-03-04,,CLI-0003,SVC-003,DEPT-002,1,22000.0,0,22000.0,4400.0,26400.0,Partielle,13837.19,1155,2023,2,1,20230202,20230304,,Contentieux > 90j
FAC-2023-00723,2025-05-01,2025-05-31,,CLI-0026,SVC-005,DEPT-004,1,15000.0,10,13500.0,2700.0,16200.0,Partielle,8743.89,336,2025,5,2,20250501,20250531,,Contentieux > 90j
FAC-2023-00724,2025-07-19,2025-09-02,2025-09-25,CLI-0190,SVC-006,DEPT-004,1,450.0,0,450.0,90.0,540.0,Payée,450.0,23,2025,7,3,20250719,20250902,20250925.0,Retard < 30j
FAC-2023-00725,2024-01-16,2024-02-15,2024-03-12,CLI-0111,SVC-008,DEPT-002,1,2500.0,0,2500.0,500.0,3000.0,Payée,2500.0,26,2024,1,1,20240116,20240215,20240312.0,Retard < 30j
FAC-2023-00726,2025-04-21,2025-05-21,2025-05-21,CLI-0155,SVC-009,DEPT-001,1,180.0,10,162.0,32.4,194.4,Payée,162.0,0,2025,4,2,20250421,20250521,20250521.0,Dans les délais
FAC-2023-00727,2025-01-24,2025-02-23,2025-02-23,CLI-0174,SVC-016,DEPT-002,1,1800.0,0,1800.0,360.0,2160.0,Payée,1800.0,0,2025,1,1,20250124,20250223,20250223.0,Dans les délais
FAC-2023-00728,2025-08-10,2025-09-09,2025-09-09,CLI-0162,SVC-009,DEPT-002,1,180.0,0,180.0,36.0,216.0,Payée,180.0,0,2025,8,3,20250810,20250909,20250909.0,Dans les délais
FAC-2023-00729,2023-06-09,2023-07-09,2023-07-09,CLI-0146,SVC-021,DEPT-003,9,800.0,5,6840.0,1368.0,8208.0,Payée,6840.0,0,2023,6,2,20230609,20230709,20230709.0,Dans les délais
FAC-2023-00730,2025-08-18,2025-10-17,,CLI-0164,SVC-001,DEPT-003,1,3500.0,0,3500.0,700.0,4200.0,Partielle,2054.44,197,2025,8,3,20250818,20251017,,Contentieux > 90j
FAC-2023-00731,2024-08-26,2024-10-10,2024-10-24,CLI-0133,SVC-012,DEPT-007,1,3200.0,0,3200.0,640.0,3840.0,Payée,3200.0,14,2024,8,3,20240826,20241010,20241024.0,Retard < 30j
FAC-2023-00732,2025-08-27,2025-09-26,2025-10-09,CLI-0083,SVC-002,DEPT-007,1,8500.0,0,8500.0,1700.0,10200.0,Payée,8500.0,13,2025,8,3,20250827,20250926,20251009.0,Retard < 30j
FAC-2023-00733,2025-09-19,2025-10-19,2025-10-31,CLI-0007,SVC-010,DEPT-003,6,45.0,0,270.0,54.0,324.0,Payée,270.0,12,2025,9,3,20250919,20251019,20251031.0,Retard < 30j
FAC-2023-00734,2024-07-29,2024-09-12,2024-09-14,CLI-0042,SVC-020,DEPT-007,5,1400.0,10,6300.0,1260.0,7560.0,Payée,6300.0,2,2024,7,3,20240729,20240912,20240914.0,Retard < 30j
FAC-2023-00735,2023-11-06,2024-01-05,2024-01-15,CLI-0053,SVC-019,DEPT-004,16,180.0,0,2880.0,576.0,3456.0,Payée,2880.0,10,2023,11,4,20231106,20240105,20240115.0,Retard < 30j
FAC-2023-00736,2023-03-09,2023-04-23,2023-04-27,CLI-0055,SVC-017,DEPT-007,1,950.0,0,950.0,190.0,1140.0,Payée,950.0,4,2023,3,1,20230309,20230423,20230427.0,Retard < 30j
FAC-2023-00737,2025-04-25,2025-06-09,2025-07-02,CLI-0048,SVC-016,DEPT-002,1,1800.0,5,1710.0,342.0,2052.0,Payée,1710.0,23,2025,4,2,20250425,20250609,20250702.0,Retard < 30j
FAC-2023-00738,2024-12-07,2025-01-06,,CLI-0064,SVC-019,DEPT-001,3,180.0,5,513.0,102.6,615.6,Retard,0.0,481,2024,12,4,20241207,20250106,,Contentieux > 90j
FAC-2023-00739,2025-08-08,2025-09-07,2025-10-06,CLI-0016,SVC-006,DEPT-002,1,450.0,0,450.0,90.0,540.0,Payée,450.0,29,2025,8,3,20250808,20250907,20251006.0,Retard < 30j
FAC-2023-00740,2025-03-09,2025-04-23,2025-05-15,CLI-0122,SVC-022,DEPT-001,8,600.0,0,4800.0,960.0,5760.0,Payée,4800.0,22,2025,3,1,20250309,20250423,20250515.0,Retard < 30j
FAC-2023-00741,2025-02-21,2025-03-23,,CLI-0092,SVC-015,DEPT-001,1,2800.0,5,2660.0,532.0,3192.0,Contentieux,0.0,405,2025,2,1,20250221,20250323,,Contentieux > 90j
FAC-2023-00742,2024-12-25,2025-01-24,2025-02-05,CLI-0029,SVC-018,DEPT-003,1,6500.0,15,5525.0,1105.0,6630.0,Payée,5525.0,12,2024,12,4,20241225,20250124,20250205.0,Retard < 30j
FAC-2023-00743,2023-07-21,2023-09-04,2023-09-28,CLI-0087,SVC-009,DEPT-002,1,180.0,0,180.0,36.0,216.0,Payée,180.0,24,2023,7,3,20230721,20230904,20230928.0,Retard < 30j
FAC-2023-00744,2025-11-30,2026-02-28,,CLI-0179,SVC-007,DEPT-002,1,1200.0,0,1200.0,240.0,1440.0,Retard,0.0,63,2025,11,4,20251130,20260228,,Retard 61-90j
FAC-2023-00745,2023-01-22,2023-02-21,,CLI-0099,SVC-018,DEPT-001,1,6500.0,5,6175.0,1235.0,7410.0,Retard,0.0,1166,2023,1,1,20230122,20230221,,Contentieux > 90j
FAC-2023-00746,2025-12-11,2026-02-09,2026-02-22,CLI-0130,SVC-004,DEPT-003,2,1200.0,5,2280.0,456.0,2736.0,Payée,2280.0,13,2025,12,4,20251211,20260209,20260222.0,Retard < 30j
FAC-2023-00747,2023-02-18,2023-04-04,2023-04-12,CLI-0058,SVC-002,DEPT-007,1,8500.0,5,8075.0,1615.0,9690.0,Payée,8075.0,8,2023,2,1,20230218,20230404,20230412.0,Retard < 30j
FAC-2023-00748,2023-09-03,2023-11-02,2023-11-08,CLI-0196,SVC-004,DEPT-001,2,1200.0,10,2160.0,432.0,2592.0,Payée,2160.0,6,2023,9,3,20230903,20231102,20231108.0,Retard < 30j
FAC-2023-00749,2024-08-26,2024-09-25,,CLI-0056,SVC-009,DEPT-003,1,180.0,0,180.0,36.0,216.0,Partielle,111.49,584,2024,8,3,20240826,20240925,,Contentieux > 90j
FAC-2023-00750,2024-10-24,2024-11-23,2024-11-23,CLI-0135,SVC-023,DEPT-004,5,750.0,0,3750.0,750.0,4500.0,Payée,3750.0,0,2024,10,4,20241024,20241123,20241123.0,Dans les délais
FAC-2023-00751,2023-05-04,2023-06-18,,CLI-0124,SVC-011,DEPT-002,1,4500.0,0,4500.0,900.0,5400.0,Retard,0.0,1049,2023,5,2,20230504,20230618,,Contentieux > 90j
FAC-2023-00752,2025-10-04,2025-11-03,2025-11-23,CLI-0138,SVC-003,DEPT-002,1,22000.0,15,18700.0,3740.0,22440.0,Payée,18700.0,20,2025,10,4,20251004,20251103,20251123.0,Retard < 30j
FAC-2023-00753,2023-08-11,2023-09-10,,CLI-0199,SVC-016,DEPT-002,1,1800.0,0,1800.0,360.0,2160.0,Retard,0.0,965,2023,8,3,20230811,20230910,,Contentieux > 90j
FAC-2023-00754,2023-08-06,2023-09-05,2023-09-05,CLI-0187,SVC-021,DEPT-001,8,800.0,5,6080.0,1216.0,7296.0,Payée,6080.0,0,2023,8,3,20230806,20230905,20230905.0,Dans les délais
FAC-2023-00755,2024-05-28,2024-07-12,2024-07-12,CLI-0175,SVC-024,DEPT-001,8,700.0,0,5600.0,1120.0,6720.0,Payée,5600.0,0,2024,5,2,20240528,20240712,20240712.0,Dans les délais
FAC-2023-00756,2023-11-07,2023-12-22,,CLI-0124,SVC-009,DEPT-007,1,180.0,5,171.0,34.2,205.2,Partielle,100.43,862,2023,11,4,20231107,20231222,,Contentieux > 90j
FAC-2023-00757,2025-06-12,2025-07-12,,CLI-0151,SVC-016,DEPT-001,1,1800.0,0,1800.0,360.0,2160.0,Retard,0.0,294,2025,6,2,20250612,20250712,,Contentieux > 90j
FAC-2023-00758,2023-01-07,2023-02-06,,CLI-0166,SVC-008,DEPT-004,1,2500.0,0,2500.0,500.0,3000.0,Retard,0.0,1181,2023,1,1,20230107,20230206,,Contentieux > 90j
FAC-2023-00759,2025-01-05,2025-02-19,2025-02-19,CLI-0039,SVC-019,DEPT-003,12,180.0,5,2052.0,410.4,2462.4,Payée,2052.0,0,2025,1,1,20250105,20250219,20250219.0,Dans les délais
FAC-2023-00760,2023-06-14,2023-08-13,,CLI-0164,SVC-011,DEPT-003,1,4500.0,10,4050.0,810.0,4860.0,Retard,0.0,993,2023,6,2,20230614,20230813,,Contentieux > 90j
FAC-2023-00761,2023-12-28,2024-01-27,,CLI-0199,SVC-007,DEPT-002,1,1200.0,0,1200.0,240.0,1440.0,Contentieux,0.0,826,2023,12,4,20231228,20240127,,Contentieux > 90j
FAC-2023-00762,2025-03-09,2025-04-23,2025-04-23,CLI-0095,SVC-023,DEPT-004,2,750.0,5,1425.0,285.0,1710.0,Payée,1425.0,0,2025,3,1,20250309,20250423,20250423.0,Dans les délais
FAC-2023-00763,2023-03-15,2023-04-14,,CLI-0057,SVC-005,DEPT-007,1,15000.0,0,15000.0,3000.0,18000.0,Retard,0.0,1114,2023,3,1,20230315,20230414,,Contentieux > 90j
FAC-2023-00764,2025-03-07,2025-04-21,2025-05-05,CLI-0075,SVC-016,DEPT-004,1,1800.0,0,1800.0,360.0,2160.0,Payée,1800.0,14,2025,3,1,20250307,20250421,20250505.0,Retard < 30j
FAC-2023-00765,2023-02-03,2023-04-04,2023-04-04,CLI-0164,SVC-015,DEPT-004,1,2800.0,0,2800.0,560.0,3360.0,Payée,2800.0,0,2023,2,1,20230203,20230404,20230404.0,Dans les délais
FAC-2023-00766,2025-12-07,2026-01-06,,CLI-0038,SVC-007,DEPT-007,1,1200.0,0,1200.0,240.0,1440.0,Retard,0.0,116,2025,12,4,20251207,20260106,,Contentieux > 90j
FAC-2023-00767,2024-04-22,2024-06-06,2024-06-06,CLI-0047,SVC-024,DEPT-004,2,700.0,0,1400.0,280.0,1680.0,Payée,1400.0,0,2024,4,2,20240422,20240606,20240606.0,Dans les délais
FAC-2023-00768,2024-05-12,2024-06-26,2024-07-02,CLI-0189,SVC-002,DEPT-001,1,8500.0,5,8075.0,1615.0,9690.0,Payée,8075.0,6,2024,5,2,20240512,20240626,20240702.0,Retard < 30j
FAC-2023-00769,2025-07-23,2025-08-22,2025-08-23,CLI-0097,SVC-004,DEPT-001,10,1200.0,0,12000.0,2400.0,14400.0,Payée,12000.0,1,2025,7,3,20250723,20250822,20250823.0,Retard < 30j
FAC-2023-00770,2024-03-27,2024-05-11,2024-05-31,CLI-0154,SVC-020,DEPT-003,2,1400.0,10,2520.0,504.0,3024.0,Payée,2520.0,20,2024,3,1,20240327,20240511,20240531.0,Retard < 30j
FAC-2023-00771,2023-10-09,2023-11-08,,CLI-0038,SVC-022,DEPT-001,6,600.0,10,3240.0,648.0,3888.0,Retard,0.0,906,2023,10,4,20231009,20231108,,Contentieux > 90j
FAC-2023-00772,2024-11-18,2025-01-02,2025-01-23,CLI-0180,SVC-006,DEPT-002,1,450.0,0,450.0,90.0,540.0,Payée,450.0,21,2024,11,4,20241118,20250102,20250123.0,Retard < 30j
FAC-2023-00773,2023-12-04,2024-01-18,,CLI-0117,SVC-018,DEPT-001,1,6500.0,0,6500.0,1300.0,7800.0,Partielle,2082.27,835,2023,12,4,20231204,20240118,,Contentieux > 90j
FAC-2023-00774,2025-02-09,2025-04-10,2025-04-10,CLI-0194,SVC-020,DEPT-001,3,1400.0,0,4200.0,840.0,5040.0,Payée,4200.0,0,2025,2,1,20250209,20250410,20250410.0,Dans les délais
FAC-2023-00775,2024-08-04,2024-09-03,,CLI-0054,SVC-003,DEPT-004,1,22000.0,0,22000.0,4400.0,26400.0,Retard,0.0,606,2024,8,3,20240804,20240903,,Contentieux > 90j
FAC-2023-00776,2023-10-21,2023-11-20,2023-12-11,CLI-0041,SVC-007,DEPT-002,1,1200.0,5,1140.0,228.0,1368.0,Payée,1140.0,21,2023,10,4,20231021,20231120,20231211.0,Retard < 30j
FAC-2023-00777,2023-03-19,2023-05-18,2023-05-18,CLI-0053,SVC-020,DEPT-003,10,1400.0,0,14000.0,2800.0,16800.0,Payée,14000.0,0,2023,3,1,20230319,20230518,20230518.0,Dans les délais
FAC-2023-00778,2023-01-10,2023-02-09,2023-03-09,CLI-0110,SVC-014,DEPT-001,9,1500.0,0,13500.0,2700.0,16200.0,Payée,13500.0,28,2023,1,1,20230110,20230209,20230309.0,Retard < 30j
FAC-2023-00779,2025-11-05,2025-12-20,,CLI-0189,SVC-012,DEPT-002,1,3200.0,0,3200.0,640.0,3840.0,Retard,0.0,133,2025,11,4,20251105,20251220,,Contentieux > 90j
FAC-2023-00780,2024-02-01,2024-03-17,2024-04-11,CLI-0088,SVC-002,DEPT-004,1,8500.0,0,8500.0,1700.0,10200.0,Payée,8500.0,25,2024,2,1,20240201,20240317,20240411.0,Retard < 30j
FAC-2023-00781,2023-03-30,2023-04-29,2023-05-07,CLI-0054,SVC-006,DEPT-004,1,450.0,0,450.0,90.0,540.0,Payée,450.0,8,2023,3,1,20230330,20230429,20230507.0,Retard < 30j
FAC-2023-00782,2025-07-17,2025-08-16,,CLI-0080,SVC-011,DEPT-007,1,4500.0,0,4500.0,900.0,5400.0,Retard,0.0,259,2025,7,3,20250717,20250816,,Contentieux > 90j
FAC-2023-00783,2023-03-01,2023-03-31,2023-04-10,CLI-0054,SVC-006,DEPT-004,1,450.0,0,450.0,90.0,540.0,Payée,450.0,10,2023,3,1,20230301,20230331,20230410.0,Retard < 30j
FAC-2023-00784,2024-10-29,2024-12-13,,CLI-0180,SVC-019,DEPT-003,15,180.0,0,2700.0,540.0,3240.0,Retard,0.0,505,2024,10,4,20241029,20241213,,Contentieux > 90j
FAC-2023-00785,2024-10-29,2024-11-28,,CLI-0071,SVC-004,DEPT-002,4,1200.0,0,4800.0,960.0,5760.0,Retard,0.0,520,2024,10,4,20241029,20241128,,Contentieux > 90j
FAC-2023-00786,2023-05-31,2023-06-30,2023-07-22,CLI-0121,SVC-008,DEPT-002,1,2500.0,0,2500.0,500.0,3000.0,Payée,2500.0,22,2023,5,2,20230531,20230630,20230722.0,Retard < 30j
FAC-2023-00787,2025-07-20,2025-09-18,2025-09-25,CLI-0068,SVC-020,DEPT-003,3,1400.0,0,4200.0,840.0,5040.0,Payée,4200.0,7,2025,7,3,20250720,20250918,20250925.0,Retard < 30j
FAC-2023-00788,2024-11-18,2025-01-02,,CLI-0087,SVC-007,DEPT-001,1,1200.0,0,1200.0,240.0,1440.0,Retard,0.0,485,2024,11,4,20241118,20250102,,Contentieux > 90j
FAC-2023-00789,2023-08-16,2023-09-30,2023-10-05,CLI-0090,SVC-005,DEPT-003,1,15000.0,10,13500.0,2700.0,16200.0,Payée,13500.0,5,2023,8,3,20230816,20230930,20231005.0,Retard < 30j
FAC-2023-00790,2023-11-18,2024-01-17,,CLI-0069,SVC-010,DEPT-007,41,45.0,15,1568.25,313.65,1881.9,Partielle,923.79,836,2023,11,4,20231118,20240117,,Contentieux > 90j
FAC-2023-00791,2025-04-23,2025-05-23,2025-05-31,CLI-0071,SVC-003,DEPT-007,1,22000.0,10,19800.0,3960.0,23760.0,Payée,19800.0,8,2025,4,2,20250423,20250523,20250531.0,Retard < 30j
FAC-2023-00792,2024-07-25,2024-09-08,2024-09-18,CLI-0147,SVC-015,DEPT-002,1,2800.0,0,2800.0,560.0,3360.0,Payée,2800.0,10,2024,7,3,20240725,20240908,20240918.0,Retard < 30j
FAC-2023-00793,2024-03-31,2024-05-30,,CLI-0103,SVC-014,DEPT-004,10,1500.0,10,13500.0,2700.0,16200.0,Partielle,10113.2,702,2024,3,1,20240331,20240530,,Contentieux > 90j
FAC-2023-00794,2025-08-21,2025-09-20,2025-10-12,CLI-0014,SVC-002,DEPT-007,1,8500.0,5,8075.0,1615.0,9690.0,Payée,8075.0,22,2025,8,3,20250821,20250920,20251012.0,Retard < 30j
FAC-2023-00795,2023-07-20,2023-10-18,2023-11-17,CLI-0125,SVC-016,DEPT-001,1,1800.0,0,1800.0,360.0,2160.0,Payée,1800.0,30,2023,7,3,20230720,20231018,20231117.0,Retard < 30j
FAC-2023-00796,2023-09-29,2023-10-29,2023-10-29,CLI-0129,SVC-007,DEPT-001,1,1200.0,0,1200.0,240.0,1440.0,Payée,1200.0,0,2023,9,3,20230929,20231029,20231029.0,Dans les délais
FAC-2023-00797,2024-09-16,2024-10-16,,CLI-0148,SVC-022,DEPT-001,3,600.0,5,1710.0,342.0,2052.0,Partielle,1151.93,563,2024,9,3,20240916,20241016,,Contentieux > 90j
FAC-2023-00798,2023-10-11,2023-11-10,2023-11-28,CLI-0142,SVC-015,DEPT-004,1,2800.0,10,2520.0,504.0,3024.0,Payée,2520.0,18,2023,10,4,20231011,20231110,20231128.0,Retard < 30j
FAC-2023-00799,2023-05-25,2023-08-23,,CLI-0195,SVC-001,DEPT-007,1,3500.0,0,3500.0,700.0,4200.0,Retard,0.0,983,2023,5,2,20230525,20230823,,Contentieux > 90j
FAC-2023-00800,2025-05-22,2025-06-21,,CLI-0010,SVC-010,DEPT-002,49,45.0,0,2205.0,441.0,2646.0,Partielle,1259.53,315,2025,5,2,20250522,20250621,,Contentieux > 90j
FAC-2023-00801,2024-11-18,2025-01-17,,CLI-0024,SVC-020,DEPT-001,1,1400.0,0,1400.0,280.0,1680.0,Partielle,674.79,470,2024,11,4,20241118,20250117,,Contentieux > 90j
FAC-2023-00802,2025-01-18,2025-02-17,2025-02-23,CLI-0035,SVC-013,DEPT-007,8,1100.0,5,8360.0,1672.0,10032.0,Payée,8360.0,6,2025,1,1,20250118,20250217,20250223.0,Retard < 30j
FAC-2023-00803,2024-02-24,2024-04-09,2024-05-08,CLI-0020,SVC-018,DEPT-001,1,6500.0,0,6500.0,1300.0,7800.0,Payée,6500.0,29,2024,2,1,20240224,20240409,20240508.0,Retard < 30j
FAC-2023-00804,2024-03-05,2024-04-04,,CLI-0200,SVC-016,DEPT-003,1,1800.0,5,1710.0,342.0,2052.0,Retard,0.0,758,2024,3,1,20240305,20240404,,Contentieux > 90j
FAC-2023-00805,2025-10-28,2025-11-27,2025-11-27,CLI-0111,SVC-009,DEPT-003,1,180.0,5,171.0,34.2,205.2,Payée,171.0,0,2025,10,4,20251028,20251127,20251127.0,Dans les délais
FAC-2023-00806,2025-09-22,2025-10-22,,CLI-0109,SVC-015,DEPT-004,1,2800.0,0,2800.0,560.0,3360.0,Retard,0.0,192,2025,9,3,20250922,20251022,,Contentieux > 90j
FAC-2023-00807,2025-12-27,2026-02-25,2026-02-25,CLI-0164,SVC-022,DEPT-002,5,600.0,0,3000.0,600.0,3600.0,Payée,3000.0,0,2025,12,4,20251227,20260225,20260225.0,Dans les délais
FAC-2023-00808,2023-06-14,2023-08-13,2023-08-13,CLI-0143,SVC-003,DEPT-001,1,22000.0,0,22000.0,4400.0,26400.0,Payée,22000.0,0,2023,6,2,20230614,20230813,20230813.0,Dans les délais
FAC-2023-00809,2023-08-18,2023-09-17,2023-09-25,CLI-0051,SVC-009,DEPT-007,1,180.0,5,171.0,34.2,205.2,Payée,171.0,8,2023,8,3,20230818,20230917,20230925.0,Retard < 30j
FAC-2023-00810,2024-08-23,2024-10-07,,CLI-0192,SVC-001,DEPT-002,1,3500.0,0,3500.0,700.0,4200.0,Retard,0.0,572,2024,8,3,20240823,20241007,,Contentieux > 90j
FAC-2023-00811,2025-05-10,2025-06-24,2025-07-07,CLI-0147,SVC-012,DEPT-002,1,3200.0,0,3200.0,640.0,3840.0,Payée,3200.0,13,2025,5,2,20250510,20250624,20250707.0,Retard < 30j
FAC-2023-00812,2024-04-20,2024-06-04,2024-06-20,CLI-0019,SVC-001,DEPT-004,1,3500.0,10,3150.0,630.0,3780.0,Payée,3150.0,16,2024,4,2,20240420,20240604,20240620.0,Retard < 30j
FAC-2023-00813,2024-10-30,2024-12-14,,CLI-0177,SVC-011,DEPT-007,1,4500.0,0,4500.0,900.0,5400.0,Retard,0.0,504,2024,10,4,20241030,20241214,,Contentieux > 90j
FAC-2023-00814,2025-07-26,2025-09-09,2025-09-23,CLI-0169,SVC-015,DEPT-002,1,2800.0,0,2800.0,560.0,3360.0,Payée,2800.0,14,2025,7,3,20250726,20250909,20250923.0,Retard < 30j
FAC-2023-00815,2025-09-18,2025-10-18,2025-10-18,CLI-0083,SVC-008,DEPT-002,1,2500.0,0,2500.0,500.0,3000.0,Payée,2500.0,0,2025,9,3,20250918,20251018,20251018.0,Dans les délais
FAC-2023-00816,2025-07-22,2025-08-21,2025-09-19,CLI-0111,SVC-010,DEPT-003,11,45.0,5,470.25,94.05,564.3,Payée,470.25,29,2025,7,3,20250722,20250821,20250919.0,Retard < 30j
FAC-2023-00817,2023-11-11,2023-12-26,2024-01-10,CLI-0055,SVC-006,DEPT-007,1,450.0,0,450.0,90.0,540.0,Payée,450.0,15,2023,11,4,20231111,20231226,20240110.0,Retard < 30j
FAC-2023-00818,2024-06-17,2024-07-17,2024-07-17,CLI-0041,SVC-015,DEPT-003,1,2800.0,0,2800.0,560.0,3360.0,Payée,2800.0,0,2024,6,2,20240617,20240717,20240717.0,Dans les délais
FAC-2023-00819,2025-02-02,2025-03-04,,CLI-0109,SVC-005,DEPT-007,1,15000.0,0,15000.0,3000.0,18000.0,Contentieux,0.0,424,2025,2,1,20250202,20250304,,Contentieux > 90j
FAC-2023-00820,2023-02-21,2023-04-07,,CLI-0096,SVC-004,DEPT-004,7,1200.0,10,7560.0,1512.0,9072.0,Retard,0.0,1121,2023,2,1,20230221,20230407,,Contentieux > 90j
FAC-2023-00821,2023-01-09,2023-02-23,2023-03-22,CLI-0101,SVC-005,DEPT-003,1,15000.0,15,12750.0,2550.0,15300.0,Payée,12750.0,27,2023,1,1,20230109,20230223,20230322.0,Retard < 30j
FAC-2023-00822,2024-08-28,2024-09-27,,CLI-0199,SVC-023,DEPT-007,8,750.0,10,5400.0,1080.0,6480.0,Contentieux,0.0,582,2024,8,3,20240828,20240927,,Contentieux > 90j
FAC-2023-00823,2025-06-24,2025-08-23,,CLI-0046,SVC-019,DEPT-001,12,180.0,5,2052.0,410.4,2462.4,Retard,0.0,252,2025,6,2,20250624,20250823,,Contentieux > 90j
FAC-2023-00824,2023-08-28,2023-09-27,2023-10-06,CLI-0044,SVC-022,DEPT-004,5,600.0,0,3000.0,600.0,3600.0,Payée,3000.0,9,2023,8,3,20230828,20230927,20231006.0,Retard < 30j
FAC-2023-00825,2024-10-30,2024-12-14,2025-01-11,CLI-0112,SVC-003,DEPT-002,1,22000.0,0,22000.0,4400.0,26400.0,Payée,22000.0,28,2024,10,4,20241030,20241214,20250111.0,Retard < 30j
FAC-2023-00826,2023-02-16,2023-04-02,,CLI-0090,SVC-007,DEPT-001,1,1200.0,0,1200.0,240.0,1440.0,Retard,0.0,1126,2023,2,1,20230216,20230402,,Contentieux > 90j
FAC-2023-00827,2024-02-03,2024-03-04,2024-03-04,CLI-0158,SVC-013,DEPT-003,8,1100.0,0,8800.0,1760.0,10560.0,Payée,8800.0,0,2024,2,1,20240203,20240304,20240304.0,Dans les délais
FAC-2023-00828,2025-05-25,2025-06-24,2025-07-07,CLI-0126,SVC-005,DEPT-003,1,15000.0,0,15000.0,3000.0,18000.0,Payée,15000.0,13,2025,5,2,20250525,20250624,20250707.0,Retard < 30j
FAC-2023-00829,2025-07-01,2025-07-31,,CLI-0110,SVC-010,DEPT-004,36,45.0,0,1620.0,324.0,1944.0,Retard,0.0,275,2025,7,3,20250701,20250731,,Contentieux > 90j
FAC-2023-00830,2024-08-14,2024-09-28,,CLI-0132,SVC-015,DEPT-004,1,2800.0,0,2800.0,560.0,3360.0,Retard,0.0,581,2024,8,3,20240814,20240928,,Contentieux > 90j
FAC-2023-00831,2023-06-26,2023-08-10,2023-09-07,CLI-0132,SVC-005,DEPT-003,1,15000.0,0,15000.0,3000.0,18000.0,Payée,15000.0,28,2023,6,2,20230626,20230810,20230907.0,Retard < 30j
FAC-2023-00832,2025-02-08,2025-03-25,2025-04-06,CLI-0019,SVC-019,DEPT-004,4,180.0,0,720.0,144.0,864.0,Payée,720.0,12,2025,2,1,20250208,20250325,20250406.0,Retard < 30j
FAC-2023-00833,2025-08-04,2025-10-03,,CLI-0053,SVC-018,DEPT-002,1,6500.0,5,6175.0,1235.0,7410.0,Retard,0.0,211,2025,8,3,20250804,20251003,,Contentieux > 90j
FAC-2023-00834,2025-02-20,2025-03-22,2025-04-05,CLI-0060,SVC-006,DEPT-007,1,450.0,0,450.0,90.0,540.0,Payée,450.0,14,2025,2,1,20250220,20250322,20250405.0,Retard < 30j
FAC-2023-00835,2025-08-07,2025-09-21,,CLI-0096,SVC-016,DEPT-002,1,1800.0,0,1800.0,360.0,2160.0,Retard,0.0,223,2025,8,3,20250807,20250921,,Contentieux > 90j
FAC-2023-00836,2025-08-25,2025-09-24,,CLI-0084,SVC-010,DEPT-004,8,45.0,5,342.0,68.4,410.4,Partielle,173.93,220,2025,8,3,20250825,20250924,,Contentieux > 90j
FAC-2023-00837,2023-02-28,2023-03-30,2023-03-30,CLI-0199,SVC-008,DEPT-007,1,2500.0,0,2500.0,500.0,3000.0,Payée,2500.0,0,2023,2,1,20230228,20230330,20230330.0,Dans les délais
FAC-2023-00838,2025-09-11,2025-10-11,2025-11-05,CLI-0115,SVC-019,DEPT-001,20,180.0,0,3600.0,720.0,4320.0,Payée,3600.0,25,2025,9,3,20250911,20251011,20251105.0,Retard < 30j
FAC-2023-00839,2023-02-05,2023-03-22,2023-03-22,CLI-0119,SVC-017,DEPT-002,1,950.0,10,855.0,171.0,1026.0,Payée,855.0,0,2023,2,1,20230205,20230322,20230322.0,Dans les délais
FAC-2023-00840,2023-10-05,2023-11-19,2023-12-07,CLI-0101,SVC-015,DEPT-004,1,2800.0,0,2800.0,560.0,3360.0,Payée,2800.0,18,2023,10,4,20231005,20231119,20231207.0,Retard < 30j
FAC-2023-00841,2023-04-10,2023-07-09,2023-07-09,CLI-0195,SVC-012,DEPT-007,1,3200.0,0,3200.0,640.0,3840.0,Payée,3200.0,0,2023,4,2,20230410,20230709,20230709.0,Dans les délais
FAC-2023-00842,2024-01-11,2024-02-25,2024-03-11,CLI-0058,SVC-021,DEPT-003,2,800.0,0,1600.0,320.0,1920.0,Payée,1600.0,15,2024,1,1,20240111,20240225,20240311.0,Retard < 30j
FAC-2023-00843,2025-01-12,2025-02-26,2025-03-02,CLI-0096,SVC-009,DEPT-001,1,180.0,0,180.0,36.0,216.0,Payée,180.0,4,2025,1,1,20250112,20250226,20250302.0,Retard < 30j
FAC-2023-00844,2024-07-30,2024-08-29,2024-09-14,CLI-0044,SVC-017,DEPT-002,1,950.0,0,950.0,190.0,1140.0,Payée,950.0,16,2024,7,3,20240730,20240829,20240914.0,Retard < 30j
FAC-2023-00845,2023-11-13,2023-12-13,,CLI-0032,SVC-007,DEPT-007,1,1200.0,0,1200.0,240.0,1440.0,Retard,0.0,871,2023,11,4,20231113,20231213,,Contentieux > 90j
FAC-2023-00846,2025-12-12,2026-01-11,,CLI-0187,SVC-023,DEPT-001,9,750.0,5,6412.5,1282.5,7695.0,Retard,0.0,111,2025,12,4,20251212,20260111,,Contentieux > 90j
FAC-2023-00847,2023-06-06,2023-07-21,2023-07-21,CLI-0132,SVC-015,DEPT-004,1,2800.0,0,2800.0,560.0,3360.0,Payée,2800.0,0,2023,6,2,20230606,20230721,20230721.0,Dans les délais
FAC-2023-00848,2025-01-12,2025-02-11,,CLI-0110,SVC-010,DEPT-003,9,45.0,10,364.5,72.9,437.4,Partielle,218.27,445,2025,1,1,20250112,20250211,,Contentieux > 90j
FAC-2023-00849,2024-09-15,2024-11-14,2024-11-17,CLI-0053,SVC-023,DEPT-002,1,750.0,5,712.5,142.5,855.0,Payée,712.5,3,2024,9,3,20240915,20241114,20241117.0,Retard < 30j
FAC-2023-00850,2023-09-14,2023-10-14,2023-10-16,CLI-0071,SVC-010,DEPT-001,14,45.0,0,630.0,126.0,756.0,Payée,630.0,2,2023,9,3,20230914,20231014,20231016.0,Retard < 30j
FAC-2023-00851,2025-06-02,2025-08-01,2025-08-28,CLI-0005,SVC-016,DEPT-007,1,1800.0,0,1800.0,360.0,2160.0,Payée,1800.0,27,2025,6,2,20250602,20250801,20250828.0,Retard < 30j
FAC-2023-00852,2023-09-01,2023-10-01,2023-10-15,CLI-0018,SVC-016,DEPT-001,1,1800.0,10,1620.0,324.0,1944.0,Payée,1620.0,14,2023,9,3,20230901,20231001,20231015.0,Retard < 30j
FAC-2023-00853,2024-02-25,2024-03-26,2024-04-12,CLI-0029,SVC-004,DEPT-001,10,1200.0,10,10800.0,2160.0,12960.0,Payée,10800.0,17,2024,2,1,20240225,20240326,20240412.0,Retard < 30j
FAC-2023-00854,2024-07-22,2024-08-21,2024-08-26,CLI-0028,SVC-005,DEPT-007,1,15000.0,10,13500.0,2700.0,16200.0,Payée,13500.0,5,2024,7,3,20240722,20240821,20240826.0,Retard < 30j
FAC-2023-00855,2025-10-31,2025-11-30,2025-11-30,CLI-0186,SVC-008,DEPT-007,1,2500.0,0,2500.0,500.0,3000.0,Payée,2500.0,0,2025,10,4,20251031,20251130,20251130.0,Dans les délais
FAC-2023-00856,2024-01-28,2024-03-28,,CLI-0068,SVC-023,DEPT-001,5,750.0,0,3750.0,750.0,4500.0,Retard,0.0,765,2024,1,1,20240128,20240328,,Contentieux > 90j
FAC-2023-00857,2025-10-29,2025-12-13,2025-12-19,CLI-0031,SVC-007,DEPT-004,1,1200.0,10,1080.0,216.0,1296.0,Payée,1080.0,6,2025,10,4,20251029,20251213,20251219.0,Retard < 30j
FAC-2023-00858,2024-12-27,2025-02-10,2025-03-09,CLI-0033,SVC-006,DEPT-002,1,450.0,15,382.5,76.5,459.0,Payée,382.5,27,2024,12,4,20241227,20250210,20250309.0,Retard < 30j
FAC-2023-00859,2024-10-05,2024-11-04,2024-11-30,CLI-0129,SVC-004,DEPT-003,2,1200.0,0,2400.0,480.0,2880.0,Payée,2400.0,26,2024,10,4,20241005,20241104,20241130.0,Retard < 30j
FAC-2023-00860,2023-03-25,2023-04-24,2023-05-13,CLI-0092,SVC-018,DEPT-003,1,6500.0,0,6500.0,1300.0,7800.0,Payée,6500.0,19,2023,3,1,20230325,20230424,20230513.0,Retard < 30j
FAC-2023-00861,2024-09-30,2024-10-30,2024-11-21,CLI-0142,SVC-020,DEPT-002,8,1400.0,0,11200.0,2240.0,13440.0,Payée,11200.0,22,2024,9,3,20240930,20241030,20241121.0,Retard < 30j
FAC-2023-00862,2025-01-22,2025-03-08,,CLI-0020,SVC-016,DEPT-004,1,1800.0,0,1800.0,360.0,2160.0,Contentieux,0.0,420,2025,1,1,20250122,20250308,,Contentieux > 90j
FAC-2023-00863,2025-06-16,2025-07-16,2025-07-20,CLI-0032,SVC-013,DEPT-004,9,1100.0,5,9405.0,1881.0,11286.0,Payée,9405.0,4,2025,6,2,20250616,20250716,20250720.0,Retard < 30j
FAC-2023-00864,2023-07-28,2023-08-27,,CLI-0127,SVC-023,DEPT-003,3,750.0,0,2250.0,450.0,2700.0,Contentieux,0.0,979,2023,7,3,20230728,20230827,,Contentieux > 90j
FAC-2023-00865,2025-04-07,2025-05-07,2025-06-02,CLI-0060,SVC-020,DEPT-003,2,1400.0,0,2800.0,560.0,3360.0,Payée,2800.0,26,2025,4,2,20250407,20250507,20250602.0,Retard < 30j
FAC-2023-00866,2024-07-13,2024-08-27,,CLI-0177,SVC-019,DEPT-004,14,180.0,0,2520.0,504.0,3024.0,Retard,0.0,613,2024,7,3,20240713,20240827,,Contentieux > 90j
FAC-2023-00867,2024-07-25,2024-08-24,2024-08-26,CLI-0150,SVC-017,DEPT-003,1,950.0,0,950.0,190.0,1140.0,Payée,950.0,2,2024,7,3,20240725,20240824,20240826.0,Retard < 30j
FAC-2023-00868,2024-04-17,2024-05-17,2024-05-18,CLI-0151,SVC-016,DEPT-001,1,1800.0,5,1710.0,342.0,2052.0,Payée,1710.0,1,2024,4,2,20240417,20240517,20240518.0,Retard < 30j
FAC-2023-00869,2023-02-24,2023-04-10,2023-04-25,CLI-0020,SVC-016,DEPT-002,1,1800.0,15,1530.0,306.0,1836.0,Payée,1530.0,15,2023,2,1,20230224,20230410,20230425.0,Retard < 30j
FAC-2023-00870,2023-07-17,2023-08-31,2023-09-26,CLI-0096,SVC-020,DEPT-004,2,1400.0,5,2660.0,532.0,3192.0,Payée,2660.0,26,2023,7,3,20230717,20230831,20230926.0,Retard < 30j
FAC-2023-00871,2025-10-16,2025-11-15,2025-12-14,CLI-0060,SVC-010,DEPT-007,32,45.0,0,1440.0,288.0,1728.0,Payée,1440.0,29,2025,10,4,20251016,20251115,20251214.0,Retard < 30j
FAC-2023-00872,2025-05-31,2025-07-30,2025-08-22,CLI-0005,SVC-002,DEPT-003,1,8500.0,10,7650.0,1530.0,9180.0,Payée,7650.0,23,2025,5,2,20250531,20250730,20250822.0,Retard < 30j
FAC-2023-00873,2025-07-30,2025-08-29,2025-09-12,CLI-0121,SVC-015,DEPT-002,1,2800.0,0,2800.0,560.0,3360.0,Payée,2800.0,14,2025,7,3,20250730,20250829,20250912.0,Retard < 30j
FAC-2023-00874,2023-10-03,2023-11-02,2023-11-04,CLI-0151,SVC-014,DEPT-007,5,1500.0,5,7125.0,1425.0,8550.0,Payée,7125.0,2,2023,10,4,20231003,20231102,20231104.0,Retard < 30j
FAC-2023-00875,2025-08-20,2025-09-19,2025-09-19,CLI-0151,SVC-022,DEPT-004,8,600.0,0,4800.0,960.0,5760.0,Payée,4800.0,0,2025,8,3,20250820,20250919,20250919.0,Dans les délais
FAC-2023-00876,2025-02-12,2025-03-14,2025-03-27,CLI-0084,SVC-016,DEPT-003,1,1800.0,5,1710.0,342.0,2052.0,Payée,1710.0,13,2025,2,1,20250212,20250314,20250327.0,Retard < 30j
FAC-2023-00877,2023-04-03,2023-05-03,2023-05-03,CLI-0018,SVC-001,DEPT-003,1,3500.0,0,3500.0,700.0,4200.0,Payée,3500.0,0,2023,4,2,20230403,20230503,20230503.0,Dans les délais
FAC-2023-00878,2025-05-26,2025-07-10,2025-07-10,CLI-0122,SVC-004,DEPT-002,6,1200.0,15,6120.0,1224.0,7344.0,Payée,6120.0,0,2025,5,2,20250526,20250710,20250710.0,Dans les délais
FAC-2023-00879,2024-10-01,2024-10-31,,CLI-0079,SVC-008,DEPT-003,1,2500.0,0,2500.0,500.0,3000.0,Partielle,831.88,548,2024,10,4,20241001,20241031,,Contentieux > 90j
FAC-2023-00880,2023-12-14,2024-01-28,2024-02-21,CLI-0037,SVC-011,DEPT-004,1,4500.0,0,4500.0,900.0,5400.0,Payée,4500.0,24,2023,12,4,20231214,20240128,20240221.0,Retard < 30j
FAC-2023-00881,2025-05-12,2025-06-11,,CLI-0174,SVC-017,DEPT-007,1,950.0,0,950.0,190.0,1140.0,Retard,0.0,325,2025,5,2,20250512,20250611,,Contentieux > 90j
FAC-2023-00882,2025-02-12,2025-03-14,2025-03-15,CLI-0006,SVC-011,DEPT-004,1,4500.0,0,4500.0,900.0,5400.0,Payée,4500.0,1,2025,2,1,20250212,20250314,20250315.0,Retard < 30j
FAC-2023-00883,2024-02-26,2024-04-11,,CLI-0031,SVC-023,DEPT-003,6,750.0,0,4500.0,900.0,5400.0,Retard,0.0,751,2024,2,1,20240226,20240411,,Contentieux > 90j
FAC-2023-00884,2024-09-05,2024-10-05,2024-10-05,CLI-0051,SVC-020,DEPT-007,6,1400.0,15,7140.0,1428.0,8568.0,Payée,7140.0,0,2024,9,3,20240905,20241005,20241005.0,Dans les délais
FAC-2023-00885,2024-06-27,2024-07-27,2024-08-05,CLI-0065,SVC-010,DEPT-007,4,45.0,0,180.0,36.0,216.0,Payée,180.0,9,2024,6,2,20240627,20240727,20240805.0,Retard < 30j
FAC-2023-00886,2023-07-14,2023-08-13,2023-09-10,CLI-0028,SVC-023,DEPT-004,10,750.0,0,7500.0,1500.0,9000.0,Payée,7500.0,28,2023,7,3,20230714,20230813,20230910.0,Retard < 30j
FAC-2023-00887,2024-12-12,2025-01-11,,CLI-0135,SVC-007,DEPT-003,1,1200.0,5,1140.0,228.0,1368.0,Retard,0.0,476,2024,12,4,20241212,20250111,,Contentieux > 90j
FAC-2023-00888,2025-06-05,2025-07-05,2025-07-25,CLI-0156,SVC-010,DEPT-003,43,45.0,0,1935.0,387.0,2322.0,Payée,1935.0,20,2025,6,2,20250605,20250705,20250725.0,Retard < 30j
FAC-2023-00889,2025-07-17,2025-08-31,2025-08-31,CLI-0190,SVC-017,DEPT-007,1,950.0,5,902.5,180.5,1083.0,Payée,902.5,0,2025,7,3,20250717,20250831,20250831.0,Dans les délais
FAC-2023-00890,2025-10-19,2025-11-18,,CLI-0056,SVC-019,DEPT-004,8,180.0,5,1368.0,273.6,1641.6,Retard,0.0,165,2025,10,4,20251019,20251118,,Contentieux > 90j
FAC-2023-00891,2025-12-27,2026-01-26,,CLI-0086,SVC-021,DEPT-001,10,800.0,10,7200.0,1440.0,8640.0,Partielle,5524.69,96,2025,12,4,20251227,20260126,,Contentieux > 90j
FAC-2023-00892,2025-01-16,2025-03-02,2025-03-16,CLI-0160,SVC-007,DEPT-004,1,1200.0,0,1200.0,240.0,1440.0,Payée,1200.0,14,2025,1,1,20250116,20250302,20250316.0,Retard < 30j
FAC-2023-00893,2023-05-12,2023-07-11,,CLI-0130,SVC-011,DEPT-003,1,4500.0,5,4275.0,855.0,5130.0,Retard,0.0,1026,2023,5,2,20230512,20230711,,Contentieux > 90j
FAC-2023-00894,2023-11-25,2023-12-25,2024-01-04,CLI-0092,SVC-021,DEPT-001,5,800.0,5,3800.0,760.0,4560.0,Payée,3800.0,10,2023,11,4,20231125,20231225,20240104.0,Retard < 30j
FAC-2023-00895,2023-02-26,2023-04-12,,CLI-0047,SVC-007,DEPT-004,1,1200.0,0,1200.0,240.0,1440.0,Retard,0.0,1116,2023,2,1,20230226,20230412,,Contentieux > 90j
FAC-2023-00896,2025-06-12,2025-07-12,,CLI-0150,SVC-018,DEPT-003,1,6500.0,0,6500.0,1300.0,7800.0,Partielle,2606.47,294,2025,6,2,20250612,20250712,,Contentieux > 90j
FAC-2023-00897,2024-06-13,2024-07-28,2024-08-27,CLI-0043,SVC-001,DEPT-002,1,3500.0,5,3325.0,665.0,3990.0,Payée,3325.0,30,2024,6,2,20240613,20240728,20240827.0,Retard < 30j
FAC-2023-00898,2025-09-22,2025-10-22,2025-10-22,CLI-0197,SVC-002,DEPT-003,1,8500.0,5,8075.0,1615.0,9690.0,Payée,8075.0,0,2025,9,3,20250922,20251022,20251022.0,Dans les délais
FAC-2023-00899,2023-05-11,2023-07-10,,CLI-0184,SVC-010,DEPT-001,27,45.0,10,1093.5,218.7,1312.2,Retard,0.0,1027,2023,5,2,20230511,20230710,,Contentieux > 90j
FAC-2023-00900,2023-10-15,2023-11-14,,CLI-0126,SVC-024,DEPT-001,4,700.0,0,2800.0,560.0,3360.0,Retard,0.0,900,2023,10,4,20231015,20231114,,Contentieux > 90j
FAC-2023-00901,2025-12-11,2026-01-25,2026-01-27,CLI-0160,SVC-022,DEPT-003,5,600.0,0,3000.0,600.0,3600.0,Payée,3000.0,2,2025,12,4,20251211,20260125,20260127.0,Retard < 30j
FAC-2023-00902,2025-03-09,2025-04-08,2025-04-09,CLI-0104,SVC-019,DEPT-002,9,180.0,10,1458.0,291.6,1749.6,Payée,1458.0,1,2025,3,1,20250309,20250408,20250409.0,Retard < 30j
FAC-2023-00903,2025-06-19,2025-07-19,,CLI-0065,SVC-009,DEPT-007,1,180.0,0,180.0,36.0,216.0,Partielle,59.03,287,2025,6,2,20250619,20250719,,Contentieux > 90j
FAC-2023-00904,2023-08-20,2023-10-04,2023-10-14,CLI-0119,SVC-023,DEPT-003,6,750.0,0,4500.0,900.0,5400.0,Payée,4500.0,10,2023,8,3,20230820,20231004,20231014.0,Retard < 30j
FAC-2023-00905,2025-08-31,2025-10-30,,CLI-0046,SVC-012,DEPT-001,1,3200.0,5,3040.0,608.0,3648.0,Retard,0.0,184,2025,8,3,20250831,20251030,,Contentieux > 90j
FAC-2023-00906,2023-03-13,2023-04-12,,CLI-0199,SVC-020,DEPT-002,1,1400.0,5,1330.0,266.0,1596.0,Retard,0.0,1116,2023,3,1,20230313,20230412,,Contentieux > 90j
FAC-2023-00907,2025-02-26,2025-03-28,,CLI-0080,SVC-018,DEPT-003,1,6500.0,0,6500.0,1300.0,7800.0,Contentieux,0.0,400,2025,2,1,20250226,20250328,,Contentieux > 90j
FAC-2023-00908,2024-04-29,2024-06-13,2024-07-03,CLI-0039,SVC-018,DEPT-003,1,6500.0,10,5850.0,1170.0,7020.0,Payée,5850.0,20,2024,4,2,20240429,20240613,20240703.0,Retard < 30j
FAC-2023-00909,2024-04-27,2024-06-11,,CLI-0096,SVC-003,DEPT-004,1,22000.0,0,22000.0,4400.0,26400.0,Partielle,8362.5,690,2024,4,2,20240427,20240611,,Contentieux > 90j
FAC-2023-00910,2025-04-12,2025-06-11,2025-06-11,CLI-0194,SVC-011,DEPT-004,1,4500.0,5,4275.0,855.0,5130.0,Payée,4275.0,0,2025,4,2,20250412,20250611,20250611.0,Dans les délais
FAC-2023-00911,2025-04-25,2025-05-25,,CLI-0146,SVC-024,DEPT-002,6,700.0,5,3990.0,798.0,4788.0,Partielle,2833.38,342,2025,4,2,20250425,20250525,,Contentieux > 90j
FAC-2023-00912,2023-05-16,2023-06-15,2023-07-15,CLI-0083,SVC-017,DEPT-003,1,950.0,0,950.0,190.0,1140.0,Payée,950.0,30,2023,5,2,20230516,20230615,20230715.0,Retard < 30j
FAC-2023-00913,2023-02-26,2023-03-28,2023-04-20,CLI-0142,SVC-023,DEPT-002,1,750.0,5,712.5,142.5,855.0,Payée,712.5,23,2023,2,1,20230226,20230328,20230420.0,Retard < 30j
FAC-2023-00914,2024-02-14,2024-03-30,2024-04-04,CLI-0001,SVC-013,DEPT-002,5,1100.0,0,5500.0,1100.0,6600.0,Payée,5500.0,5,2024,2,1,20240214,20240330,20240404.0,Retard < 30j
FAC-2023-00915,2023-09-24,2023-11-08,,CLI-0159,SVC-023,DEPT-003,10,750.0,5,7125.0,1425.0,8550.0,Retard,0.0,906,2023,9,3,20230924,20231108,,Contentieux > 90j
FAC-2023-00916,2023-10-01,2023-10-31,,CLI-0141,SVC-016,DEPT-003,1,1800.0,0,1800.0,360.0,2160.0,Retard,0.0,914,2023,10,4,20231001,20231031,,Contentieux > 90j
FAC-2023-00917,2023-06-22,2023-08-21,2023-09-09,CLI-0091,SVC-007,DEPT-007,1,1200.0,0,1200.0,240.0,1440.0,Payée,1200.0,19,2023,6,2,20230622,20230821,20230909.0,Retard < 30j
FAC-2023-00918,2023-02-17,2023-03-19,2023-03-28,CLI-0070,SVC-001,DEPT-001,1,3500.0,10,3150.0,630.0,3780.0,Payée,3150.0,9,2023,2,1,20230217,20230319,20230328.0,Retard < 30j
FAC-2023-00919,2024-06-20,2024-08-19,2024-09-08,CLI-0144,SVC-007,DEPT-007,1,1200.0,5,1140.0,228.0,1368.0,Payée,1140.0,20,2024,6,2,20240620,20240819,20240908.0,Retard < 30j
FAC-2023-00920,2024-06-16,2024-07-16,2024-07-18,CLI-0135,SVC-020,DEPT-001,3,1400.0,0,4200.0,840.0,5040.0,Payée,4200.0,2,2024,6,2,20240616,20240716,20240718.0,Retard < 30j
FAC-2023-00921,2025-07-18,2025-08-17,,CLI-0162,SVC-014,DEPT-002,8,1500.0,0,12000.0,2400.0,14400.0,Retard,0.0,258,2025,7,3,20250718,20250817,,Contentieux > 90j
FAC-2023-00922,2025-10-09,2025-11-08,,CLI-0086,SVC-010,DEPT-003,25,45.0,0,1125.0,225.0,1350.0,Partielle,675.05,175,2025,10,4,20251009,20251108,,Contentieux > 90j
FAC-2023-00923,2024-01-05,2024-02-04,2024-02-15,CLI-0057,SVC-014,DEPT-002,7,1500.0,5,9975.0,1995.0,11970.0,Payée,9975.0,11,2024,1,1,20240105,20240204,20240215.0,Retard < 30j
FAC-2023-00924,2024-05-23,2024-07-07,,CLI-0189,SVC-015,DEPT-004,1,2800.0,0,2800.0,560.0,3360.0,Retard,0.0,664,2024,5,2,20240523,20240707,,Contentieux > 90j
FAC-2023-00925,2025-08-18,2025-09-17,2025-10-07,CLI-0026,SVC-001,DEPT-002,1,3500.0,0,3500.0,700.0,4200.0,Payée,3500.0,20,2025,8,3,20250818,20250917,20251007.0,Retard < 30j
FAC-2023-00926,2025-05-16,2025-06-30,2025-06-30,CLI-0123,SVC-023,DEPT-001,10,750.0,0,7500.0,1500.0,9000.0,Payée,7500.0,0,2025,5,2,20250516,20250630,20250630.0,Dans les délais
FAC-2023-00927,2025-08-22,2025-10-06,,CLI-0105,SVC-008,DEPT-007,1,2500.0,10,2250.0,450.0,2700.0,Contentieux,0.0,208,2025,8,3,20250822,20251006,,Contentieux > 90j
FAC-2023-00928,2024-06-03,2024-07-03,2024-07-23,CLI-0014,SVC-001,DEPT-003,1,3500.0,0,3500.0,700.0,4200.0,Payée,3500.0,20,2024,6,2,20240603,20240703,20240723.0,Retard < 30j
FAC-2023-00929,2023-03-26,2023-05-10,2023-06-06,CLI-0042,SVC-018,DEPT-004,1,6500.0,0,6500.0,1300.0,7800.0,Payée,6500.0,27,2023,3,1,20230326,20230510,20230606.0,Retard < 30j
FAC-2023-00930,2023-09-28,2023-11-27,,CLI-0107,SVC-015,DEPT-004,1,2800.0,0,2800.0,560.0,3360.0,Retard,0.0,887,2023,9,3,20230928,20231127,,Contentieux > 90j
FAC-2023-00931,2023-08-28,2023-10-12,,CLI-0045,SVC-009,DEPT-004,1,180.0,0,180.0,36.0,216.0,Contentieux,0.0,933,2023,8,3,20230828,20231012,,Contentieux > 90j
FAC-2023-00932,2025-01-08,2025-02-22,,CLI-0090,SVC-024,DEPT-003,7,700.0,0,4900.0,980.0,5880.0,Partielle,2971.68,434,2025,1,1,20250108,20250222,,Contentieux > 90j
FAC-2023-00933,2025-06-11,2025-07-26,2025-08-21,CLI-0159,SVC-011,DEPT-002,1,4500.0,10,4050.0,810.0,4860.0,Payée,4050.0,26,2025,6,2,20250611,20250726,20250821.0,Retard < 30j
FAC-2023-00934,2025-06-20,2025-08-04,2025-08-10,CLI-0171,SVC-022,DEPT-001,1,600.0,0,600.0,120.0,720.0,Payée,600.0,6,2025,6,2,20250620,20250804,20250810.0,Retard < 30j
FAC-2023-00935,2023-12-01,2023-12-31,2024-01-26,CLI-0146,SVC-009,DEPT-001,1,180.0,5,171.0,34.2,205.2,Payée,171.0,26,2023,12,4,20231201,20231231,20240126.0,Retard < 30j
FAC-2023-00936,2025-09-20,2025-11-04,2025-11-08,CLI-0139,SVC-012,DEPT-001,1,3200.0,0,3200.0,640.0,3840.0,Payée,3200.0,4,2025,9,3,20250920,20251104,20251108.0,Retard < 30j
FAC-2023-00937,2024-02-22,2024-03-23,2024-03-28,CLI-0110,SVC-003,DEPT-007,1,22000.0,10,19800.0,3960.0,23760.0,Payée,19800.0,5,2024,2,1,20240222,20240323,20240328.0,Retard < 30j
FAC-2023-00938,2024-03-10,2024-04-24,2024-04-30,CLI-0087,SVC-019,DEPT-004,20,180.0,15,3060.0,612.0,3672.0,Payée,3060.0,6,2024,3,1,20240310,20240424,20240430.0,Retard < 30j
FAC-2023-00939,2025-10-17,2025-11-16,,CLI-0023,SVC-008,DEPT-001,1,2500.0,5,2375.0,475.0,2850.0,Partielle,743.33,167,2025,10,4,20251017,20251116,,Contentieux > 90j
FAC-2023-00940,2023-08-06,2023-11-04,2023-11-04,CLI-0125,SVC-012,DEPT-004,1,3200.0,10,2880.0,576.0,3456.0,Payée,2880.0,0,2023,8,3,20230806,20231104,20231104.0,Dans les délais
FAC-2023-00941,2024-07-05,2024-08-04,2024-08-04,CLI-0148,SVC-015,DEPT-007,1,2800.0,0,2800.0,560.0,3360.0,Payée,2800.0,0,2024,7,3,20240705,20240804,20240804.0,Dans les délais
FAC-2023-00942,2023-09-22,2023-10-22,2023-11-04,CLI-0141,SVC-011,DEPT-003,1,4500.0,0,4500.0,900.0,5400.0,Payée,4500.0,13,2023,9,3,20230922,20231022,20231104.0,Retard < 30j
FAC-2023-00943,2023-05-25,2023-07-09,2023-07-29,CLI-0017,SVC-024,DEPT-003,9,700.0,15,5355.0,1071.0,6426.0,Payée,5355.0,20,2023,5,2,20230525,20230709,20230729.0,Retard < 30j
FAC-2023-00944,2025-03-27,2025-04-26,,CLI-0054,SVC-008,DEPT-004,1,2500.0,0,2500.0,500.0,3000.0,Partielle,953.68,371,2025,3,1,20250327,20250426,,Contentieux > 90j
FAC-2023-00945,2023-11-12,2024-01-11,,CLI-0091,SVC-021,DEPT-003,2,800.0,0,1600.0,320.0,1920.0,Retard,0.0,842,2023,11,4,20231112,20240111,,Contentieux > 90j
FAC-2023-00946,2025-01-05,2025-03-06,,CLI-0184,SVC-005,DEPT-007,1,15000.0,5,14250.0,2850.0,17100.0,Retard,0.0,422,2025,1,1,20250105,20250306,,Contentieux > 90j
FAC-2023-00947,2025-07-01,2025-07-31,2025-08-22,CLI-0060,SVC-016,DEPT-001,1,1800.0,10,1620.0,324.0,1944.0,Payée,1620.0,22,2025,7,3,20250701,20250731,20250822.0,Retard < 30j
FAC-2023-00948,2024-01-17,2024-02-16,2024-02-16,CLI-0134,SVC-012,DEPT-007,1,3200.0,0,3200.0,640.0,3840.0,Payée,3200.0,0,2024,1,1,20240117,20240216,20240216.0,Dans les délais
FAC-2023-00949,2024-04-04,2024-05-19,,CLI-0108,SVC-015,DEPT-004,1,2800.0,5,2660.0,532.0,3192.0,Retard,0.0,713,2024,4,2,20240404,20240519,,Contentieux > 90j
FAC-2023-00950,2025-12-10,2026-01-09,2026-02-03,CLI-0162,SVC-021,DEPT-003,2,800.0,0,1600.0,320.0,1920.0,Payée,1600.0,25,2025,12,4,20251210,20260109,20260203.0,Retard < 30j
FAC-2023-00951,2024-09-07,2024-10-22,2024-11-04,CLI-0047,SVC-005,DEPT-007,1,15000.0,10,13500.0,2700.0,16200.0,Payée,13500.0,13,2024,9,3,20240907,20241022,20241104.0,Retard < 30j
FAC-2023-00952,2023-06-06,2023-07-06,2023-08-02,CLI-0015,SVC-018,DEPT-004,1,6500.0,10,5850.0,1170.0,7020.0,Payée,5850.0,27,2023,6,2,20230606,20230706,20230802.0,Retard < 30j
FAC-2023-00953,2025-08-09,2025-10-08,2025-10-08,CLI-0130,SVC-004,DEPT-007,10,1200.0,10,10800.0,2160.0,12960.0,Payée,10800.0,0,2025,8,3,20250809,20251008,20251008.0,Dans les délais
FAC-2023-00954,2025-08-05,2025-10-04,,CLI-0005,SVC-004,DEPT-001,3,1200.0,5,3420.0,684.0,4104.0,Retard,0.0,210,2025,8,3,20250805,20251004,,Contentieux > 90j
FAC-2023-00955,2024-09-01,2024-10-01,2024-10-24,CLI-0026,SVC-014,DEPT-007,6,1500.0,0,9000.0,1800.0,10800.0,Payée,9000.0,23,2024,9,3,20240901,20241001,20241024.0,Retard < 30j
FAC-2023-00956,2024-01-19,2024-02-18,2024-02-29,CLI-0084,SVC-011,DEPT-001,1,4500.0,0,4500.0,900.0,5400.0,Payée,4500.0,11,2024,1,1,20240119,20240218,20240229.0,Retard < 30j
FAC-2023-00957,2023-02-06,2023-03-23,2023-03-28,CLI-0137,SVC-018,DEPT-004,1,6500.0,0,6500.0,1300.0,7800.0,Payée,6500.0,5,2023,2,1,20230206,20230323,20230328.0,Retard < 30j
FAC-2023-00958,2025-04-09,2025-06-08,2025-06-26,CLI-0143,SVC-023,DEPT-004,10,750.0,5,7125.0,1425.0,8550.0,Payée,7125.0,18,2025,4,2,20250409,20250608,20250626.0,Retard < 30j
FAC-2023-00959,2023-09-14,2023-10-29,2023-10-29,CLI-0096,SVC-003,DEPT-002,1,22000.0,0,22000.0,4400.0,26400.0,Payée,22000.0,0,2023,9,3,20230914,20231029,20231029.0,Dans les délais
FAC-2023-00960,2025-09-12,2025-10-12,2025-11-03,CLI-0007,SVC-007,DEPT-007,1,1200.0,5,1140.0,228.0,1368.0,Payée,1140.0,22,2025,9,3,20250912,20251012,20251103.0,Retard < 30j
FAC-2023-00961,2024-09-08,2024-10-08,2024-10-30,CLI-0057,SVC-003,DEPT-001,1,22000.0,5,20900.0,4180.0,25080.0,Payée,20900.0,22,2024,9,3,20240908,20241008,20241030.0,Retard < 30j
FAC-2023-00962,2023-11-09,2023-12-24,2024-01-19,CLI-0037,SVC-006,DEPT-004,1,450.0,5,427.5,85.5,513.0,Payée,427.5,26,2023,11,4,20231109,20231224,20240119.0,Retard < 30j
FAC-2023-00963,2024-05-11,2024-06-10,2024-06-30,CLI-0006,SVC-015,DEPT-001,1,2800.0,0,2800.0,560.0,3360.0,Payée,2800.0,20,2024,5,2,20240511,20240610,20240630.0,Retard < 30j
FAC-2023-00964,2023-07-30,2023-09-13,,CLI-0105,SVC-001,DEPT-004,1,3500.0,5,3325.0,665.0,3990.0,Retard,0.0,962,2023,7,3,20230730,20230913,,Contentieux > 90j
FAC-2023-00965,2024-08-18,2024-09-17,2024-10-13,CLI-0152,SVC-024,DEPT-002,1,700.0,0,700.0,140.0,840.0,Payée,700.0,26,2024,8,3,20240818,20240917,20241013.0,Retard < 30j
FAC-2023-00966,2023-02-08,2023-03-10,2023-03-10,CLI-0018,SVC-017,DEPT-003,1,950.0,0,950.0,190.0,1140.0,Payée,950.0,0,2023,2,1,20230208,20230310,20230310.0,Dans les délais
FAC-2023-00967,2025-08-27,2025-09-26,,CLI-0199,SVC-014,DEPT-004,2,1500.0,0,3000.0,600.0,3600.0,Partielle,1420.15,218,2025,8,3,20250827,20250926,,Contentieux > 90j
FAC-2023-00968,2024-08-12,2024-09-11,2024-10-04,CLI-0006,SVC-006,DEPT-002,1,450.0,5,427.5,85.5,513.0,Payée,427.5,23,2024,8,3,20240812,20240911,20241004.0,Retard < 30j
FAC-2023-00969,2024-11-25,2024-12-25,,CLI-0156,SVC-008,DEPT-004,1,2500.0,10,2250.0,450.0,2700.0,Partielle,1479.6,493,2024,11,4,20241125,20241225,,Contentieux > 90j
FAC-2023-00970,2025-03-10,2025-04-24,,CLI-0042,SVC-010,DEPT-003,27,45.0,10,1093.5,218.7,1312.2,Retard,0.0,373,2025,3,1,20250310,20250424,,Contentieux > 90j
FAC-2023-00971,2024-02-29,2024-03-30,,CLI-0146,SVC-006,DEPT-004,1,450.0,0,450.0,90.0,540.0,Retard,0.0,763,2024,2,1,20240229,20240330,,Contentieux > 90j
FAC-2023-00972,2024-02-13,2024-03-29,2024-04-19,CLI-0042,SVC-006,DEPT-004,1,450.0,0,450.0,90.0,540.0,Payée,450.0,21,2024,2,1,20240213,20240329,20240419.0,Retard < 30j
FAC-2023-00973,2024-03-04,2024-04-18,,CLI-0096,SVC-008,DEPT-003,1,2500.0,0,2500.0,500.0,3000.0,Contentieux,0.0,744,2024,3,1,20240304,20240418,,Contentieux > 90j
FAC-2023-00974,2023-11-21,2023-12-21,,CLI-0083,SVC-012,DEPT-001,1,3200.0,0,3200.0,640.0,3840.0,Partielle,1765.57,863,2023,11,4,20231121,20231221,,Contentieux > 90j
FAC-2023-00975,2023-08-22,2023-10-21,2023-11-16,CLI-0107,SVC-014,DEPT-003,10,1500.0,0,15000.0,3000.0,18000.0,Payée,15000.0,26,2023,8,3,20230822,20231021,20231116.0,Retard < 30j
FAC-2023-00976,2023-04-06,2023-05-21,2023-05-25,CLI-0108,SVC-012,DEPT-007,1,3200.0,5,3040.0,608.0,3648.0,Payée,3040.0,4,2023,4,2,20230406,20230521,20230525.0,Retard < 30j
FAC-2023-00977,2023-08-02,2023-10-01,2023-10-25,CLI-0184,SVC-022,DEPT-001,1,600.0,10,540.0,108.0,648.0,Payée,540.0,24,2023,8,3,20230802,20231001,20231025.0,Retard < 30j
FAC-2023-00978,2023-07-28,2023-09-11,2023-09-13,CLI-0033,SVC-020,DEPT-002,9,1400.0,0,12600.0,2520.0,15120.0,Payée,12600.0,2,2023,7,3,20230728,20230911,20230913.0,Retard < 30j
FAC-2023-00979,2024-08-21,2024-09-20,,CLI-0115,SVC-006,DEPT-004,1,450.0,5,427.5,85.5,513.0,Retard,0.0,589,2024,8,3,20240821,20240920,,Contentieux > 90j
FAC-2023-00980,2025-01-14,2025-02-28,2025-03-07,CLI-0031,SVC-005,DEPT-004,1,15000.0,0,15000.0,3000.0,18000.0,Payée,15000.0,7,2025,1,1,20250114,20250228,20250307.0,Retard < 30j
FAC-2023-00981,2024-05-17,2024-07-01,2024-07-14,CLI-0132,SVC-001,DEPT-007,1,3500.0,10,3150.0,630.0,3780.0,Payée,3150.0,13,2024,5,2,20240517,20240701,20240714.0,Retard < 30j
FAC-2023-00982,2024-06-28,2024-07-28,,CLI-0052,SVC-003,DEPT-003,1,22000.0,0,22000.0,4400.0,26400.0,Retard,0.0,643,2024,6,2,20240628,20240728,,Contentieux > 90j
FAC-2023-00983,2024-05-17,2024-07-16,2024-07-25,CLI-0194,SVC-022,DEPT-002,3,600.0,5,1710.0,342.0,2052.0,Payée,1710.0,9,2024,5,2,20240517,20240716,20240725.0,Retard < 30j
FAC-2023-00984,2025-04-18,2025-05-18,2025-06-05,CLI-0135,SVC-014,DEPT-001,8,1500.0,15,10200.0,2040.0,12240.0,Payée,10200.0,18,2025,4,2,20250418,20250518,20250605.0,Retard < 30j
FAC-2023-00985,2023-01-21,2023-03-07,2023-03-07,CLI-0139,SVC-005,DEPT-001,1,15000.0,5,14250.0,2850.0,17100.0,Payée,14250.0,0,2023,1,1,20230121,20230307,20230307.0,Dans les délais
FAC-2023-00986,2025-04-02,2025-06-01,2025-06-01,CLI-0107,SVC-011,DEPT-004,1,4500.0,15,3825.0,765.0,4590.0,Payée,3825.0,0,2025,4,2,20250402,20250601,20250601.0,Dans les délais
FAC-2023-00987,2023-11-06,2023-12-21,2024-01-18,CLI-0011,SVC-022,DEPT-003,10,600.0,0,6000.0,1200.0,7200.0,Payée,6000.0,28,2023,11,4,20231106,20231221,20240118.0,Retard < 30j
FAC-2023-00988,2024-09-15,2024-10-30,2024-11-11,CLI-0133,SVC-013,DEPT-007,6,1100.0,10,5940.0,1188.0,7128.0,Payée,5940.0,12,2024,9,3,20240915,20241030,20241111.0,Retard < 30j
FAC-2023-00989,2025-04-07,2025-05-07,2025-06-05,CLI-0186,SVC-005,DEPT-007,1,15000.0,0,15000.0,3000.0,18000.0,Payée,15000.0,29,2025,4,2,20250407,20250507,20250605.0,Retard < 30j
FAC-2023-00990,2025-06-24,2025-08-08,,CLI-0189,SVC-021,DEPT-004,6,800.0,10,4320.0,864.0,5184.0,Retard,0.0,267,2025,6,2,20250624,20250808,,Contentieux > 90j
FAC-2023-00991,2023-06-22,2023-08-06,2023-08-09,CLI-0059,SVC-010,DEPT-007,3,45.0,0,135.0,27.0,162.0,Payée,135.0,3,2023,6,2,20230622,20230806,20230809.0,Retard < 30j
FAC-2023-00992,2024-03-13,2024-04-12,2024-04-28,CLI-0166,SVC-010,DEPT-002,6,45.0,0,270.0,54.0,324.0,Payée,270.0,16,2024,3,1,20240313,20240412,20240428.0,Retard < 30j
FAC-2023-00993,2024-06-13,2024-07-13,,CLI-0006,SVC-001,DEPT-004,1,3500.0,0,3500.0,700.0,4200.0,Retard,0.0,658,2024,6,2,20240613,20240713,,Contentieux > 90j
FAC-2023-00994,2023-05-03,2023-06-02,2023-06-04,CLI-0156,SVC-004,DEPT-001,6,1200.0,0,7200.0,1440.0,8640.0,Payée,7200.0,2,2023,5,2,20230503,20230602,20230604.0,Retard < 30j
FAC-2023-00995,2025-07-08,2025-08-07,2025-08-23,CLI-0200,SVC-004,DEPT-002,5,1200.0,0,6000.0,1200.0,7200.0,Payée,6000.0,16,2025,7,3,20250708,20250807,20250823.0,Retard < 30j
FAC-2023-00996,2025-12-28,2026-02-11,2026-02-14,CLI-0177,SVC-019,DEPT-004,9,180.0,0,1620.0,324.0,1944.0,Payée,1620.0,3,2025,12,4,20251228,20260211,20260214.0,Retard < 30j
FAC-2023-00997,2024-05-22,2024-07-06,2024-07-24,CLI-0160,SVC-024,DEPT-004,2,700.0,0,1400.0,280.0,1680.0,Payée,1400.0,18,2024,5,2,20240522,20240706,20240724.0,Retard < 30j
FAC-2023-00998,2025-05-21,2025-07-05,2025-07-05,CLI-0031,SVC-005,DEPT-004,1,15000.0,10,13500.0,2700.0,16200.0,Payée,13500.0,0,2025,5,2,20250521,20250705,20250705.0,Dans les délais
FAC-2023-00999,2024-03-15,2024-04-29,2024-05-27,CLI-0042,SVC-016,DEPT-004,1,1800.0,0,1800.0,360.0,2160.0,Payée,1800.0,28,2024,3,1,20240315,20240429,20240527.0,Retard < 30j
FAC-2023-01000,2025-11-28,2026-02-26,,CLI-0179,SVC-018,DEPT-004,1,6500.0,5,6175.0,1235.0,7410.0,Partielle,3656.54,65,2025,11,4,20251128,20260226,,Retard 61-90j
FAC-2023-01001,2025-09-29,2025-10-29,2025-11-01,CLI-0138,SVC-023,DEPT-004,7,750.0,10,4725.0,945.0,5670.0,Payée,4725.0,3,2025,9,3,20250929,20251029,20251101.0,Retard < 30j
FAC-2023-01002,2025-11-17,2026-01-16,2026-01-24,CLI-0143,SVC-005,DEPT-004,1,15000.0,10,13500.0,2700.0,16200.0,Payée,13500.0,8,2025,11,4,20251117,20260116,20260124.0,Retard < 30j
FAC-2023-01003,2023-11-18,2024-01-02,2024-01-04,CLI-0147,SVC-002,DEPT-007,1,8500.0,10,7650.0,1530.0,9180.0,Payée,7650.0,2,2023,11,4,20231118,20240102,20240104.0,Retard < 30j
FAC-2023-01004,2023-09-05,2023-10-05,2023-10-09,CLI-0129,SVC-004,DEPT-001,6,1200.0,0,7200.0,1440.0,8640.0,Payée,7200.0,4,2023,9,3,20230905,20231005,20231009.0,Retard < 30j
FAC-2023-01005,2025-02-05,2025-03-22,2025-03-26,CLI-0119,SVC-010,DEPT-002,20,45.0,0,900.0,180.0,1080.0,Payée,900.0,4,2025,2,1,20250205,20250322,20250326.0,Retard < 30j
FAC-2023-01006,2023-04-10,2023-07-09,2023-08-04,CLI-0179,SVC-014,DEPT-001,5,1500.0,10,6750.0,1350.0,8100.0,Payée,6750.0,26,2023,4,2,20230410,20230709,20230804.0,Retard < 30j
FAC-2023-01007,2024-12-15,2025-01-29,2025-02-23,CLI-0039,SVC-018,DEPT-007,1,6500.0,0,6500.0,1300.0,7800.0,Payée,6500.0,25,2024,12,4,20241215,20250129,20250223.0,Retard < 30j
FAC-2023-01008,2025-07-15,2025-08-29,2025-09-01,CLI-0098,SVC-019,DEPT-002,12,180.0,5,2052.0,410.4,2462.4,Payée,2052.0,3,2025,7,3,20250715,20250829,20250901.0,Retard < 30j
FAC-2023-01009,2025-08-01,2025-08-31,2025-09-15,CLI-0156,SVC-021,DEPT-001,8,800.0,5,6080.0,1216.0,7296.0,Payée,6080.0,15,2025,8,3,20250801,20250831,20250915.0,Retard < 30j
FAC-2023-01010,2025-04-18,2025-06-02,2025-07-01,CLI-0190,SVC-022,DEPT-001,7,600.0,0,4200.0,840.0,5040.0,Payée,4200.0,29,2025,4,2,20250418,20250602,20250701.0,Retard < 30j
FAC-2023-01011,2024-07-22,2024-09-05,,CLI-0139,SVC-024,DEPT-007,2,700.0,10,1260.0,252.0,1512.0,Retard,0.0,604,2024,7,3,20240722,20240905,,Contentieux > 90j
FAC-2023-01012,2024-09-24,2024-11-23,2024-11-23,CLI-0194,SVC-023,DEPT-002,9,750.0,5,6412.5,1282.5,7695.0,Payée,6412.5,0,2024,9,3,20240924,20241123,20241123.0,Dans les délais
FAC-2023-01013,2023-04-19,2023-06-03,2023-06-28,CLI-0189,SVC-018,DEPT-007,1,6500.0,15,5525.0,1105.0,6630.0,Payée,5525.0,25,2023,4,2,20230419,20230603,20230628.0,Retard < 30j
FAC-2023-01014,2025-12-25,2026-02-23,2026-03-03,CLI-0005,SVC-004,DEPT-002,3,1200.0,15,3060.0,612.0,3672.0,Payée,3060.0,8,2025,12,4,20251225,20260223,20260303.0,Retard < 30j
FAC-2023-01015,2023-06-23,2023-08-07,2023-08-27,CLI-0177,SVC-015,DEPT-007,1,2800.0,10,2520.0,504.0,3024.0,Payée,2520.0,20,2023,6,2,20230623,20230807,20230827.0,Retard < 30j
FAC-2023-01016,2023-02-17,2023-03-19,2023-03-19,CLI-0014,SVC-016,DEPT-007,1,1800.0,0,1800.0,360.0,2160.0,Payée,1800.0,0,2023,2,1,20230217,20230319,20230319.0,Dans les délais
FAC-2023-01017,2024-06-10,2024-07-25,2024-07-30,CLI-0101,SVC-013,DEPT-003,2,1100.0,0,2200.0,440.0,2640.0,Payée,2200.0,5,2024,6,2,20240610,20240725,20240730.0,Retard < 30j
FAC-2023-01018,2024-06-07,2024-07-22,2024-08-12,CLI-0045,SVC-006,DEPT-002,1,450.0,5,427.5,85.5,513.0,Payée,427.5,21,2024,6,2,20240607,20240722,20240812.0,Retard < 30j
FAC-2023-01019,2024-10-28,2024-11-27,2024-12-16,CLI-0018,SVC-020,DEPT-001,3,1400.0,0,4200.0,840.0,5040.0,Payée,4200.0,19,2024,10,4,20241028,20241127,20241216.0,Retard < 30j
FAC-2023-01020,2025-04-25,2025-06-09,2025-06-11,CLI-0101,SVC-005,DEPT-001,1,15000.0,10,13500.0,2700.0,16200.0,Payée,13500.0,2,2025,4,2,20250425,20250609,20250611.0,Retard < 30j
FAC-2023-01021,2024-04-29,2024-05-29,,CLI-0060,SVC-008,DEPT-004,1,2500.0,0,2500.0,500.0,3000.0,Retard,0.0,703,2024,4,2,20240429,20240529,,Contentieux > 90j
FAC-2023-01022,2023-05-05,2023-06-19,2023-06-19,CLI-0037,SVC-009,DEPT-004,1,180.0,0,180.0,36.0,216.0,Payée,180.0,0,2023,5,2,20230505,20230619,20230619.0,Dans les délais
FAC-2023-01023,2024-04-23,2024-05-23,,CLI-0008,SVC-014,DEPT-001,1,1500.0,0,1500.0,300.0,1800.0,Contentieux,0.0,709,2024,4,2,20240423,20240523,,Contentieux > 90j
FAC-2023-01024,2023-09-15,2023-10-15,2023-10-15,CLI-0079,SVC-018,DEPT-007,1,6500.0,0,6500.0,1300.0,7800.0,Payée,6500.0,0,2023,9,3,20230915,20231015,20231015.0,Dans les délais
FAC-2023-01025,2025-02-03,2025-03-05,2025-03-15,CLI-0063,SVC-005,DEPT-007,1,15000.0,0,15000.0,3000.0,18000.0,Payée,15000.0,10,2025,2,1,20250203,20250305,20250315.0,Retard < 30j
FAC-2023-01026,2025-07-14,2025-08-13,,CLI-0134,SVC-018,DEPT-007,1,6500.0,0,6500.0,1300.0,7800.0,Retard,0.0,262,2025,7,3,20250714,20250813,,Contentieux > 90j
FAC-2023-01027,2023-12-09,2024-01-08,,CLI-0093,SVC-021,DEPT-003,1,800.0,0,800.0,160.0,960.0,Partielle,349.32,845,2023,12,4,20231209,20240108,,Contentieux > 90j
FAC-2023-01028,2024-03-11,2024-04-25,2024-04-25,CLI-0122,SVC-012,DEPT-002,1,3200.0,0,3200.0,640.0,3840.0,Payée,3200.0,0,2024,3,1,20240311,20240425,20240425.0,Dans les délais
FAC-2023-01029,2023-05-24,2023-07-23,,CLI-0164,SVC-019,DEPT-002,11,180.0,0,1980.0,396.0,2376.0,Retard,0.0,1014,2023,5,2,20230524,20230723,,Contentieux > 90j
FAC-2023-01030,2025-06-03,2025-07-18,2025-08-02,CLI-0171,SVC-009,DEPT-003,1,180.0,0,180.0,36.0,216.0,Payée,180.0,15,2025,6,2,20250603,20250718,20250802.0,Retard < 30j
FAC-2023-01031,2025-07-16,2025-10-14,,CLI-0195,SVC-009,DEPT-003,1,180.0,0,180.0,36.0,216.0,Retard,0.0,200,2025,7,3,20250716,20251014,,Contentieux > 90j
FAC-2023-01032,2025-07-30,2025-09-13,2025-09-16,CLI-0108,SVC-007,DEPT-001,1,1200.0,15,1020.0,204.0,1224.0,Payée,1020.0,3,2025,7,3,20250730,20250913,20250916.0,Retard < 30j
FAC-2023-01033,2023-01-09,2023-02-23,,CLI-0185,SVC-016,DEPT-004,1,1800.0,10,1620.0,324.0,1944.0,Retard,0.0,1164,2023,1,1,20230109,20230223,,Contentieux > 90j
FAC-2023-01034,2025-09-28,2025-11-12,,CLI-0171,SVC-023,DEPT-001,7,750.0,0,5250.0,1050.0,6300.0,Retard,0.0,171,2025,9,3,20250928,20251112,,Contentieux > 90j
FAC-2023-01035,2025-06-30,2025-08-29,2025-09-17,CLI-0165,SVC-001,DEPT-007,1,3500.0,5,3325.0,665.0,3990.0,Payée,3325.0,19,2025,6,2,20250630,20250829,20250917.0,Retard < 30j
FAC-2023-01036,2023-12-29,2024-02-12,2024-02-19,CLI-0112,SVC-013,DEPT-004,1,1100.0,0,1100.0,220.0,1320.0,Payée,1100.0,7,2023,12,4,20231229,20240212,20240219.0,Retard < 30j
FAC-2023-01037,2023-02-10,2023-03-12,,CLI-0003,SVC-008,DEPT-003,1,2500.0,5,2375.0,475.0,2850.0,Retard,0.0,1147,2023,2,1,20230210,20230312,,Contentieux > 90j
FAC-2023-01038,2024-09-12,2024-10-27,2024-11-22,CLI-0058,SVC-003,DEPT-003,1,22000.0,10,19800.0,3960.0,23760.0,Payée,19800.0,26,2024,9,3,20240912,20241027,20241122.0,Retard < 30j
FAC-2023-01039,2025-10-06,2025-11-20,,CLI-0011,SVC-009,DEPT-002,1,180.0,10,162.0,32.4,194.4,Retard,0.0,163,2025,10,4,20251006,20251120,,Contentieux > 90j
FAC-2023-01040,2025-03-22,2025-04-21,2025-05-18,CLI-0002,SVC-007,DEPT-004,1,1200.0,0,1200.0,240.0,1440.0,Payée,1200.0,27,2025,3,1,20250322,20250421,20250518.0,Retard < 30j
FAC-2023-01041,2024-02-01,2024-03-02,2024-03-08,CLI-0052,SVC-018,DEPT-001,1,6500.0,5,6175.0,1235.0,7410.0,Payée,6175.0,6,2024,2,1,20240201,20240302,20240308.0,Retard < 30j
FAC-2023-01042,2023-05-14,2023-08-12,,CLI-0179,SVC-005,DEPT-007,1,15000.0,0,15000.0,3000.0,18000.0,Partielle,10916.09,994,2023,5,2,20230514,20230812,,Contentieux > 90j
FAC-2023-01043,2023-02-17,2023-04-03,,CLI-0088,SVC-007,DEPT-007,1,1200.0,15,1020.0,204.0,1224.0,Retard,0.0,1125,2023,2,1,20230217,20230403,,Contentieux > 90j
FAC-2023-01044,2025-07-18,2025-08-17,2025-08-17,CLI-0187,SVC-009,DEPT-003,1,180.0,0,180.0,36.0,216.0,Payée,180.0,0,2025,7,3,20250718,20250817,20250817.0,Dans les délais
FAC-2023-01045,2024-07-15,2024-08-29,2024-09-16,CLI-0136,SVC-014,DEPT-007,2,1500.0,5,2850.0,570.0,3420.0,Payée,2850.0,18,2024,7,3,20240715,20240829,20240916.0,Retard < 30j
FAC-2023-01046,2024-04-04,2024-05-04,2024-05-27,CLI-0014,SVC-024,DEPT-003,1,700.0,0,700.0,140.0,840.0,Payée,700.0,23,2024,4,2,20240404,20240504,20240527.0,Retard < 30j
FAC-2023-01047,2024-02-03,2024-03-04,2024-03-04,CLI-0002,SVC-013,DEPT-002,6,1100.0,0,6600.0,1320.0,7920.0,Payée,6600.0,0,2024,2,1,20240203,20240304,20240304.0,Dans les délais
FAC-2023-01048,2024-05-26,2024-06-25,2024-06-25,CLI-0134,SVC-003,DEPT-001,1,22000.0,0,22000.0,4400.0,26400.0,Payée,22000.0,0,2024,5,2,20240526,20240625,20240625.0,Dans les délais
FAC-2023-01049,2025-06-03,2025-07-03,2025-07-19,CLI-0008,SVC-016,DEPT-003,1,1800.0,10,1620.0,324.0,1944.0,Payée,1620.0,16,2025,6,2,20250603,20250703,20250719.0,Retard < 30j
FAC-2023-01050,2025-08-27,2025-09-26,,CLI-0079,SVC-004,DEPT-003,4,1200.0,15,4080.0,816.0,4896.0,Retard,0.0,218,2025,8,3,20250827,20250926,,Contentieux > 90j
FAC-2023-01051,2023-05-30,2023-07-14,2023-07-15,CLI-0160,SVC-008,DEPT-004,1,2500.0,5,2375.0,475.0,2850.0,Payée,2375.0,1,2023,5,2,20230530,20230714,20230715.0,Retard < 30j
FAC-2023-01052,2023-06-25,2023-08-09,2023-08-09,CLI-0177,SVC-004,DEPT-002,1,1200.0,10,1080.0,216.0,1296.0,Payée,1080.0,0,2023,6,2,20230625,20230809,20230809.0,Dans les délais
FAC-2023-01053,2023-04-23,2023-05-23,2023-05-23,CLI-0018,SVC-015,DEPT-001,1,2800.0,0,2800.0,560.0,3360.0,Payée,2800.0,0,2023,4,2,20230423,20230523,20230523.0,Dans les délais
FAC-2023-01054,2023-04-17,2023-06-01,2023-06-02,CLI-0017,SVC-018,DEPT-007,1,6500.0,0,6500.0,1300.0,7800.0,Payée,6500.0,1,2023,4,2,20230417,20230601,20230602.0,Retard < 30j
FAC-2023-01055,2023-01-22,2023-03-23,2023-04-14,CLI-0130,SVC-008,DEPT-007,1,2500.0,0,2500.0,500.0,3000.0,Payée,2500.0,22,2023,1,1,20230122,20230323,20230414.0,Retard < 30j
FAC-2023-01056,2024-11-26,2025-01-10,2025-01-17,CLI-0189,SVC-004,DEPT-001,1,1200.0,0,1200.0,240.0,1440.0,Payée,1200.0,7,2024,11,4,20241126,20250110,20250117.0,Retard < 30j
FAC-2023-01057,2023-05-19,2023-06-18,,CLI-0032,SVC-001,DEPT-007,1,3500.0,0,3500.0,700.0,4200.0,Retard,0.0,1049,2023,5,2,20230519,20230618,,Contentieux > 90j
FAC-2023-01058,2025-11-08,2025-12-08,2025-12-31,CLI-0041,SVC-021,DEPT-002,5,800.0,0,4000.0,800.0,4800.0,Payée,4000.0,23,2025,11,4,20251108,20251208,20251231.0,Retard < 30j
FAC-2023-01059,2023-04-01,2023-05-01,2023-05-23,CLI-0076,SVC-005,DEPT-007,1,15000.0,0,15000.0,3000.0,18000.0,Payée,15000.0,22,2023,4,2,20230401,20230501,20230523.0,Retard < 30j
FAC-2023-01060,2024-09-29,2024-10-29,2024-11-02,CLI-0200,SVC-012,DEPT-002,1,3200.0,0,3200.0,640.0,3840.0,Payée,3200.0,4,2024,9,3,20240929,20241029,20241102.0,Retard < 30j
FAC-2023-01061,2024-12-03,2025-01-02,2025-01-06,CLI-0146,SVC-010,DEPT-001,19,45.0,0,855.0,171.0,1026.0,Payée,855.0,4,2024,12,4,20241203,20250102,20250106.0,Retard < 30j
FAC-2023-01062,2023-04-22,2023-06-21,2023-06-28,CLI-0074,SVC-017,DEPT-002,1,950.0,0,950.0,190.0,1140.0,Payée,950.0,7,2023,4,2,20230422,20230621,20230628.0,Retard < 30j
FAC-2023-01063,2024-01-23,2024-03-08,,CLI-0020,SVC-011,DEPT-004,1,4500.0,5,4275.0,855.0,5130.0,Retard,0.0,785,2024,1,1,20240123,20240308,,Contentieux > 90j
FAC-2023-01064,2024-11-09,2024-12-24,2025-01-07,CLI-0183,SVC-023,DEPT-004,10,750.0,0,7500.0,1500.0,9000.0,Payée,7500.0,14,2024,11,4,20241109,20241224,20250107.0,Retard < 30j
FAC-2023-01065,2023-08-03,2023-09-02,,CLI-0104,SVC-006,DEPT-001,1,450.0,0,450.0,90.0,540.0,Retard,0.0,973,2023,8,3,20230803,20230902,,Contentieux > 90j
FAC-2023-01066,2023-01-08,2023-02-07,,CLI-0152,SVC-008,DEPT-004,1,2500.0,5,2375.0,475.0,2850.0,Retard,0.0,1180,2023,1,1,20230108,20230207,,Contentieux > 90j
FAC-2023-01067,2024-05-04,2024-06-18,,CLI-0190,SVC-007,DEPT-003,1,1200.0,0,1200.0,240.0,1440.0,Retard,0.0,683,2024,5,2,20240504,20240618,,Contentieux > 90j
FAC-2023-01068,2025-03-30,2025-04-29,,CLI-0121,SVC-007,DEPT-003,1,1200.0,0,1200.0,240.0,1440.0,Contentieux,0.0,368,2025,3,1,20250330,20250429,,Contentieux > 90j
FAC-2023-01069,2025-01-02,2025-02-01,2025-02-14,CLI-0003,SVC-003,DEPT-004,1,22000.0,0,22000.0,4400.0,26400.0,Payée,22000.0,13,2025,1,1,20250102,20250201,20250214.0,Retard < 30j
FAC-2023-01070,2025-01-07,2025-02-21,2025-03-06,CLI-0058,SVC-021,DEPT-002,1,800.0,15,680.0,136.0,816.0,Payée,680.0,13,2025,1,1,20250107,20250221,20250306.0,Retard < 30j
FAC-2023-01071,2023-12-23,2024-02-21,2024-02-27,CLI-0069,SVC-009,DEPT-002,1,180.0,0,180.0,36.0,216.0,Payée,180.0,6,2023,12,4,20231223,20240221,20240227.0,Retard < 30j
FAC-2023-01072,2024-06-20,2024-07-20,2024-07-23,CLI-0006,SVC-006,DEPT-004,1,450.0,10,405.0,81.0,486.0,Payée,405.0,3,2024,6,2,20240620,20240720,20240723.0,Retard < 30j
FAC-2023-01073,2024-03-06,2024-04-05,2024-04-23,CLI-0035,SVC-011,DEPT-002,1,4500.0,0,4500.0,900.0,5400.0,Payée,4500.0,18,2024,3,1,20240306,20240405,20240423.0,Retard < 30j
FAC-2023-01074,2025-06-07,2025-07-07,,CLI-0162,SVC-020,DEPT-002,2,1400.0,0,2800.0,560.0,3360.0,Partielle,1023.11,299,2025,6,2,20250607,20250707,,Contentieux > 90j
FAC-2023-01075,2025-02-13,2025-03-30,2025-04-21,CLI-0058,SVC-018,DEPT-002,1,6500.0,5,6175.0,1235.0,7410.0,Payée,6175.0,22,2025,2,1,20250213,20250330,20250421.0,Retard < 30j
FAC-2023-01076,2024-01-23,2024-02-22,2024-03-03,CLI-0014,SVC-020,DEPT-001,9,1400.0,0,12600.0,2520.0,15120.0,Payée,12600.0,10,2024,1,1,20240123,20240222,20240303.0,Retard < 30j
FAC-2023-01077,2023-09-16,2023-11-15,,CLI-0194,SVC-009,DEPT-004,1,180.0,10,162.0,32.4,194.4,Contentieux,0.0,899,2023,9,3,20230916,20231115,,Contentieux > 90j
FAC-2023-01078,2023-06-16,2023-07-16,2023-07-21,CLI-0064,SVC-024,DEPT-007,8,700.0,5,5320.0,1064.0,6384.0,Payée,5320.0,5,2023,6,2,20230616,20230716,20230721.0,Retard < 30j
FAC-2023-01079,2025-11-08,2025-12-23,2026-01-07,CLI-0124,SVC-021,DEPT-003,6,800.0,0,4800.0,960.0,5760.0,Payée,4800.0,15,2025,11,4,20251108,20251223,20260107.0,Retard < 30j
FAC-2023-01080,2025-09-16,2025-10-16,2025-10-16,CLI-0162,SVC-023,DEPT-002,8,750.0,0,6000.0,1200.0,7200.0,Payée,6000.0,0,2025,9,3,20250916,20251016,20251016.0,Dans les délais
FAC-2023-01081,2025-07-14,2025-09-12,2025-09-26,CLI-0069,SVC-007,DEPT-004,1,1200.0,10,1080.0,216.0,1296.0,Payée,1080.0,14,2025,7,3,20250714,20250912,20250926.0,Retard < 30j
FAC-2023-01082,2023-11-18,2023-12-18,2023-12-18,CLI-0121,SVC-019,DEPT-003,13,180.0,0,2340.0,468.0,2808.0,Payée,2340.0,0,2023,11,4,20231118,20231218,20231218.0,Dans les délais
FAC-2023-01083,2024-12-21,2025-02-04,2025-03-03,CLI-0139,SVC-017,DEPT-007,1,950.0,0,950.0,190.0,1140.0,Payée,950.0,27,2024,12,4,20241221,20250204,20250303.0,Retard < 30j
FAC-2023-01084,2025-07-12,2025-09-10,2025-10-06,CLI-0107,SVC-014,DEPT-003,8,1500.0,0,12000.0,2400.0,14400.0,Payée,12000.0,26,2025,7,3,20250712,20250910,20251006.0,Retard < 30j
FAC-2023-01085,2023-02-20,2023-04-06,2023-04-06,CLI-0087,SVC-013,DEPT-003,3,1100.0,0,3300.0,660.0,3960.0,Payée,3300.0,0,2023,2,1,20230220,20230406,20230406.0,Dans les délais
FAC-2023-01086,2025-10-24,2025-11-23,2025-12-05,CLI-0026,SVC-010,DEPT-002,33,45.0,0,1485.0,297.0,1782.0,Payée,1485.0,12,2025,10,4,20251024,20251123,20251205.0,Retard < 30j
FAC-2023-01087,2023-05-27,2023-07-11,2023-07-18,CLI-0031,SVC-004,DEPT-003,6,1200.0,0,7200.0,1440.0,8640.0,Payée,7200.0,7,2023,5,2,20230527,20230711,20230718.0,Retard < 30j
FAC-2023-01088,2024-07-16,2024-08-15,,CLI-0080,SVC-010,DEPT-007,13,45.0,5,555.75,111.15,666.9,Contentieux,0.0,625,2024,7,3,20240716,20240815,,Contentieux > 90j
FAC-2023-01089,2024-09-05,2024-10-05,2024-10-25,CLI-0083,SVC-001,DEPT-004,1,3500.0,0,3500.0,700.0,4200.0,Payée,3500.0,20,2024,9,3,20240905,20241005,20241025.0,Retard < 30j
FAC-2023-01090,2023-01-25,2023-03-11,,CLI-0177,SVC-021,DEPT-002,8,800.0,5,6080.0,1216.0,7296.0,Contentieux,0.0,1148,2023,1,1,20230125,20230311,,Contentieux > 90j
FAC-2023-01091,2024-04-09,2024-05-09,2024-05-18,CLI-0126,SVC-008,DEPT-007,1,2500.0,5,2375.0,475.0,2850.0,Payée,2375.0,9,2024,4,2,20240409,20240509,20240518.0,Retard < 30j
FAC-2023-01092,2025-08-17,2025-11-15,2025-11-15,CLI-0179,SVC-018,DEPT-003,1,6500.0,5,6175.0,1235.0,7410.0,Payée,6175.0,0,2025,8,3,20250817,20251115,20251115.0,Dans les délais
FAC-2023-01093,2025-05-05,2025-06-04,,CLI-0057,SVC-014,DEPT-002,4,1500.0,0,6000.0,1200.0,7200.0,Partielle,1890.31,332,2025,5,2,20250505,20250604,,Contentieux > 90j
FAC-2023-01094,2024-09-17,2024-10-17,2024-11-03,CLI-0176,SVC-005,DEPT-003,1,15000.0,10,13500.0,2700.0,16200.0,Payée,13500.0,17,2024,9,3,20240917,20241017,20241103.0,Retard < 30j
FAC-2023-01095,2025-05-21,2025-06-20,,CLI-0070,SVC-014,DEPT-003,7,1500.0,5,9975.0,1995.0,11970.0,Retard,0.0,316,2025,5,2,20250521,20250620,,Contentieux > 90j
FAC-2023-01096,2023-02-17,2023-04-18,,CLI-0103,SVC-019,DEPT-003,20,180.0,5,3420.0,684.0,4104.0,Partielle,1288.81,1110,2023,2,1,20230217,20230418,,Contentieux > 90j
FAC-2023-01097,2025-03-11,2025-04-10,2025-05-09,CLI-0174,SVC-021,DEPT-004,7,800.0,0,5600.0,1120.0,6720.0,Payée,5600.0,29,2025,3,1,20250311,20250410,20250509.0,Retard < 30j
FAC-2023-01098,2023-08-11,2023-09-10,,CLI-0057,SVC-016,DEPT-003,1,1800.0,0,1800.0,360.0,2160.0,Contentieux,0.0,965,2023,8,3,20230811,20230910,,Contentieux > 90j
FAC-2023-01099,2023-08-02,2023-09-01,2023-09-27,CLI-0028,SVC-006,DEPT-001,1,450.0,5,427.5,85.5,513.0,Payée,427.5,26,2023,8,3,20230802,20230901,20230927.0,Retard < 30j
FAC-2023-01100,2023-05-23,2023-06-22,2023-06-30,CLI-0056,SVC-007,DEPT-002,1,1200.0,10,1080.0,216.0,1296.0,Payée,1080.0,8,2023,5,2,20230523,20230622,20230630.0,Retard < 30j
FAC-2023-01101,2025-12-09,2026-01-08,2026-01-08,CLI-0093,SVC-022,DEPT-002,2,600.0,0,1200.0,240.0,1440.0,Payée,1200.0,0,2025,12,4,20251209,20260108,20260108.0,Dans les délais
FAC-2023-01102,2025-03-11,2025-05-10,2025-05-31,CLI-0103,SVC-014,DEPT-004,3,1500.0,15,3825.0,765.0,4590.0,Payée,3825.0,21,2025,3,1,20250311,20250510,20250531.0,Retard < 30j
FAC-2023-01103,2024-02-27,2024-04-12,2024-05-07,CLI-0020,SVC-013,DEPT-002,3,1100.0,10,2970.0,594.0,3564.0,Payée,2970.0,25,2024,2,1,20240227,20240412,20240507.0,Retard < 30j
FAC-2023-01104,2024-09-27,2024-11-26,,CLI-0184,SVC-019,DEPT-004,20,180.0,0,3600.0,720.0,4320.0,Retard,0.0,522,2024,9,3,20240927,20241126,,Contentieux > 90j
FAC-2023-01105,2023-01-16,2023-03-02,2023-03-22,CLI-0088,SVC-007,DEPT-007,1,1200.0,15,1020.0,204.0,1224.0,Payée,1020.0,20,2023,1,1,20230116,20230302,20230322.0,Retard < 30j
FAC-2023-01106,2024-11-04,2024-12-04,,CLI-0079,SVC-017,DEPT-007,1,950.0,10,855.0,171.0,1026.0,Partielle,453.24,514,2024,11,4,20241104,20241204,,Contentieux > 90j
FAC-2023-01107,2023-07-06,2023-08-05,,CLI-0013,SVC-024,DEPT-003,5,700.0,5,3325.0,665.0,3990.0,Partielle,1574.02,1001,2023,7,3,20230706,20230805,,Contentieux > 90j
FAC-2023-01108,2023-12-25,2024-03-24,,CLI-0125,SVC-020,DEPT-004,7,1400.0,0,9800.0,1960.0,11760.0,Partielle,6532.9,769,2023,12,4,20231225,20240324,,Contentieux > 90j
FAC-2023-01109,2024-01-11,2024-02-25,,CLI-0123,SVC-022,DEPT-001,10,600.0,0,6000.0,1200.0,7200.0,Retard,0.0,797,2024,1,1,20240111,20240225,,Contentieux > 90j
FAC-2023-01110,2024-07-14,2024-08-28,2024-08-28,CLI-0075,SVC-006,DEPT-002,1,450.0,10,405.0,81.0,486.0,Payée,405.0,0,2024,7,3,20240714,20240828,20240828.0,Dans les délais
FAC-2023-01111,2023-09-06,2023-10-06,2023-10-21,CLI-0152,SVC-014,DEPT-004,6,1500.0,0,9000.0,1800.0,10800.0,Payée,9000.0,15,2023,9,3,20230906,20231006,20231021.0,Retard < 30j
FAC-2023-01112,2024-06-01,2024-07-01,2024-07-01,CLI-0141,SVC-006,DEPT-001,1,450.0,0,450.0,90.0,540.0,Payée,450.0,0,2024,6,2,20240601,20240701,20240701.0,Dans les délais
FAC-2023-01113,2025-08-03,2025-10-02,2025-10-09,CLI-0196,SVC-023,DEPT-004,7,750.0,0,5250.0,1050.0,6300.0,Payée,5250.0,7,2025,8,3,20250803,20251002,20251009.0,Retard < 30j
FAC-2023-01114,2024-05-28,2024-07-12,,CLI-0011,SVC-001,DEPT-004,1,3500.0,0,3500.0,700.0,4200.0,Partielle,1622.44,659,2024,5,2,20240528,20240712,,Contentieux > 90j
FAC-2023-01115,2023-05-20,2023-06-19,,CLI-0150,SVC-015,DEPT-004,1,2800.0,0,2800.0,560.0,3360.0,Retard,0.0,1048,2023,5,2,20230520,20230619,,Contentieux > 90j
FAC-2023-01116,2024-07-25,2024-08-24,2024-08-24,CLI-0044,SVC-016,DEPT-007,1,1800.0,10,1620.0,324.0,1944.0,Payée,1620.0,0,2024,7,3,20240725,20240824,20240824.0,Dans les délais
FAC-2023-01117,2024-08-25,2024-10-09,,CLI-0031,SVC-006,DEPT-002,1,450.0,0,450.0,90.0,540.0,Retard,0.0,570,2024,8,3,20240825,20241009,,Contentieux > 90j
FAC-2023-01118,2023-01-23,2023-02-22,2023-03-02,CLI-0023,SVC-022,DEPT-001,5,600.0,0,3000.0,600.0,3600.0,Payée,3000.0,8,2023,1,1,20230123,20230222,20230302.0,Retard < 30j
FAC-2023-01119,2025-06-24,2025-08-23,,CLI-0164,SVC-007,DEPT-007,1,1200.0,5,1140.0,228.0,1368.0,Retard,0.0,252,2025,6,2,20250624,20250823,,Contentieux > 90j
FAC-2023-01120,2023-07-30,2023-08-29,2023-08-29,CLI-0197,SVC-022,DEPT-001,7,600.0,5,3990.0,798.0,4788.0,Payée,3990.0,0,2023,7,3,20230730,20230829,20230829.0,Dans les délais
FAC-2023-01121,2024-05-26,2024-06-25,2024-06-25,CLI-0121,SVC-007,DEPT-001,1,1200.0,0,1200.0,240.0,1440.0,Payée,1200.0,0,2024,5,2,20240526,20240625,20240625.0,Dans les délais
FAC-2023-01122,2023-01-30,2023-03-16,2023-03-16,CLI-0133,SVC-001,DEPT-002,1,3500.0,0,3500.0,700.0,4200.0,Payée,3500.0,0,2023,1,1,20230130,20230316,20230316.0,Dans les délais
FAC-2023-01123,2023-12-10,2024-01-09,2024-01-24,CLI-0029,SVC-022,DEPT-003,3,600.0,0,1800.0,360.0,2160.0,Payée,1800.0,15,2023,12,4,20231210,20240109,20240124.0,Retard < 30j
FAC-2023-01124,2024-01-24,2024-02-23,2024-03-16,CLI-0172,SVC-021,DEPT-001,10,800.0,0,8000.0,1600.0,9600.0,Payée,8000.0,22,2024,1,1,20240124,20240223,20240316.0,Retard < 30j
FAC-2023-01125,2023-08-05,2023-09-04,2023-09-24,CLI-0072,SVC-007,DEPT-003,1,1200.0,0,1200.0,240.0,1440.0,Payée,1200.0,20,2023,8,3,20230805,20230904,20230924.0,Retard < 30j
FAC-2023-01126,2024-03-11,2024-04-25,,CLI-0004,SVC-013,DEPT-003,8,1100.0,0,8800.0,1760.0,10560.0,Retard,0.0,737,2024,3,1,20240311,20240425,,Contentieux > 90j
FAC-2023-01127,2025-01-25,2025-02-24,2025-03-10,CLI-0200,SVC-020,DEPT-007,1,1400.0,0,1400.0,280.0,1680.0,Payée,1400.0,14,2025,1,1,20250125,20250224,20250310.0,Retard < 30j
FAC-2023-01128,2023-12-18,2024-02-01,2024-02-20,CLI-0154,SVC-004,DEPT-002,5,1200.0,15,5100.0,1020.0,6120.0,Payée,5100.0,19,2023,12,4,20231218,20240201,20240220.0,Retard < 30j
FAC-2023-01129,2024-10-13,2024-11-27,,CLI-0105,SVC-006,DEPT-001,1,450.0,15,382.5,76.5,459.0,Retard,0.0,521,2024,10,4,20241013,20241127,,Contentieux > 90j
FAC-2023-01130,2025-07-08,2025-08-22,2025-08-31,CLI-0105,SVC-001,DEPT-007,1,3500.0,0,3500.0,700.0,4200.0,Payée,3500.0,9,2025,7,3,20250708,20250822,20250831.0,Retard < 30j
FAC-2023-01131,2023-01-28,2023-04-28,,CLI-0179,SVC-023,DEPT-001,4,750.0,0,3000.0,600.0,3600.0,Retard,0.0,1100,2023,1,1,20230128,20230428,,Contentieux > 90j
FAC-2023-01132,2025-05-27,2025-07-11,2025-07-11,CLI-0098,SVC-008,DEPT-002,1,2500.0,5,2375.0,475.0,2850.0,Payée,2375.0,0,2025,5,2,20250527,20250711,20250711.0,Dans les délais
FAC-2023-01133,2024-08-30,2024-10-14,2024-10-14,CLI-0119,SVC-016,DEPT-002,1,1800.0,0,1800.0,360.0,2160.0,Payée,1800.0,0,2024,8,3,20240830,20241014,20241014.0,Dans les délais
FAC-2023-01134,2024-11-04,2024-12-19,2024-12-19,CLI-0183,SVC-015,DEPT-007,1,2800.0,0,2800.0,560.0,3360.0,Payée,2800.0,0,2024,11,4,20241104,20241219,20241219.0,Dans les délais
FAC-2023-01135,2024-08-13,2024-09-27,,CLI-0132,SVC-021,DEPT-003,1,800.0,0,800.0,160.0,960.0,Retard,0.0,582,2024,8,3,20240813,20240927,,Contentieux > 90j
FAC-2023-01136,2023-04-21,2023-05-21,,CLI-0076,SVC-007,DEPT-002,1,1200.0,10,1080.0,216.0,1296.0,Retard,0.0,1077,2023,4,2,20230421,20230521,,Contentieux > 90j
FAC-2023-01137,2025-02-20,2025-04-21,2025-04-21,CLI-0069,SVC-020,DEPT-001,9,1400.0,0,12600.0,2520.0,15120.0,Payée,12600.0,0,2025,2,1,20250220,20250421,20250421.0,Dans les délais
FAC-2023-01138,2024-01-30,2024-02-29,,CLI-0151,SVC-003,DEPT-002,1,22000.0,0,22000.0,4400.0,26400.0,Contentieux,0.0,793,2024,1,1,20240130,20240229,,Contentieux > 90j
FAC-2023-01139,2023-12-22,2024-01-21,,CLI-0041,SVC-003,DEPT-002,1,22000.0,0,22000.0,4400.0,26400.0,Retard,0.0,832,2023,12,4,20231222,20240121,,Contentieux > 90j
FAC-2023-01140,2023-06-10,2023-08-09,2023-08-14,CLI-0074,SVC-017,DEPT-002,1,950.0,0,950.0,190.0,1140.0,Payée,950.0,5,2023,6,2,20230610,20230809,20230814.0,Retard < 30j
FAC-2023-01141,2023-12-28,2024-01-27,2024-02-19,CLI-0076,SVC-014,DEPT-002,10,1500.0,0,15000.0,3000.0,18000.0,Payée,15000.0,23,2023,12,4,20231228,20240127,20240219.0,Retard < 30j
FAC-2023-01142,2023-06-13,2023-07-28,2023-08-16,CLI-0087,SVC-016,DEPT-002,1,1800.0,15,1530.0,306.0,1836.0,Payée,1530.0,19,2023,6,2,20230613,20230728,20230816.0,Retard < 30j
FAC-2023-01143,2025-05-15,2025-06-14,,CLI-0146,SVC-015,DEPT-002,1,2800.0,0,2800.0,560.0,3360.0,Retard,0.0,322,2025,5,2,20250515,20250614,,Contentieux > 90j
FAC-2023-01144,2025-02-20,2025-04-21,2025-05-05,CLI-0149,SVC-001,DEPT-007,1,3500.0,0,3500.0,700.0,4200.0,Payée,3500.0,14,2025,2,1,20250220,20250421,20250505.0,Retard < 30j
FAC-2023-01145,2023-12-26,2024-02-24,2024-03-19,CLI-0165,SVC-005,DEPT-003,1,15000.0,0,15000.0,3000.0,18000.0,Payée,15000.0,24,2023,12,4,20231226,20240224,20240319.0,Retard < 30j
FAC-2023-01146,2025-09-11,2025-10-11,2025-11-05,CLI-0121,SVC-018,DEPT-002,1,6500.0,0,6500.0,1300.0,7800.0,Payée,6500.0,25,2025,9,3,20250911,20251011,20251105.0,Retard < 30j
FAC-2023-01147,2023-01-09,2023-02-23,2023-03-13,CLI-0048,SVC-007,DEPT-004,1,1200.0,0,1200.0,240.0,1440.0,Payée,1200.0,18,2023,1,1,20230109,20230223,20230313.0,Retard < 30j
FAC-2023-01148,2025-03-19,2025-04-18,2025-04-18,CLI-0128,SVC-014,DEPT-004,6,1500.0,0,9000.0,1800.0,10800.0,Payée,9000.0,0,2025,3,1,20250319,20250418,20250418.0,Dans les délais
FAC-2023-01149,2025-02-27,2025-04-13,,CLI-0011,SVC-004,DEPT-003,10,1200.0,0,12000.0,2400.0,14400.0,Retard,0.0,384,2025,2,1,20250227,20250413,,Contentieux > 90j
FAC-2023-01150,2025-09-27,2025-10-27,2025-10-27,CLI-0110,SVC-017,DEPT-004,1,950.0,5,902.5,180.5,1083.0,Payée,902.5,0,2025,9,3,20250927,20251027,20251027.0,Dans les délais
FAC-2023-01151,2024-05-20,2024-06-19,,CLI-0134,SVC-024,DEPT-001,4,700.0,0,2800.0,560.0,3360.0,Partielle,1345.98,682,2024,5,2,20240520,20240619,,Contentieux > 90j
FAC-2023-01152,2024-06-19,2024-07-19,,CLI-0199,SVC-005,DEPT-002,1,15000.0,5,14250.0,2850.0,17100.0,Partielle,5324.99,652,2024,6,2,20240619,20240719,,Contentieux > 90j
FAC-2023-01153,2023-11-27,2024-01-26,2024-02-14,CLI-0184,SVC-019,DEPT-004,2,180.0,0,360.0,72.0,432.0,Payée,360.0,19,2023,11,4,20231127,20240126,20240214.0,Retard < 30j
FAC-2023-01154,2025-11-27,2026-02-25,,CLI-0179,SVC-003,DEPT-004,1,22000.0,10,19800.0,3960.0,23760.0,Partielle,7581.65,66,2025,11,4,20251127,20260225,,Retard 61-90j
FAC-2023-01155,2024-09-10,2024-10-10,,CLI-0080,SVC-023,DEPT-004,9,750.0,15,5737.5,1147.5,6885.0,Retard,0.0,569,2024,9,3,20240910,20241010,,Contentieux > 90j
FAC-2023-01156,2025-04-22,2025-07-21,,CLI-0179,SVC-010,DEPT-001,49,45.0,10,1984.5,396.9,2381.4,Retard,0.0,285,2025,4,2,20250422,20250721,,Contentieux > 90j
FAC-2023-01157,2024-12-06,2025-01-20,2025-02-09,CLI-0033,SVC-021,DEPT-003,3,800.0,0,2400.0,480.0,2880.0,Payée,2400.0,20,2024,12,4,20241206,20250120,20250209.0,Retard < 30j
FAC-2023-01158,2025-10-04,2025-11-03,2025-11-24,CLI-0002,SVC-006,DEPT-007,1,450.0,0,450.0,90.0,540.0,Payée,450.0,21,2025,10,4,20251004,20251103,20251124.0,Retard < 30j
FAC-2023-01159,2024-08-13,2024-09-27,2024-09-30,CLI-0132,SVC-021,DEPT-002,7,800.0,0,5600.0,1120.0,6720.0,Payée,5600.0,3,2024,8,3,20240813,20240927,20240930.0,Retard < 30j
FAC-2023-01160,2025-10-26,2025-11-25,2025-12-03,CLI-0150,SVC-006,DEPT-002,1,450.0,10,405.0,81.0,486.0,Payée,405.0,8,2025,10,4,20251026,20251125,20251203.0,Retard < 30j
FAC-2023-01161,2024-01-10,2024-02-09,2024-03-01,CLI-0060,SVC-002,DEPT-004,1,8500.0,10,7650.0,1530.0,9180.0,Payée,7650.0,21,2024,1,1,20240110,20240209,20240301.0,Retard < 30j
FAC-2023-01162,2023-08-12,2023-09-26,2023-09-28,CLI-0192,SVC-020,DEPT-003,3,1400.0,0,4200.0,840.0,5040.0,Payée,4200.0,2,2023,8,3,20230812,20230926,20230928.0,Retard < 30j
FAC-2023-01163,2023-03-02,2023-04-16,2023-04-17,CLI-0019,SVC-011,DEPT-001,1,4500.0,0,4500.0,900.0,5400.0,Payée,4500.0,1,2023,3,1,20230302,20230416,20230417.0,Retard < 30j
FAC-2023-01164,2023-01-15,2023-02-14,,CLI-0018,SVC-009,DEPT-001,1,180.0,5,171.0,34.2,205.2,Retard,0.0,1173,2023,1,1,20230115,20230214,,Contentieux > 90j
FAC-2023-01165,2025-12-05,2026-01-04,2026-02-01,CLI-0029,SVC-007,DEPT-003,1,1200.0,5,1140.0,228.0,1368.0,Payée,1140.0,28,2025,12,4,20251205,20260104,20260201.0,Retard < 30j
FAC-2023-01166,2024-11-21,2024-12-21,2025-01-06,CLI-0150,SVC-016,DEPT-003,1,1800.0,5,1710.0,342.0,2052.0,Payée,1710.0,16,2024,11,4,20241121,20241221,20250106.0,Retard < 30j
FAC-2023-01167,2025-03-27,2025-05-11,2025-05-28,CLI-0075,SVC-012,DEPT-003,1,3200.0,0,3200.0,640.0,3840.0,Payée,3200.0,17,2025,3,1,20250327,20250511,20250528.0,Retard < 30j
FAC-2023-01168,2025-07-24,2025-09-07,2025-09-10,CLI-0031,SVC-001,DEPT-001,1,3500.0,10,3150.0,630.0,3780.0,Payée,3150.0,3,2025,7,3,20250724,20250907,20250910.0,Retard < 30j
FAC-2023-01169,2025-12-22,2026-02-20,,CLI-0184,SVC-004,DEPT-002,5,1200.0,15,5100.0,1020.0,6120.0,Retard,0.0,71,2025,12,4,20251222,20260220,,Retard 61-90j
FAC-2023-01170,2025-08-31,2025-10-15,,CLI-0117,SVC-015,DEPT-001,1,2800.0,0,2800.0,560.0,3360.0,Retard,0.0,199,2025,8,3,20250831,20251015,,Contentieux > 90j
FAC-2023-01171,2023-02-04,2023-04-05,,CLI-0196,SVC-011,DEPT-003,1,4500.0,5,4275.0,855.0,5130.0,Partielle,3355.01,1123,2023,2,1,20230204,20230405,,Contentieux > 90j
FAC-2023-01172,2025-09-19,2025-11-03,2025-11-03,CLI-0139,SVC-008,DEPT-003,1,2500.0,0,2500.0,500.0,3000.0,Payée,2500.0,0,2025,9,3,20250919,20251103,20251103.0,Dans les délais
FAC-2023-01173,2023-07-25,2023-08-24,2023-08-31,CLI-0135,SVC-016,DEPT-002,1,1800.0,5,1710.0,342.0,2052.0,Payée,1710.0,7,2023,7,3,20230725,20230824,20230831.0,Retard < 30j
FAC-2023-01174,2025-10-30,2025-12-14,,CLI-0160,SVC-019,DEPT-003,3,180.0,0,540.0,108.0,648.0,Retard,0.0,139,2025,10,4,20251030,20251214,,Contentieux > 90j
FAC-2023-01175,2023-12-11,2024-01-25,,CLI-0169,SVC-015,DEPT-004,1,2800.0,10,2520.0,504.0,3024.0,Contentieux,0.0,828,2023,12,4,20231211,20240125,,Contentieux > 90j
FAC-2023-01176,2024-05-13,2024-06-12,,CLI-0166,SVC-008,DEPT-001,1,2500.0,0,2500.0,500.0,3000.0,Retard,0.0,689,2024,5,2,20240513,20240612,,Contentieux > 90j
FAC-2023-01177,2023-03-01,2023-04-15,2023-05-04,CLI-0033,SVC-014,DEPT-003,3,1500.0,10,4050.0,810.0,4860.0,Payée,4050.0,19,2023,3,1,20230301,20230415,20230504.0,Retard < 30j
FAC-2023-01178,2024-06-11,2024-08-10,,CLI-0069,SVC-024,DEPT-002,8,700.0,15,4760.0,952.0,5712.0,Retard,0.0,630,2024,6,2,20240611,20240810,,Contentieux > 90j
FAC-2023-01179,2025-10-04,2025-12-03,2025-12-12,CLI-0164,SVC-021,DEPT-007,2,800.0,5,1520.0,304.0,1824.0,Payée,1520.0,9,2025,10,4,20251004,20251203,20251212.0,Retard < 30j
FAC-2023-01180,2024-12-03,2025-01-17,,CLI-0183,SVC-003,DEPT-004,1,22000.0,0,22000.0,4400.0,26400.0,Retard,0.0,470,2024,12,4,20241203,20250117,,Contentieux > 90j
FAC-2023-01181,2025-06-13,2025-07-13,2025-07-15,CLI-0197,SVC-018,DEPT-003,1,6500.0,10,5850.0,1170.0,7020.0,Payée,5850.0,2,2025,6,2,20250613,20250713,20250715.0,Retard < 30j
FAC-2023-01182,2023-07-02,2023-08-01,,CLI-0027,SVC-004,DEPT-001,6,1200.0,5,6840.0,1368.0,8208.0,Partielle,4598.59,1005,2023,7,3,20230702,20230801,,Contentieux > 90j
FAC-2023-01183,2023-09-18,2023-11-02,,CLI-0175,SVC-012,DEPT-007,1,3200.0,10,2880.0,576.0,3456.0,Contentieux,0.0,912,2023,9,3,20230918,20231102,,Contentieux > 90j
FAC-2023-01184,2023-05-07,2023-06-21,,CLI-0001,SVC-010,DEPT-004,38,45.0,0,1710.0,342.0,2052.0,Retard,0.0,1046,2023,5,2,20230507,20230621,,Contentieux > 90j
FAC-2023-01185,2023-09-16,2023-10-31,2023-11-09,CLI-0101,SVC-012,DEPT-001,1,3200.0,0,3200.0,640.0,3840.0,Payée,3200.0,9,2023,9,3,20230916,20231031,20231109.0,Retard < 30j
FAC-2023-01186,2025-08-01,2025-08-31,,CLI-0126,SVC-001,DEPT-003,1,3500.0,0,3500.0,700.0,4200.0,Retard,0.0,244,2025,8,3,20250801,20250831,,Contentieux > 90j
FAC-2023-01187,2025-07-22,2025-09-20,2025-09-20,CLI-0069,SVC-016,DEPT-007,1,1800.0,0,1800.0,360.0,2160.0,Payée,1800.0,0,2025,7,3,20250722,20250920,20250920.0,Dans les délais
FAC-2023-01188,2025-10-25,2025-12-09,,CLI-0101,SVC-010,DEPT-007,45,45.0,0,2025.0,405.0,2430.0,Contentieux,0.0,144,2025,10,4,20251025,20251209,,Contentieux > 90j
FAC-2023-01189,2024-03-17,2024-04-16,,CLI-0148,SVC-021,DEPT-001,8,800.0,0,6400.0,1280.0,7680.0,Contentieux,0.0,746,2024,3,1,20240317,20240416,,Contentieux > 90j
FAC-2023-01190,2024-03-07,2024-04-21,,CLI-0105,SVC-005,DEPT-001,1,15000.0,10,13500.0,2700.0,16200.0,Partielle,5569.23,741,2024,3,1,20240307,20240421,,Contentieux > 90j
FAC-2023-01191,2025-03-13,2025-04-12,,CLI-0054,SVC-016,DEPT-002,1,1800.0,0,1800.0,360.0,2160.0,Retard,0.0,385,2025,3,1,20250313,20250412,,Contentieux > 90j
FAC-2023-01192,2025-03-14,2025-04-13,,CLI-0006,SVC-018,DEPT-003,1,6500.0,0,6500.0,1300.0,7800.0,Retard,0.0,384,2025,3,1,20250314,20250413,,Contentieux > 90j
FAC-2023-01193,2023-05-28,2023-08-26,2023-09-02,CLI-0125,SVC-013,DEPT-007,9,1100.0,5,9405.0,1881.0,11286.0,Payée,9405.0,7,2023,5,2,20230528,20230826,20230902.0,Retard < 30j
FAC-2023-01194,2023-09-26,2023-12-25,2023-12-25,CLI-0125,SVC-004,DEPT-003,6,1200.0,5,6840.0,1368.0,8208.0,Payée,6840.0,0,2023,9,3,20230926,20231225,20231225.0,Dans les délais
FAC-2023-01195,2023-12-02,2024-01-31,,CLI-0143,SVC-021,DEPT-003,10,800.0,0,8000.0,1600.0,9600.0,Retard,0.0,822,2023,12,4,20231202,20240131,,Contentieux > 90j
FAC-2023-01196,2024-03-22,2024-05-21,2024-05-21,CLI-0046,SVC-007,DEPT-003,1,1200.0,10,1080.0,216.0,1296.0,Payée,1080.0,0,2024,3,1,20240322,20240521,20240521.0,Dans les délais
FAC-2023-01197,2023-10-30,2023-11-29,2023-12-04,CLI-0176,SVC-004,DEPT-001,7,1200.0,15,7140.0,1428.0,8568.0,Payée,7140.0,5,2023,10,4,20231030,20231129,20231204.0,Retard < 30j
FAC-2023-01198,2025-08-28,2025-09-27,2025-10-24,CLI-0029,SVC-012,DEPT-003,1,3200.0,0,3200.0,640.0,3840.0,Payée,3200.0,27,2025,8,3,20250828,20250927,20251024.0,Retard < 30j
FAC-2023-01199,2023-11-01,2023-12-16,2024-01-05,CLI-0180,SVC-014,DEPT-004,7,1500.0,0,10500.0,2100.0,12600.0,Payée,10500.0,20,2023,11,4,20231101,20231216,20240105.0,Retard < 30j
FAC-2023-01200,2023-12-20,2024-02-03,,CLI-0096,SVC-023,DEPT-001,7,750.0,5,4987.5,997.5,5985.0,Contentieux,0.0,819,2023,12,4,20231220,20240203,,Contentieux > 90j
FAC-2023-01201,2025-02-21,2025-04-22,2025-04-22,CLI-0144,SVC-021,DEPT-001,5,800.0,5,3800.0,760.0,4560.0,Payée,3800.0,0,2025,2,1,20250221,20250422,20250422.0,Dans les délais
FAC-2023-01202,2023-09-07,2023-10-22,,CLI-0037,SVC-003,DEPT-007,1,22000.0,0,22000.0,4400.0,26400.0,Retard,0.0,923,2023,9,3,20230907,20231022,,Contentieux > 90j
FAC-2023-01203,2025-09-09,2025-10-09,,CLI-0070,SVC-001,DEPT-007,1,3500.0,0,3500.0,700.0,4200.0,Retard,0.0,205,2025,9,3,20250909,20251009,,Contentieux > 90j
FAC-2023-01204,2025-09-18,2025-11-02,2025-11-17,CLI-0055,SVC-013,DEPT-001,7,1100.0,0,7700.0,1540.0,9240.0,Payée,7700.0,15,2025,9,3,20250918,20251102,20251117.0,Retard < 30j
FAC-2023-01205,2025-04-10,2025-06-09,2025-07-09,CLI-0165,SVC-006,DEPT-007,1,450.0,10,405.0,81.0,486.0,Payée,405.0,30,2025,4,2,20250410,20250609,20250709.0,Retard < 30j
FAC-2023-01206,2023-05-11,2023-06-10,2023-06-12,CLI-0163,SVC-016,DEPT-002,1,1800.0,0,1800.0,360.0,2160.0,Payée,1800.0,2,2023,5,2,20230511,20230610,20230612.0,Retard < 30j
FAC-2023-01207,2024-01-04,2024-02-03,2024-02-18,CLI-0038,SVC-006,DEPT-001,1,450.0,0,450.0,90.0,540.0,Payée,450.0,15,2024,1,1,20240104,20240203,20240218.0,Retard < 30j
FAC-2023-01208,2024-02-27,2024-03-28,2024-04-08,CLI-0013,SVC-005,DEPT-001,1,15000.0,5,14250.0,2850.0,17100.0,Payée,14250.0,11,2024,2,1,20240227,20240328,20240408.0,Retard < 30j
FAC-2023-01209,2025-11-02,2025-12-02,2025-12-24,CLI-0026,SVC-004,DEPT-001,5,1200.0,0,6000.0,1200.0,7200.0,Payée,6000.0,22,2025,11,4,20251102,20251202,20251224.0,Retard < 30j
FAC-2023-01210,2023-04-05,2023-05-05,2023-06-03,CLI-0079,SVC-010,DEPT-004,34,45.0,10,1377.0,275.4,1652.4,Payée,1377.0,29,2023,4,2,20230405,20230505,20230603.0,Retard < 30j
FAC-2023-01211,2025-10-01,2025-10-31,,CLI-0044,SVC-019,DEPT-003,12,180.0,0,2160.0,432.0,2592.0,Contentieux,0.0,183,2025,10,4,20251001,20251031,,Contentieux > 90j
FAC-2023-01212,2025-11-11,2025-12-26,2025-12-26,CLI-0185,SVC-018,DEPT-002,1,6500.0,0,6500.0,1300.0,7800.0,Payée,6500.0,0,2025,11,4,20251111,20251226,20251226.0,Dans les délais
FAC-2023-01213,2023-10-18,2023-12-02,,CLI-0011,SVC-007,DEPT-002,1,1200.0,0,1200.0,240.0,1440.0,Retard,0.0,882,2023,10,4,20231018,20231202,,Contentieux > 90j
FAC-2023-01214,2024-03-18,2024-05-17,2024-06-08,CLI-0184,SVC-018,DEPT-001,1,6500.0,0,6500.0,1300.0,7800.0,Payée,6500.0,22,2024,3,1,20240318,20240517,20240608.0,Retard < 30j
FAC-2023-01215,2024-06-17,2024-08-01,,CLI-0169,SVC-009,DEPT-001,1,180.0,0,180.0,36.0,216.0,Partielle,90.01,639,2024,6,2,20240617,20240801,,Contentieux > 90j
FAC-2023-01216,2025-05-21,2025-06-20,2025-07-02,CLI-0082,SVC-022,DEPT-002,3,600.0,0,1800.0,360.0,2160.0,Payée,1800.0,12,2025,5,2,20250521,20250620,20250702.0,Retard < 30j
FAC-2023-01217,2025-11-13,2025-12-28,2026-01-19,CLI-0119,SVC-019,DEPT-004,7,180.0,0,1260.0,252.0,1512.0,Payée,1260.0,22,2025,11,4,20251113,20251228,20260119.0,Retard < 30j
FAC-2023-01218,2024-05-21,2024-06-20,2024-07-20,CLI-0007,SVC-020,DEPT-004,2,1400.0,0,2800.0,560.0,3360.0,Payée,2800.0,30,2024,5,2,20240521,20240620,20240720.0,Retard < 30j
FAC-2023-01219,2023-07-02,2023-08-16,2023-08-28,CLI-0019,SVC-011,DEPT-002,1,4500.0,0,4500.0,900.0,5400.0,Payée,4500.0,12,2023,7,3,20230702,20230816,20230828.0,Retard < 30j
FAC-2023-01220,2023-01-21,2023-02-20,,CLI-0070,SVC-009,DEPT-002,1,180.0,0,180.0,36.0,216.0,Contentieux,0.0,1167,2023,1,1,20230121,20230220,,Contentieux > 90j
FAC-2023-01221,2023-09-10,2023-10-10,,CLI-0121,SVC-004,DEPT-004,3,1200.0,0,3600.0,720.0,4320.0,Partielle,2139.89,935,2023,9,3,20230910,20231010,,Contentieux > 90j
FAC-2023-01222,2024-12-15,2025-01-14,,CLI-0029,SVC-017,DEPT-007,1,950.0,5,902.5,180.5,1083.0,Partielle,519.63,473,2024,12,4,20241215,20250114,,Contentieux > 90j
FAC-2023-01223,2023-12-16,2024-01-30,,CLI-0031,SVC-002,DEPT-002,1,8500.0,0,8500.0,1700.0,10200.0,Retard,0.0,823,2023,12,4,20231216,20240130,,Contentieux > 90j
FAC-2023-01224,2025-12-24,2026-01-23,,CLI-0109,SVC-024,DEPT-004,9,700.0,0,6300.0,1260.0,7560.0,Retard,0.0,99,2025,12,4,20251224,20260123,,Contentieux > 90j
FAC-2023-01225,2024-06-14,2024-07-29,2024-08-02,CLI-0180,SVC-005,DEPT-002,1,15000.0,0,15000.0,3000.0,18000.0,Payée,15000.0,4,2024,6,2,20240614,20240729,20240802.0,Retard < 30j
FAC-2023-01226,2024-07-01,2024-08-15,2024-09-02,CLI-0045,SVC-013,DEPT-002,1,1100.0,10,990.0,198.0,1188.0,Payée,990.0,18,2024,7,3,20240701,20240815,20240902.0,Retard < 30j
FAC-2023-01227,2025-07-26,2025-09-09,2025-10-03,CLI-0185,SVC-014,DEPT-007,3,1500.0,0,4500.0,900.0,5400.0,Payée,4500.0,24,2025,7,3,20250726,20250909,20251003.0,Retard < 30j
FAC-2023-01228,2025-05-26,2025-06-25,,CLI-0092,SVC-009,DEPT-002,1,180.0,0,180.0,36.0,216.0,Retard,0.0,311,2025,5,2,20250526,20250625,,Contentieux > 90j
FAC-2023-01229,2023-06-28,2023-07-28,2023-07-28,CLI-0097,SVC-021,DEPT-001,5,800.0,0,4000.0,800.0,4800.0,Payée,4000.0,0,2023,6,2,20230628,20230728,20230728.0,Dans les délais
FAC-2023-01230,2024-05-06,2024-06-05,2024-06-18,CLI-0023,SVC-024,DEPT-007,2,700.0,0,1400.0,280.0,1680.0,Payée,1400.0,13,2024,5,2,20240506,20240605,20240618.0,Retard < 30j
FAC-2023-01231,2025-05-18,2025-06-17,,CLI-0152,SVC-001,DEPT-004,1,3500.0,5,3325.0,665.0,3990.0,Partielle,1224.31,319,2025,5,2,20250518,20250617,,Contentieux > 90j
FAC-2023-01232,2025-12-26,2026-01-25,2026-01-25,CLI-0158,SVC-022,DEPT-004,2,600.0,0,1200.0,240.0,1440.0,Payée,1200.0,0,2025,12,4,20251226,20260125,20260125.0,Dans les délais
FAC-2023-01233,2024-12-07,2025-02-05,,CLI-0164,SVC-024,DEPT-007,4,700.0,15,2380.0,476.0,2856.0,Retard,0.0,451,2024,12,4,20241207,20250205,,Contentieux > 90j
FAC-2023-01234,2025-07-07,2025-08-21,,CLI-0185,SVC-002,DEPT-007,1,8500.0,15,7225.0,1445.0,8670.0,Retard,0.0,254,2025,7,3,20250707,20250821,,Contentieux > 90j
FAC-2023-01235,2023-06-03,2023-07-03,2023-07-20,CLI-0070,SVC-006,DEPT-001,1,450.0,0,450.0,90.0,540.0,Payée,450.0,17,2023,6,2,20230603,20230703,20230720.0,Retard < 30j
FAC-2023-01236,2025-02-15,2025-03-17,,CLI-0134,SVC-016,DEPT-003,1,1800.0,0,1800.0,360.0,2160.0,Contentieux,0.0,411,2025,2,1,20250215,20250317,,Contentieux > 90j
FAC-2023-01237,2023-08-30,2023-09-29,2023-10-10,CLI-0079,SVC-018,DEPT-002,1,6500.0,0,6500.0,1300.0,7800.0,Payée,6500.0,11,2023,8,3,20230830,20230929,20231010.0,Retard < 30j
FAC-2023-01238,2025-03-17,2025-05-01,,CLI-0001,SVC-024,DEPT-007,4,700.0,10,2520.0,504.0,3024.0,Partielle,1964.51,366,2025,3,1,20250317,20250501,,Contentieux > 90j
FAC-2023-01239,2025-09-26,2025-11-10,2025-12-04,CLI-0011,SVC-015,DEPT-003,1,2800.0,0,2800.0,560.0,3360.0,Payée,2800.0,24,2025,9,3,20250926,20251110,20251204.0,Retard < 30j
FAC-2023-01240,2023-08-08,2023-09-22,,CLI-0095,SVC-012,DEPT-003,1,3200.0,0,3200.0,640.0,3840.0,Partielle,1257.85,953,2023,8,3,20230808,20230922,,Contentieux > 90j
FAC-2023-01241,2025-06-01,2025-07-01,2025-07-05,CLI-0003,SVC-004,DEPT-004,8,1200.0,0,9600.0,1920.0,11520.0,Payée,9600.0,4,2025,6,2,20250601,20250701,20250705.0,Retard < 30j
FAC-2023-01242,2023-01-15,2023-03-01,,CLI-0039,SVC-016,DEPT-002,1,1800.0,0,1800.0,360.0,2160.0,Retard,0.0,1158,2023,1,1,20230115,20230301,,Contentieux > 90j
FAC-2023-01243,2025-02-05,2025-03-07,,CLI-0146,SVC-013,DEPT-003,5,1100.0,0,5500.0,1100.0,6600.0,Partielle,3125.18,421,2025,2,1,20250205,20250307,,Contentieux > 90j
FAC-2023-01244,2025-06-18,2025-08-02,2025-08-24,CLI-0033,SVC-015,DEPT-001,1,2800.0,0,2800.0,560.0,3360.0,Payée,2800.0,22,2025,6,2,20250618,20250802,20250824.0,Retard < 30j
FAC-2023-01245,2024-02-11,2024-03-27,2024-04-16,CLI-0112,SVC-023,DEPT-004,2,750.0,0,1500.0,300.0,1800.0,Payée,1500.0,20,2024,2,1,20240211,20240327,20240416.0,Retard < 30j
FAC-2023-01246,2023-11-25,2023-12-25,,CLI-0104,SVC-002,DEPT-003,1,8500.0,5,8075.0,1615.0,9690.0,Partielle,6297.28,859,2023,11,4,20231125,20231225,,Contentieux > 90j
FAC-2023-01247,2025-09-28,2025-10-28,,CLI-0038,SVC-014,DEPT-002,9,1500.0,0,13500.0,2700.0,16200.0,Retard,0.0,186,2025,9,3,20250928,20251028,,Contentieux > 90j
FAC-2023-01248,2025-10-24,2025-12-23,,CLI-0103,SVC-013,DEPT-001,7,1100.0,0,7700.0,1540.0,9240.0,Contentieux,0.0,130,2025,10,4,20251024,20251223,,Contentieux > 90j
FAC-2023-01249,2024-12-05,2025-01-04,,CLI-0041,SVC-005,DEPT-002,1,15000.0,0,15000.0,3000.0,18000.0,Retard,0.0,483,2024,12,4,20241205,20250104,,Contentieux > 90j
FAC-2023-01250,2024-12-01,2024-12-31,,CLI-0016,SVC-022,DEPT-004,7,600.0,15,3570.0,714.0,4284.0,Retard,0.0,487,2024,12,4,20241201,20241231,,Contentieux > 90j
FAC-2023-01251,2024-07-31,2024-08-30,2024-09-03,CLI-0148,SVC-010,DEPT-007,32,45.0,0,1440.0,288.0,1728.0,Payée,1440.0,4,2024,7,3,20240731,20240830,20240903.0,Retard < 30j
FAC-2023-01252,2024-07-29,2024-08-28,,CLI-0056,SVC-008,DEPT-002,1,2500.0,5,2375.0,475.0,2850.0,Partielle,1893.18,612,2024,7,3,20240729,20240828,,Contentieux > 90j
FAC-2023-01253,2025-08-28,2025-09-27,,CLI-0135,SVC-007,DEPT-007,1,1200.0,5,1140.0,228.0,1368.0,Retard,0.0,217,2025,8,3,20250828,20250927,,Contentieux > 90j
FAC-2023-01254,2024-01-22,2024-02-21,2024-02-25,CLI-0186,SVC-006,DEPT-002,1,450.0,15,382.5,76.5,459.0,Payée,382.5,4,2024,1,1,20240122,20240221,20240225.0,Retard < 30j
FAC-2023-01255,2025-04-01,2025-05-01,,CLI-0038,SVC-005,DEPT-002,1,15000.0,0,15000.0,3000.0,18000.0,Contentieux,0.0,366,2025,4,2,20250401,20250501,,Contentieux > 90j
FAC-2023-01256,2024-02-13,2024-03-14,2024-04-04,CLI-0135,SVC-001,DEPT-007,1,3500.0,0,3500.0,700.0,4200.0,Payée,3500.0,21,2024,2,1,20240213,20240314,20240404.0,Retard < 30j
FAC-2023-01257,2024-04-18,2024-05-18,2024-06-14,CLI-0097,SVC-023,DEPT-004,4,750.0,0,3000.0,600.0,3600.0,Payée,3000.0,27,2024,4,2,20240418,20240518,20240614.0,Retard < 30j
FAC-2023-01258,2024-09-15,2024-10-15,2024-11-01,CLI-0197,SVC-002,DEPT-004,1,8500.0,0,8500.0,1700.0,10200.0,Payée,8500.0,17,2024,9,3,20240915,20241015,20241101.0,Retard < 30j
FAC-2023-01259,2023-04-08,2023-05-08,2023-05-23,CLI-0079,SVC-011,DEPT-002,1,4500.0,0,4500.0,900.0,5400.0,Payée,4500.0,15,2023,4,2,20230408,20230508,20230523.0,Retard < 30j
FAC-2023-01260,2024-07-27,2024-08-26,2024-09-01,CLI-0092,SVC-016,DEPT-003,1,1800.0,10,1620.0,324.0,1944.0,Payée,1620.0,6,2024,7,3,20240727,20240826,20240901.0,Retard < 30j
FAC-2023-01261,2024-11-15,2024-12-15,2024-12-15,CLI-0151,SVC-012,DEPT-007,1,3200.0,0,3200.0,640.0,3840.0,Payée,3200.0,0,2024,11,4,20241115,20241215,20241215.0,Dans les délais
FAC-2023-01262,2025-01-08,2025-02-22,2025-03-22,CLI-0042,SVC-011,DEPT-007,1,4500.0,5,4275.0,855.0,5130.0,Payée,4275.0,28,2025,1,1,20250108,20250222,20250322.0,Retard < 30j
FAC-2023-01263,2024-07-19,2024-09-02,2024-09-03,CLI-0119,SVC-008,DEPT-002,1,2500.0,0,2500.0,500.0,3000.0,Payée,2500.0,1,2024,7,3,20240719,20240902,20240903.0,Retard < 30j
FAC-2023-01264,2023-09-04,2023-11-03,,CLI-0194,SVC-024,DEPT-002,1,700.0,0,700.0,140.0,840.0,Partielle,439.02,911,2023,9,3,20230904,20231103,,Contentieux > 90j
FAC-2023-01265,2025-07-01,2025-08-15,2025-08-31,CLI-0058,SVC-023,DEPT-003,2,750.0,0,1500.0,300.0,1800.0,Payée,1500.0,16,2025,7,3,20250701,20250815,20250831.0,Retard < 30j
FAC-2023-01266,2025-12-28,2026-02-11,2026-02-18,CLI-0147,SVC-007,DEPT-004,1,1200.0,5,1140.0,228.0,1368.0,Payée,1140.0,7,2025,12,4,20251228,20260211,20260218.0,Retard < 30j
FAC-2023-01267,2024-06-01,2024-07-16,,CLI-0169,SVC-023,DEPT-001,9,750.0,15,5737.5,1147.5,6885.0,Partielle,3007.83,655,2024,6,2,20240601,20240716,,Contentieux > 90j
FAC-2023-01268,2025-09-15,2025-10-30,,CLI-0137,SVC-003,DEPT-001,1,22000.0,0,22000.0,4400.0,26400.0,Partielle,12142.56,184,2025,9,3,20250915,20251030,,Contentieux > 90j
FAC-2023-01269,2024-07-15,2024-08-14,,CLI-0051,SVC-020,DEPT-001,3,1400.0,0,4200.0,840.0,5040.0,Contentieux,0.0,626,2024,7,3,20240715,20240814,,Contentieux > 90j
FAC-2023-01270,2025-03-25,2025-04-24,,CLI-0057,SVC-024,DEPT-002,8,700.0,5,5320.0,1064.0,6384.0,Partielle,4180.29,373,2025,3,1,20250325,20250424,,Contentieux > 90j
FAC-2023-01271,2025-02-25,2025-03-27,2025-04-08,CLI-0138,SVC-017,DEPT-002,1,950.0,0,950.0,190.0,1140.0,Payée,950.0,12,2025,2,1,20250225,20250327,20250408.0,Retard < 30j
FAC-2023-01272,2023-11-24,2023-12-24,2023-12-24,CLI-0056,SVC-001,DEPT-007,1,3500.0,0,3500.0,700.0,4200.0,Payée,3500.0,0,2023,11,4,20231124,20231224,20231224.0,Dans les délais
FAC-2023-01273,2025-12-11,2026-01-10,,CLI-0142,SVC-017,DEPT-003,1,950.0,0,950.0,190.0,1140.0,Partielle,425.77,112,2025,12,4,20251211,20260110,,Contentieux > 90j
FAC-2023-01274,2023-12-17,2024-01-16,2024-01-16,CLI-0170,SVC-004,DEPT-002,4,1200.0,0,4800.0,960.0,5760.0,Payée,4800.0,0,2023,12,4,20231217,20240116,20240116.0,Dans les délais
FAC-2023-01275,2024-07-07,2024-08-21,2024-08-31,CLI-0090,SVC-005,DEPT-002,1,15000.0,10,13500.0,2700.0,16200.0,Payée,13500.0,10,2024,7,3,20240707,20240821,20240831.0,Retard < 30j
FAC-2023-01276,2023-01-03,2023-03-04,,CLI-0164,SVC-004,DEPT-003,6,1200.0,5,6840.0,1368.0,8208.0,Contentieux,0.0,1155,2023,1,1,20230103,20230304,,Contentieux > 90j
FAC-2023-01277,2024-06-24,2024-07-24,2024-08-08,CLI-0026,SVC-023,DEPT-001,3,750.0,0,2250.0,450.0,2700.0,Payée,2250.0,15,2024,6,2,20240624,20240724,20240808.0,Retard < 30j
FAC-2023-01278,2024-12-29,2025-02-12,,CLI-0192,SVC-001,DEPT-002,1,3500.0,0,3500.0,700.0,4200.0,Contentieux,0.0,444,2024,12,4,20241229,20250212,,Contentieux > 90j
FAC-2023-01279,2023-08-06,2023-09-05,,CLI-0082,SVC-001,DEPT-003,1,3500.0,5,3325.0,665.0,3990.0,Retard,0.0,970,2023,8,3,20230806,20230905,,Contentieux > 90j
FAC-2023-01280,2024-02-27,2024-04-12,2024-05-02,CLI-0192,SVC-021,DEPT-002,8,800.0,0,6400.0,1280.0,7680.0,Payée,6400.0,20,2024,2,1,20240227,20240412,20240502.0,Retard < 30j
FAC-2023-01281,2025-06-07,2025-07-07,,CLI-0140,SVC-008,DEPT-002,1,2500.0,0,2500.0,500.0,3000.0,Partielle,867.11,299,2025,6,2,20250607,20250707,,Contentieux > 90j
FAC-2023-01282,2023-12-27,2024-02-25,2024-03-02,CLI-0143,SVC-006,DEPT-003,1,450.0,0,450.0,90.0,540.0,Payée,450.0,6,2023,12,4,20231227,20240225,20240302.0,Retard < 30j
FAC-2023-01283,2023-11-30,2023-12-30,,CLI-0006,SVC-010,DEPT-002,12,45.0,10,486.0,97.2,583.2,Retard,0.0,854,2023,11,4,20231130,20231230,,Contentieux > 90j
FAC-2023-01284,2023-05-28,2023-07-12,2023-08-01,CLI-0020,SVC-005,DEPT-001,1,15000.0,0,15000.0,3000.0,18000.0,Payée,15000.0,20,2023,5,2,20230528,20230712,20230801.0,Retard < 30j
FAC-2023-01285,2023-01-25,2023-02-24,2023-02-24,CLI-0162,SVC-005,DEPT-001,1,15000.0,5,14250.0,2850.0,17100.0,Payée,14250.0,0,2023,1,1,20230125,20230224,20230224.0,Dans les délais
FAC-2023-01286,2023-03-31,2023-05-15,2023-05-19,CLI-0004,SVC-021,DEPT-007,3,800.0,0,2400.0,480.0,2880.0,Payée,2400.0,4,2023,3,1,20230331,20230515,20230519.0,Retard < 30j
FAC-2023-01287,2023-08-06,2023-09-20,,CLI-0004,SVC-001,DEPT-001,1,3500.0,0,3500.0,700.0,4200.0,Retard,0.0,955,2023,8,3,20230806,20230920,,Contentieux > 90j
FAC-2023-01288,2025-09-10,2025-10-10,,CLI-0060,SVC-005,DEPT-003,1,15000.0,5,14250.0,2850.0,17100.0,Partielle,10085.19,204,2025,9,3,20250910,20251010,,Contentieux > 90j
FAC-2023-01289,2023-11-13,2023-12-13,2023-12-25,CLI-0104,SVC-016,DEPT-007,1,1800.0,0,1800.0,360.0,2160.0,Payée,1800.0,12,2023,11,4,20231113,20231213,20231225.0,Retard < 30j
FAC-2023-01290,2023-04-02,2023-05-17,2023-06-13,CLI-0039,SVC-001,DEPT-004,1,3500.0,0,3500.0,700.0,4200.0,Payée,3500.0,27,2023,4,2,20230402,20230517,20230613.0,Retard < 30j
FAC-2023-01291,2024-04-04,2024-05-19,2024-05-23,CLI-0045,SVC-001,DEPT-003,1,3500.0,0,3500.0,700.0,4200.0,Payée,3500.0,4,2024,4,2,20240404,20240519,20240523.0,Retard < 30j
FAC-2023-01292,2025-02-26,2025-03-28,,CLI-0092,SVC-008,DEPT-001,1,2500.0,5,2375.0,475.0,2850.0,Retard,0.0,400,2025,2,1,20250226,20250328,,Contentieux > 90j
FAC-2023-01293,2023-08-14,2023-09-13,,CLI-0151,SVC-006,DEPT-003,1,450.0,0,450.0,90.0,540.0,Contentieux,0.0,962,2023,8,3,20230814,20230913,,Contentieux > 90j
FAC-2023-01294,2024-11-14,2024-12-29,,CLI-0112,SVC-003,DEPT-001,1,22000.0,0,22000.0,4400.0,26400.0,Partielle,16718.61,489,2024,11,4,20241114,20241229,,Contentieux > 90j
FAC-2023-01295,2023-12-31,2024-02-29,2024-03-06,CLI-0184,SVC-005,DEPT-004,1,15000.0,0,15000.0,3000.0,18000.0,Payée,15000.0,6,2023,12,4,20231231,20240229,20240306.0,Retard < 30j
FAC-2023-01296,2024-09-09,2024-10-24,2024-10-25,CLI-0047,SVC-022,DEPT-003,10,600.0,10,5400.0,1080.0,6480.0,Payée,5400.0,1,2024,9,3,20240909,20241024,20241025.0,Retard < 30j
FAC-2023-01297,2025-01-25,2025-03-11,,CLI-0154,SVC-022,DEPT-001,5,600.0,10,2700.0,540.0,3240.0,Retard,0.0,417,2025,1,1,20250125,20250311,,Contentieux > 90j
FAC-2023-01298,2023-10-28,2023-12-12,2024-01-06,CLI-0001,SVC-005,DEPT-001,1,15000.0,0,15000.0,3000.0,18000.0,Payée,15000.0,25,2023,10,4,20231028,20231212,20240106.0,Retard < 30j
FAC-2023-01299,2025-05-25,2025-06-24,2025-06-27,CLI-0035,SVC-019,DEPT-002,10,180.0,0,1800.0,360.0,2160.0,Payée,1800.0,3,2025,5,2,20250525,20250624,20250627.0,Retard < 30j
FAC-2023-01300,2024-10-15,2024-11-29,2024-12-20,CLI-0123,SVC-012,DEPT-007,1,3200.0,0,3200.0,640.0,3840.0,Payée,3200.0,21,2024,10,4,20241015,20241129,20241220.0,Retard < 30j
FAC-2023-01301,2023-10-11,2024-01-09,,CLI-0195,SVC-011,DEPT-002,1,4500.0,10,4050.0,810.0,4860.0,Retard,0.0,844,2023,10,4,20231011,20240109,,Contentieux > 90j
FAC-2023-01302,2025-10-15,2025-11-29,2025-12-08,CLI-0123,SVC-014,DEPT-004,9,1500.0,0,13500.0,2700.0,16200.0,Payée,13500.0,9,2025,10,4,20251015,20251129,20251208.0,Retard < 30j
FAC-2023-01303,2025-05-13,2025-06-12,,CLI-0026,SVC-019,DEPT-002,18,180.0,0,3240.0,648.0,3888.0,Retard,0.0,324,2025,5,2,20250513,20250612,,Contentieux > 90j
FAC-2023-01304,2025-01-10,2025-02-09,,CLI-0027,SVC-008,DEPT-001,1,2500.0,0,2500.0,500.0,3000.0,Contentieux,0.0,447,2025,1,1,20250110,20250209,,Contentieux > 90j
FAC-2023-01305,2025-08-28,2025-09-27,,CLI-0115,SVC-018,DEPT-003,1,6500.0,15,5525.0,1105.0,6630.0,Partielle,1822.08,217,2025,8,3,20250828,20250927,,Contentieux > 90j
FAC-2023-01306,2024-08-26,2024-09-25,,CLI-0115,SVC-005,DEPT-007,1,15000.0,0,15000.0,3000.0,18000.0,Retard,0.0,584,2024,8,3,20240826,20240925,,Contentieux > 90j
FAC-2023-01307,2024-03-07,2024-04-21,2024-04-24,CLI-0133,SVC-008,DEPT-001,1,2500.0,10,2250.0,450.0,2700.0,Payée,2250.0,3,2024,3,1,20240307,20240421,20240424.0,Retard < 30j
FAC-2023-01308,2023-02-23,2023-04-09,,CLI-0045,SVC-013,DEPT-007,7,1100.0,0,7700.0,1540.0,9240.0,Retard,0.0,1119,2023,2,1,20230223,20230409,,Contentieux > 90j
FAC-2023-01309,2023-11-20,2024-01-04,2024-01-04,CLI-0022,SVC-016,DEPT-002,1,1800.0,0,1800.0,360.0,2160.0,Payée,1800.0,0,2023,11,4,20231120,20240104,20240104.0,Dans les délais
FAC-2023-01310,2025-05-02,2025-06-01,2025-06-04,CLI-0023,SVC-001,DEPT-007,1,3500.0,0,3500.0,700.0,4200.0,Payée,3500.0,3,2025,5,2,20250502,20250601,20250604.0,Retard < 30j
FAC-2023-01311,2025-04-22,2025-06-06,2025-06-06,CLI-0095,SVC-016,DEPT-003,1,1800.0,5,1710.0,342.0,2052.0,Payée,1710.0,0,2025,4,2,20250422,20250606,20250606.0,Dans les délais
FAC-2023-01312,2023-05-03,2023-06-02,2023-06-08,CLI-0035,SVC-005,DEPT-007,1,15000.0,10,13500.0,2700.0,16200.0,Payée,13500.0,6,2023,5,2,20230503,20230602,20230608.0,Retard < 30j
FAC-2023-01313,2025-03-22,2025-04-21,,CLI-0050,SVC-001,DEPT-004,1,3500.0,10,3150.0,630.0,3780.0,Retard,0.0,376,2025,3,1,20250322,20250421,,Contentieux > 90j
FAC-2023-01314,2024-06-12,2024-07-12,,CLI-0170,SVC-023,DEPT-004,10,750.0,0,7500.0,1500.0,9000.0,Retard,0.0,659,2024,6,2,20240612,20240712,,Contentieux > 90j
FAC-2023-01315,2023-07-08,2023-08-22,,CLI-0049,SVC-009,DEPT-002,1,180.0,0,180.0,36.0,216.0,Contentieux,0.0,984,2023,7,3,20230708,20230822,,Contentieux > 90j
FAC-2023-01316,2023-04-25,2023-05-25,,CLI-0065,SVC-013,DEPT-007,4,1100.0,0,4400.0,880.0,5280.0,Retard,0.0,1073,2023,4,2,20230425,20230525,,Contentieux > 90j
FAC-2023-01317,2025-08-17,2025-10-16,,CLI-0184,SVC-003,DEPT-004,1,22000.0,0,22000.0,4400.0,26400.0,Retard,0.0,198,2025,8,3,20250817,20251016,,Contentieux > 90j
FAC-2023-01318,2023-04-22,2023-06-06,2023-06-13,CLI-0122,SVC-006,DEPT-003,1,450.0,10,405.0,81.0,486.0,Payée,405.0,7,2023,4,2,20230422,20230606,20230613.0,Retard < 30j
FAC-2023-01319,2023-06-09,2023-07-24,,CLI-0033,SVC-004,DEPT-001,6,1200.0,5,6840.0,1368.0,8208.0,Retard,0.0,1013,2023,6,2,20230609,20230724,,Contentieux > 90j
FAC-2023-01320,2023-11-30,2024-01-14,2024-01-14,CLI-0075,SVC-010,DEPT-003,35,45.0,0,1575.0,315.0,1890.0,Payée,1575.0,0,2023,11,4,20231130,20240114,20240114.0,Dans les délais
FAC-2023-01321,2024-02-18,2024-03-19,2024-03-31,CLI-0057,SVC-018,DEPT-001,1,6500.0,5,6175.0,1235.0,7410.0,Payée,6175.0,12,2024,2,1,20240218,20240319,20240331.0,Retard < 30j
FAC-2023-01322,2023-04-02,2023-05-02,2023-05-02,CLI-0174,SVC-019,DEPT-003,20,180.0,15,3060.0,612.0,3672.0,Payée,3060.0,0,2023,4,2,20230402,20230502,20230502.0,Dans les délais
FAC-2023-01323,2023-01-18,2023-02-17,,CLI-0028,SVC-010,DEPT-007,23,45.0,5,983.25,196.65,1179.9,Contentieux,0.0,1170,2023,1,1,20230118,20230217,,Contentieux > 90j
FAC-2023-01324,2025-03-11,2025-04-25,,CLI-0058,SVC-011,DEPT-001,1,4500.0,5,4275.0,855.0,5130.0,Contentieux,0.0,372,2025,3,1,20250311,20250425,,Contentieux > 90j
FAC-2023-01325,2025-10-28,2025-11-27,,CLI-0104,SVC-014,DEPT-001,2,1500.0,0,3000.0,600.0,3600.0,Retard,0.0,156,2025,10,4,20251028,20251127,,Contentieux > 90j
FAC-2023-01326,2025-09-03,2025-12-02,2025-12-07,CLI-0179,SVC-013,DEPT-002,10,1100.0,10,9900.0,1980.0,11880.0,Payée,9900.0,5,2025,9,3,20250903,20251202,20251207.0,Retard < 30j
FAC-2023-01327,2023-07-11,2023-09-09,2023-09-17,CLI-0144,SVC-003,DEPT-002,1,22000.0,15,18700.0,3740.0,22440.0,Payée,18700.0,8,2023,7,3,20230711,20230909,20230917.0,Retard < 30j
FAC-2023-01328,2025-11-23,2025-12-23,2026-01-20,CLI-0050,SVC-017,DEPT-003,1,950.0,15,807.5,161.5,969.0,Payée,807.5,28,2025,11,4,20251123,20251223,20260120.0,Retard < 30j
FAC-2023-01329,2024-11-25,2024-12-25,2025-01-16,CLI-0140,SVC-005,DEPT-001,1,15000.0,0,15000.0,3000.0,18000.0,Payée,15000.0,22,2024,11,4,20241125,20241225,20250116.0,Retard < 30j
FAC-2023-01330,2024-03-03,2024-04-17,2024-04-21,CLI-0124,SVC-008,DEPT-007,1,2500.0,15,2125.0,425.0,2550.0,Payée,2125.0,4,2024,3,1,20240303,20240417,20240421.0,Retard < 30j
FAC-2023-01331,2023-07-19,2023-09-02,2023-09-16,CLI-0192,SVC-016,DEPT-007,1,1800.0,10,1620.0,324.0,1944.0,Payée,1620.0,14,2023,7,3,20230719,20230902,20230916.0,Retard < 30j
FAC-2023-01332,2023-07-12,2023-08-11,2023-08-24,CLI-0027,SVC-016,DEPT-002,1,1800.0,0,1800.0,360.0,2160.0,Payée,1800.0,13,2023,7,3,20230712,20230811,20230824.0,Retard < 30j
FAC-2023-01333,2025-01-14,2025-02-28,2025-03-24,CLI-0020,SVC-009,DEPT-003,1,180.0,0,180.0,36.0,216.0,Payée,180.0,24,2025,1,1,20250114,20250228,20250324.0,Retard < 30j
FAC-2023-01334,2025-06-24,2025-08-08,2025-08-10,CLI-0147,SVC-009,DEPT-007,1,180.0,5,171.0,34.2,205.2,Payée,171.0,2,2025,6,2,20250624,20250808,20250810.0,Retard < 30j
FAC-2023-01335,2025-01-14,2025-02-13,2025-02-16,CLI-0150,SVC-002,DEPT-004,1,8500.0,10,7650.0,1530.0,9180.0,Payée,7650.0,3,2025,1,1,20250114,20250213,20250216.0,Retard < 30j
FAC-2023-01336,2024-10-04,2024-11-18,,CLI-0116,SVC-017,DEPT-007,1,950.0,0,950.0,190.0,1140.0,Retard,0.0,530,2024,10,4,20241004,20241118,,Contentieux > 90j
FAC-2023-01337,2023-03-29,2023-04-28,2023-05-08,CLI-0141,SVC-009,DEPT-007,1,180.0,5,171.0,34.2,205.2,Payée,171.0,10,2023,3,1,20230329,20230428,20230508.0,Retard < 30j
FAC-2023-01338,2023-08-04,2023-09-03,2023-09-23,CLI-0003,SVC-005,DEPT-001,1,15000.0,0,15000.0,3000.0,18000.0,Payée,15000.0,20,2023,8,3,20230804,20230903,20230923.0,Retard < 30j
FAC-2023-01339,2025-08-04,2025-09-03,2025-10-02,CLI-0070,SVC-013,DEPT-004,2,1100.0,0,2200.0,440.0,2640.0,Payée,2200.0,29,2025,8,3,20250804,20250903,20251002.0,Retard < 30j
FAC-2023-01340,2024-01-05,2024-02-19,,CLI-0033,SVC-003,DEPT-004,1,22000.0,5,20900.0,4180.0,25080.0,Partielle,15910.03,803,2024,1,1,20240105,20240219,,Contentieux > 90j
FAC-2023-01341,2024-11-04,2024-12-04,,CLI-0060,SVC-013,DEPT-004,2,1100.0,0,2200.0,440.0,2640.0,Contentieux,0.0,514,2024,11,4,20241104,20241204,,Contentieux > 90j
FAC-2023-01342,2025-09-02,2025-10-02,2025-10-06,CLI-0065,SVC-023,DEPT-004,2,750.0,0,1500.0,300.0,1800.0,Payée,1500.0,4,2025,9,3,20250902,20251002,20251006.0,Retard < 30j
FAC-2023-01343,2024-03-13,2024-05-12,,CLI-0046,SVC-021,DEPT-004,6,800.0,0,4800.0,960.0,5760.0,Contentieux,0.0,720,2024,3,1,20240313,20240512,,Contentieux > 90j
FAC-2023-01344,2025-05-30,2025-06-29,2025-07-07,CLI-0018,SVC-012,DEPT-001,1,3200.0,15,2720.0,544.0,3264.0,Payée,2720.0,8,2025,5,2,20250530,20250629,20250707.0,Retard < 30j
FAC-2023-01345,2024-05-31,2024-06-30,2024-06-30,CLI-0134,SVC-009,DEPT-003,1,180.0,5,171.0,34.2,205.2,Payée,171.0,0,2024,5,2,20240531,20240630,20240630.0,Dans les délais
FAC-2023-01346,2024-09-02,2024-10-02,2024-10-23,CLI-0128,SVC-003,DEPT-007,1,22000.0,10,19800.0,3960.0,23760.0,Payée,19800.0,21,2024,9,3,20240902,20241002,20241023.0,Retard < 30j
FAC-2023-01347,2024-06-15,2024-07-15,2024-08-06,CLI-0065,SVC-022,DEPT-003,3,600.0,10,1620.0,324.0,1944.0,Payée,1620.0,22,2024,6,2,20240615,20240715,20240806.0,Retard < 30j
FAC-2023-01348,2024-02-11,2024-03-27,2024-04-21,CLI-0095,SVC-006,DEPT-007,1,450.0,0,450.0,90.0,540.0,Payée,450.0,25,2024,2,1,20240211,20240327,20240421.0,Retard < 30j
FAC-2023-01349,2025-06-13,2025-07-13,2025-07-13,CLI-0050,SVC-023,DEPT-007,6,750.0,10,4050.0,810.0,4860.0,Payée,4050.0,0,2025,6,2,20250613,20250713,20250713.0,Dans les délais
FAC-2023-01350,2023-06-09,2023-07-09,2023-07-13,CLI-0181,SVC-007,DEPT-003,1,1200.0,5,1140.0,228.0,1368.0,Payée,1140.0,4,2023,6,2,20230609,20230709,20230713.0,Retard < 30j
FAC-2023-01351,2023-11-05,2023-12-20,,CLI-0101,SVC-001,DEPT-003,1,3500.0,10,3150.0,630.0,3780.0,Partielle,1731.63,864,2023,11,4,20231105,20231220,,Contentieux > 90j
FAC-2023-01352,2025-04-12,2025-05-27,2025-06-19,CLI-0037,SVC-022,DEPT-002,5,600.0,0,3000.0,600.0,3600.0,Payée,3000.0,23,2025,4,2,20250412,20250527,20250619.0,Retard < 30j
FAC-2023-01353,2023-07-19,2023-10-17,,CLI-0195,SVC-015,DEPT-002,1,2800.0,0,2800.0,560.0,3360.0,Retard,0.0,928,2023,7,3,20230719,20231017,,Contentieux > 90j
FAC-2023-01354,2023-12-07,2024-01-21,2024-01-28,CLI-0133,SVC-023,DEPT-007,10,750.0,0,7500.0,1500.0,9000.0,Payée,7500.0,7,2023,12,4,20231207,20240121,20240128.0,Retard < 30j
FAC-2023-01355,2025-01-15,2025-03-01,,CLI-0004,SVC-012,DEPT-001,1,3200.0,0,3200.0,640.0,3840.0,Partielle,1763.34,427,2025,1,1,20250115,20250301,,Contentieux > 90j
FAC-2023-01356,2025-07-22,2025-09-05,2025-10-04,CLI-0154,SVC-021,DEPT-004,7,800.0,0,5600.0,1120.0,6720.0,Payée,5600.0,29,2025,7,3,20250722,20250905,20251004.0,Retard < 30j
FAC-2023-01357,2023-08-21,2023-10-05,2023-10-23,CLI-0160,SVC-011,DEPT-002,1,4500.0,10,4050.0,810.0,4860.0,Payée,4050.0,18,2023,8,3,20230821,20231005,20231023.0,Retard < 30j
FAC-2023-01358,2023-11-30,2023-12-30,2024-01-21,CLI-0170,SVC-020,DEPT-003,9,1400.0,0,12600.0,2520.0,15120.0,Payée,12600.0,22,2023,11,4,20231130,20231230,20240121.0,Retard < 30j
FAC-2023-01359,2023-06-29,2023-08-13,2023-09-03,CLI-0189,SVC-004,DEPT-001,2,1200.0,0,2400.0,480.0,2880.0,Payée,2400.0,21,2023,6,2,20230629,20230813,20230903.0,Retard < 30j
FAC-2023-01360,2023-07-24,2023-09-07,,CLI-0154,SVC-024,DEPT-003,8,700.0,0,5600.0,1120.0,6720.0,Retard,0.0,968,2023,7,3,20230724,20230907,,Contentieux > 90j
FAC-2023-01361,2024-04-01,2024-05-16,2024-05-18,CLI-0133,SVC-007,DEPT-002,1,1200.0,5,1140.0,228.0,1368.0,Payée,1140.0,2,2024,4,2,20240401,20240516,20240518.0,Retard < 30j
FAC-2023-01362,2024-12-19,2025-01-18,,CLI-0146,SVC-004,DEPT-004,8,1200.0,0,9600.0,1920.0,11520.0,Retard,0.0,469,2024,12,4,20241219,20250118,,Contentieux > 90j
FAC-2023-01363,2024-04-03,2024-05-03,2024-05-14,CLI-0002,SVC-012,DEPT-003,1,3200.0,0,3200.0,640.0,3840.0,Payée,3200.0,11,2024,4,2,20240403,20240503,20240514.0,Retard < 30j
FAC-2023-01364,2024-05-09,2024-06-23,2024-06-23,CLI-0132,SVC-022,DEPT-001,1,600.0,10,540.0,108.0,648.0,Payée,540.0,0,2024,5,2,20240509,20240623,20240623.0,Dans les délais
FAC-2023-01365,2025-11-28,2026-01-12,2026-01-28,CLI-0048,SVC-012,DEPT-002,1,3200.0,10,2880.0,576.0,3456.0,Payée,2880.0,16,2025,11,4,20251128,20260112,20260128.0,Retard < 30j
FAC-2023-01366,2024-05-10,2024-06-24,2024-07-14,CLI-0175,SVC-014,DEPT-001,9,1500.0,15,11475.0,2295.0,13770.0,Payée,11475.0,20,2024,5,2,20240510,20240624,20240714.0,Retard < 30j
FAC-2023-01367,2023-09-21,2023-10-21,2023-11-05,CLI-0176,SVC-014,DEPT-007,7,1500.0,15,8925.0,1785.0,10710.0,Payée,8925.0,15,2023,9,3,20230921,20231021,20231105.0,Retard < 30j
FAC-2023-01368,2024-04-18,2024-06-02,2024-06-04,CLI-0049,SVC-014,DEPT-007,2,1500.0,5,2850.0,570.0,3420.0,Payée,2850.0,2,2024,4,2,20240418,20240602,20240604.0,Retard < 30j
FAC-2023-01369,2024-06-16,2024-09-14,2024-09-14,CLI-0125,SVC-021,DEPT-001,9,800.0,0,7200.0,1440.0,8640.0,Payée,7200.0,0,2024,6,2,20240616,20240914,20240914.0,Dans les délais
FAC-2023-01370,2023-01-24,2023-02-23,2023-03-24,CLI-0007,SVC-014,DEPT-001,10,1500.0,0,15000.0,3000.0,18000.0,Payée,15000.0,29,2023,1,1,20230124,20230223,20230324.0,Retard < 30j
FAC-2023-01371,2023-02-21,2023-04-07,2023-04-24,CLI-0175,SVC-013,DEPT-002,3,1100.0,15,2805.0,561.0,3366.0,Payée,2805.0,17,2023,2,1,20230221,20230407,20230424.0,Retard < 30j
FAC-2023-01372,2024-03-30,2024-05-14,,CLI-0075,SVC-021,DEPT-004,5,800.0,0,4000.0,800.0,4800.0,Retard,0.0,718,2024,3,1,20240330,20240514,,Contentieux > 90j
FAC-2023-01373,2023-04-16,2023-05-16,2023-05-16,CLI-0083,SVC-022,DEPT-007,5,600.0,0,3000.0,600.0,3600.0,Payée,3000.0,0,2023,4,2,20230416,20230516,20230516.0,Dans les délais
FAC-2023-01374,2025-07-29,2025-08-28,2025-09-08,CLI-0032,SVC-004,DEPT-002,10,1200.0,0,12000.0,2400.0,14400.0,Payée,12000.0,11,2025,7,3,20250729,20250828,20250908.0,Retard < 30j
FAC-2023-01375,2025-10-09,2025-11-08,,CLI-0028,SVC-003,DEPT-001,1,22000.0,10,19800.0,3960.0,23760.0,Partielle,7998.93,175,2025,10,4,20251009,20251108,,Contentieux > 90j
FAC-2023-01376,2025-04-27,2025-05-27,,CLI-0151,SVC-001,DEPT-001,1,3500.0,0,3500.0,700.0,4200.0,Contentieux,0.0,340,2025,4,2,20250427,20250527,,Contentieux > 90j
FAC-2023-01377,2025-05-09,2025-06-08,2025-07-01,CLI-0064,SVC-022,DEPT-002,7,600.0,10,3780.0,756.0,4536.0,Payée,3780.0,23,2025,5,2,20250509,20250608,20250701.0,Retard < 30j
FAC-2023-01378,2023-01-21,2023-03-07,2023-03-07,CLI-0055,SVC-010,DEPT-001,12,45.0,5,513.0,102.6,615.6,Payée,513.0,0,2023,1,1,20230121,20230307,20230307.0,Dans les délais
FAC-2023-01379,2025-09-18,2025-11-02,2025-11-02,CLI-0108,SVC-012,DEPT-002,1,3200.0,15,2720.0,544.0,3264.0,Payée,2720.0,0,2025,9,3,20250918,20251102,20251102.0,Dans les délais
FAC-2023-01380,2024-06-05,2024-07-20,2024-07-20,CLI-0160,SVC-024,DEPT-007,2,700.0,0,1400.0,280.0,1680.0,Payée,1400.0,0,2024,6,2,20240605,20240720,20240720.0,Dans les délais
FAC-2023-01381,2024-03-18,2024-04-17,2024-04-25,CLI-0158,SVC-005,DEPT-001,1,15000.0,10,13500.0,2700.0,16200.0,Payée,13500.0,8,2024,3,1,20240318,20240417,20240425.0,Retard < 30j
FAC-2023-01382,2024-03-26,2024-05-25,,CLI-0103,SVC-005,DEPT-002,1,15000.0,0,15000.0,3000.0,18000.0,Retard,0.0,707,2024,3,1,20240326,20240525,,Contentieux > 90j
FAC-2023-01383,2025-09-13,2025-10-13,2025-11-12,CLI-0086,SVC-009,DEPT-003,1,180.0,0,180.0,36.0,216.0,Payée,180.0,30,2025,9,3,20250913,20251013,20251112.0,Retard < 30j
FAC-2023-01384,2025-10-12,2025-11-11,2025-11-18,CLI-0145,SVC-024,DEPT-003,7,700.0,0,4900.0,980.0,5880.0,Payée,4900.0,7,2025,10,4,20251012,20251111,20251118.0,Retard < 30j
FAC-2023-01385,2024-07-29,2024-09-27,2024-10-11,CLI-0053,SVC-007,DEPT-002,1,1200.0,15,1020.0,204.0,1224.0,Payée,1020.0,14,2024,7,3,20240729,20240927,20241011.0,Retard < 30j
FAC-2023-01386,2025-09-26,2025-10-26,2025-11-07,CLI-0063,SVC-024,DEPT-003,7,700.0,10,4410.0,882.0,5292.0,Payée,4410.0,12,2025,9,3,20250926,20251026,20251107.0,Retard < 30j
FAC-2023-01387,2025-02-23,2025-04-09,2025-04-09,CLI-0190,SVC-004,DEPT-004,7,1200.0,0,8400.0,1680.0,10080.0,Payée,8400.0,0,2025,2,1,20250223,20250409,20250409.0,Dans les délais
FAC-2023-01388,2025-11-13,2025-12-13,2026-01-10,CLI-0051,SVC-002,DEPT-003,1,8500.0,0,8500.0,1700.0,10200.0,Payée,8500.0,28,2025,11,4,20251113,20251213,20260110.0,Retard < 30j
FAC-2023-01389,2023-08-23,2023-09-22,2023-09-28,CLI-0126,SVC-001,DEPT-003,1,3500.0,0,3500.0,700.0,4200.0,Payée,3500.0,6,2023,8,3,20230823,20230922,20230928.0,Retard < 30j
FAC-2023-01390,2024-03-16,2024-04-15,2024-04-30,CLI-0076,SVC-003,DEPT-001,1,22000.0,5,20900.0,4180.0,25080.0,Payée,20900.0,15,2024,3,1,20240316,20240415,20240430.0,Retard < 30j
FAC-2023-01391,2023-01-23,2023-02-22,2023-03-09,CLI-0003,SVC-011,DEPT-002,1,4500.0,5,4275.0,855.0,5130.0,Payée,4275.0,15,2023,1,1,20230123,20230222,20230309.0,Retard < 30j
FAC-2023-01392,2025-02-28,2025-03-30,2025-04-07,CLI-0172,SVC-003,DEPT-001,1,22000.0,0,22000.0,4400.0,26400.0,Payée,22000.0,8,2025,2,1,20250228,20250330,20250407.0,Retard < 30j
FAC-2023-01393,2023-06-03,2023-07-03,2023-07-25,CLI-0172,SVC-009,DEPT-003,1,180.0,0,180.0,36.0,216.0,Payée,180.0,22,2023,6,2,20230603,20230703,20230725.0,Retard < 30j
FAC-2023-01394,2024-02-08,2024-03-24,2024-03-24,CLI-0101,SVC-007,DEPT-003,1,1200.0,0,1200.0,240.0,1440.0,Payée,1200.0,0,2024,2,1,20240208,20240324,20240324.0,Dans les délais
FAC-2023-01395,2023-09-12,2023-10-27,2023-11-15,CLI-0133,SVC-004,DEPT-002,8,1200.0,0,9600.0,1920.0,11520.0,Payée,9600.0,19,2023,9,3,20230912,20231027,20231115.0,Retard < 30j
FAC-2023-01396,2024-08-06,2024-09-05,,CLI-0176,SVC-001,DEPT-007,1,3500.0,0,3500.0,700.0,4200.0,Retard,0.0,604,2024,8,3,20240806,20240905,,Contentieux > 90j
FAC-2023-01397,2024-08-05,2024-09-04,,CLI-0002,SVC-015,DEPT-001,1,2800.0,0,2800.0,560.0,3360.0,Contentieux,0.0,605,2024,8,3,20240805,20240904,,Contentieux > 90j
FAC-2023-01398,2023-03-22,2023-05-21,2023-06-15,CLI-0164,SVC-017,DEPT-001,1,950.0,0,950.0,190.0,1140.0,Payée,950.0,25,2023,3,1,20230322,20230521,20230615.0,Retard < 30j
FAC-2023-01399,2024-09-08,2024-10-23,2024-10-23,CLI-0132,SVC-024,DEPT-007,5,700.0,0,3500.0,700.0,4200.0,Payée,3500.0,0,2024,9,3,20240908,20241023,20241023.0,Dans les délais
FAC-2023-01400,2023-04-07,2023-05-07,,CLI-0099,SVC-016,DEPT-004,1,1800.0,0,1800.0,360.0,2160.0,Retard,0.0,1091,2023,4,2,20230407,20230507,,Contentieux > 90j
FAC-2023-01401,2023-09-06,2023-10-06,2023-10-15,CLI-0152,SVC-021,DEPT-001,6,800.0,10,4320.0,864.0,5184.0,Payée,4320.0,9,2023,9,3,20230906,20231006,20231015.0,Retard < 30j
FAC-2023-01402,2023-08-04,2023-09-03,,CLI-0003,SVC-005,DEPT-002,1,15000.0,15,12750.0,2550.0,15300.0,Partielle,8442.12,972,2023,8,3,20230804,20230903,,Contentieux > 90j
FAC-2023-01403,2024-01-27,2024-02-26,,CLI-0052,SVC-003,DEPT-007,1,22000.0,5,20900.0,4180.0,25080.0,Retard,0.0,796,2024,1,1,20240127,20240226,,Contentieux > 90j
FAC-2023-01404,2023-04-18,2023-05-18,2023-05-18,CLI-0002,SVC-023,DEPT-003,5,750.0,10,3375.0,675.0,4050.0,Payée,3375.0,0,2023,4,2,20230418,20230518,20230518.0,Dans les délais
FAC-2023-01405,2024-11-05,2024-12-05,,CLI-0023,SVC-009,DEPT-004,1,180.0,5,171.0,34.2,205.2,Retard,0.0,513,2024,11,4,20241105,20241205,,Contentieux > 90j
FAC-2023-01406,2023-12-15,2024-01-29,2024-02-13,CLI-0087,SVC-023,DEPT-002,3,750.0,0,2250.0,450.0,2700.0,Payée,2250.0,15,2023,12,4,20231215,20240129,20240213.0,Retard < 30j
FAC-2023-01407,2025-07-04,2025-08-03,2025-08-28,CLI-0178,SVC-014,DEPT-004,2,1500.0,0,3000.0,600.0,3600.0,Payée,3000.0,25,2025,7,3,20250704,20250803,20250828.0,Retard < 30j
FAC-2023-01408,2025-09-15,2025-10-30,2025-11-12,CLI-0090,SVC-011,DEPT-001,1,4500.0,0,4500.0,900.0,5400.0,Payée,4500.0,13,2025,9,3,20250915,20251030,20251112.0,Retard < 30j
FAC-2023-01409,2024-05-11,2024-06-10,,CLI-0111,SVC-018,DEPT-002,1,6500.0,5,6175.0,1235.0,7410.0,Retard,0.0,691,2024,5,2,20240511,20240610,,Contentieux > 90j
FAC-2023-01410,2025-10-09,2025-11-08,2025-11-16,CLI-0023,SVC-003,DEPT-004,1,22000.0,0,22000.0,4400.0,26400.0,Payée,22000.0,8,2025,10,4,20251009,20251108,20251116.0,Retard < 30j
FAC-2023-01411,2025-09-25,2025-11-09,2025-12-07,CLI-0123,SVC-007,DEPT-007,1,1200.0,0,1200.0,240.0,1440.0,Payée,1200.0,28,2025,9,3,20250925,20251109,20251207.0,Retard < 30j
FAC-2023-01412,2025-07-18,2025-08-17,2025-08-20,CLI-0099,SVC-010,DEPT-002,42,45.0,0,1890.0,378.0,2268.0,Payée,1890.0,3,2025,7,3,20250718,20250817,20250820.0,Retard < 30j
FAC-2023-01413,2025-07-15,2025-08-29,,CLI-0116,SVC-013,DEPT-002,10,1100.0,0,11000.0,2200.0,13200.0,Retard,0.0,246,2025,7,3,20250715,20250829,,Contentieux > 90j
FAC-2023-01414,2025-05-16,2025-06-30,2025-07-01,CLI-0020,SVC-009,DEPT-002,1,180.0,0,180.0,36.0,216.0,Payée,180.0,1,2025,5,2,20250516,20250630,20250701.0,Retard < 30j
FAC-2023-01415,2023-08-14,2023-10-13,2023-10-25,CLI-0144,SVC-004,DEPT-001,4,1200.0,0,4800.0,960.0,5760.0,Payée,4800.0,12,2023,8,3,20230814,20231013,20231025.0,Retard < 30j
FAC-2023-01416,2025-12-23,2026-02-06,2026-03-08,CLI-0147,SVC-022,DEPT-001,8,600.0,0,4800.0,960.0,5760.0,Payée,4800.0,30,2025,12,4,20251223,20260206,20260308.0,Retard < 30j
FAC-2023-01417,2024-03-10,2024-04-09,2024-04-25,CLI-0111,SVC-014,DEPT-001,3,1500.0,0,4500.0,900.0,5400.0,Payée,4500.0,16,2024,3,1,20240310,20240409,20240425.0,Retard < 30j
FAC-2023-01418,2025-01-27,2025-02-26,2025-03-20,CLI-0138,SVC-009,DEPT-002,1,180.0,0,180.0,36.0,216.0,Payée,180.0,22,2025,1,1,20250127,20250226,20250320.0,Retard < 30j
FAC-2023-01419,2025-04-04,2025-05-19,2025-06-14,CLI-0094,SVC-007,DEPT-007,1,1200.0,0,1200.0,240.0,1440.0,Payée,1200.0,26,2025,4,2,20250404,20250519,20250614.0,Retard < 30j
FAC-2023-01420,2023-04-13,2023-05-28,2023-05-28,CLI-0136,SVC-004,DEPT-001,4,1200.0,15,4080.0,816.0,4896.0,Payée,4080.0,0,2023,4,2,20230413,20230528,20230528.0,Dans les délais
FAC-2023-01421,2024-05-03,2024-06-02,2024-06-11,CLI-0176,SVC-009,DEPT-007,1,180.0,0,180.0,36.0,216.0,Payée,180.0,9,2024,5,2,20240503,20240602,20240611.0,Retard < 30j
FAC-2023-01422,2025-03-15,2025-04-14,,CLI-0128,SVC-013,DEPT-003,2,1100.0,0,2200.0,440.0,2640.0,Retard,0.0,383,2025,3,1,20250315,20250414,,Contentieux > 90j
FAC-2023-01423,2023-12-17,2024-01-16,2024-01-29,CLI-0152,SVC-007,DEPT-007,1,1200.0,5,1140.0,228.0,1368.0,Payée,1140.0,13,2023,12,4,20231217,20240116,20240129.0,Retard < 30j
FAC-2023-01424,2023-01-07,2023-02-06,,CLI-0092,SVC-024,DEPT-003,2,700.0,0,1400.0,280.0,1680.0,Partielle,855.48,1181,2023,1,1,20230107,20230206,,Contentieux > 90j
FAC-2023-01425,2024-10-07,2024-11-21,2024-12-07,CLI-0075,SVC-006,DEPT-004,1,450.0,5,427.5,85.5,513.0,Payée,427.5,16,2024,10,4,20241007,20241121,20241207.0,Retard < 30j
FAC-2023-01426,2025-08-29,2025-10-13,2025-10-24,CLI-0045,SVC-001,DEPT-001,1,3500.0,0,3500.0,700.0,4200.0,Payée,3500.0,11,2025,8,3,20250829,20251013,20251024.0,Retard < 30j
FAC-2023-01427,2023-01-20,2023-02-19,2023-02-19,CLI-0052,SVC-022,DEPT-004,10,600.0,0,6000.0,1200.0,7200.0,Payée,6000.0,0,2023,1,1,20230120,20230219,20230219.0,Dans les délais
FAC-2023-01428,2023-08-13,2023-09-12,2023-09-25,CLI-0079,SVC-016,DEPT-002,1,1800.0,0,1800.0,360.0,2160.0,Payée,1800.0,13,2023,8,3,20230813,20230912,20230925.0,Retard < 30j
FAC-2023-01429,2023-12-09,2024-01-08,,CLI-0162,SVC-017,DEPT-001,1,950.0,5,902.5,180.5,1083.0,Retard,0.0,845,2023,12,4,20231209,20240108,,Contentieux > 90j
FAC-2023-01430,2024-11-18,2025-01-02,2025-01-31,CLI-0096,SVC-024,DEPT-003,8,700.0,0,5600.0,1120.0,6720.0,Payée,5600.0,29,2024,11,4,20241118,20250102,20250131.0,Retard < 30j
FAC-2023-01431,2025-01-16,2025-02-15,,CLI-0150,SVC-009,DEPT-003,1,180.0,0,180.0,36.0,216.0,Retard,0.0,441,2025,1,1,20250116,20250215,,Contentieux > 90j
FAC-2023-01432,2025-09-18,2025-11-02,,CLI-0105,SVC-017,DEPT-001,1,950.0,0,950.0,190.0,1140.0,Retard,0.0,181,2025,9,3,20250918,20251102,,Contentieux > 90j
FAC-2023-01433,2024-03-27,2024-05-26,2024-06-17,CLI-0046,SVC-014,DEPT-003,3,1500.0,0,4500.0,900.0,5400.0,Payée,4500.0,22,2024,3,1,20240327,20240526,20240617.0,Retard < 30j
FAC-2023-01434,2023-07-02,2023-08-01,2023-08-02,CLI-0063,SVC-024,DEPT-003,4,700.0,10,2520.0,504.0,3024.0,Payée,2520.0,1,2023,7,3,20230702,20230801,20230802.0,Retard < 30j
FAC-2023-01435,2025-07-09,2025-08-23,,CLI-0192,SVC-022,DEPT-003,9,600.0,0,5400.0,1080.0,6480.0,Partielle,2561.88,252,2025,7,3,20250709,20250823,,Contentieux > 90j
FAC-2023-01436,2025-05-04,2025-08-02,2025-08-30,CLI-0125,SVC-019,DEPT-003,10,180.0,0,1800.0,360.0,2160.0,Payée,1800.0,28,2025,5,2,20250504,20250802,20250830.0,Retard < 30j
FAC-2023-01437,2025-06-06,2025-07-06,,CLI-0186,SVC-004,DEPT-003,8,1200.0,0,9600.0,1920.0,11520.0,Retard,0.0,300,2025,6,2,20250606,20250706,,Contentieux > 90j
FAC-2023-01438,2023-01-18,2023-02-17,2023-02-21,CLI-0092,SVC-004,DEPT-007,8,1200.0,10,8640.0,1728.0,10368.0,Payée,8640.0,4,2023,1,1,20230118,20230217,20230221.0,Retard < 30j
FAC-2023-01439,2023-11-30,2023-12-30,2024-01-12,CLI-0093,SVC-020,DEPT-001,5,1400.0,0,7000.0,1400.0,8400.0,Payée,7000.0,13,2023,11,4,20231130,20231230,20240112.0,Retard < 30j
FAC-2023-01440,2024-03-21,2024-04-20,2024-04-20,CLI-0142,SVC-002,DEPT-004,1,8500.0,0,8500.0,1700.0,10200.0,Payée,8500.0,0,2024,3,1,20240321,20240420,20240420.0,Dans les délais
FAC-2023-01441,2025-05-31,2025-06-30,,CLI-0097,SVC-001,DEPT-001,1,3500.0,0,3500.0,700.0,4200.0,Retard,0.0,306,2025,5,2,20250531,20250630,,Contentieux > 90j
FAC-2023-01442,2024-12-18,2025-01-17,,CLI-0080,SVC-005,DEPT-007,1,15000.0,10,13500.0,2700.0,16200.0,Retard,0.0,470,2024,12,4,20241218,20250117,,Contentieux > 90j
FAC-2023-01443,2023-06-26,2023-07-26,2023-08-02,CLI-0172,SVC-005,DEPT-004,1,15000.0,5,14250.0,2850.0,17100.0,Payée,14250.0,7,2023,6,2,20230626,20230726,20230802.0,Retard < 30j
FAC-2023-01444,2024-08-18,2024-09-17,2024-10-04,CLI-0178,SVC-003,DEPT-002,1,22000.0,0,22000.0,4400.0,26400.0,Payée,22000.0,17,2024,8,3,20240818,20240917,20241004.0,Retard < 30j
FAC-2023-01445,2025-05-15,2025-07-14,2025-07-25,CLI-0196,SVC-013,DEPT-003,7,1100.0,15,6545.0,1309.0,7854.0,Payée,6545.0,11,2025,5,2,20250515,20250714,20250725.0,Retard < 30j
FAC-2023-01446,2023-12-21,2024-01-20,,CLI-0181,SVC-010,DEPT-002,37,45.0,0,1665.0,333.0,1998.0,Partielle,1169.15,833,2023,12,4,20231221,20240120,,Contentieux > 90j
FAC-2023-01447,2023-10-05,2023-11-04,2023-11-18,CLI-0060,SVC-009,DEPT-001,1,180.0,0,180.0,36.0,216.0,Payée,180.0,14,2023,10,4,20231005,20231104,20231118.0,Retard < 30j
FAC-2023-01448,2025-08-02,2025-09-16,,CLI-0095,SVC-019,DEPT-004,19,180.0,0,3420.0,684.0,4104.0,Retard,0.0,228,2025,8,3,20250802,20250916,,Contentieux > 90j
FAC-2023-01449,2025-12-14,2026-01-13,2026-01-30,CLI-0029,SVC-005,DEPT-004,1,15000.0,0,15000.0,3000.0,18000.0,Payée,15000.0,17,2025,12,4,20251214,20260113,20260130.0,Retard < 30j
FAC-2023-01450,2025-08-13,2025-09-12,2025-10-12,CLI-0111,SVC-014,DEPT-001,7,1500.0,15,8925.0,1785.0,10710.0,Payée,8925.0,30,2025,8,3,20250813,20250912,20251012.0,Retard < 30j
FAC-2023-01451,2023-10-15,2023-11-29,2023-12-09,CLI-0133,SVC-003,DEPT-007,1,22000.0,5,20900.0,4180.0,25080.0,Payée,20900.0,10,2023,10,4,20231015,20231129,20231209.0,Retard < 30j
FAC-2023-01452,2023-09-18,2023-10-18,,CLI-0158,SVC-012,DEPT-001,1,3200.0,5,3040.0,608.0,3648.0,Partielle,2246.26,927,2023,9,3,20230918,20231018,,Contentieux > 90j
FAC-2023-01453,2025-04-05,2025-07-04,2025-08-01,CLI-0125,SVC-005,DEPT-004,1,15000.0,5,14250.0,2850.0,17100.0,Payée,14250.0,28,2025,4,2,20250405,20250704,20250801.0,Retard < 30j
FAC-2023-01454,2023-04-23,2023-05-23,,CLI-0016,SVC-003,DEPT-001,1,22000.0,0,22000.0,4400.0,26400.0,Contentieux,0.0,1075,2023,4,2,20230423,20230523,,Contentieux > 90j
FAC-2023-01455,2023-07-19,2023-09-02,,CLI-0105,SVC-020,DEPT-001,5,1400.0,0,7000.0,1400.0,8400.0,Retard,0.0,973,2023,7,3,20230719,20230902,,Contentieux > 90j
FAC-2023-01456,2025-11-12,2025-12-27,2026-01-26,CLI-0039,SVC-024,DEPT-004,1,700.0,5,665.0,133.0,798.0,Payée,665.0,30,2025,11,4,20251112,20251227,20260126.0,Retard < 30j
FAC-2023-01457,2023-11-13,2023-12-28,2023-12-28,CLI-0043,SVC-008,DEPT-004,1,2500.0,0,2500.0,500.0,3000.0,Payée,2500.0,0,2023,11,4,20231113,20231228,20231228.0,Dans les délais
FAC-2023-01458,2024-02-16,2024-04-01,2024-04-03,CLI-0190,SVC-023,DEPT-007,2,750.0,0,1500.0,300.0,1800.0,Payée,1500.0,2,2024,2,1,20240216,20240401,20240403.0,Retard < 30j
FAC-2023-01459,2024-02-23,2024-03-24,2024-04-20,CLI-0029,SVC-008,DEPT-004,1,2500.0,0,2500.0,500.0,3000.0,Payée,2500.0,27,2024,2,1,20240223,20240324,20240420.0,Retard < 30j
FAC-2023-01460,2023-09-07,2023-12-06,2023-12-12,CLI-0125,SVC-002,DEPT-002,1,8500.0,0,8500.0,1700.0,10200.0,Payée,8500.0,6,2023,9,3,20230907,20231206,20231212.0,Retard < 30j
FAC-2023-01461,2025-06-18,2025-08-02,2025-08-24,CLI-0167,SVC-009,DEPT-002,1,180.0,10,162.0,32.4,194.4,Payée,162.0,22,2025,6,2,20250618,20250802,20250824.0,Retard < 30j
FAC-2023-01462,2024-01-14,2024-04-13,,CLI-0195,SVC-001,DEPT-002,1,3500.0,0,3500.0,700.0,4200.0,Retard,0.0,749,2024,1,1,20240114,20240413,,Contentieux > 90j
FAC-2023-01463,2024-02-15,2024-03-16,2024-03-17,CLI-0052,SVC-017,DEPT-007,1,950.0,0,950.0,190.0,1140.0,Payée,950.0,1,2024,2,1,20240215,20240316,20240317.0,Retard < 30j
FAC-2023-01464,2024-07-17,2024-08-16,,CLI-0152,SVC-012,DEPT-001,1,3200.0,0,3200.0,640.0,3840.0,Retard,0.0,624,2024,7,3,20240717,20240816,,Contentieux > 90j
FAC-2023-01465,2025-05-20,2025-07-19,2025-08-07,CLI-0144,SVC-014,DEPT-001,3,1500.0,0,4500.0,900.0,5400.0,Payée,4500.0,19,2025,5,2,20250520,20250719,20250807.0,Retard < 30j
FAC-2023-01466,2023-03-11,2023-04-25,,CLI-0177,SVC-010,DEPT-004,42,45.0,5,1795.5,359.1,2154.6,Retard,0.0,1103,2023,3,1,20230311,20230425,,Contentieux > 90j
FAC-2023-01467,2023-10-13,2023-11-12,,CLI-0013,SVC-012,DEPT-003,1,3200.0,0,3200.0,640.0,3840.0,Retard,0.0,902,2023,10,4,20231013,20231112,,Contentieux > 90j
FAC-2023-01468,2025-01-02,2025-02-01,,CLI-0003,SVC-006,DEPT-007,1,450.0,0,450.0,90.0,540.0,Partielle,182.43,455,2025,1,1,20250102,20250201,,Contentieux > 90j
FAC-2023-01469,2023-05-09,2023-06-23,2023-07-09,CLI-0124,SVC-017,DEPT-004,1,950.0,0,950.0,190.0,1140.0,Payée,950.0,16,2023,5,2,20230509,20230623,20230709.0,Retard < 30j
FAC-2023-01470,2024-09-12,2024-10-12,2024-11-06,CLI-0044,SVC-009,DEPT-004,1,180.0,10,162.0,32.4,194.4,Payée,162.0,25,2024,9,3,20240912,20241012,20241106.0,Retard < 30j
FAC-2023-01471,2024-01-05,2024-02-04,2024-03-03,CLI-0146,SVC-020,DEPT-003,10,1400.0,5,13300.0,2660.0,15960.0,Payée,13300.0,28,2024,1,1,20240105,20240204,20240303.0,Retard < 30j
FAC-2023-01472,2024-10-25,2024-12-09,2024-12-29,CLI-0042,SVC-023,DEPT-001,10,750.0,15,6375.0,1275.0,7650.0,Payée,6375.0,20,2024,10,4,20241025,20241209,20241229.0,Retard < 30j
FAC-2023-01473,2023-11-22,2023-12-22,,CLI-0014,SVC-001,DEPT-004,1,3500.0,0,3500.0,700.0,4200.0,Retard,0.0,862,2023,11,4,20231122,20231222,,Contentieux > 90j
FAC-2023-01474,2024-04-19,2024-06-03,,CLI-0147,SVC-011,DEPT-002,1,4500.0,15,3825.0,765.0,4590.0,Retard,0.0,698,2024,4,2,20240419,20240603,,Contentieux > 90j
FAC-2023-01475,2025-02-25,2025-03-27,2025-03-27,CLI-0032,SVC-006,DEPT-001,1,450.0,5,427.5,85.5,513.0,Payée,427.5,0,2025,2,1,20250225,20250327,20250327.0,Dans les délais
FAC-2023-01476,2023-08-23,2023-09-22,,CLI-0186,SVC-009,DEPT-004,1,180.0,0,180.0,36.0,216.0,Retard,0.0,953,2023,8,3,20230823,20230922,,Contentieux > 90j
FAC-2023-01477,2023-03-02,2023-04-16,,CLI-0119,SVC-020,DEPT-004,3,1400.0,0,4200.0,840.0,5040.0,Retard,0.0,1112,2023,3,1,20230302,20230416,,Contentieux > 90j
FAC-2023-01478,2024-02-14,2024-03-30,2024-04-12,CLI-0043,SVC-021,DEPT-002,4,800.0,0,3200.0,640.0,3840.0,Payée,3200.0,13,2024,2,1,20240214,20240330,20240412.0,Retard < 30j
FAC-2023-01479,2023-11-28,2023-12-28,,CLI-0060,SVC-024,DEPT-002,7,700.0,10,4410.0,882.0,5292.0,Retard,0.0,856,2023,11,4,20231128,20231228,,Contentieux > 90j
FAC-2023-01480,2023-02-19,2023-03-21,,CLI-0027,SVC-019,DEPT-001,5,180.0,0,900.0,180.0,1080.0,Retard,0.0,1138,2023,2,1,20230219,20230321,,Contentieux > 90j
FAC-2023-01481,2023-05-28,2023-06-27,,CLI-0115,SVC-014,DEPT-007,6,1500.0,0,9000.0,1800.0,10800.0,Retard,0.0,1040,2023,5,2,20230528,20230627,,Contentieux > 90j
FAC-2023-01482,2024-02-29,2024-04-14,2024-05-01,CLI-0154,SVC-007,DEPT-003,1,1200.0,0,1200.0,240.0,1440.0,Payée,1200.0,17,2024,2,1,20240229,20240414,20240501.0,Retard < 30j
FAC-2023-01483,2023-10-10,2023-11-24,2023-12-13,CLI-0189,SVC-018,DEPT-001,1,6500.0,10,5850.0,1170.0,7020.0,Payée,5850.0,19,2023,10,4,20231010,20231124,20231213.0,Retard < 30j
FAC-2023-01484,2023-09-18,2023-10-18,2023-10-20,CLI-0174,SVC-003,DEPT-004,1,22000.0,5,20900.0,4180.0,25080.0,Payée,20900.0,2,2023,9,3,20230918,20231018,20231020.0,Retard < 30j
FAC-2023-01485,2024-11-08,2024-12-08,,CLI-0072,SVC-002,DEPT-003,1,8500.0,0,8500.0,1700.0,10200.0,Retard,0.0,510,2024,11,4,20241108,20241208,,Contentieux > 90j
FAC-2023-01486,2025-01-02,2025-02-01,2025-02-14,CLI-0080,SVC-013,DEPT-001,2,1100.0,10,1980.0,396.0,2376.0,Payée,1980.0,13,2025,1,1,20250102,20250201,20250214.0,Retard < 30j
FAC-2023-01487,2024-05-09,2024-07-08,2024-07-28,CLI-0164,SVC-019,DEPT-007,18,180.0,10,2916.0,583.2,3499.2,Payée,2916.0,20,2024,5,2,20240509,20240708,20240728.0,Retard < 30j
FAC-2023-01488,2023-08-16,2023-09-30,,CLI-0017,SVC-018,DEPT-001,1,6500.0,0,6500.0,1300.0,7800.0,Partielle,5151.04,945,2023,8,3,20230816,20230930,,Contentieux > 90j
FAC-2023-01489,2025-05-13,2025-06-12,2025-06-12,CLI-0010,SVC-011,DEPT-002,1,4500.0,0,4500.0,900.0,5400.0,Payée,4500.0,0,2025,5,2,20250513,20250612,20250612.0,Dans les délais
FAC-2023-01490,2024-11-06,2024-12-06,,CLI-0063,SVC-018,DEPT-001,1,6500.0,10,5850.0,1170.0,7020.0,Retard,0.0,512,2024,11,4,20241106,20241206,,Contentieux > 90j
FAC-2023-01491,2023-05-30,2023-07-29,2023-07-29,CLI-0074,SVC-016,DEPT-003,1,1800.0,10,1620.0,324.0,1944.0,Payée,1620.0,0,2023,5,2,20230530,20230729,20230729.0,Dans les délais
FAC-2023-01492,2023-06-15,2023-07-30,2023-07-30,CLI-0022,SVC-014,DEPT-001,9,1500.0,0,13500.0,2700.0,16200.0,Payée,13500.0,0,2023,6,2,20230615,20230730,20230730.0,Dans les délais
FAC-2023-01493,2025-11-05,2025-12-20,2026-01-14,CLI-0011,SVC-016,DEPT-003,1,1800.0,0,1800.0,360.0,2160.0,Payée,1800.0,25,2025,11,4,20251105,20251220,20260114.0,Retard < 30j
FAC-2023-01494,2023-04-24,2023-05-24,,CLI-0071,SVC-001,DEPT-002,1,3500.0,0,3500.0,700.0,4200.0,Retard,0.0,1074,2023,4,2,20230424,20230524,,Contentieux > 90j
FAC-2023-01495,2025-02-15,2025-04-16,2025-05-05,CLI-0164,SVC-020,DEPT-002,1,1400.0,0,1400.0,280.0,1680.0,Payée,1400.0,19,2025,2,1,20250215,20250416,20250505.0,Retard < 30j
FAC-2023-01496,2025-05-24,2025-07-08,2025-07-26,CLI-0136,SVC-023,DEPT-003,9,750.0,0,6750.0,1350.0,8100.0,Payée,6750.0,18,2025,5,2,20250524,20250708,20250726.0,Retard < 30j
FAC-2023-01497,2025-06-13,2025-07-28,2025-07-28,CLI-0058,SVC-011,DEPT-007,1,4500.0,10,4050.0,810.0,4860.0,Payée,4050.0,0,2025,6,2,20250613,20250728,20250728.0,Dans les délais
FAC-2023-01498,2025-04-25,2025-05-25,,CLI-0003,SVC-008,DEPT-007,1,2500.0,5,2375.0,475.0,2850.0,Partielle,1654.4,342,2025,4,2,20250425,20250525,,Contentieux > 90j
FAC-2023-01499,2024-05-26,2024-06-25,2024-06-28,CLI-0014,SVC-001,DEPT-004,1,3500.0,10,3150.0,630.0,3780.0,Payée,3150.0,3,2024,5,2,20240526,20240625,20240628.0,Retard < 30j
FAC-2023-01500,2023-03-31,2023-05-15,,CLI-0055,SVC-010,DEPT-002,21,45.0,0,945.0,189.0,1134.0,Retard,0.0,1083,2023,3,1,20230331,20230515,,Contentieux > 90j
FAC-2023-01501,2025-03-25,2025-04-24,2025-04-24,CLI-0093,SVC-005,DEPT-001,1,15000.0,0,15000.0,3000.0,18000.0,Payée,15000.0,0,2025,3,1,20250325,20250424,20250424.0,Dans les délais
FAC-2023-01502,2024-02-26,2024-03-27,,CLI-0080,SVC-018,DEPT-003,1,6500.0,0,6500.0,1300.0,7800.0,Retard,0.0,766,2024,2,1,20240226,20240327,,Contentieux > 90j
FAC-2023-01503,2024-09-11,2024-11-10,,CLI-0069,SVC-015,DEPT-003,1,2800.0,10,2520.0,504.0,3024.0,Retard,0.0,538,2024,9,3,20240911,20241110,,Contentieux > 90j
FAC-2023-01504,2024-07-01,2024-07-31,2024-08-01,CLI-0076,SVC-017,DEPT-001,1,950.0,0,950.0,190.0,1140.0,Payée,950.0,1,2024,7,3,20240701,20240731,20240801.0,Retard < 30j
FAC-2023-01505,2025-09-22,2025-10-22,,CLI-0109,SVC-014,DEPT-007,5,1500.0,0,7500.0,1500.0,9000.0,Partielle,5405.35,192,2025,9,3,20250922,20251022,,Contentieux > 90j
FAC-2023-01506,2024-03-07,2024-04-06,,CLI-0072,SVC-010,DEPT-002,8,45.0,0,360.0,72.0,432.0,Retard,0.0,756,2024,3,1,20240307,20240406,,Contentieux > 90j
FAC-2023-01507,2025-06-20,2025-08-04,2025-08-06,CLI-0011,SVC-008,DEPT-001,1,2500.0,5,2375.0,475.0,2850.0,Payée,2375.0,2,2025,6,2,20250620,20250804,20250806.0,Retard < 30j
FAC-2023-01508,2024-07-07,2024-08-21,2024-08-21,CLI-0154,SVC-002,DEPT-001,1,8500.0,0,8500.0,1700.0,10200.0,Payée,8500.0,0,2024,7,3,20240707,20240821,20240821.0,Dans les délais
FAC-2023-01509,2025-02-25,2025-04-11,2025-05-04,CLI-0090,SVC-020,DEPT-001,8,1400.0,0,11200.0,2240.0,13440.0,Payée,11200.0,23,2025,2,1,20250225,20250411,20250504.0,Retard < 30j
FAC-2023-01510,2025-02-15,2025-03-17,2025-03-17,CLI-0070,SVC-007,DEPT-003,1,1200.0,0,1200.0,240.0,1440.0,Payée,1200.0,0,2025,2,1,20250215,20250317,20250317.0,Dans les délais
FAC-2023-01511,2024-12-13,2025-01-12,,CLI-0010,SVC-018,DEPT-003,1,6500.0,10,5850.0,1170.0,7020.0,Partielle,3961.85,475,2024,12,4,20241213,20250112,,Contentieux > 90j
FAC-2023-01512,2024-03-19,2024-04-18,,CLI-0084,SVC-019,DEPT-004,2,180.0,0,360.0,72.0,432.0,Retard,0.0,744,2024,3,1,20240319,20240418,,Contentieux > 90j
FAC-2023-01513,2023-04-27,2023-05-27,,CLI-0135,SVC-024,DEPT-003,2,700.0,0,1400.0,280.0,1680.0,Contentieux,0.0,1071,2023,4,2,20230427,20230527,,Contentieux > 90j
FAC-2023-01514,2025-05-18,2025-07-17,2025-08-14,CLI-0164,SVC-015,DEPT-003,1,2800.0,0,2800.0,560.0,3360.0,Payée,2800.0,28,2025,5,2,20250518,20250717,20250814.0,Retard < 30j
FAC-2023-01515,2025-08-15,2025-09-14,2025-09-26,CLI-0050,SVC-013,DEPT-001,4,1100.0,0,4400.0,880.0,5280.0,Payée,4400.0,12,2025,8,3,20250815,20250914,20250926.0,Retard < 30j
FAC-2023-01516,2024-08-28,2024-09-27,2024-10-09,CLI-0079,SVC-018,DEPT-003,1,6500.0,0,6500.0,1300.0,7800.0,Payée,6500.0,12,2024,8,3,20240828,20240927,20241009.0,Retard < 30j
FAC-2023-01517,2024-05-28,2024-06-27,2024-07-12,CLI-0086,SVC-022,DEPT-003,10,600.0,0,6000.0,1200.0,7200.0,Payée,6000.0,15,2024,5,2,20240528,20240627,20240712.0,Retard < 30j
FAC-2023-01518,2025-08-05,2025-09-04,2025-09-04,CLI-0054,SVC-015,DEPT-003,1,2800.0,0,2800.0,560.0,3360.0,Payée,2800.0,0,2025,8,3,20250805,20250904,20250904.0,Dans les délais
FAC-2023-01519,2024-03-22,2024-04-21,,CLI-0148,SVC-021,DEPT-007,7,800.0,0,5600.0,1120.0,6720.0,Partielle,2454.05,741,2024,3,1,20240322,20240421,,Contentieux > 90j
FAC-2023-01520,2023-05-12,2023-06-11,2023-06-23,CLI-0170,SVC-011,DEPT-003,1,4500.0,0,4500.0,900.0,5400.0,Payée,4500.0,12,2023,5,2,20230512,20230611,20230623.0,Retard < 30j
FAC-2023-01521,2024-04-10,2024-05-10,2024-05-10,CLI-0152,SVC-005,DEPT-002,1,15000.0,5,14250.0,2850.0,17100.0,Payée,14250.0,0,2024,4,2,20240410,20240510,20240510.0,Dans les délais
FAC-2023-01522,2023-03-20,2023-05-04,,CLI-0037,SVC-021,DEPT-001,3,800.0,5,2280.0,456.0,2736.0,Partielle,1345.08,1094,2023,3,1,20230320,20230504,,Contentieux > 90j
FAC-2023-01523,2024-04-11,2024-05-11,,CLI-0170,SVC-023,DEPT-003,1,750.0,15,637.5,127.5,765.0,Contentieux,0.0,721,2024,4,2,20240411,20240511,,Contentieux > 90j
FAC-2023-01524,2024-12-24,2025-02-22,2025-03-11,CLI-0005,SVC-022,DEPT-001,9,600.0,5,5130.0,1026.0,6156.0,Payée,5130.0,17,2024,12,4,20241224,20250222,20250311.0,Retard < 30j
FAC-2023-01525,2025-06-27,2025-07-27,2025-08-04,CLI-0023,SVC-017,DEPT-003,1,950.0,0,950.0,190.0,1140.0,Payée,950.0,8,2025,6,2,20250627,20250727,20250804.0,Retard < 30j
FAC-2023-01526,2025-05-01,2025-06-15,2025-06-28,CLI-0175,SVC-012,DEPT-002,1,3200.0,0,3200.0,640.0,3840.0,Payée,3200.0,13,2025,5,2,20250501,20250615,20250628.0,Retard < 30j
FAC-2023-01527,2025-01-07,2025-02-06,2025-02-24,CLI-0007,SVC-011,DEPT-004,1,4500.0,0,4500.0,900.0,5400.0,Payée,4500.0,18,2025,1,1,20250107,20250206,20250224.0,Retard < 30j
FAC-2023-01528,2023-03-05,2023-04-19,2023-04-23,CLI-0094,SVC-020,DEPT-007,3,1400.0,0,4200.0,840.0,5040.0,Payée,4200.0,4,2023,3,1,20230305,20230419,20230423.0,Retard < 30j
FAC-2023-01529,2024-03-09,2024-04-08,,CLI-0007,SVC-004,DEPT-007,6,1200.0,0,7200.0,1440.0,8640.0,Retard,0.0,754,2024,3,1,20240309,20240408,,Contentieux > 90j
FAC-2023-01530,2024-12-05,2025-01-19,2025-01-23,CLI-0177,SVC-023,DEPT-004,4,750.0,0,3000.0,600.0,3600.0,Payée,3000.0,4,2024,12,4,20241205,20250119,20250123.0,Retard < 30j
FAC-2023-01531,2023-06-08,2023-07-08,,CLI-0200,SVC-003,DEPT-007,1,22000.0,15,18700.0,3740.0,22440.0,Contentieux,0.0,1029,2023,6,2,20230608,20230708,,Contentieux > 90j
FAC-2023-01532,2025-05-06,2025-06-05,,CLI-0155,SVC-019,DEPT-007,19,180.0,5,3249.0,649.8,3898.8,Retard,0.0,331,2025,5,2,20250506,20250605,,Contentieux > 90j
FAC-2023-01533,2025-08-25,2025-09-24,2025-10-01,CLI-0016,SVC-020,DEPT-007,9,1400.0,0,12600.0,2520.0,15120.0,Payée,12600.0,7,2025,8,3,20250825,20250924,20251001.0,Retard < 30j
FAC-2023-01534,2024-11-04,2024-12-19,,CLI-0094,SVC-008,DEPT-003,1,2500.0,0,2500.0,500.0,3000.0,Retard,0.0,499,2024,11,4,20241104,20241219,,Contentieux > 90j
FAC-2023-01535,2024-10-06,2024-11-05,2024-11-15,CLI-0072,SVC-015,DEPT-004,1,2800.0,5,2660.0,532.0,3192.0,Payée,2660.0,10,2024,10,4,20241006,20241105,20241115.0,Retard < 30j
FAC-2023-01536,2023-06-13,2023-07-13,2023-07-31,CLI-0129,SVC-012,DEPT-004,1,3200.0,0,3200.0,640.0,3840.0,Payée,3200.0,18,2023,6,2,20230613,20230713,20230731.0,Retard < 30j
FAC-2023-01537,2025-07-08,2025-09-06,2025-09-09,CLI-0184,SVC-008,DEPT-007,1,2500.0,5,2375.0,475.0,2850.0,Payée,2375.0,3,2025,7,3,20250708,20250906,20250909.0,Retard < 30j
FAC-2023-01538,2023-10-10,2023-11-09,2023-11-24,CLI-0076,SVC-014,DEPT-001,10,1500.0,0,15000.0,3000.0,18000.0,Payée,15000.0,15,2023,10,4,20231010,20231109,20231124.0,Retard < 30j
FAC-2023-01539,2025-05-12,2025-07-11,2025-07-18,CLI-0024,SVC-014,DEPT-002,9,1500.0,15,11475.0,2295.0,13770.0,Payée,11475.0,7,2025,5,2,20250512,20250711,20250718.0,Retard < 30j
FAC-2023-01540,2023-12-08,2024-01-07,2024-02-06,CLI-0142,SVC-001,DEPT-004,1,3500.0,0,3500.0,700.0,4200.0,Payée,3500.0,30,2023,12,4,20231208,20240107,20240206.0,Retard < 30j
FAC-2023-01541,2023-03-11,2023-04-25,2023-04-30,CLI-0031,SVC-005,DEPT-001,1,15000.0,10,13500.0,2700.0,16200.0,Payée,13500.0,5,2023,3,1,20230311,20230425,20230430.0,Retard < 30j
FAC-2023-01542,2025-12-20,2026-02-03,,CLI-0042,SVC-017,DEPT-004,1,950.0,10,855.0,171.0,1026.0,Partielle,407.99,88,2025,12,4,20251220,20260203,,Retard 61-90j
FAC-2023-01543,2024-08-23,2024-10-07,,CLI-0171,SVC-008,DEPT-007,1,2500.0,0,2500.0,500.0,3000.0,Partielle,1872.94,572,2024,8,3,20240823,20241007,,Contentieux > 90j
FAC-2023-01544,2023-08-09,2023-09-23,,CLI-0185,SVC-020,DEPT-004,1,1400.0,0,1400.0,280.0,1680.0,Partielle,1084.94,952,2023,8,3,20230809,20230923,,Contentieux > 90j
FAC-2023-01545,2025-06-11,2025-08-10,2025-08-13,CLI-0194,SVC-015,DEPT-002,1,2800.0,0,2800.0,560.0,3360.0,Payée,2800.0,3,2025,6,2,20250611,20250810,20250813.0,Retard < 30j
FAC-2023-01546,2023-06-21,2023-09-19,2023-10-07,CLI-0179,SVC-017,DEPT-004,1,950.0,0,950.0,190.0,1140.0,Payée,950.0,18,2023,6,2,20230621,20230919,20231007.0,Retard < 30j
FAC-2023-01547,2025-06-17,2025-08-01,,CLI-0122,SVC-011,DEPT-003,1,4500.0,0,4500.0,900.0,5400.0,Retard,0.0,274,2025,6,2,20250617,20250801,,Contentieux > 90j
FAC-2023-01548,2024-08-31,2024-09-30,2024-10-28,CLI-0029,SVC-008,DEPT-007,1,2500.0,0,2500.0,500.0,3000.0,Payée,2500.0,28,2024,8,3,20240831,20240930,20241028.0,Retard < 30j
FAC-2023-01549,2025-05-23,2025-07-07,2025-07-13,CLI-0177,SVC-017,DEPT-002,1,950.0,0,950.0,190.0,1140.0,Payée,950.0,6,2025,5,2,20250523,20250707,20250713.0,Retard < 30j
FAC-2023-01550,2024-03-07,2024-04-06,2024-04-21,CLI-0013,SVC-024,DEPT-001,7,700.0,0,4900.0,980.0,5880.0,Payée,4900.0,15,2024,3,1,20240307,20240406,20240421.0,Retard < 30j
FAC-2023-01551,2023-12-06,2024-01-05,2024-01-14,CLI-0109,SVC-010,DEPT-002,8,45.0,0,360.0,72.0,432.0,Payée,360.0,9,2023,12,4,20231206,20240105,20240114.0,Retard < 30j
FAC-2023-01552,2023-08-06,2023-09-05,,CLI-0092,SVC-009,DEPT-002,1,180.0,10,162.0,32.4,194.4,Retard,0.0,970,2023,8,3,20230806,20230905,,Contentieux > 90j
FAC-2023-01553,2025-11-07,2025-12-07,2025-12-07,CLI-0029,SVC-007,DEPT-007,1,1200.0,5,1140.0,228.0,1368.0,Payée,1140.0,0,2025,11,4,20251107,20251207,20251207.0,Dans les délais
FAC-2023-01554,2023-01-14,2023-03-15,,CLI-0165,SVC-007,DEPT-003,1,1200.0,0,1200.0,240.0,1440.0,Retard,0.0,1144,2023,1,1,20230114,20230315,,Contentieux > 90j
FAC-2023-01555,2025-05-23,2025-06-22,2025-07-16,CLI-0063,SVC-010,DEPT-003,47,45.0,0,2115.0,423.0,2538.0,Payée,2115.0,24,2025,5,2,20250523,20250622,20250716.0,Retard < 30j
FAC-2023-01556,2023-09-03,2023-10-03,2023-10-03,CLI-0035,SVC-023,DEPT-002,8,750.0,10,5400.0,1080.0,6480.0,Payée,5400.0,0,2023,9,3,20230903,20231003,20231003.0,Dans les délais
FAC-2023-01557,2023-08-27,2023-10-11,,CLI-0090,SVC-024,DEPT-002,6,700.0,10,3780.0,756.0,4536.0,Retard,0.0,934,2023,8,3,20230827,20231011,,Contentieux > 90j
FAC-2023-01558,2023-11-17,2023-12-17,2024-01-13,CLI-0023,SVC-011,DEPT-001,1,4500.0,0,4500.0,900.0,5400.0,Payée,4500.0,27,2023,11,4,20231117,20231217,20240113.0,Retard < 30j
FAC-2023-01559,2025-06-06,2025-07-06,,CLI-0099,SVC-002,DEPT-007,1,8500.0,0,8500.0,1700.0,10200.0,Retard,0.0,300,2025,6,2,20250606,20250706,,Contentieux > 90j
FAC-2023-01560,2023-03-14,2023-04-28,2023-05-08,CLI-0101,SVC-007,DEPT-002,1,1200.0,10,1080.0,216.0,1296.0,Payée,1080.0,10,2023,3,1,20230314,20230428,20230508.0,Retard < 30j
FAC-2023-01561,2024-03-26,2024-06-24,2024-06-30,CLI-0179,SVC-013,DEPT-004,4,1100.0,0,4400.0,880.0,5280.0,Payée,4400.0,6,2024,3,1,20240326,20240624,20240630.0,Retard < 30j
FAC-2023-01562,2024-02-11,2024-04-11,2024-05-09,CLI-0091,SVC-005,DEPT-002,1,15000.0,5,14250.0,2850.0,17100.0,Payée,14250.0,28,2024,2,1,20240211,20240411,20240509.0,Retard < 30j
FAC-2023-01563,2023-05-18,2023-07-02,2023-07-08,CLI-0001,SVC-014,DEPT-001,8,1500.0,0,12000.0,2400.0,14400.0,Payée,12000.0,6,2023,5,2,20230518,20230702,20230708.0,Retard < 30j
FAC-2023-01564,2024-06-22,2024-08-06,2024-08-23,CLI-0133,SVC-023,DEPT-004,10,750.0,0,7500.0,1500.0,9000.0,Payée,7500.0,17,2024,6,2,20240622,20240806,20240823.0,Retard < 30j
FAC-2023-01565,2024-01-04,2024-02-03,,CLI-0163,SVC-022,DEPT-004,5,600.0,10,2700.0,540.0,3240.0,Partielle,1711.77,819,2024,1,1,20240104,20240203,,Contentieux > 90j
FAC-2023-01566,2025-01-01,2025-03-02,2025-03-04,CLI-0194,SVC-013,DEPT-003,9,1100.0,0,9900.0,1980.0,11880.0,Payée,9900.0,2,2025,1,1,20250101,20250302,20250304.0,Retard < 30j
FAC-2023-01567,2024-10-28,2024-12-12,2024-12-18,CLI-0133,SVC-015,DEPT-004,1,2800.0,0,2800.0,560.0,3360.0,Payée,2800.0,6,2024,10,4,20241028,20241212,20241218.0,Retard < 30j
FAC-2023-01568,2023-08-21,2023-10-05,,CLI-0101,SVC-022,DEPT-004,6,600.0,5,3420.0,684.0,4104.0,Retard,0.0,940,2023,8,3,20230821,20231005,,Contentieux > 90j
FAC-2023-01569,2025-04-23,2025-05-23,2025-05-31,CLI-0151,SVC-020,DEPT-004,4,1400.0,0,5600.0,1120.0,6720.0,Payée,5600.0,8,2025,4,2,20250423,20250523,20250531.0,Retard < 30j
FAC-2023-01570,2024-10-23,2024-11-22,2024-12-12,CLI-0018,SVC-018,DEPT-004,1,6500.0,0,6500.0,1300.0,7800.0,Payée,6500.0,20,2024,10,4,20241023,20241122,20241212.0,Retard < 30j
FAC-2023-01571,2024-06-17,2024-07-17,,CLI-0134,SVC-013,DEPT-003,1,1100.0,0,1100.0,220.0,1320.0,Retard,0.0,654,2024,6,2,20240617,20240717,,Contentieux > 90j
FAC-2023-01572,2024-09-23,2024-12-22,2024-12-27,CLI-0195,SVC-002,DEPT-007,1,8500.0,0,8500.0,1700.0,10200.0,Payée,8500.0,5,2024,9,3,20240923,20241222,20241227.0,Retard < 30j
FAC-2023-01573,2023-08-14,2023-09-13,2023-10-12,CLI-0063,SVC-021,DEPT-001,10,800.0,5,7600.0,1520.0,9120.0,Payée,7600.0,29,2023,8,3,20230814,20230913,20231012.0,Retard < 30j
FAC-2023-01574,2023-07-04,2023-08-03,,CLI-0006,SVC-013,DEPT-007,6,1100.0,10,5940.0,1188.0,7128.0,Retard,0.0,1003,2023,7,3,20230704,20230803,,Contentieux > 90j
FAC-2023-01575,2023-04-11,2023-05-26,2023-05-31,CLI-0019,SVC-021,DEPT-007,9,800.0,0,7200.0,1440.0,8640.0,Payée,7200.0,5,2023,4,2,20230411,20230526,20230531.0,Retard < 30j
FAC-2023-01576,2024-04-14,2024-05-14,,CLI-0126,SVC-023,DEPT-002,5,750.0,10,3375.0,675.0,4050.0,Partielle,1571.91,718,2024,4,2,20240414,20240514,,Contentieux > 90j
FAC-2023-01577,2024-05-24,2024-06-23,2024-07-21,CLI-0170,SVC-024,DEPT-001,1,700.0,0,700.0,140.0,840.0,Payée,700.0,28,2024,5,2,20240524,20240623,20240721.0,Retard < 30j
FAC-2023-01578,2025-09-20,2025-10-20,2025-10-29,CLI-0155,SVC-013,DEPT-002,1,1100.0,0,1100.0,220.0,1320.0,Payée,1100.0,9,2025,9,3,20250920,20251020,20251029.0,Retard < 30j
FAC-2023-01579,2023-09-11,2023-10-11,2023-10-31,CLI-0010,SVC-009,DEPT-002,1,180.0,10,162.0,32.4,194.4,Payée,162.0,20,2023,9,3,20230911,20231011,20231031.0,Retard < 30j
FAC-2023-01580,2023-06-06,2023-07-21,,CLI-0087,SVC-003,DEPT-004,1,22000.0,0,22000.0,4400.0,26400.0,Retard,0.0,1016,2023,6,2,20230606,20230721,,Contentieux > 90j
FAC-2023-01581,2023-11-07,2023-12-07,2023-12-27,CLI-0006,SVC-001,DEPT-002,1,3500.0,0,3500.0,700.0,4200.0,Payée,3500.0,20,2023,11,4,20231107,20231207,20231227.0,Retard < 30j
FAC-2023-01582,2024-10-24,2024-12-08,2024-12-20,CLI-0185,SVC-010,DEPT-004,28,45.0,0,1260.0,252.0,1512.0,Payée,1260.0,12,2024,10,4,20241024,20241208,20241220.0,Retard < 30j
FAC-2023-01583,2024-06-25,2024-07-25,2024-07-25,CLI-0060,SVC-004,DEPT-002,10,1200.0,0,12000.0,2400.0,14400.0,Payée,12000.0,0,2024,6,2,20240625,20240725,20240725.0,Dans les délais
FAC-2023-01584,2024-07-24,2024-08-23,,CLI-0129,SVC-018,DEPT-002,1,6500.0,0,6500.0,1300.0,7800.0,Partielle,3682.91,617,2024,7,3,20240724,20240823,,Contentieux > 90j
FAC-2023-01585,2025-10-14,2025-11-28,,CLI-0122,SVC-001,DEPT-007,1,3500.0,5,3325.0,665.0,3990.0,Contentieux,0.0,155,2025,10,4,20251014,20251128,,Contentieux > 90j
FAC-2023-01586,2024-04-03,2024-05-18,2024-05-27,CLI-0033,SVC-015,DEPT-004,1,2800.0,0,2800.0,560.0,3360.0,Payée,2800.0,9,2024,4,2,20240403,20240518,20240527.0,Retard < 30j
FAC-2023-01587,2023-08-12,2023-09-26,2023-09-26,CLI-0117,SVC-016,DEPT-001,1,1800.0,5,1710.0,342.0,2052.0,Payée,1710.0,0,2023,8,3,20230812,20230926,20230926.0,Dans les délais
FAC-2023-01588,2024-03-01,2024-03-31,2024-04-10,CLI-0172,SVC-006,DEPT-001,1,450.0,10,405.0,81.0,486.0,Payée,405.0,10,2024,3,1,20240301,20240331,20240410.0,Retard < 30j
FAC-2023-01589,2025-08-27,2025-10-11,2025-10-20,CLI-0045,SVC-013,DEPT-001,9,1100.0,5,9405.0,1881.0,11286.0,Payée,9405.0,9,2025,8,3,20250827,20251011,20251020.0,Retard < 30j
FAC-2023-01590,2025-04-23,2025-05-23,2025-05-27,CLI-0152,SVC-009,DEPT-001,1,180.0,0,180.0,36.0,216.0,Payée,180.0,4,2025,4,2,20250423,20250523,20250527.0,Retard < 30j
FAC-2023-01591,2025-04-12,2025-05-12,2025-06-11,CLI-0102,SVC-023,DEPT-004,1,750.0,0,750.0,150.0,900.0,Payée,750.0,30,2025,4,2,20250412,20250512,20250611.0,Retard < 30j
FAC-2023-01592,2024-10-03,2024-11-17,2024-12-11,CLI-0167,SVC-016,DEPT-004,1,1800.0,15,1530.0,306.0,1836.0,Payée,1530.0,24,2024,10,4,20241003,20241117,20241211.0,Retard < 30j
FAC-2023-01593,2023-06-16,2023-07-16,2023-07-16,CLI-0158,SVC-018,DEPT-004,1,6500.0,10,5850.0,1170.0,7020.0,Payée,5850.0,0,2023,6,2,20230616,20230716,20230716.0,Dans les délais
FAC-2023-01594,2023-11-28,2023-12-28,2024-01-04,CLI-0041,SVC-001,DEPT-004,1,3500.0,0,3500.0,700.0,4200.0,Payée,3500.0,7,2023,11,4,20231128,20231228,20240104.0,Retard < 30j
FAC-2023-01595,2025-05-18,2025-07-02,2025-07-30,CLI-0037,SVC-002,DEPT-004,1,8500.0,0,8500.0,1700.0,10200.0,Payée,8500.0,28,2025,5,2,20250518,20250702,20250730.0,Retard < 30j
FAC-2023-01596,2025-05-06,2025-06-05,2025-06-18,CLI-0044,SVC-024,DEPT-003,7,700.0,0,4900.0,980.0,5880.0,Payée,4900.0,13,2025,5,2,20250506,20250605,20250618.0,Retard < 30j
FAC-2023-01597,2025-01-31,2025-03-17,2025-03-30,CLI-0160,SVC-011,DEPT-007,1,4500.0,0,4500.0,900.0,5400.0,Payée,4500.0,13,2025,1,1,20250131,20250317,20250330.0,Retard < 30j
FAC-2023-01598,2025-01-30,2025-03-01,2025-03-09,CLI-0063,SVC-020,DEPT-003,9,1400.0,5,11970.0,2394.0,14364.0,Payée,11970.0,8,2025,1,1,20250130,20250301,20250309.0,Retard < 30j
FAC-2023-01599,2025-12-09,2026-01-23,2026-02-07,CLI-0043,SVC-006,DEPT-004,1,450.0,5,427.5,85.5,513.0,Payée,427.5,15,2025,12,4,20251209,20260123,20260207.0,Retard < 30j
FAC-2023-01600,2025-08-21,2025-09-20,,CLI-0054,SVC-005,DEPT-003,1,15000.0,0,15000.0,3000.0,18000.0,Contentieux,0.0,224,2025,8,3,20250821,20250920,,Contentieux > 90j
FAC-2023-01601,2023-07-12,2023-08-11,2023-08-11,CLI-0057,SVC-007,DEPT-007,1,1200.0,0,1200.0,240.0,1440.0,Payée,1200.0,0,2023,7,3,20230712,20230811,20230811.0,Dans les délais
FAC-2023-01602,2023-11-17,2023-12-17,2023-12-26,CLI-0145,SVC-020,DEPT-003,2,1400.0,0,2800.0,560.0,3360.0,Payée,2800.0,9,2023,11,4,20231117,20231217,20231226.0,Retard < 30j
FAC-2023-01603,2024-01-30,2024-03-15,,CLI-0192,SVC-001,DEPT-004,1,3500.0,0,3500.0,700.0,4200.0,Retard,0.0,778,2024,1,1,20240130,20240315,,Contentieux > 90j
FAC-2023-01604,2024-09-18,2024-10-18,2024-10-29,CLI-0178,SVC-024,DEPT-007,6,700.0,5,3990.0,798.0,4788.0,Payée,3990.0,11,2024,9,3,20240918,20241018,20241029.0,Retard < 30j
FAC-2023-01605,2024-02-19,2024-03-20,2024-03-28,CLI-0166,SVC-021,DEPT-003,2,800.0,0,1600.0,320.0,1920.0,Payée,1600.0,8,2024,2,1,20240219,20240320,20240328.0,Retard < 30j
FAC-2023-01606,2023-07-29,2023-08-28,2023-09-16,CLI-0054,SVC-009,DEPT-003,1,180.0,0,180.0,36.0,216.0,Payée,180.0,19,2023,7,3,20230729,20230828,20230916.0,Retard < 30j
FAC-2023-01607,2024-07-21,2024-08-20,2024-08-29,CLI-0176,SVC-019,DEPT-002,17,180.0,0,3060.0,612.0,3672.0,Payée,3060.0,9,2024,7,3,20240721,20240820,20240829.0,Retard < 30j
FAC-2023-01608,2023-10-28,2023-11-27,,CLI-0028,SVC-020,DEPT-001,3,1400.0,0,4200.0,840.0,5040.0,Partielle,1939.01,887,2023,10,4,20231028,20231127,,Contentieux > 90j
FAC-2023-01609,2025-06-19,2025-07-19,2025-08-02,CLI-0044,SVC-017,DEPT-007,1,950.0,0,950.0,190.0,1140.0,Payée,950.0,14,2025,6,2,20250619,20250719,20250802.0,Retard < 30j
FAC-2023-01610,2025-03-16,2025-04-15,2025-05-10,CLI-0038,SVC-008,DEPT-003,1,2500.0,0,2500.0,500.0,3000.0,Payée,2500.0,25,2025,3,1,20250316,20250415,20250510.0,Retard < 30j
FAC-2023-01611,2024-10-11,2024-11-25,,CLI-0098,SVC-017,DEPT-002,1,950.0,0,950.0,190.0,1140.0,Partielle,685.04,523,2024,10,4,20241011,20241125,,Contentieux > 90j
FAC-2023-01612,2023-10-20,2024-01-18,2024-02-13,CLI-0195,SVC-009,DEPT-003,1,180.0,10,162.0,32.4,194.4,Payée,162.0,26,2023,10,4,20231020,20240118,20240213.0,Retard < 30j
FAC-2023-01613,2025-06-10,2025-07-10,2025-07-28,CLI-0038,SVC-018,DEPT-004,1,6500.0,5,6175.0,1235.0,7410.0,Payée,6175.0,18,2025,6,2,20250610,20250710,20250728.0,Retard < 30j
FAC-2023-01614,2025-05-18,2025-06-17,,CLI-0109,SVC-024,DEPT-002,4,700.0,5,2660.0,532.0,3192.0,Partielle,2022.41,319,2025,5,2,20250518,20250617,,Contentieux > 90j
FAC-2023-01615,2024-01-02,2024-02-16,,CLI-0122,SVC-012,DEPT-002,1,3200.0,10,2880.0,576.0,3456.0,Contentieux,0.0,806,2024,1,1,20240102,20240216,,Contentieux > 90j
FAC-2023-01616,2025-12-13,2026-01-27,2026-02-12,CLI-0139,SVC-012,DEPT-001,1,3200.0,0,3200.0,640.0,3840.0,Payée,3200.0,16,2025,12,4,20251213,20260127,20260212.0,Retard < 30j
FAC-2023-01617,2025-10-26,2025-12-10,2025-12-10,CLI-0117,SVC-009,DEPT-003,1,180.0,10,162.0,32.4,194.4,Payée,162.0,0,2025,10,4,20251026,20251210,20251210.0,Dans les délais
FAC-2023-01618,2025-03-26,2025-04-25,,CLI-0197,SVC-016,DEPT-003,1,1800.0,0,1800.0,360.0,2160.0,Retard,0.0,372,2025,3,1,20250326,20250425,,Contentieux > 90j
FAC-2023-01619,2023-04-28,2023-06-12,,CLI-0088,SVC-021,DEPT-007,10,800.0,10,7200.0,1440.0,8640.0,Partielle,5499.27,1055,2023,4,2,20230428,20230612,,Contentieux > 90j
FAC-2023-01620,2025-10-01,2025-11-30,,CLI-0194,SVC-015,DEPT-007,1,2800.0,0,2800.0,560.0,3360.0,Retard,0.0,153,2025,10,4,20251001,20251130,,Contentieux > 90j
FAC-2023-01621,2025-01-26,2025-02-25,,CLI-0032,SVC-002,DEPT-002,1,8500.0,0,8500.0,1700.0,10200.0,Partielle,3201.06,431,2025,1,1,20250126,20250225,,Contentieux > 90j
FAC-2023-01622,2025-05-09,2025-06-23,2025-07-16,CLI-0042,SVC-003,DEPT-001,1,22000.0,10,19800.0,3960.0,23760.0,Payée,19800.0,23,2025,5,2,20250509,20250623,20250716.0,Retard < 30j
FAC-2023-01623,2024-07-22,2024-08-21,,CLI-0099,SVC-004,DEPT-003,4,1200.0,5,4560.0,912.0,5472.0,Retard,0.0,619,2024,7,3,20240722,20240821,,Contentieux > 90j
FAC-2023-01624,2023-12-13,2024-01-27,2024-01-27,CLI-0101,SVC-023,DEPT-004,10,750.0,5,7125.0,1425.0,8550.0,Payée,7125.0,0,2023,12,4,20231213,20240127,20240127.0,Dans les délais
FAC-2023-01625,2023-05-06,2023-06-20,,CLI-0132,SVC-022,DEPT-002,2,600.0,0,1200.0,240.0,1440.0,Retard,0.0,1047,2023,5,2,20230506,20230620,,Contentieux > 90j
FAC-2023-01626,2023-12-20,2024-01-19,2024-01-26,CLI-0086,SVC-003,DEPT-007,1,22000.0,0,22000.0,4400.0,26400.0,Payée,22000.0,7,2023,12,4,20231220,20240119,20240126.0,Retard < 30j
FAC-2023-01627,2023-01-07,2023-02-06,2023-02-08,CLI-0129,SVC-006,DEPT-003,1,450.0,0,450.0,90.0,540.0,Payée,450.0,2,2023,1,1,20230107,20230206,20230208.0,Retard < 30j
FAC-2023-01628,2023-06-26,2023-07-26,2023-07-26,CLI-0145,SVC-019,DEPT-002,20,180.0,10,3240.0,648.0,3888.0,Payée,3240.0,0,2023,6,2,20230626,20230726,20230726.0,Dans les délais
FAC-2023-01629,2024-10-12,2024-11-11,,CLI-0027,SVC-006,DEPT-002,1,450.0,0,450.0,90.0,540.0,Contentieux,0.0,537,2024,10,4,20241012,20241111,,Contentieux > 90j
FAC-2023-01630,2025-02-06,2025-03-08,,CLI-0003,SVC-007,DEPT-003,1,1200.0,0,1200.0,240.0,1440.0,Partielle,925.94,420,2025,2,1,20250206,20250308,,Contentieux > 90j
FAC-2023-01631,2023-09-29,2023-10-29,2023-11-11,CLI-0197,SVC-007,DEPT-002,1,1200.0,0,1200.0,240.0,1440.0,Payée,1200.0,13,2023,9,3,20230929,20231029,20231111.0,Retard < 30j
FAC-2023-01632,2024-10-08,2024-11-22,,CLI-0090,SVC-005,DEPT-003,1,15000.0,0,15000.0,3000.0,18000.0,Retard,0.0,526,2024,10,4,20241008,20241122,,Contentieux > 90j
FAC-2023-01633,2024-08-27,2024-09-26,2024-09-26,CLI-0060,SVC-006,DEPT-004,1,450.0,0,450.0,90.0,540.0,Payée,450.0,0,2024,8,3,20240827,20240926,20240926.0,Dans les délais
FAC-2023-01634,2025-01-14,2025-02-13,2025-02-18,CLI-0111,SVC-019,DEPT-001,13,180.0,5,2223.0,444.6,2667.6,Payée,2223.0,5,2025,1,1,20250114,20250213,20250218.0,Retard < 30j
FAC-2023-01635,2023-11-15,2023-12-15,,CLI-0178,SVC-013,DEPT-004,9,1100.0,0,9900.0,1980.0,11880.0,Contentieux,0.0,869,2023,11,4,20231115,20231215,,Contentieux > 90j
FAC-2023-01636,2024-08-14,2024-09-13,,CLI-0109,SVC-021,DEPT-007,4,800.0,0,3200.0,640.0,3840.0,Contentieux,0.0,596,2024,8,3,20240814,20240913,,Contentieux > 90j
FAC-2023-01637,2025-11-17,2025-12-17,2026-01-10,CLI-0086,SVC-003,DEPT-003,1,22000.0,5,20900.0,4180.0,25080.0,Payée,20900.0,24,2025,11,4,20251117,20251217,20260110.0,Retard < 30j
FAC-2023-01638,2025-11-24,2025-12-24,2026-01-08,CLI-0010,SVC-004,DEPT-003,3,1200.0,0,3600.0,720.0,4320.0,Payée,3600.0,15,2025,11,4,20251124,20251224,20260108.0,Retard < 30j
FAC-2023-01639,2023-03-11,2023-05-10,2023-05-10,CLI-0173,SVC-013,DEPT-002,6,1100.0,5,6270.0,1254.0,7524.0,Payée,6270.0,0,2023,3,1,20230311,20230510,20230510.0,Dans les délais
FAC-2023-01640,2024-11-16,2024-12-31,,CLI-0133,SVC-016,DEPT-003,1,1800.0,0,1800.0,360.0,2160.0,Partielle,708.4,487,2024,11,4,20241116,20241231,,Contentieux > 90j
FAC-2023-01641,2025-08-14,2025-09-13,,CLI-0097,SVC-006,DEPT-004,1,450.0,0,450.0,90.0,540.0,Retard,0.0,231,2025,8,3,20250814,20250913,,Contentieux > 90j
FAC-2023-01642,2025-06-09,2025-07-09,2025-07-19,CLI-0187,SVC-015,DEPT-003,1,2800.0,5,2660.0,532.0,3192.0,Payée,2660.0,10,2025,6,2,20250609,20250709,20250719.0,Retard < 30j
FAC-2023-01643,2024-11-22,2025-01-06,2025-01-15,CLI-0119,SVC-020,DEPT-007,8,1400.0,5,10640.0,2128.0,12768.0,Payée,10640.0,9,2024,11,4,20241122,20250106,20250115.0,Retard < 30j
FAC-2023-01644,2025-05-22,2025-07-06,2025-07-06,CLI-0033,SVC-014,DEPT-002,5,1500.0,15,6375.0,1275.0,7650.0,Payée,6375.0,0,2025,5,2,20250522,20250706,20250706.0,Dans les délais
FAC-2023-01645,2024-09-07,2024-10-07,,CLI-0158,SVC-006,DEPT-007,1,450.0,10,405.0,81.0,486.0,Contentieux,0.0,572,2024,9,3,20240907,20241007,,Contentieux > 90j
FAC-2023-01646,2023-10-13,2023-11-27,,CLI-0059,SVC-019,DEPT-001,6,180.0,5,1026.0,205.2,1231.2,Retard,0.0,887,2023,10,4,20231013,20231127,,Contentieux > 90j
FAC-2023-01647,2023-10-17,2023-11-16,2023-11-16,CLI-0028,SVC-010,DEPT-002,23,45.0,0,1035.0,207.0,1242.0,Payée,1035.0,0,2023,10,4,20231017,20231116,20231116.0,Dans les délais
FAC-2023-01648,2024-09-09,2024-10-09,2024-10-17,CLI-0060,SVC-006,DEPT-004,1,450.0,0,450.0,90.0,540.0,Payée,450.0,8,2024,9,3,20240909,20241009,20241017.0,Retard < 30j
FAC-2023-01649,2024-05-16,2024-06-15,,CLI-0028,SVC-024,DEPT-003,3,700.0,5,1995.0,399.0,2394.0,Retard,0.0,686,2024,5,2,20240516,20240615,,Contentieux > 90j
FAC-2023-01650,2023-11-23,2023-12-23,2024-01-12,CLI-0002,SVC-016,DEPT-002,1,1800.0,0,1800.0,360.0,2160.0,Payée,1800.0,20,2023,11,4,20231123,20231223,20240112.0,Retard < 30j
FAC-2023-01651,2025-02-09,2025-03-11,,CLI-0146,SVC-022,DEPT-001,8,600.0,5,4560.0,912.0,5472.0,Retard,0.0,417,2025,2,1,20250209,20250311,,Contentieux > 90j
FAC-2023-01652,2024-10-13,2024-11-27,2024-12-12,CLI-0124,SVC-005,DEPT-003,1,15000.0,5,14250.0,2850.0,17100.0,Payée,14250.0,15,2024,10,4,20241013,20241127,20241212.0,Retard < 30j
FAC-2023-01653,2025-03-17,2025-04-16,2025-04-16,CLI-0134,SVC-020,DEPT-002,9,1400.0,0,12600.0,2520.0,15120.0,Payée,12600.0,0,2025,3,1,20250317,20250416,20250416.0,Dans les délais
FAC-2023-01654,2024-04-26,2024-06-10,2024-06-10,CLI-0185,SVC-006,DEPT-007,1,450.0,0,450.0,90.0,540.0,Payée,450.0,0,2024,4,2,20240426,20240610,20240610.0,Dans les délais
FAC-2023-01655,2023-06-08,2023-07-23,2023-07-31,CLI-0183,SVC-013,DEPT-003,4,1100.0,0,4400.0,880.0,5280.0,Payée,4400.0,8,2023,6,2,20230608,20230723,20230731.0,Retard < 30j
FAC-2023-01656,2024-11-26,2025-01-10,2025-01-14,CLI-0137,SVC-003,DEPT-003,1,22000.0,0,22000.0,4400.0,26400.0,Payée,22000.0,4,2024,11,4,20241126,20250110,20250114.0,Retard < 30j
FAC-2023-01657,2025-09-11,2025-10-26,,CLI-0098,SVC-013,DEPT-002,1,1100.0,0,1100.0,220.0,1320.0,Contentieux,0.0,188,2025,9,3,20250911,20251026,,Contentieux > 90j
FAC-2023-01658,2025-11-25,2025-12-25,2025-12-26,CLI-0050,SVC-013,DEPT-004,2,1100.0,0,2200.0,440.0,2640.0,Payée,2200.0,1,2025,11,4,20251125,20251225,20251226.0,Retard < 30j
FAC-2023-01659,2024-10-15,2024-11-29,2024-12-23,CLI-0004,SVC-006,DEPT-001,1,450.0,0,450.0,90.0,540.0,Payée,450.0,24,2024,10,4,20241015,20241129,20241223.0,Retard < 30j
FAC-2023-01660,2025-04-02,2025-05-02,2025-05-13,CLI-0150,SVC-021,DEPT-001,7,800.0,5,5320.0,1064.0,6384.0,Payée,5320.0,11,2025,4,2,20250402,20250502,20250513.0,Retard < 30j
FAC-2023-01661,2025-10-25,2025-12-24,2026-01-09,CLI-0184,SVC-015,DEPT-007,1,2800.0,0,2800.0,560.0,3360.0,Payée,2800.0,16,2025,10,4,20251025,20251224,20260109.0,Retard < 30j
FAC-2023-01662,2024-01-02,2024-02-16,2024-02-16,CLI-0116,SVC-004,DEPT-002,7,1200.0,0,8400.0,1680.0,10080.0,Payée,8400.0,0,2024,1,1,20240102,20240216,20240216.0,Dans les délais
FAC-2023-01663,2024-06-12,2024-07-12,,CLI-0002,SVC-011,DEPT-004,1,4500.0,0,4500.0,900.0,5400.0,Retard,0.0,659,2024,6,2,20240612,20240712,,Contentieux > 90j
FAC-2023-01664,2025-08-09,2025-09-23,2025-10-19,CLI-0137,SVC-002,DEPT-004,1,8500.0,0,8500.0,1700.0,10200.0,Payée,8500.0,26,2025,8,3,20250809,20250923,20251019.0,Retard < 30j
FAC-2023-01665,2025-01-26,2025-03-12,2025-03-25,CLI-0116,SVC-002,DEPT-001,1,8500.0,0,8500.0,1700.0,10200.0,Payée,8500.0,13,2025,1,1,20250126,20250312,20250325.0,Retard < 30j
FAC-2023-01666,2024-01-02,2024-02-01,2024-02-24,CLI-0166,SVC-009,DEPT-003,1,180.0,0,180.0,36.0,216.0,Payée,180.0,23,2024,1,1,20240102,20240201,20240224.0,Retard < 30j
FAC-2023-01667,2023-03-14,2023-04-28,,CLI-0095,SVC-021,DEPT-007,10,800.0,0,8000.0,1600.0,9600.0,Retard,0.0,1100,2023,3,1,20230314,20230428,,Contentieux > 90j
FAC-2023-01668,2023-12-25,2024-01-24,2024-01-28,CLI-0126,SVC-008,DEPT-004,1,2500.0,0,2500.0,500.0,3000.0,Payée,2500.0,4,2023,12,4,20231225,20240124,20240128.0,Retard < 30j
FAC-2023-01669,2024-12-08,2025-01-22,,CLI-0136,SVC-009,DEPT-002,1,180.0,15,153.0,30.6,183.6,Retard,0.0,465,2024,12,4,20241208,20250122,,Contentieux > 90j
FAC-2023-01670,2025-07-27,2025-08-26,2025-08-30,CLI-0162,SVC-019,DEPT-007,3,180.0,0,540.0,108.0,648.0,Payée,540.0,4,2025,7,3,20250727,20250826,20250830.0,Retard < 30j
FAC-2023-01671,2025-02-21,2025-04-22,2025-05-06,CLI-0196,SVC-004,DEPT-004,9,1200.0,15,9180.0,1836.0,11016.0,Payée,9180.0,14,2025,2,1,20250221,20250422,20250506.0,Retard < 30j
FAC-2023-01672,2024-01-12,2024-02-11,2024-02-11,CLI-0127,SVC-001,DEPT-004,1,3500.0,15,2975.0,595.0,3570.0,Payée,2975.0,0,2024,1,1,20240112,20240211,20240211.0,Dans les délais
FAC-2023-01673,2024-06-18,2024-08-02,2024-08-31,CLI-0037,SVC-007,DEPT-002,1,1200.0,15,1020.0,204.0,1224.0,Payée,1020.0,29,2024,6,2,20240618,20240802,20240831.0,Retard < 30j
FAC-2023-01674,2025-08-26,2025-09-25,,CLI-0015,SVC-012,DEPT-002,1,3200.0,0,3200.0,640.0,3840.0,Partielle,1399.66,219,2025,8,3,20250826,20250925,,Contentieux > 90j
FAC-2023-01675,2023-04-04,2023-05-19,,CLI-0088,SVC-017,DEPT-003,1,950.0,5,902.5,180.5,1083.0,Partielle,576.79,1079,2023,4,2,20230404,20230519,,Contentieux > 90j
FAC-2023-01676,2024-02-29,2024-03-30,,CLI-0002,SVC-014,DEPT-003,1,1500.0,5,1425.0,285.0,1710.0,Retard,0.0,763,2024,2,1,20240229,20240330,,Contentieux > 90j
FAC-2023-01677,2024-10-13,2024-11-12,2024-11-27,CLI-0086,SVC-015,DEPT-002,1,2800.0,0,2800.0,560.0,3360.0,Payée,2800.0,15,2024,10,4,20241013,20241112,20241127.0,Retard < 30j
FAC-2023-01678,2024-08-12,2024-09-26,2024-10-12,CLI-0019,SVC-020,DEPT-007,10,1400.0,10,12600.0,2520.0,15120.0,Payée,12600.0,16,2024,8,3,20240812,20240926,20241012.0,Retard < 30j
FAC-2023-01679,2023-01-26,2023-03-12,2023-04-04,CLI-0124,SVC-016,DEPT-002,1,1800.0,0,1800.0,360.0,2160.0,Payée,1800.0,23,2023,1,1,20230126,20230312,20230404.0,Retard < 30j
FAC-2023-01680,2025-10-18,2025-12-17,2026-01-05,CLI-0144,SVC-024,DEPT-003,4,700.0,0,2800.0,560.0,3360.0,Payée,2800.0,19,2025,10,4,20251018,20251217,20260105.0,Retard < 30j
FAC-2023-01681,2023-06-10,2023-07-10,2023-07-27,CLI-0128,SVC-002,DEPT-001,1,8500.0,5,8075.0,1615.0,9690.0,Payée,8075.0,17,2023,6,2,20230610,20230710,20230727.0,Retard < 30j
FAC-2023-01682,2025-12-20,2026-01-19,,CLI-0064,SVC-024,DEPT-004,6,700.0,0,4200.0,840.0,5040.0,Retard,0.0,103,2025,12,4,20251220,20260119,,Contentieux > 90j
FAC-2023-01683,2023-11-16,2023-12-16,2024-01-02,CLI-0145,SVC-001,DEPT-007,1,3500.0,5,3325.0,665.0,3990.0,Payée,3325.0,17,2023,11,4,20231116,20231216,20240102.0,Retard < 30j
FAC-2023-01684,2023-02-17,2023-04-03,2023-04-13,CLI-0136,SVC-014,DEPT-004,5,1500.0,0,7500.0,1500.0,9000.0,Payée,7500.0,10,2023,2,1,20230217,20230403,20230413.0,Retard < 30j
FAC-2023-01685,2025-02-14,2025-04-15,,CLI-0165,SVC-005,DEPT-001,1,15000.0,5,14250.0,2850.0,17100.0,Retard,0.0,382,2025,2,1,20250214,20250415,,Contentieux > 90j
FAC-2023-01686,2024-03-08,2024-04-07,2024-04-13,CLI-0126,SVC-007,DEPT-002,1,1200.0,15,1020.0,204.0,1224.0,Payée,1020.0,6,2024,3,1,20240308,20240407,20240413.0,Retard < 30j
FAC-2023-01687,2025-04-16,2025-05-16,2025-05-28,CLI-0127,SVC-018,DEPT-003,1,6500.0,0,6500.0,1300.0,7800.0,Payée,6500.0,12,2025,4,2,20250416,20250516,20250528.0,Retard < 30j
FAC-2023-01688,2023-08-05,2023-09-04,2023-09-13,CLI-0115,SVC-021,DEPT-004,6,800.0,0,4800.0,960.0,5760.0,Payée,4800.0,9,2023,8,3,20230805,20230904,20230913.0,Retard < 30j
FAC-2023-01689,2024-08-09,2024-09-08,2024-09-14,CLI-0152,SVC-015,DEPT-004,1,2800.0,10,2520.0,504.0,3024.0,Payée,2520.0,6,2024,8,3,20240809,20240908,20240914.0,Retard < 30j
FAC-2023-01690,2025-12-26,2026-01-25,,CLI-0092,SVC-001,DEPT-002,1,3500.0,10,3150.0,630.0,3780.0,Retard,0.0,97,2025,12,4,20251226,20260125,,Contentieux > 90j
FAC-2023-01691,2025-05-06,2025-06-20,2025-06-29,CLI-0031,SVC-013,DEPT-002,7,1100.0,0,7700.0,1540.0,9240.0,Payée,7700.0,9,2025,5,2,20250506,20250620,20250629.0,Retard < 30j
FAC-2023-01692,2025-10-27,2025-11-26,,CLI-0186,SVC-020,DEPT-001,2,1400.0,0,2800.0,560.0,3360.0,Retard,0.0,157,2025,10,4,20251027,20251126,,Contentieux > 90j
FAC-2023-01693,2024-05-26,2024-07-25,2024-07-25,CLI-0103,SVC-020,DEPT-003,3,1400.0,0,4200.0,840.0,5040.0,Payée,4200.0,0,2024,5,2,20240526,20240725,20240725.0,Dans les délais
FAC-2023-01694,2025-03-08,2025-04-07,2025-04-12,CLI-0006,SVC-024,DEPT-004,9,700.0,0,6300.0,1260.0,7560.0,Payée,6300.0,5,2025,3,1,20250308,20250407,20250412.0,Retard < 30j
FAC-2023-01695,2024-05-05,2024-06-19,,CLI-0117,SVC-024,DEPT-002,3,700.0,0,2100.0,420.0,2520.0,Retard,0.0,682,2024,5,2,20240505,20240619,,Contentieux > 90j
FAC-2023-01696,2024-08-23,2024-09-22,2024-10-16,CLI-0102,SVC-005,DEPT-004,1,15000.0,0,15000.0,3000.0,18000.0,Payée,15000.0,24,2024,8,3,20240823,20240922,20241016.0,Retard < 30j
FAC-2023-01697,2025-06-27,2025-07-27,,CLI-0076,SVC-022,DEPT-007,4,600.0,5,2280.0,456.0,2736.0,Contentieux,0.0,279,2025,6,2,20250627,20250727,,Contentieux > 90j
FAC-2023-01698,2024-11-09,2024-12-09,,CLI-0197,SVC-004,DEPT-001,3,1200.0,0,3600.0,720.0,4320.0,Retard,0.0,509,2024,11,4,20241109,20241209,,Contentieux > 90j
FAC-2023-01699,2023-03-08,2023-04-07,,CLI-0002,SVC-024,DEPT-004,7,700.0,10,4410.0,882.0,5292.0,Contentieux,0.0,1121,2023,3,1,20230308,20230407,,Contentieux > 90j
FAC-2023-01700,2024-06-16,2024-07-31,,CLI-0022,SVC-014,DEPT-007,9,1500.0,0,13500.0,2700.0,16200.0,Retard,0.0,640,2024,6,2,20240616,20240731,,Contentieux > 90j
FAC-2024-01701,2025-09-11,2025-10-11,2025-10-31,CLI-0007,SVC-015,DEPT-001,1,2800.0,10,2520.0,504.0,3024.0,Payée,2520.0,20,2025,9,3,20250911,20251011,20251031.0,Retard < 30j
FAC-2024-01702,2025-11-13,2025-12-28,2026-01-01,CLI-0116,SVC-013,DEPT-003,8,1100.0,0,8800.0,1760.0,10560.0,Payée,8800.0,4,2025,11,4,20251113,20251228,20260101.0,Retard < 30j
FAC-2024-01703,2023-12-13,2024-01-27,2024-02-06,CLI-0177,SVC-004,DEPT-004,6,1200.0,0,7200.0,1440.0,8640.0,Payée,7200.0,10,2023,12,4,20231213,20240127,20240206.0,Retard < 30j
FAC-2024-01704,2023-07-18,2023-08-17,,CLI-0064,SVC-009,DEPT-004,1,180.0,0,180.0,36.0,216.0,Retard,0.0,989,2023,7,3,20230718,20230817,,Contentieux > 90j
FAC-2024-01705,2024-06-16,2024-07-16,,CLI-0151,SVC-008,DEPT-003,1,2500.0,0,2500.0,500.0,3000.0,Retard,0.0,655,2024,6,2,20240616,20240716,,Contentieux > 90j
FAC-2024-01706,2024-06-12,2024-07-12,2024-07-15,CLI-0141,SVC-023,DEPT-002,10,750.0,0,7500.0,1500.0,9000.0,Payée,7500.0,3,2024,6,2,20240612,20240712,20240715.0,Retard < 30j
FAC-2024-01707,2023-02-23,2023-04-09,2023-04-22,CLI-0160,SVC-010,DEPT-003,15,45.0,10,607.5,121.5,729.0,Payée,607.5,13,2023,2,1,20230223,20230409,20230422.0,Retard < 30j
FAC-2024-01708,2024-09-16,2024-10-31,,CLI-0049,SVC-019,DEPT-002,17,180.0,5,2907.0,581.4,3488.4,Retard,0.0,548,2024,9,3,20240916,20241031,,Contentieux > 90j
FAC-2024-01709,2024-08-21,2024-09-20,2024-09-29,CLI-0041,SVC-005,DEPT-001,1,15000.0,10,13500.0,2700.0,16200.0,Payée,13500.0,9,2024,8,3,20240821,20240920,20240929.0,Retard < 30j
FAC-2024-01710,2024-09-12,2024-10-12,2024-11-08,CLI-0065,SVC-019,DEPT-007,6,180.0,0,1080.0,216.0,1296.0,Payée,1080.0,27,2024,9,3,20240912,20241012,20241108.0,Retard < 30j
FAC-2024-01711,2023-12-15,2024-01-14,2024-02-10,CLI-0128,SVC-016,DEPT-003,1,1800.0,15,1530.0,306.0,1836.0,Payée,1530.0,27,2023,12,4,20231215,20240114,20240210.0,Retard < 30j
FAC-2024-01712,2025-02-13,2025-03-30,2025-04-04,CLI-0160,SVC-012,DEPT-007,1,3200.0,10,2880.0,576.0,3456.0,Payée,2880.0,5,2025,2,1,20250213,20250330,20250404.0,Retard < 30j
FAC-2024-01713,2025-09-18,2025-11-17,2025-11-17,CLI-0149,SVC-006,DEPT-003,1,450.0,10,405.0,81.0,486.0,Payée,405.0,0,2025,9,3,20250918,20251117,20251117.0,Dans les délais
FAC-2024-01714,2024-02-27,2024-03-28,2024-03-30,CLI-0070,SVC-010,DEPT-002,15,45.0,0,675.0,135.0,810.0,Payée,675.0,2,2024,2,1,20240227,20240328,20240330.0,Retard < 30j
FAC-2024-01715,2025-07-29,2025-09-12,2025-09-12,CLI-0112,SVC-016,DEPT-007,1,1800.0,0,1800.0,360.0,2160.0,Payée,1800.0,0,2025,7,3,20250729,20250912,20250912.0,Dans les délais
FAC-2024-01716,2024-02-19,2024-03-20,2024-03-21,CLI-0071,SVC-024,DEPT-003,6,700.0,5,3990.0,798.0,4788.0,Payée,3990.0,1,2024,2,1,20240219,20240320,20240321.0,Retard < 30j
FAC-2024-01717,2024-07-09,2024-08-08,2024-09-06,CLI-0156,SVC-003,DEPT-001,1,22000.0,0,22000.0,4400.0,26400.0,Payée,22000.0,29,2024,7,3,20240709,20240808,20240906.0,Retard < 30j
FAC-2024-01718,2025-12-06,2026-01-20,2026-01-26,CLI-0017,SVC-015,DEPT-002,1,2800.0,0,2800.0,560.0,3360.0,Payée,2800.0,6,2025,12,4,20251206,20260120,20260126.0,Retard < 30j
FAC-2024-01719,2025-07-23,2025-08-22,2025-09-21,CLI-0071,SVC-023,DEPT-003,3,750.0,0,2250.0,450.0,2700.0,Payée,2250.0,30,2025,7,3,20250723,20250822,20250921.0,Retard < 30j
FAC-2024-01720,2024-01-25,2024-02-24,2024-03-09,CLI-0028,SVC-024,DEPT-001,2,700.0,10,1260.0,252.0,1512.0,Payée,1260.0,14,2024,1,1,20240125,20240224,20240309.0,Retard < 30j
FAC-2024-01721,2024-05-14,2024-06-13,2024-07-07,CLI-0064,SVC-008,DEPT-001,1,2500.0,0,2500.0,500.0,3000.0,Payée,2500.0,24,2024,5,2,20240514,20240613,20240707.0,Retard < 30j
FAC-2024-01722,2024-10-15,2024-12-14,2025-01-08,CLI-0165,SVC-002,DEPT-001,1,8500.0,5,8075.0,1615.0,9690.0,Payée,8075.0,25,2024,10,4,20241015,20241214,20250108.0,Retard < 30j
FAC-2024-01723,2025-09-01,2025-10-16,2025-10-24,CLI-0139,SVC-003,DEPT-007,1,22000.0,0,22000.0,4400.0,26400.0,Payée,22000.0,8,2025,9,3,20250901,20251016,20251024.0,Retard < 30j
FAC-2024-01724,2023-01-20,2023-02-19,,CLI-0150,SVC-010,DEPT-004,38,45.0,0,1710.0,342.0,2052.0,Partielle,1128.58,1168,2023,1,1,20230120,20230219,,Contentieux > 90j
FAC-2024-01725,2025-07-23,2025-08-22,2025-09-12,CLI-0197,SVC-007,DEPT-007,1,1200.0,15,1020.0,204.0,1224.0,Payée,1020.0,21,2025,7,3,20250723,20250822,20250912.0,Retard < 30j
FAC-2024-01726,2023-12-28,2024-02-11,2024-02-24,CLI-0087,SVC-016,DEPT-003,1,1800.0,0,1800.0,360.0,2160.0,Payée,1800.0,13,2023,12,4,20231228,20240211,20240224.0,Retard < 30j
FAC-2024-01727,2024-05-24,2024-06-23,,CLI-0084,SVC-018,DEPT-007,1,6500.0,0,6500.0,1300.0,7800.0,Retard,0.0,678,2024,5,2,20240524,20240623,,Contentieux > 90j
FAC-2024-01728,2025-06-20,2025-08-04,,CLI-0098,SVC-021,DEPT-003,2,800.0,15,1360.0,272.0,1632.0,Partielle,739.55,271,2025,6,2,20250620,20250804,,Contentieux > 90j
FAC-2024-01729,2025-10-12,2025-12-11,2026-01-02,CLI-0157,SVC-016,DEPT-003,1,1800.0,0,1800.0,360.0,2160.0,Payée,1800.0,22,2025,10,4,20251012,20251211,20260102.0,Retard < 30j
FAC-2024-01730,2024-12-02,2025-01-01,2025-01-07,CLI-0029,SVC-015,DEPT-002,1,2800.0,5,2660.0,532.0,3192.0,Payée,2660.0,6,2024,12,4,20241202,20250101,20250107.0,Retard < 30j
FAC-2024-01731,2024-03-12,2024-04-26,2024-05-24,CLI-0033,SVC-008,DEPT-004,1,2500.0,0,2500.0,500.0,3000.0,Payée,2500.0,28,2024,3,1,20240312,20240426,20240524.0,Retard < 30j
FAC-2024-01732,2024-09-06,2024-10-06,,CLI-0032,SVC-022,DEPT-003,10,600.0,0,6000.0,1200.0,7200.0,Retard,0.0,573,2024,9,3,20240906,20241006,,Contentieux > 90j
FAC-2024-01733,2025-03-22,2025-05-06,,CLI-0049,SVC-007,DEPT-002,1,1200.0,5,1140.0,228.0,1368.0,Partielle,689.77,361,2025,3,1,20250322,20250506,,Contentieux > 90j
FAC-2024-01734,2025-08-28,2025-10-27,,CLI-0103,SVC-017,DEPT-003,1,950.0,5,902.5,180.5,1083.0,Retard,0.0,187,2025,8,3,20250828,20251027,,Contentieux > 90j
FAC-2024-01735,2025-08-24,2025-09-23,,CLI-0071,SVC-009,DEPT-003,1,180.0,10,162.0,32.4,194.4,Retard,0.0,221,2025,8,3,20250824,20250923,,Contentieux > 90j
FAC-2024-01736,2024-11-14,2025-01-13,,CLI-0046,SVC-010,DEPT-004,47,45.0,0,2115.0,423.0,2538.0,Retard,0.0,474,2024,11,4,20241114,20250113,,Contentieux > 90j
FAC-2024-01737,2025-03-16,2025-04-15,,CLI-0097,SVC-014,DEPT-004,7,1500.0,0,10500.0,2100.0,12600.0,Partielle,3440.36,382,2025,3,1,20250316,20250415,,Contentieux > 90j
FAC-2024-01738,2023-10-14,2023-11-13,2023-11-20,CLI-0111,SVC-021,DEPT-002,8,800.0,5,6080.0,1216.0,7296.0,Payée,6080.0,7,2023,10,4,20231014,20231113,20231120.0,Retard < 30j
FAC-2024-01739,2025-02-03,2025-03-05,,CLI-0082,SVC-010,DEPT-003,2,45.0,0,90.0,18.0,108.0,Retard,0.0,423,2025,2,1,20250203,20250305,,Contentieux > 90j
FAC-2024-01740,2024-02-13,2024-03-29,2024-04-21,CLI-0171,SVC-018,DEPT-003,1,6500.0,5,6175.0,1235.0,7410.0,Payée,6175.0,23,2024,2,1,20240213,20240329,20240421.0,Retard < 30j
FAC-2024-01741,2024-05-12,2024-06-26,,CLI-0033,SVC-003,DEPT-007,1,22000.0,0,22000.0,4400.0,26400.0,Retard,0.0,675,2024,5,2,20240512,20240626,,Contentieux > 90j
FAC-2024-01742,2025-03-09,2025-04-08,,CLI-0146,SVC-002,DEPT-003,1,8500.0,5,8075.0,1615.0,9690.0,Partielle,4388.93,389,2025,3,1,20250309,20250408,,Contentieux > 90j
FAC-2024-01743,2025-02-07,2025-03-24,2025-04-05,CLI-0185,SVC-019,DEPT-007,3,180.0,0,540.0,108.0,648.0,Payée,540.0,12,2025,2,1,20250207,20250324,20250405.0,Retard < 30j
FAC-2024-01744,2024-08-05,2024-09-19,2024-09-19,CLI-0117,SVC-015,DEPT-003,1,2800.0,0,2800.0,560.0,3360.0,Payée,2800.0,0,2024,8,3,20240805,20240919,20240919.0,Dans les délais
FAC-2024-01745,2023-11-05,2024-01-04,2024-02-03,CLI-0130,SVC-005,DEPT-001,1,15000.0,0,15000.0,3000.0,18000.0,Payée,15000.0,30,2023,11,4,20231105,20240104,20240203.0,Retard < 30j
FAC-2024-01746,2024-11-02,2024-12-02,,CLI-0138,SVC-008,DEPT-003,1,2500.0,0,2500.0,500.0,3000.0,Retard,0.0,516,2024,11,4,20241102,20241202,,Contentieux > 90j
FAC-2024-01747,2024-08-19,2024-10-03,2024-10-03,CLI-0171,SVC-017,DEPT-003,1,950.0,5,902.5,180.5,1083.0,Payée,902.5,0,2024,8,3,20240819,20241003,20241003.0,Dans les délais
FAC-2024-01748,2024-03-15,2024-04-14,2024-05-08,CLI-0115,SVC-015,DEPT-003,1,2800.0,0,2800.0,560.0,3360.0,Payée,2800.0,24,2024,3,1,20240315,20240414,20240508.0,Retard < 30j
FAC-2024-01749,2024-06-14,2024-07-29,,CLI-0105,SVC-007,DEPT-001,1,1200.0,0,1200.0,240.0,1440.0,Retard,0.0,642,2024,6,2,20240614,20240729,,Contentieux > 90j
FAC-2024-01750,2025-04-21,2025-05-21,2025-05-21,CLI-0044,SVC-004,DEPT-007,7,1200.0,0,8400.0,1680.0,10080.0,Payée,8400.0,0,2025,4,2,20250421,20250521,20250521.0,Dans les délais
FAC-2024-01751,2025-02-03,2025-03-05,2025-03-05,CLI-0018,SVC-017,DEPT-007,1,950.0,0,950.0,190.0,1140.0,Payée,950.0,0,2025,2,1,20250203,20250305,20250305.0,Dans les délais
FAC-2024-01752,2025-10-04,2025-12-03,2025-12-03,CLI-0103,SVC-018,DEPT-001,1,6500.0,0,6500.0,1300.0,7800.0,Payée,6500.0,0,2025,10,4,20251004,20251203,20251203.0,Dans les délais
FAC-2024-01753,2023-08-19,2023-10-18,,CLI-0173,SVC-003,DEPT-001,1,22000.0,0,22000.0,4400.0,26400.0,Retard,0.0,927,2023,8,3,20230819,20231018,,Contentieux > 90j
FAC-2024-01754,2024-01-26,2024-03-11,,CLI-0175,SVC-015,DEPT-004,1,2800.0,5,2660.0,532.0,3192.0,Retard,0.0,782,2024,1,1,20240126,20240311,,Contentieux > 90j
FAC-2024-01755,2025-07-13,2025-08-27,,CLI-0088,SVC-015,DEPT-002,1,2800.0,10,2520.0,504.0,3024.0,Contentieux,0.0,248,2025,7,3,20250713,20250827,,Contentieux > 90j
FAC-2024-01756,2023-05-30,2023-06-29,2023-07-23,CLI-0200,SVC-011,DEPT-007,1,4500.0,0,4500.0,900.0,5400.0,Payée,4500.0,24,2023,5,2,20230530,20230629,20230723.0,Retard < 30j
FAC-2024-01757,2025-04-02,2025-05-17,2025-06-05,CLI-0136,SVC-001,DEPT-001,1,3500.0,0,3500.0,700.0,4200.0,Payée,3500.0,19,2025,4,2,20250402,20250517,20250605.0,Retard < 30j
FAC-2024-01758,2024-10-22,2024-11-21,2024-11-30,CLI-0003,SVC-008,DEPT-007,1,2500.0,0,2500.0,500.0,3000.0,Payée,2500.0,9,2024,10,4,20241022,20241121,20241130.0,Retard < 30j
FAC-2024-01759,2025-07-26,2025-09-24,2025-10-11,CLI-0103,SVC-018,DEPT-007,1,6500.0,5,6175.0,1235.0,7410.0,Payée,6175.0,17,2025,7,3,20250726,20250924,20251011.0,Retard < 30j
FAC-2024-01760,2023-10-31,2023-12-15,2023-12-15,CLI-0048,SVC-007,DEPT-007,1,1200.0,0,1200.0,240.0,1440.0,Payée,1200.0,0,2023,10,4,20231031,20231215,20231215.0,Dans les délais
FAC-2024-01761,2023-09-18,2023-11-17,,CLI-0184,SVC-002,DEPT-003,1,8500.0,0,8500.0,1700.0,10200.0,Contentieux,0.0,897,2023,9,3,20230918,20231117,,Contentieux > 90j
FAC-2024-01762,2024-03-03,2024-04-02,2024-04-14,CLI-0099,SVC-008,DEPT-002,1,2500.0,0,2500.0,500.0,3000.0,Payée,2500.0,12,2024,3,1,20240303,20240402,20240414.0,Retard < 30j
FAC-2024-01763,2023-02-25,2023-04-26,,CLI-0068,SVC-012,DEPT-004,1,3200.0,0,3200.0,640.0,3840.0,Partielle,1663.43,1102,2023,2,1,20230225,20230426,,Contentieux > 90j
FAC-2024-01764,2024-03-03,2024-04-02,2024-04-22,CLI-0007,SVC-015,DEPT-002,1,2800.0,0,2800.0,560.0,3360.0,Payée,2800.0,20,2024,3,1,20240303,20240402,20240422.0,Retard < 30j
FAC-2024-01765,2023-09-13,2023-10-13,2023-11-10,CLI-0063,SVC-013,DEPT-001,2,1100.0,15,1870.0,374.0,2244.0,Payée,1870.0,28,2023,9,3,20230913,20231013,20231110.0,Retard < 30j
FAC-2024-01766,2023-09-04,2023-10-04,,CLI-0050,SVC-007,DEPT-003,1,1200.0,10,1080.0,216.0,1296.0,Retard,0.0,941,2023,9,3,20230904,20231004,,Contentieux > 90j
FAC-2024-01767,2024-01-27,2024-03-12,,CLI-0101,SVC-014,DEPT-003,4,1500.0,15,5100.0,1020.0,6120.0,Retard,0.0,781,2024,1,1,20240127,20240312,,Contentieux > 90j
FAC-2024-01768,2025-11-07,2025-12-07,2025-12-07,CLI-0148,SVC-009,DEPT-004,1,180.0,0,180.0,36.0,216.0,Payée,180.0,0,2025,11,4,20251107,20251207,20251207.0,Dans les délais
FAC-2024-01769,2023-07-24,2023-09-07,2023-09-07,CLI-0133,SVC-013,DEPT-004,6,1100.0,0,6600.0,1320.0,7920.0,Payée,6600.0,0,2023,7,3,20230724,20230907,20230907.0,Dans les délais
FAC-2024-01770,2024-04-14,2024-05-14,2024-06-02,CLI-0200,SVC-010,DEPT-004,45,45.0,0,2025.0,405.0,2430.0,Payée,2025.0,19,2024,4,2,20240414,20240514,20240602.0,Retard < 30j
FAC-2024-01771,2024-10-24,2024-12-23,,CLI-0005,SVC-009,DEPT-002,1,180.0,0,180.0,36.0,216.0,Retard,0.0,495,2024,10,4,20241024,20241223,,Contentieux > 90j
FAC-2024-01772,2023-09-20,2023-11-19,2023-12-14,CLI-0173,SVC-001,DEPT-001,1,3500.0,0,3500.0,700.0,4200.0,Payée,3500.0,25,2023,9,3,20230920,20231119,20231214.0,Retard < 30j
FAC-2024-01773,2024-03-05,2024-04-04,2024-04-09,CLI-0018,SVC-020,DEPT-004,5,1400.0,0,7000.0,1400.0,8400.0,Payée,7000.0,5,2024,3,1,20240305,20240404,20240409.0,Retard < 30j
FAC-2024-01774,2025-11-28,2026-01-27,,CLI-0053,SVC-006,DEPT-002,1,450.0,15,382.5,76.5,459.0,Retard,0.0,95,2025,11,4,20251128,20260127,,Contentieux > 90j
FAC-2024-01775,2023-11-29,2024-01-13,2024-01-31,CLI-0116,SVC-004,DEPT-003,1,1200.0,0,1200.0,240.0,1440.0,Payée,1200.0,18,2023,11,4,20231129,20240113,20240131.0,Retard < 30j
FAC-2024-01776,2023-02-28,2023-04-14,2023-05-09,CLI-0190,SVC-011,DEPT-001,1,4500.0,5,4275.0,855.0,5130.0,Payée,4275.0,25,2023,2,1,20230228,20230414,20230509.0,Retard < 30j
FAC-2024-01777,2023-04-06,2023-05-21,2023-06-18,CLI-0045,SVC-014,DEPT-002,9,1500.0,0,13500.0,2700.0,16200.0,Payée,13500.0,28,2023,4,2,20230406,20230521,20230618.0,Retard < 30j
FAC-2024-01778,2023-01-31,2023-03-17,2023-03-17,CLI-0049,SVC-004,DEPT-001,6,1200.0,10,6480.0,1296.0,7776.0,Payée,6480.0,0,2023,1,1,20230131,20230317,20230317.0,Dans les délais
FAC-2024-01779,2025-04-30,2025-06-14,2025-06-17,CLI-0147,SVC-015,DEPT-007,1,2800.0,10,2520.0,504.0,3024.0,Payée,2520.0,3,2025,4,2,20250430,20250614,20250617.0,Retard < 30j
FAC-2024-01780,2024-09-29,2024-11-28,,CLI-0196,SVC-001,DEPT-003,1,3500.0,0,3500.0,700.0,4200.0,Partielle,1499.51,520,2024,9,3,20240929,20241128,,Contentieux > 90j
FAC-2024-01781,2023-07-17,2023-08-16,,CLI-0166,SVC-012,DEPT-007,1,3200.0,0,3200.0,640.0,3840.0,Retard,0.0,990,2023,7,3,20230717,20230816,,Contentieux > 90j
FAC-2024-01782,2024-03-25,2024-05-09,,CLI-0059,SVC-005,DEPT-002,1,15000.0,0,15000.0,3000.0,18000.0,Retard,0.0,723,2024,3,1,20240325,20240509,,Contentieux > 90j
FAC-2024-01783,2023-06-18,2023-07-18,2023-07-19,CLI-0070,SVC-022,DEPT-002,2,600.0,5,1140.0,228.0,1368.0,Payée,1140.0,1,2023,6,2,20230618,20230718,20230719.0,Retard < 30j
FAC-2024-01784,2024-01-14,2024-02-13,2024-03-08,CLI-0070,SVC-009,DEPT-007,1,180.0,5,171.0,34.2,205.2,Payée,171.0,24,2024,1,1,20240114,20240213,20240308.0,Retard < 30j
FAC-2024-01785,2024-06-30,2024-08-14,2024-09-05,CLI-0160,SVC-017,DEPT-003,1,950.0,5,902.5,180.5,1083.0,Payée,902.5,22,2024,6,2,20240630,20240814,20240905.0,Retard < 30j
FAC-2024-01786,2023-03-12,2023-05-11,,CLI-0046,SVC-019,DEPT-002,14,180.0,5,2394.0,478.8,2872.8,Retard,0.0,1087,2023,3,1,20230312,20230511,,Contentieux > 90j
FAC-2024-01787,2023-03-11,2023-04-25,2023-05-15,CLI-0004,SVC-005,DEPT-003,1,15000.0,10,13500.0,2700.0,16200.0,Payée,13500.0,20,2023,3,1,20230311,20230425,20230515.0,Retard < 30j
FAC-2024-01788,2025-09-11,2025-10-11,2025-10-31,CLI-0003,SVC-019,DEPT-004,17,180.0,10,2754.0,550.8,3304.8,Payée,2754.0,20,2025,9,3,20250911,20251011,20251031.0,Retard < 30j
FAC-2024-01789,2024-06-22,2024-07-22,2024-08-03,CLI-0065,SVC-015,DEPT-007,1,2800.0,0,2800.0,560.0,3360.0,Payée,2800.0,12,2024,6,2,20240622,20240722,20240803.0,Retard < 30j
FAC-2024-01790,2024-01-17,2024-03-17,,CLI-0107,SVC-011,DEPT-004,1,4500.0,0,4500.0,900.0,5400.0,Retard,0.0,776,2024,1,1,20240117,20240317,,Contentieux > 90j
FAC-2024-01791,2023-07-17,2023-08-31,2023-09-28,CLI-0169,SVC-015,DEPT-003,1,2800.0,5,2660.0,532.0,3192.0,Payée,2660.0,28,2023,7,3,20230717,20230831,20230928.0,Retard < 30j
FAC-2024-01792,2025-05-23,2025-07-07,,CLI-0019,SVC-012,DEPT-002,1,3200.0,5,3040.0,608.0,3648.0,Contentieux,0.0,299,2025,5,2,20250523,20250707,,Contentieux > 90j
FAC-2024-01793,2025-07-25,2025-08-24,2025-09-06,CLI-0029,SVC-008,DEPT-002,1,2500.0,10,2250.0,450.0,2700.0,Payée,2250.0,13,2025,7,3,20250725,20250824,20250906.0,Retard < 30j
FAC-2024-01794,2025-07-15,2025-08-14,,CLI-0109,SVC-010,DEPT-007,28,45.0,0,1260.0,252.0,1512.0,Partielle,986.76,261,2025,7,3,20250715,20250814,,Contentieux > 90j
FAC-2024-01795,2025-11-12,2025-12-27,,CLI-0055,SVC-013,DEPT-001,4,1100.0,0,4400.0,880.0,5280.0,Retard,0.0,126,2025,11,4,20251112,20251227,,Contentieux > 90j
FAC-2024-01796,2024-12-25,2025-02-08,2025-03-08,CLI-0059,SVC-024,DEPT-007,9,700.0,5,5985.0,1197.0,7182.0,Payée,5985.0,28,2024,12,4,20241225,20250208,20250308.0,Retard < 30j
FAC-2024-01797,2025-01-12,2025-02-11,,CLI-0015,SVC-018,DEPT-007,1,6500.0,0,6500.0,1300.0,7800.0,Retard,0.0,445,2025,1,1,20250112,20250211,,Contentieux > 90j
FAC-2024-01798,2023-11-22,2023-12-22,2023-12-31,CLI-0051,SVC-012,DEPT-002,1,3200.0,0,3200.0,640.0,3840.0,Payée,3200.0,9,2023,11,4,20231122,20231222,20231231.0,Retard < 30j
FAC-2024-01799,2025-05-18,2025-06-17,,CLI-0166,SVC-020,DEPT-004,4,1400.0,0,5600.0,1120.0,6720.0,Contentieux,0.0,319,2025,5,2,20250518,20250617,,Contentieux > 90j
FAC-2024-01800,2025-12-04,2026-01-18,2026-01-21,CLI-0094,SVC-013,DEPT-003,7,1100.0,10,6930.0,1386.0,8316.0,Payée,6930.0,3,2025,12,4,20251204,20260118,20260121.0,Retard < 30j
FAC-2024-01801,2024-05-29,2024-07-13,,CLI-0001,SVC-003,DEPT-002,1,22000.0,5,20900.0,4180.0,25080.0,Retard,0.0,658,2024,5,2,20240529,20240713,,Contentieux > 90j
FAC-2024-01802,2023-05-17,2023-06-16,2023-07-11,CLI-0186,SVC-020,DEPT-002,1,1400.0,5,1330.0,266.0,1596.0,Payée,1330.0,25,2023,5,2,20230517,20230616,20230711.0,Retard < 30j
FAC-2024-01803,2023-11-23,2023-12-23,2024-01-09,CLI-0076,SVC-013,DEPT-001,7,1100.0,0,7700.0,1540.0,9240.0,Payée,7700.0,17,2023,11,4,20231123,20231223,20240109.0,Retard < 30j
FAC-2024-01804,2023-10-15,2023-11-14,2023-11-18,CLI-0070,SVC-009,DEPT-002,1,180.0,10,162.0,32.4,194.4,Payée,162.0,4,2023,10,4,20231015,20231114,20231118.0,Retard < 30j
FAC-2024-01805,2024-07-18,2024-09-01,2024-09-03,CLI-0139,SVC-005,DEPT-007,1,15000.0,5,14250.0,2850.0,17100.0,Payée,14250.0,2,2024,7,3,20240718,20240901,20240903.0,Retard < 30j
FAC-2024-01806,2023-07-30,2023-09-13,2023-09-22,CLI-0098,SVC-017,DEPT-004,1,950.0,5,902.5,180.5,1083.0,Payée,902.5,9,2023,7,3,20230730,20230913,20230922.0,Retard < 30j
FAC-2024-01807,2025-07-19,2025-09-02,,CLI-0095,SVC-004,DEPT-003,3,1200.0,0,3600.0,720.0,4320.0,Contentieux,0.0,242,2025,7,3,20250719,20250902,,Contentieux > 90j
FAC-2024-01808,2025-02-20,2025-04-06,2025-04-30,CLI-0087,SVC-002,DEPT-004,1,8500.0,10,7650.0,1530.0,9180.0,Payée,7650.0,24,2025,2,1,20250220,20250406,20250430.0,Retard < 30j
FAC-2024-01809,2025-09-24,2025-10-24,2025-10-25,CLI-0178,SVC-006,DEPT-001,1,450.0,5,427.5,85.5,513.0,Payée,427.5,1,2025,9,3,20250924,20251024,20251025.0,Retard < 30j
FAC-2024-01810,2025-01-12,2025-03-13,,CLI-0184,SVC-020,DEPT-004,4,1400.0,10,5040.0,1008.0,6048.0,Retard,0.0,415,2025,1,1,20250112,20250313,,Contentieux > 90j
FAC-2024-01811,2023-08-04,2023-09-18,2023-09-30,CLI-0133,SVC-002,DEPT-003,1,8500.0,10,7650.0,1530.0,9180.0,Payée,7650.0,12,2023,8,3,20230804,20230918,20230930.0,Retard < 30j
FAC-2024-01812,2024-11-04,2025-01-03,,CLI-0196,SVC-017,DEPT-003,1,950.0,0,950.0,190.0,1140.0,Retard,0.0,484,2024,11,4,20241104,20250103,,Contentieux > 90j
FAC-2024-01813,2023-07-27,2023-08-26,2023-09-21,CLI-0026,SVC-001,DEPT-002,1,3500.0,5,3325.0,665.0,3990.0,Payée,3325.0,26,2023,7,3,20230727,20230826,20230921.0,Retard < 30j
FAC-2024-01814,2024-06-28,2024-08-12,,CLI-0180,SVC-014,DEPT-004,2,1500.0,15,2550.0,510.0,3060.0,Retard,0.0,628,2024,6,2,20240628,20240812,,Contentieux > 90j
FAC-2024-01815,2025-02-08,2025-03-10,,CLI-0172,SVC-020,DEPT-007,10,1400.0,0,14000.0,2800.0,16800.0,Partielle,6878.11,418,2025,2,1,20250208,20250310,,Contentieux > 90j
FAC-2024-01816,2023-07-21,2023-09-04,,CLI-0033,SVC-019,DEPT-002,20,180.0,0,3600.0,720.0,4320.0,Contentieux,0.0,971,2023,7,3,20230721,20230904,,Contentieux > 90j
FAC-2024-01817,2025-05-13,2025-06-12,2025-07-05,CLI-0115,SVC-019,DEPT-004,14,180.0,5,2394.0,478.8,2872.8,Payée,2394.0,23,2025,5,2,20250513,20250612,20250705.0,Retard < 30j
FAC-2024-01818,2023-03-18,2023-05-02,,CLI-0175,SVC-017,DEPT-004,1,950.0,10,855.0,171.0,1026.0,Retard,0.0,1096,2023,3,1,20230318,20230502,,Contentieux > 90j
FAC-2024-01819,2024-01-06,2024-02-05,,CLI-0007,SVC-007,DEPT-004,1,1200.0,0,1200.0,240.0,1440.0,Partielle,419.28,817,2024,1,1,20240106,20240205,,Contentieux > 90j
FAC-2024-01820,2025-07-24,2025-08-23,,CLI-0008,SVC-024,DEPT-003,5,700.0,0,3500.0,700.0,4200.0,Retard,0.0,252,2025,7,3,20250724,20250823,,Contentieux > 90j
FAC-2024-01821,2025-07-02,2025-08-01,2025-08-12,CLI-0079,SVC-009,DEPT-002,1,180.0,5,171.0,34.2,205.2,Payée,171.0,11,2025,7,3,20250702,20250801,20250812.0,Retard < 30j
FAC-2024-01822,2024-10-21,2024-11-20,,CLI-0064,SVC-018,DEPT-002,1,6500.0,5,6175.0,1235.0,7410.0,Retard,0.0,528,2024,10,4,20241021,20241120,,Contentieux > 90j
FAC-2024-01823,2024-11-14,2024-12-29,2025-01-07,CLI-0154,SVC-003,DEPT-003,1,22000.0,0,22000.0,4400.0,26400.0,Payée,22000.0,9,2024,11,4,20241114,20241229,20250107.0,Retard < 30j
FAC-2024-01824,2023-07-05,2023-08-04,2023-08-10,CLI-0097,SVC-004,DEPT-004,7,1200.0,0,8400.0,1680.0,10080.0,Payée,8400.0,6,2023,7,3,20230705,20230804,20230810.0,Retard < 30j
FAC-2024-01825,2025-09-21,2025-10-21,,CLI-0060,SVC-009,DEPT-003,1,180.0,0,180.0,36.0,216.0,Retard,0.0,193,2025,9,3,20250921,20251021,,Contentieux > 90j
FAC-2024-01826,2024-10-23,2024-12-07,2024-12-21,CLI-0049,SVC-006,DEPT-007,1,450.0,0,450.0,90.0,540.0,Payée,450.0,14,2024,10,4,20241023,20241207,20241221.0,Retard < 30j
FAC-2024-01827,2024-08-29,2024-09-28,2024-10-18,CLI-0197,SVC-018,DEPT-007,1,6500.0,5,6175.0,1235.0,7410.0,Payée,6175.0,20,2024,8,3,20240829,20240928,20241018.0,Retard < 30j
FAC-2024-01828,2023-07-11,2023-08-10,2023-08-30,CLI-0023,SVC-007,DEPT-003,1,1200.0,0,1200.0,240.0,1440.0,Payée,1200.0,20,2023,7,3,20230711,20230810,20230830.0,Retard < 30j
FAC-2024-01829,2024-11-27,2025-01-26,2025-02-14,CLI-0046,SVC-023,DEPT-001,9,750.0,0,6750.0,1350.0,8100.0,Payée,6750.0,19,2024,11,4,20241127,20250126,20250214.0,Retard < 30j
FAC-2024-01830,2023-06-18,2023-08-02,2023-08-02,CLI-0094,SVC-020,DEPT-002,6,1400.0,15,7140.0,1428.0,8568.0,Payée,7140.0,0,2023,6,2,20230618,20230802,20230802.0,Dans les délais
FAC-2024-01831,2024-07-14,2024-08-28,2024-09-06,CLI-0169,SVC-005,DEPT-002,1,15000.0,0,15000.0,3000.0,18000.0,Payée,15000.0,9,2024,7,3,20240714,20240828,20240906.0,Retard < 30j
FAC-2024-01832,2024-03-18,2024-04-17,2024-04-17,CLI-0070,SVC-015,DEPT-007,1,2800.0,0,2800.0,560.0,3360.0,Payée,2800.0,0,2024,3,1,20240318,20240417,20240417.0,Dans les délais
FAC-2024-01833,2025-04-28,2025-06-27,,CLI-0149,SVC-015,DEPT-002,1,2800.0,0,2800.0,560.0,3360.0,Contentieux,0.0,309,2025,4,2,20250428,20250627,,Contentieux > 90j
FAC-2024-01834,2025-11-28,2026-01-27,2026-02-15,CLI-0130,SVC-006,DEPT-003,1,450.0,0,450.0,90.0,540.0,Payée,450.0,19,2025,11,4,20251128,20260127,20260215.0,Retard < 30j
FAC-2024-01835,2025-06-02,2025-07-17,,CLI-0116,SVC-009,DEPT-003,1,180.0,0,180.0,36.0,216.0,Partielle,138.32,289,2025,6,2,20250602,20250717,,Contentieux > 90j
FAC-2024-01836,2023-06-07,2023-07-07,2023-07-17,CLI-0166,SVC-012,DEPT-007,1,3200.0,15,2720.0,544.0,3264.0,Payée,2720.0,10,2023,6,2,20230607,20230707,20230717.0,Retard < 30j
FAC-2024-01837,2023-07-17,2023-08-31,,CLI-0177,SVC-005,DEPT-007,1,15000.0,15,12750.0,2550.0,15300.0,Retard,0.0,975,2023,7,3,20230717,20230831,,Contentieux > 90j
FAC-2024-01838,2024-10-04,2024-11-18,,CLI-0147,SVC-018,DEPT-002,1,6500.0,0,6500.0,1300.0,7800.0,Retard,0.0,530,2024,10,4,20241004,20241118,,Contentieux > 90j
FAC-2024-01839,2024-04-03,2024-05-03,,CLI-0110,SVC-023,DEPT-004,8,750.0,0,6000.0,1200.0,7200.0,Retard,0.0,729,2024,4,2,20240403,20240503,,Contentieux > 90j
FAC-2024-01840,2025-10-15,2025-11-29,2025-12-04,CLI-0189,SVC-015,DEPT-001,1,2800.0,0,2800.0,560.0,3360.0,Payée,2800.0,5,2025,10,4,20251015,20251129,20251204.0,Retard < 30j
FAC-2024-01841,2023-04-28,2023-05-28,2023-06-01,CLI-0172,SVC-015,DEPT-001,1,2800.0,10,2520.0,504.0,3024.0,Payée,2520.0,4,2023,4,2,20230428,20230528,20230601.0,Retard < 30j
FAC-2024-01842,2024-07-19,2024-08-18,,CLI-0111,SVC-003,DEPT-007,1,22000.0,0,22000.0,4400.0,26400.0,Partielle,14605.37,622,2024,7,3,20240719,20240818,,Contentieux > 90j
FAC-2024-01843,2023-10-01,2023-10-31,2023-11-29,CLI-0151,SVC-014,DEPT-003,7,1500.0,0,10500.0,2100.0,12600.0,Payée,10500.0,29,2023,10,4,20231001,20231031,20231129.0,Retard < 30j
FAC-2024-01844,2025-11-06,2025-12-06,2026-01-04,CLI-0104,SVC-008,DEPT-007,1,2500.0,10,2250.0,450.0,2700.0,Payée,2250.0,29,2025,11,4,20251106,20251206,20260104.0,Retard < 30j
FAC-2024-01845,2023-04-19,2023-05-19,2023-05-21,CLI-0099,SVC-001,DEPT-001,1,3500.0,5,3325.0,665.0,3990.0,Payée,3325.0,2,2023,4,2,20230419,20230519,20230521.0,Retard < 30j
FAC-2024-01846,2025-12-20,2026-01-19,2026-01-26,CLI-0187,SVC-003,DEPT-002,1,22000.0,0,22000.0,4400.0,26400.0,Payée,22000.0,7,2025,12,4,20251220,20260119,20260126.0,Retard < 30j
FAC-2024-01847,2024-01-07,2024-02-21,,CLI-0183,SVC-006,DEPT-003,1,450.0,0,450.0,90.0,540.0,Partielle,298.95,801,2024,1,1,20240107,20240221,,Contentieux > 90j
FAC-2024-01848,2025-04-06,2025-05-06,,CLI-0027,SVC-004,DEPT-004,10,1200.0,5,11400.0,2280.0,13680.0,Retard,0.0,361,2025,4,2,20250406,20250506,,Contentieux > 90j
FAC-2024-01849,2025-08-29,2025-10-13,2025-10-27,CLI-0122,SVC-023,DEPT-003,3,750.0,10,2025.0,405.0,2430.0,Payée,2025.0,14,2025,8,3,20250829,20251013,20251027.0,Retard < 30j
FAC-2024-01850,2025-05-31,2025-06-30,2025-07-20,CLI-0054,SVC-023,DEPT-002,5,750.0,0,3750.0,750.0,4500.0,Payée,3750.0,20,2025,5,2,20250531,20250630,20250720.0,Retard < 30j
FAC-2024-01851,2023-06-17,2023-07-17,,CLI-0071,SVC-012,DEPT-007,1,3200.0,0,3200.0,640.0,3840.0,Retard,0.0,1020,2023,6,2,20230617,20230717,,Contentieux > 90j
FAC-2024-01852,2023-05-05,2023-06-04,2023-06-22,CLI-0082,SVC-001,DEPT-001,1,3500.0,15,2975.0,595.0,3570.0,Payée,2975.0,18,2023,5,2,20230505,20230604,20230622.0,Retard < 30j
FAC-2024-01853,2025-12-19,2026-01-18,2026-02-01,CLI-0052,SVC-001,DEPT-001,1,3500.0,0,3500.0,700.0,4200.0,Payée,3500.0,14,2025,12,4,20251219,20260118,20260201.0,Retard < 30j
FAC-2024-01854,2025-02-06,2025-03-08,2025-04-03,CLI-0174,SVC-019,DEPT-002,4,180.0,15,612.0,122.4,734.4,Payée,612.0,26,2025,2,1,20250206,20250308,20250403.0,Retard < 30j
FAC-2024-01855,2024-12-08,2025-02-06,,CLI-0165,SVC-007,DEPT-002,1,1200.0,0,1200.0,240.0,1440.0,Retard,0.0,450,2024,12,4,20241208,20250206,,Contentieux > 90j
FAC-2024-01856,2023-12-29,2024-02-12,,CLI-0183,SVC-012,DEPT-002,1,3200.0,10,2880.0,576.0,3456.0,Retard,0.0,810,2023,12,4,20231229,20240212,,Contentieux > 90j
FAC-2024-01857,2025-06-30,2025-07-30,2025-08-28,CLI-0156,SVC-005,DEPT-001,1,15000.0,0,15000.0,3000.0,18000.0,Payée,15000.0,29,2025,6,2,20250630,20250730,20250828.0,Retard < 30j
FAC-2024-01858,2023-08-09,2023-09-23,2023-09-28,CLI-0098,SVC-010,DEPT-001,23,45.0,5,983.25,196.65,1179.9,Payée,983.25,5,2023,8,3,20230809,20230923,20230928.0,Retard < 30j
FAC-2024-01859,2023-11-14,2023-12-29,,CLI-0154,SVC-007,DEPT-007,1,1200.0,15,1020.0,204.0,1224.0,Partielle,784.29,855,2023,11,4,20231114,20231229,,Contentieux > 90j
FAC-2024-01860,2023-08-27,2023-10-11,2023-10-21,CLI-0124,SVC-015,DEPT-003,1,2800.0,5,2660.0,532.0,3192.0,Payée,2660.0,10,2023,8,3,20230827,20231011,20231021.0,Retard < 30j
FAC-2024-01861,2025-10-02,2025-11-16,2025-12-03,CLI-0045,SVC-008,DEPT-001,1,2500.0,0,2500.0,500.0,3000.0,Payée,2500.0,17,2025,10,4,20251002,20251116,20251203.0,Retard < 30j
FAC-2024-01862,2023-07-22,2023-08-21,,CLI-0148,SVC-022,DEPT-007,9,600.0,0,5400.0,1080.0,6480.0,Retard,0.0,985,2023,7,3,20230722,20230821,,Contentieux > 90j
FAC-2024-01863,2025-12-25,2026-02-23,2026-03-02,CLI-0173,SVC-019,DEPT-003,18,180.0,0,3240.0,648.0,3888.0,Payée,3240.0,7,2025,12,4,20251225,20260223,20260302.0,Retard < 30j
FAC-2024-01864,2025-07-06,2025-08-05,2025-08-27,CLI-0102,SVC-005,DEPT-004,1,15000.0,5,14250.0,2850.0,17100.0,Payée,14250.0,22,2025,7,3,20250706,20250805,20250827.0,Retard < 30j
FAC-2024-01865,2023-06-18,2023-08-02,2023-09-01,CLI-0137,SVC-013,DEPT-004,8,1100.0,0,8800.0,1760.0,10560.0,Payée,8800.0,30,2023,6,2,20230618,20230802,20230901.0,Retard < 30j
FAC-2024-01866,2024-09-18,2024-10-18,,CLI-0186,SVC-013,DEPT-001,8,1100.0,15,7480.0,1496.0,8976.0,Retard,0.0,561,2024,9,3,20240918,20241018,,Contentieux > 90j
FAC-2024-01867,2024-01-21,2024-02-20,2024-03-20,CLI-0163,SVC-002,DEPT-002,1,8500.0,10,7650.0,1530.0,9180.0,Payée,7650.0,29,2024,1,1,20240121,20240220,20240320.0,Retard < 30j
FAC-2024-01868,2023-04-09,2023-05-09,2023-05-23,CLI-0197,SVC-011,DEPT-004,1,4500.0,0,4500.0,900.0,5400.0,Payée,4500.0,14,2023,4,2,20230409,20230509,20230523.0,Retard < 30j
FAC-2024-01869,2023-04-18,2023-05-18,,CLI-0057,SVC-012,DEPT-004,1,3200.0,10,2880.0,576.0,3456.0,Retard,0.0,1080,2023,4,2,20230418,20230518,,Contentieux > 90j
FAC-2024-01870,2024-01-01,2024-03-01,,CLI-0157,SVC-017,DEPT-001,1,950.0,0,950.0,190.0,1140.0,Retard,0.0,792,2024,1,1,20240101,20240301,,Contentieux > 90j
FAC-2024-01871,2025-07-25,2025-08-24,,CLI-0065,SVC-004,DEPT-001,3,1200.0,10,3240.0,648.0,3888.0,Retard,0.0,251,2025,7,3,20250725,20250824,,Contentieux > 90j
FAC-2024-01872,2024-02-28,2024-03-29,2024-03-29,CLI-0063,SVC-016,DEPT-004,1,1800.0,0,1800.0,360.0,2160.0,Payée,1800.0,0,2024,2,1,20240228,20240329,20240329.0,Dans les délais
FAC-2024-01873,2023-08-27,2023-09-26,2023-10-12,CLI-0063,SVC-023,DEPT-002,5,750.0,0,3750.0,750.0,4500.0,Payée,3750.0,16,2023,8,3,20230827,20230926,20231012.0,Retard < 30j
FAC-2024-01874,2025-01-31,2025-03-17,2025-03-21,CLI-0124,SVC-008,DEPT-002,1,2500.0,10,2250.0,450.0,2700.0,Payée,2250.0,4,2025,1,1,20250131,20250317,20250321.0,Retard < 30j
FAC-2024-01875,2024-06-12,2024-07-27,2024-08-10,CLI-0183,SVC-008,DEPT-002,1,2500.0,10,2250.0,450.0,2700.0,Payée,2250.0,14,2024,6,2,20240612,20240727,20240810.0,Retard < 30j
FAC-2024-01876,2023-01-21,2023-03-07,2023-03-14,CLI-0087,SVC-014,DEPT-004,7,1500.0,10,9450.0,1890.0,11340.0,Payée,9450.0,7,2023,1,1,20230121,20230307,20230314.0,Retard < 30j
FAC-2024-01877,2023-01-22,2023-02-21,,CLI-0080,SVC-020,DEPT-002,7,1400.0,0,9800.0,1960.0,11760.0,Retard,0.0,1166,2023,1,1,20230122,20230221,,Contentieux > 90j
FAC-2024-01878,2023-08-23,2023-09-22,,CLI-0070,SVC-003,DEPT-002,1,22000.0,0,22000.0,4400.0,26400.0,Partielle,11973.9,953,2023,8,3,20230823,20230922,,Contentieux > 90j
FAC-2024-01879,2023-12-09,2024-02-07,2024-02-27,CLI-0165,SVC-011,DEPT-003,1,4500.0,10,4050.0,810.0,4860.0,Payée,4050.0,20,2023,12,4,20231209,20240207,20240227.0,Retard < 30j
FAC-2024-01880,2024-08-06,2024-10-05,,CLI-0165,SVC-010,DEPT-004,37,45.0,0,1665.0,333.0,1998.0,Retard,0.0,574,2024,8,3,20240806,20241005,,Contentieux > 90j
FAC-2024-01881,2025-10-16,2025-11-15,2025-11-15,CLI-0060,SVC-003,DEPT-004,1,22000.0,0,22000.0,4400.0,26400.0,Payée,22000.0,0,2025,10,4,20251016,20251115,20251115.0,Dans les délais
FAC-2024-01882,2023-08-17,2023-09-16,2023-09-16,CLI-0148,SVC-004,DEPT-001,4,1200.0,0,4800.0,960.0,5760.0,Payée,4800.0,0,2023,8,3,20230817,20230916,20230916.0,Dans les délais
FAC-2024-01883,2025-01-29,2025-03-15,2025-03-15,CLI-0075,SVC-014,DEPT-007,8,1500.0,5,11400.0,2280.0,13680.0,Payée,11400.0,0,2025,1,1,20250129,20250315,20250315.0,Dans les délais
FAC-2024-01884,2024-10-13,2024-11-12,2024-11-16,CLI-0057,SVC-007,DEPT-003,1,1200.0,0,1200.0,240.0,1440.0,Payée,1200.0,4,2024,10,4,20241013,20241112,20241116.0,Retard < 30j
FAC-2024-01885,2024-12-18,2025-01-17,,CLI-0080,SVC-006,DEPT-004,1,450.0,0,450.0,90.0,540.0,Partielle,147.7,470,2024,12,4,20241218,20250117,,Contentieux > 90j
FAC-2024-01886,2025-11-01,2025-12-16,2026-01-01,CLI-0048,SVC-010,DEPT-004,5,45.0,0,225.0,45.0,270.0,Payée,225.0,16,2025,11,4,20251101,20251216,20260101.0,Retard < 30j
FAC-2024-01887,2023-05-23,2023-06-22,2023-07-05,CLI-0007,SVC-015,DEPT-007,1,2800.0,10,2520.0,504.0,3024.0,Payée,2520.0,13,2023,5,2,20230523,20230622,20230705.0,Retard < 30j
FAC-2024-01888,2024-10-12,2024-11-11,,CLI-0050,SVC-005,DEPT-004,1,15000.0,0,15000.0,3000.0,18000.0,Retard,0.0,537,2024,10,4,20241012,20241111,,Contentieux > 90j
FAC-2024-01889,2023-02-05,2023-03-22,2023-04-06,CLI-0159,SVC-018,DEPT-003,1,6500.0,5,6175.0,1235.0,7410.0,Payée,6175.0,15,2023,2,1,20230205,20230322,20230406.0,Retard < 30j
FAC-2024-01890,2023-08-01,2023-09-15,2023-09-15,CLI-0011,SVC-005,DEPT-007,1,15000.0,5,14250.0,2850.0,17100.0,Payée,14250.0,0,2023,8,3,20230801,20230915,20230915.0,Dans les délais
FAC-2024-01891,2023-09-03,2023-10-18,2023-11-16,CLI-0017,SVC-013,DEPT-001,4,1100.0,5,4180.0,836.0,5016.0,Payée,4180.0,29,2023,9,3,20230903,20231018,20231116.0,Retard < 30j
FAC-2024-01892,2025-09-02,2025-10-02,2025-10-21,CLI-0006,SVC-021,DEPT-004,10,800.0,5,7600.0,1520.0,9120.0,Payée,7600.0,19,2025,9,3,20250902,20251002,20251021.0,Retard < 30j
FAC-2024-01893,2025-10-01,2025-11-30,,CLI-0074,SVC-022,DEPT-004,10,600.0,0,6000.0,1200.0,7200.0,Contentieux,0.0,153,2025,10,4,20251001,20251130,,Contentieux > 90j
FAC-2024-01894,2025-07-19,2025-08-18,2025-08-22,CLI-0148,SVC-005,DEPT-003,1,15000.0,0,15000.0,3000.0,18000.0,Payée,15000.0,4,2025,7,3,20250719,20250818,20250822.0,Retard < 30j
FAC-2024-01895,2023-12-24,2024-02-22,,CLI-0196,SVC-024,DEPT-001,7,700.0,15,4165.0,833.0,4998.0,Partielle,2016.02,800,2023,12,4,20231224,20240222,,Contentieux > 90j
FAC-2024-01896,2023-10-22,2023-12-06,,CLI-0136,SVC-010,DEPT-007,3,45.0,0,135.0,27.0,162.0,Retard,0.0,878,2023,10,4,20231022,20231206,,Contentieux > 90j
FAC-2024-01897,2023-09-14,2023-10-14,2023-11-04,CLI-0071,SVC-013,DEPT-004,6,1100.0,0,6600.0,1320.0,7920.0,Payée,6600.0,21,2023,9,3,20230914,20231014,20231104.0,Retard < 30j
FAC-2024-01898,2025-03-06,2025-04-05,2025-04-25,CLI-0141,SVC-015,DEPT-002,1,2800.0,0,2800.0,560.0,3360.0,Payée,2800.0,20,2025,3,1,20250306,20250405,20250425.0,Retard < 30j
FAC-2024-01899,2024-05-18,2024-06-17,2024-06-24,CLI-0163,SVC-007,DEPT-007,1,1200.0,0,1200.0,240.0,1440.0,Payée,1200.0,7,2024,5,2,20240518,20240617,20240624.0,Retard < 30j
FAC-2024-01900,2025-04-16,2025-05-31,2025-06-20,CLI-0116,SVC-015,DEPT-002,1,2800.0,0,2800.0,560.0,3360.0,Payée,2800.0,20,2025,4,2,20250416,20250531,20250620.0,Retard < 30j
FAC-2024-01901,2025-07-15,2025-08-14,,CLI-0146,SVC-004,DEPT-007,5,1200.0,10,5400.0,1080.0,6480.0,Contentieux,0.0,261,2025,7,3,20250715,20250814,,Contentieux > 90j
FAC-2024-01902,2024-02-13,2024-04-13,2024-04-18,CLI-0130,SVC-002,DEPT-004,1,8500.0,0,8500.0,1700.0,10200.0,Payée,8500.0,5,2024,2,1,20240213,20240413,20240418.0,Retard < 30j
FAC-2024-01903,2024-01-05,2024-02-19,2024-02-25,CLI-0159,SVC-014,DEPT-003,8,1500.0,0,12000.0,2400.0,14400.0,Payée,12000.0,6,2024,1,1,20240105,20240219,20240225.0,Retard < 30j
FAC-2024-01904,2025-04-03,2025-06-02,,CLI-0173,SVC-005,DEPT-002,1,15000.0,0,15000.0,3000.0,18000.0,Retard,0.0,334,2025,4,2,20250403,20250602,,Contentieux > 90j
FAC-2024-01905,2025-08-17,2025-10-16,,CLI-0130,SVC-011,DEPT-004,1,4500.0,0,4500.0,900.0,5400.0,Retard,0.0,198,2025,8,3,20250817,20251016,,Contentieux > 90j
FAC-2024-01906,2025-12-22,2026-01-21,,CLI-0099,SVC-020,DEPT-001,1,1400.0,5,1330.0,266.0,1596.0,Retard,0.0,101,2025,12,4,20251222,20260121,,Contentieux > 90j
FAC-2024-01907,2023-04-19,2023-05-19,2023-06-05,CLI-0006,SVC-001,DEPT-002,1,3500.0,0,3500.0,700.0,4200.0,Payée,3500.0,17,2023,4,2,20230419,20230519,20230605.0,Retard < 30j
FAC-2024-01908,2024-09-21,2024-11-05,2024-11-20,CLI-0047,SVC-007,DEPT-007,1,1200.0,10,1080.0,216.0,1296.0,Payée,1080.0,15,2024,9,3,20240921,20241105,20241120.0,Retard < 30j
FAC-2024-01909,2024-11-24,2024-12-24,2024-12-25,CLI-0140,SVC-016,DEPT-007,1,1800.0,5,1710.0,342.0,2052.0,Payée,1710.0,1,2024,11,4,20241124,20241224,20241225.0,Retard < 30j
FAC-2024-01910,2023-12-01,2024-01-15,2024-02-05,CLI-0049,SVC-005,DEPT-002,1,15000.0,0,15000.0,3000.0,18000.0,Payée,15000.0,21,2023,12,4,20231201,20240115,20240205.0,Retard < 30j
FAC-2024-01911,2025-08-19,2025-09-18,2025-09-28,CLI-0172,SVC-018,DEPT-001,1,6500.0,5,6175.0,1235.0,7410.0,Payée,6175.0,10,2025,8,3,20250819,20250918,20250928.0,Retard < 30j
FAC-2024-01912,2023-07-18,2023-09-16,2023-10-05,CLI-0046,SVC-015,DEPT-004,1,2800.0,5,2660.0,532.0,3192.0,Payée,2660.0,19,2023,7,3,20230718,20230916,20231005.0,Retard < 30j
FAC-2024-01913,2023-12-16,2024-01-30,2024-02-17,CLI-0122,SVC-016,DEPT-004,1,1800.0,5,1710.0,342.0,2052.0,Payée,1710.0,18,2023,12,4,20231216,20240130,20240217.0,Retard < 30j
FAC-2024-01914,2024-01-08,2024-02-07,,CLI-0178,SVC-019,DEPT-007,16,180.0,10,2592.0,518.4,3110.4,Contentieux,0.0,815,2024,1,1,20240108,20240207,,Contentieux > 90j
FAC-2024-01915,2023-06-24,2023-07-24,2023-07-27,CLI-0109,SVC-011,DEPT-007,1,4500.0,10,4050.0,810.0,4860.0,Payée,4050.0,3,2023,6,2,20230624,20230724,20230727.0,Retard < 30j
FAC-2024-01916,2025-03-17,2025-05-01,,CLI-0095,SVC-022,DEPT-002,3,600.0,0,1800.0,360.0,2160.0,Partielle,1404.37,366,2025,3,1,20250317,20250501,,Contentieux > 90j
FAC-2024-01917,2024-08-21,2024-11-19,,CLI-0195,SVC-011,DEPT-007,1,4500.0,5,4275.0,855.0,5130.0,Partielle,1460.07,529,2024,8,3,20240821,20241119,,Contentieux > 90j
FAC-2024-01918,2025-05-05,2025-06-04,2025-06-15,CLI-0152,SVC-001,DEPT-002,1,3500.0,15,2975.0,595.0,3570.0,Payée,2975.0,11,2025,5,2,20250505,20250604,20250615.0,Retard < 30j
FAC-2024-01919,2025-12-01,2025-12-31,2026-01-15,CLI-0158,SVC-009,DEPT-002,1,180.0,10,162.0,32.4,194.4,Payée,162.0,15,2025,12,4,20251201,20251231,20260115.0,Retard < 30j
FAC-2024-01920,2024-05-04,2024-06-03,,CLI-0016,SVC-021,DEPT-003,5,800.0,0,4000.0,800.0,4800.0,Contentieux,0.0,698,2024,5,2,20240504,20240603,,Contentieux > 90j
FAC-2024-01921,2025-07-27,2025-08-26,2025-08-26,CLI-0013,SVC-009,DEPT-002,1,180.0,5,171.0,34.2,205.2,Payée,171.0,0,2025,7,3,20250727,20250826,20250826.0,Dans les délais
FAC-2024-01922,2023-02-09,2023-03-26,2023-04-20,CLI-0190,SVC-001,DEPT-004,1,3500.0,0,3500.0,700.0,4200.0,Payée,3500.0,25,2023,2,1,20230209,20230326,20230420.0,Retard < 30j
FAC-2024-01923,2024-07-07,2024-08-21,2024-09-17,CLI-0124,SVC-002,DEPT-004,1,8500.0,5,8075.0,1615.0,9690.0,Payée,8075.0,27,2024,7,3,20240707,20240821,20240917.0,Retard < 30j
FAC-2024-01924,2024-12-01,2024-12-31,,CLI-0129,SVC-023,DEPT-007,3,750.0,10,2025.0,405.0,2430.0,Retard,0.0,487,2024,12,4,20241201,20241231,,Contentieux > 90j
FAC-2024-01925,2024-07-30,2024-09-13,,CLI-0058,SVC-016,DEPT-001,1,1800.0,0,1800.0,360.0,2160.0,Partielle,1366.9,596,2024,7,3,20240730,20240913,,Contentieux > 90j
FAC-2024-01926,2023-08-21,2023-10-05,2023-10-06,CLI-0101,SVC-017,DEPT-002,1,950.0,0,950.0,190.0,1140.0,Payée,950.0,1,2023,8,3,20230821,20231005,20231006.0,Retard < 30j
FAC-2024-01927,2025-02-03,2025-03-05,2025-03-15,CLI-0023,SVC-006,DEPT-001,1,450.0,0,450.0,90.0,540.0,Payée,450.0,10,2025,2,1,20250203,20250305,20250315.0,Retard < 30j
FAC-2024-01928,2023-01-28,2023-02-27,2023-02-27,CLI-0023,SVC-001,DEPT-002,1,3500.0,5,3325.0,665.0,3990.0,Payée,3325.0,0,2023,1,1,20230128,20230227,20230227.0,Dans les délais
FAC-2024-01929,2025-08-01,2025-08-31,2025-09-02,CLI-0178,SVC-021,DEPT-001,6,800.0,5,4560.0,912.0,5472.0,Payée,4560.0,2,2025,8,3,20250801,20250831,20250902.0,Retard < 30j
FAC-2024-01930,2023-06-16,2023-07-16,,CLI-0044,SVC-007,DEPT-001,1,1200.0,0,1200.0,240.0,1440.0,Retard,0.0,1021,2023,6,2,20230616,20230716,,Contentieux > 90j
FAC-2024-01931,2024-04-22,2024-06-06,2024-06-21,CLI-0001,SVC-014,DEPT-007,4,1500.0,0,6000.0,1200.0,7200.0,Payée,6000.0,15,2024,4,2,20240422,20240606,20240621.0,Retard < 30j
FAC-2024-01932,2024-02-09,2024-03-25,2024-03-31,CLI-0058,SVC-016,DEPT-004,1,1800.0,5,1710.0,342.0,2052.0,Payée,1710.0,6,2024,2,1,20240209,20240325,20240331.0,Retard < 30j
FAC-2024-01933,2023-05-06,2023-06-05,2023-06-11,CLI-0092,SVC-024,DEPT-002,8,700.0,0,5600.0,1120.0,6720.0,Payée,5600.0,6,2023,5,2,20230506,20230605,20230611.0,Retard < 30j
FAC-2024-01934,2024-01-23,2024-02-22,,CLI-0084,SVC-005,DEPT-001,1,15000.0,5,14250.0,2850.0,17100.0,Retard,0.0,800,2024,1,1,20240123,20240222,,Contentieux > 90j
FAC-2024-01935,2024-10-20,2024-11-19,2024-12-09,CLI-0057,SVC-006,DEPT-007,1,450.0,5,427.5,85.5,513.0,Payée,427.5,20,2024,10,4,20241020,20241119,20241209.0,Retard < 30j
FAC-2024-01936,2025-04-24,2025-06-08,2025-06-19,CLI-0094,SVC-020,DEPT-003,9,1400.0,5,11970.0,2394.0,14364.0,Payée,11970.0,11,2025,4,2,20250424,20250608,20250619.0,Retard < 30j
FAC-2024-01937,2023-01-15,2023-03-01,,CLI-0075,SVC-017,DEPT-003,1,950.0,5,902.5,180.5,1083.0,Contentieux,0.0,1158,2023,1,1,20230115,20230301,,Contentieux > 90j
FAC-2024-01938,2023-05-13,2023-07-12,2023-07-12,CLI-0091,SVC-006,DEPT-007,1,450.0,0,450.0,90.0,540.0,Payée,450.0,0,2023,5,2,20230513,20230712,20230712.0,Dans les délais
FAC-2024-01939,2025-07-02,2025-08-16,,CLI-0136,SVC-003,DEPT-001,1,22000.0,0,22000.0,4400.0,26400.0,Retard,0.0,259,2025,7,3,20250702,20250816,,Contentieux > 90j
FAC-2024-01940,2025-01-10,2025-02-24,,CLI-0101,SVC-019,DEPT-003,4,180.0,0,720.0,144.0,864.0,Retard,0.0,432,2025,1,1,20250110,20250224,,Contentieux > 90j
FAC-2024-01941,2025-09-10,2025-10-10,2025-11-05,CLI-0141,SVC-012,DEPT-003,1,3200.0,0,3200.0,640.0,3840.0,Payée,3200.0,26,2025,9,3,20250910,20251010,20251105.0,Retard < 30j
FAC-2024-01942,2024-01-25,2024-03-10,2024-03-27,CLI-0167,SVC-024,DEPT-004,4,700.0,0,2800.0,560.0,3360.0,Payée,2800.0,17,2024,1,1,20240125,20240310,20240327.0,Retard < 30j
FAC-2024-01943,2024-10-26,2024-11-25,,CLI-0145,SVC-015,DEPT-004,1,2800.0,10,2520.0,504.0,3024.0,Retard,0.0,523,2024,10,4,20241026,20241125,,Contentieux > 90j
FAC-2024-01944,2025-07-15,2025-09-13,,CLI-0144,SVC-015,DEPT-004,1,2800.0,0,2800.0,560.0,3360.0,Retard,0.0,231,2025,7,3,20250715,20250913,,Contentieux > 90j
FAC-2024-01945,2023-10-13,2023-11-27,2023-12-01,CLI-0133,SVC-001,DEPT-004,1,3500.0,5,3325.0,665.0,3990.0,Payée,3325.0,4,2023,10,4,20231013,20231127,20231201.0,Retard < 30j
FAC-2024-01946,2025-06-08,2025-07-23,,CLI-0116,SVC-001,DEPT-002,1,3500.0,5,3325.0,665.0,3990.0,Retard,0.0,283,2025,6,2,20250608,20250723,,Contentieux > 90j
FAC-2024-01947,2024-01-12,2024-02-26,2024-03-01,CLI-0047,SVC-019,DEPT-003,8,180.0,0,1440.0,288.0,1728.0,Payée,1440.0,4,2024,1,1,20240112,20240226,20240301.0,Retard < 30j
FAC-2024-01948,2023-02-14,2023-04-15,2023-05-15,CLI-0107,SVC-007,DEPT-003,1,1200.0,0,1200.0,240.0,1440.0,Payée,1200.0,30,2023,2,1,20230214,20230415,20230515.0,Retard < 30j
FAC-2024-01949,2025-09-23,2025-10-23,2025-11-14,CLI-0071,SVC-007,DEPT-002,1,1200.0,5,1140.0,228.0,1368.0,Payée,1140.0,22,2025,9,3,20250923,20251023,20251114.0,Retard < 30j
FAC-2024-01950,2023-05-03,2023-06-02,2023-06-17,CLI-0150,SVC-022,DEPT-004,6,600.0,15,3060.0,612.0,3672.0,Payée,3060.0,15,2023,5,2,20230503,20230602,20230617.0,Retard < 30j
FAC-2024-01951,2023-10-17,2023-12-01,2023-12-09,CLI-0185,SVC-010,DEPT-004,16,45.0,0,720.0,144.0,864.0,Payée,720.0,8,2023,10,4,20231017,20231201,20231209.0,Retard < 30j
FAC-2024-01952,2024-09-22,2024-10-22,2024-11-05,CLI-0151,SVC-001,DEPT-007,1,3500.0,5,3325.0,665.0,3990.0,Payée,3325.0,14,2024,9,3,20240922,20241022,20241105.0,Retard < 30j
FAC-2024-01953,2023-09-07,2023-10-07,2023-10-25,CLI-0135,SVC-020,DEPT-002,10,1400.0,0,14000.0,2800.0,16800.0,Payée,14000.0,18,2023,9,3,20230907,20231007,20231025.0,Retard < 30j
FAC-2024-01954,2025-08-27,2025-10-11,2025-10-21,CLI-0117,SVC-019,DEPT-002,4,180.0,0,720.0,144.0,864.0,Payée,720.0,10,2025,8,3,20250827,20251011,20251021.0,Retard < 30j
FAC-2024-01955,2024-04-23,2024-06-22,,CLI-0103,SVC-023,DEPT-003,6,750.0,5,4275.0,855.0,5130.0,Partielle,2300.35,679,2024,4,2,20240423,20240622,,Contentieux > 90j
FAC-2024-01956,2024-11-09,2024-12-24,,CLI-0171,SVC-011,DEPT-007,1,4500.0,5,4275.0,855.0,5130.0,Partielle,3346.2,494,2024,11,4,20241109,20241224,,Contentieux > 90j
FAC-2024-01957,2024-04-30,2024-05-30,2024-05-30,CLI-0071,SVC-023,DEPT-003,4,750.0,0,3000.0,600.0,3600.0,Payée,3000.0,0,2024,4,2,20240430,20240530,20240530.0,Dans les délais
FAC-2024-01958,2025-02-25,2025-04-26,2025-05-22,CLI-0157,SVC-004,DEPT-004,3,1200.0,5,3420.0,684.0,4104.0,Payée,3420.0,26,2025,2,1,20250225,20250426,20250522.0,Retard < 30j
FAC-2024-01959,2024-06-28,2024-08-27,,CLI-0184,SVC-024,DEPT-003,2,700.0,0,1400.0,280.0,1680.0,Retard,0.0,613,2024,6,2,20240628,20240827,,Contentieux > 90j
FAC-2024-01960,2023-05-01,2023-06-15,2023-06-15,CLI-0045,SVC-012,DEPT-003,1,3200.0,0,3200.0,640.0,3840.0,Payée,3200.0,0,2023,5,2,20230501,20230615,20230615.0,Dans les délais
FAC-2024-01961,2025-09-15,2025-10-30,2025-11-14,CLI-0112,SVC-020,DEPT-004,9,1400.0,0,12600.0,2520.0,15120.0,Payée,12600.0,15,2025,9,3,20250915,20251030,20251114.0,Retard < 30j
FAC-2024-01962,2024-02-14,2024-03-15,2024-03-17,CLI-0099,SVC-020,DEPT-003,4,1400.0,15,4760.0,952.0,5712.0,Payée,4760.0,2,2024,2,1,20240214,20240315,20240317.0,Retard < 30j
FAC-2024-01963,2024-02-04,2024-03-05,2024-03-24,CLI-0018,SVC-024,DEPT-004,9,700.0,5,5985.0,1197.0,7182.0,Payée,5985.0,19,2024,2,1,20240204,20240305,20240324.0,Retard < 30j
FAC-2024-01964,2024-06-18,2024-07-18,2024-08-08,CLI-0003,SVC-010,DEPT-001,14,45.0,0,630.0,126.0,756.0,Payée,630.0,21,2024,6,2,20240618,20240718,20240808.0,Retard < 30j
FAC-2024-01965,2023-10-30,2023-12-14,2023-12-19,CLI-0117,SVC-015,DEPT-007,1,2800.0,0,2800.0,560.0,3360.0,Payée,2800.0,5,2023,10,4,20231030,20231214,20231219.0,Retard < 30j
FAC-2024-01966,2023-08-09,2023-09-23,2023-09-30,CLI-0139,SVC-011,DEPT-007,1,4500.0,10,4050.0,810.0,4860.0,Payée,4050.0,7,2023,8,3,20230809,20230923,20230930.0,Retard < 30j
FAC-2024-01967,2023-11-30,2023-12-30,,CLI-0142,SVC-010,DEPT-001,38,45.0,0,1710.0,342.0,2052.0,Contentieux,0.0,854,2023,11,4,20231130,20231230,,Contentieux > 90j
FAC-2024-01968,2025-09-04,2025-10-04,2025-10-23,CLI-0016,SVC-011,DEPT-007,1,4500.0,0,4500.0,900.0,5400.0,Payée,4500.0,19,2025,9,3,20250904,20251004,20251023.0,Retard < 30j
FAC-2024-01969,2025-06-08,2025-07-08,2025-07-08,CLI-0007,SVC-021,DEPT-003,6,800.0,0,4800.0,960.0,5760.0,Payée,4800.0,0,2025,6,2,20250608,20250708,20250708.0,Dans les délais
FAC-2024-01970,2023-03-22,2023-04-21,,CLI-0102,SVC-019,DEPT-002,18,180.0,0,3240.0,648.0,3888.0,Retard,0.0,1107,2023,3,1,20230322,20230421,,Contentieux > 90j
FAC-2024-01971,2023-05-20,2023-07-04,2023-07-09,CLI-0154,SVC-003,DEPT-002,1,22000.0,0,22000.0,4400.0,26400.0,Payée,22000.0,5,2023,5,2,20230520,20230704,20230709.0,Retard < 30j
FAC-2024-01972,2025-01-01,2025-01-31,2025-01-31,CLI-0028,SVC-012,DEPT-004,1,3200.0,0,3200.0,640.0,3840.0,Payée,3200.0,0,2025,1,1,20250101,20250131,20250131.0,Dans les délais
FAC-2024-01973,2023-05-08,2023-06-07,2023-06-27,CLI-0127,SVC-018,DEPT-002,1,6500.0,0,6500.0,1300.0,7800.0,Payée,6500.0,20,2023,5,2,20230508,20230607,20230627.0,Retard < 30j
FAC-2024-01974,2024-02-29,2024-04-14,2024-04-25,CLI-0169,SVC-003,DEPT-002,1,22000.0,0,22000.0,4400.0,26400.0,Payée,22000.0,11,2024,2,1,20240229,20240414,20240425.0,Retard < 30j
FAC-2024-01975,2023-02-19,2023-04-05,,CLI-0075,SVC-002,DEPT-002,1,8500.0,0,8500.0,1700.0,10200.0,Retard,0.0,1123,2023,2,1,20230219,20230405,,Contentieux > 90j
FAC-2024-01976,2023-03-28,2023-04-27,2023-05-01,CLI-0148,SVC-002,DEPT-002,1,8500.0,0,8500.0,1700.0,10200.0,Payée,8500.0,4,2023,3,1,20230328,20230427,20230501.0,Retard < 30j
FAC-2024-01977,2024-10-23,2024-11-22,2024-12-12,CLI-0155,SVC-011,DEPT-001,1,4500.0,0,4500.0,900.0,5400.0,Payée,4500.0,20,2024,10,4,20241023,20241122,20241212.0,Retard < 30j
FAC-2024-01978,2025-10-05,2025-12-04,,CLI-0157,SVC-010,DEPT-007,2,45.0,5,85.5,17.1,102.6,Retard,0.0,149,2025,10,4,20251005,20251204,,Contentieux > 90j
FAC-2024-01979,2024-02-14,2024-03-30,2024-04-25,CLI-0020,SVC-002,DEPT-001,1,8500.0,0,8500.0,1700.0,10200.0,Payée,8500.0,26,2024,2,1,20240214,20240330,20240425.0,Retard < 30j
FAC-2024-01980,2023-06-15,2023-07-15,2023-07-20,CLI-0110,SVC-023,DEPT-004,10,750.0,10,6750.0,1350.0,8100.0,Payée,6750.0,5,2023,6,2,20230615,20230715,20230720.0,Retard < 30j
FAC-2024-01981,2023-01-16,2023-02-15,,CLI-0065,SVC-005,DEPT-003,1,15000.0,10,13500.0,2700.0,16200.0,Retard,0.0,1172,2023,1,1,20230116,20230215,,Contentieux > 90j
FAC-2024-01982,2025-02-05,2025-03-07,2025-03-14,CLI-0086,SVC-018,DEPT-007,1,6500.0,0,6500.0,1300.0,7800.0,Payée,6500.0,7,2025,2,1,20250205,20250307,20250314.0,Retard < 30j
FAC-2024-01983,2024-02-05,2024-03-06,2024-03-08,CLI-0082,SVC-011,DEPT-003,1,4500.0,0,4500.0,900.0,5400.0,Payée,4500.0,2,2024,2,1,20240205,20240306,20240308.0,Retard < 30j
FAC-2024-01984,2025-07-01,2025-07-31,,CLI-0141,SVC-001,DEPT-007,1,3500.0,5,3325.0,665.0,3990.0,Retard,0.0,275,2025,7,3,20250701,20250731,,Contentieux > 90j
FAC-2024-01985,2024-01-14,2024-02-13,2024-02-14,CLI-0128,SVC-007,DEPT-002,1,1200.0,0,1200.0,240.0,1440.0,Payée,1200.0,1,2024,1,1,20240114,20240213,20240214.0,Retard < 30j
FAC-2024-01986,2024-09-03,2024-10-03,,CLI-0060,SVC-019,DEPT-003,8,180.0,10,1296.0,259.2,1555.2,Retard,0.0,576,2024,9,3,20240903,20241003,,Contentieux > 90j
FAC-2024-01987,2024-04-15,2024-06-14,,CLI-0144,SVC-002,DEPT-007,1,8500.0,0,8500.0,1700.0,10200.0,Partielle,3622.41,687,2024,4,2,20240415,20240614,,Contentieux > 90j
FAC-2024-01988,2023-01-26,2023-02-25,,CLI-0007,SVC-010,DEPT-004,14,45.0,10,567.0,113.4,680.4,Partielle,228.6,1162,2023,1,1,20230126,20230225,,Contentieux > 90j
FAC-2024-01989,2025-03-11,2025-05-10,2025-06-05,CLI-0103,SVC-015,DEPT-004,1,2800.0,5,2660.0,532.0,3192.0,Payée,2660.0,26,2025,3,1,20250311,20250510,20250605.0,Retard < 30j
FAC-2024-01990,2024-08-07,2024-09-06,2024-09-06,CLI-0172,SVC-020,DEPT-001,4,1400.0,0,5600.0,1120.0,6720.0,Payée,5600.0,0,2024,8,3,20240807,20240906,20240906.0,Dans les délais
FAC-2024-01991,2023-01-23,2023-03-09,,CLI-0189,SVC-002,DEPT-004,1,8500.0,10,7650.0,1530.0,9180.0,Partielle,3455.68,1150,2023,1,1,20230123,20230309,,Contentieux > 90j
FAC-2024-01992,2023-07-19,2023-08-18,2023-08-25,CLI-0174,SVC-006,DEPT-004,1,450.0,0,450.0,90.0,540.0,Payée,450.0,7,2023,7,3,20230719,20230818,20230825.0,Retard < 30j
FAC-2024-01993,2024-07-27,2024-09-10,2024-09-10,CLI-0119,SVC-003,DEPT-001,1,22000.0,0,22000.0,4400.0,26400.0,Payée,22000.0,0,2024,7,3,20240727,20240910,20240910.0,Dans les délais
FAC-2024-01994,2024-06-22,2024-08-06,,CLI-0096,SVC-005,DEPT-002,1,15000.0,0,15000.0,3000.0,18000.0,Partielle,11874.62,634,2024,6,2,20240622,20240806,,Contentieux > 90j
FAC-2024-01995,2023-03-04,2023-04-03,2023-04-13,CLI-0038,SVC-021,DEPT-004,8,800.0,0,6400.0,1280.0,7680.0,Payée,6400.0,10,2023,3,1,20230304,20230403,20230413.0,Retard < 30j
FAC-2024-01996,2024-07-13,2024-08-27,2024-08-27,CLI-0177,SVC-023,DEPT-002,5,750.0,0,3750.0,750.0,4500.0,Payée,3750.0,0,2024,7,3,20240713,20240827,20240827.0,Dans les délais
FAC-2024-01997,2025-03-25,2025-05-24,2025-06-19,CLI-0068,SVC-003,DEPT-004,1,22000.0,5,20900.0,4180.0,25080.0,Payée,20900.0,26,2025,3,1,20250325,20250524,20250619.0,Retard < 30j
FAC-2024-01998,2023-12-25,2024-01-24,2024-01-24,CLI-0145,SVC-014,DEPT-003,1,1500.0,0,1500.0,300.0,1800.0,Payée,1500.0,0,2023,12,4,20231225,20240124,20240124.0,Dans les délais
FAC-2024-01999,2025-09-08,2025-11-07,2025-11-19,CLI-0091,SVC-024,DEPT-002,4,700.0,10,2520.0,504.0,3024.0,Payée,2520.0,12,2025,9,3,20250908,20251107,20251119.0,Retard < 30j
FAC-2024-02000,2025-07-06,2025-09-04,2025-09-26,CLI-0074,SVC-023,DEPT-007,1,750.0,15,637.5,127.5,765.0,Payée,637.5,22,2025,7,3,20250706,20250904,20250926.0,Retard < 30j
FAC-2024-02001,2023-04-07,2023-05-07,2023-05-25,CLI-0151,SVC-008,DEPT-004,1,2500.0,0,2500.0,500.0,3000.0,Payée,2500.0,18,2023,4,2,20230407,20230507,20230525.0,Retard < 30j
FAC-2024-02002,2023-12-02,2024-01-01,,CLI-0146,SVC-018,DEPT-007,1,6500.0,0,6500.0,1300.0,7800.0,Partielle,4310.15,852,2023,12,4,20231202,20240101,,Contentieux > 90j
FAC-2024-02003,2024-12-11,2025-02-09,2025-02-27,CLI-0046,SVC-011,DEPT-004,1,4500.0,0,4500.0,900.0,5400.0,Payée,4500.0,18,2024,12,4,20241211,20250209,20250227.0,Retard < 30j
FAC-2024-02004,2023-10-30,2023-11-29,2023-12-28,CLI-0109,SVC-010,DEPT-004,44,45.0,5,1881.0,376.2,2257.2,Payée,1881.0,29,2023,10,4,20231030,20231129,20231228.0,Retard < 30j
FAC-2024-02005,2023-06-27,2023-07-27,2023-08-13,CLI-0115,SVC-014,DEPT-004,10,1500.0,0,15000.0,3000.0,18000.0,Payée,15000.0,17,2023,6,2,20230627,20230727,20230813.0,Retard < 30j
FAC-2024-02006,2023-12-03,2024-01-02,2024-01-06,CLI-0141,SVC-018,DEPT-007,1,6500.0,10,5850.0,1170.0,7020.0,Payée,5850.0,4,2023,12,4,20231203,20240102,20240106.0,Retard < 30j
FAC-2024-02007,2023-11-23,2024-01-07,2024-01-15,CLI-0108,SVC-018,DEPT-004,1,6500.0,10,5850.0,1170.0,7020.0,Payée,5850.0,8,2023,11,4,20231123,20240107,20240115.0,Retard < 30j
FAC-2024-02008,2023-08-18,2023-10-17,2023-10-17,CLI-0024,SVC-014,DEPT-003,9,1500.0,0,13500.0,2700.0,16200.0,Payée,13500.0,0,2023,8,3,20230818,20231017,20231017.0,Dans les délais
FAC-2024-02009,2023-12-04,2024-01-18,,CLI-0169,SVC-022,DEPT-004,4,600.0,5,2280.0,456.0,2736.0,Retard,0.0,835,2023,12,4,20231204,20240118,,Contentieux > 90j
FAC-2024-02010,2025-02-03,2025-03-20,2025-04-09,CLI-0037,SVC-011,DEPT-002,1,4500.0,0,4500.0,900.0,5400.0,Payée,4500.0,20,2025,2,1,20250203,20250320,20250409.0,Retard < 30j
FAC-2024-02011,2025-04-15,2025-05-15,,CLI-0176,SVC-012,DEPT-002,1,3200.0,5,3040.0,608.0,3648.0,Contentieux,0.0,352,2025,4,2,20250415,20250515,,Contentieux > 90j
FAC-2024-02012,2025-07-18,2025-09-16,,CLI-0196,SVC-021,DEPT-001,3,800.0,10,2160.0,432.0,2592.0,Partielle,851.4,228,2025,7,3,20250718,20250916,,Contentieux > 90j
FAC-2024-02013,2025-10-11,2025-11-10,,CLI-0156,SVC-004,DEPT-003,3,1200.0,10,3240.0,648.0,3888.0,Retard,0.0,173,2025,10,4,20251011,20251110,,Contentieux > 90j
FAC-2024-02014,2024-09-12,2024-10-27,2024-11-03,CLI-0075,SVC-013,DEPT-001,4,1100.0,0,4400.0,880.0,5280.0,Payée,4400.0,7,2024,9,3,20240912,20241027,20241103.0,Retard < 30j
FAC-2024-02015,2024-08-28,2024-10-27,2024-10-27,CLI-0005,SVC-001,DEPT-001,1,3500.0,0,3500.0,700.0,4200.0,Payée,3500.0,0,2024,8,3,20240828,20241027,20241027.0,Dans les délais
FAC-2024-02016,2023-09-01,2023-10-01,2023-10-21,CLI-0080,SVC-015,DEPT-001,1,2800.0,0,2800.0,560.0,3360.0,Payée,2800.0,20,2023,9,3,20230901,20231001,20231021.0,Retard < 30j
FAC-2024-02017,2024-12-03,2025-01-02,2025-01-27,CLI-0181,SVC-010,DEPT-007,25,45.0,0,1125.0,225.0,1350.0,Payée,1125.0,25,2024,12,4,20241203,20250102,20250127.0,Retard < 30j
FAC-2024-02018,2025-10-03,2025-11-17,2025-12-04,CLI-0180,SVC-002,DEPT-001,1,8500.0,15,7225.0,1445.0,8670.0,Payée,7225.0,17,2025,10,4,20251003,20251117,20251204.0,Retard < 30j
FAC-2024-02019,2025-08-27,2025-09-26,,CLI-0082,SVC-023,DEPT-004,7,750.0,5,4987.5,997.5,5985.0,Retard,0.0,218,2025,8,3,20250827,20250926,,Contentieux > 90j
FAC-2024-02020,2024-12-19,2025-03-19,2025-04-14,CLI-0179,SVC-020,DEPT-001,8,1400.0,15,9520.0,1904.0,11424.0,Payée,9520.0,26,2024,12,4,20241219,20250319,20250414.0,Retard < 30j
FAC-2024-02021,2023-07-08,2023-08-22,,CLI-0147,SVC-009,DEPT-001,1,180.0,0,180.0,36.0,216.0,Retard,0.0,984,2023,7,3,20230708,20230822,,Contentieux > 90j
FAC-2024-02022,2024-11-21,2024-12-21,2025-01-05,CLI-0142,SVC-013,DEPT-003,4,1100.0,5,4180.0,836.0,5016.0,Payée,4180.0,15,2024,11,4,20241121,20241221,20250105.0,Retard < 30j
FAC-2024-02023,2025-07-13,2025-08-12,2025-08-15,CLI-0170,SVC-023,DEPT-007,4,750.0,5,2850.0,570.0,3420.0,Payée,2850.0,3,2025,7,3,20250713,20250812,20250815.0,Retard < 30j
FAC-2024-02024,2025-06-29,2025-07-29,2025-08-10,CLI-0008,SVC-017,DEPT-007,1,950.0,0,950.0,190.0,1140.0,Payée,950.0,12,2025,6,2,20250629,20250729,20250810.0,Retard < 30j
FAC-2024-02025,2023-04-10,2023-05-25,2023-06-22,CLI-0124,SVC-018,DEPT-004,1,6500.0,0,6500.0,1300.0,7800.0,Payée,6500.0,28,2023,4,2,20230410,20230525,20230622.0,Retard < 30j
FAC-2024-02026,2024-08-23,2024-10-22,2024-11-07,CLI-0053,SVC-015,DEPT-004,1,2800.0,10,2520.0,504.0,3024.0,Payée,2520.0,16,2024,8,3,20240823,20241022,20241107.0,Retard < 30j
FAC-2024-02027,2023-11-14,2023-12-14,2023-12-14,CLI-0035,SVC-022,DEPT-004,2,600.0,0,1200.0,240.0,1440.0,Payée,1200.0,0,2023,11,4,20231114,20231214,20231214.0,Dans les délais
FAC-2024-02028,2023-03-31,2023-04-30,2023-05-26,CLI-0054,SVC-013,DEPT-002,5,1100.0,0,5500.0,1100.0,6600.0,Payée,5500.0,26,2023,3,1,20230331,20230430,20230526.0,Retard < 30j
FAC-2024-02029,2023-08-26,2023-10-10,2023-10-10,CLI-0139,SVC-023,DEPT-004,2,750.0,0,1500.0,300.0,1800.0,Payée,1500.0,0,2023,8,3,20230826,20231010,20231010.0,Dans les délais
FAC-2024-02030,2025-05-30,2025-07-14,2025-08-01,CLI-0154,SVC-012,DEPT-007,1,3200.0,0,3200.0,640.0,3840.0,Payée,3200.0,18,2025,5,2,20250530,20250714,20250801.0,Retard < 30j
FAC-2024-02031,2025-08-28,2025-10-12,2025-11-03,CLI-0033,SVC-014,DEPT-001,1,1500.0,0,1500.0,300.0,1800.0,Payée,1500.0,22,2025,8,3,20250828,20251012,20251103.0,Retard < 30j
FAC-2024-02032,2024-06-22,2024-08-06,,CLI-0019,SVC-003,DEPT-004,1,22000.0,10,19800.0,3960.0,23760.0,Retard,0.0,634,2024,6,2,20240622,20240806,,Contentieux > 90j
FAC-2024-02033,2024-05-13,2024-06-12,,CLI-0127,SVC-017,DEPT-002,1,950.0,10,855.0,171.0,1026.0,Partielle,308.23,689,2024,5,2,20240513,20240612,,Contentieux > 90j
FAC-2024-02034,2024-01-18,2024-02-17,,CLI-0027,SVC-019,DEPT-003,8,180.0,0,1440.0,288.0,1728.0,Contentieux,0.0,805,2024,1,1,20240118,20240217,,Contentieux > 90j
FAC-2024-02035,2025-09-05,2025-10-20,,CLI-0171,SVC-009,DEPT-002,1,180.0,0,180.0,36.0,216.0,Retard,0.0,194,2025,9,3,20250905,20251020,,Contentieux > 90j
FAC-2024-02036,2023-08-26,2023-09-25,2023-10-09,CLI-0178,SVC-014,DEPT-002,9,1500.0,0,13500.0,2700.0,16200.0,Payée,13500.0,14,2023,8,3,20230826,20230925,20231009.0,Retard < 30j
FAC-2024-02037,2025-01-31,2025-05-01,,CLI-0125,SVC-001,DEPT-001,1,3500.0,0,3500.0,700.0,4200.0,Retard,0.0,366,2025,1,1,20250131,20250501,,Contentieux > 90j
FAC-2024-02038,2024-06-28,2024-07-28,2024-07-31,CLI-0162,SVC-022,DEPT-003,10,600.0,0,6000.0,1200.0,7200.0,Payée,6000.0,3,2024,6,2,20240628,20240728,20240731.0,Retard < 30j
FAC-2024-02039,2024-03-13,2024-04-12,2024-05-07,CLI-0076,SVC-016,DEPT-002,1,1800.0,0,1800.0,360.0,2160.0,Payée,1800.0,25,2024,3,1,20240313,20240412,20240507.0,Retard < 30j
FAC-2024-02040,2025-03-05,2025-04-19,2025-04-19,CLI-0031,SVC-006,DEPT-002,1,450.0,0,450.0,90.0,540.0,Payée,450.0,0,2025,3,1,20250305,20250419,20250419.0,Dans les délais
FAC-2024-02041,2023-10-25,2023-11-24,2023-12-21,CLI-0041,SVC-017,DEPT-001,1,950.0,10,855.0,171.0,1026.0,Payée,855.0,27,2023,10,4,20231025,20231124,20231221.0,Retard < 30j
FAC-2024-02042,2024-05-20,2024-07-19,2024-08-06,CLI-0173,SVC-006,DEPT-002,1,450.0,5,427.5,85.5,513.0,Payée,427.5,18,2024,5,2,20240520,20240719,20240806.0,Retard < 30j
FAC-2024-02043,2023-05-03,2023-06-02,2023-06-22,CLI-0084,SVC-014,DEPT-001,7,1500.0,0,10500.0,2100.0,12600.0,Payée,10500.0,20,2023,5,2,20230503,20230602,20230622.0,Retard < 30j
FAC-2024-02044,2025-02-04,2025-03-21,,CLI-0058,SVC-022,DEPT-002,7,600.0,0,4200.0,840.0,5040.0,Retard,0.0,407,2025,2,1,20250204,20250321,,Contentieux > 90j
FAC-2024-02045,2025-11-09,2025-12-09,2025-12-14,CLI-0041,SVC-016,DEPT-002,1,1800.0,10,1620.0,324.0,1944.0,Payée,1620.0,5,2025,11,4,20251109,20251209,20251214.0,Retard < 30j
FAC-2024-02046,2024-08-12,2024-09-26,2024-09-26,CLI-0183,SVC-017,DEPT-004,1,950.0,0,950.0,190.0,1140.0,Payée,950.0,0,2024,8,3,20240812,20240926,20240926.0,Dans les délais
FAC-2024-02047,2023-06-23,2023-08-07,,CLI-0019,SVC-018,DEPT-001,1,6500.0,5,6175.0,1235.0,7410.0,Retard,0.0,999,2023,6,2,20230623,20230807,,Contentieux > 90j
FAC-2024-02048,2025-03-16,2025-04-30,,CLI-0117,SVC-009,DEPT-003,1,180.0,0,180.0,36.0,216.0,Retard,0.0,367,2025,3,1,20250316,20250430,,Contentieux > 90j
FAC-2024-02049,2024-10-31,2024-12-15,,CLI-0096,SVC-018,DEPT-004,1,6500.0,10,5850.0,1170.0,7020.0,Partielle,3129.49,503,2024,10,4,20241031,20241215,,Contentieux > 90j
FAC-2024-02050,2023-10-09,2023-11-23,,CLI-0123,SVC-023,DEPT-003,8,750.0,0,6000.0,1200.0,7200.0,Retard,0.0,891,2023,10,4,20231009,20231123,,Contentieux > 90j
FAC-2024-02051,2023-05-09,2023-07-08,2023-07-20,CLI-0164,SVC-017,DEPT-003,1,950.0,0,950.0,190.0,1140.0,Payée,950.0,12,2023,5,2,20230509,20230708,20230720.0,Retard < 30j
FAC-2024-02052,2024-04-11,2024-05-11,,CLI-0181,SVC-017,DEPT-007,1,950.0,0,950.0,190.0,1140.0,Partielle,715.93,721,2024,4,2,20240411,20240511,,Contentieux > 90j
FAC-2024-02053,2024-09-19,2024-10-19,2024-11-09,CLI-0057,SVC-012,DEPT-003,1,3200.0,0,3200.0,640.0,3840.0,Payée,3200.0,21,2024,9,3,20240919,20241019,20241109.0,Retard < 30j
FAC-2024-02054,2025-05-18,2025-06-17,,CLI-0084,SVC-020,DEPT-003,4,1400.0,5,5320.0,1064.0,6384.0,Partielle,1966.48,319,2025,5,2,20250518,20250617,,Contentieux > 90j
FAC-2024-02055,2025-01-10,2025-02-09,2025-03-05,CLI-0057,SVC-022,DEPT-007,9,600.0,0,5400.0,1080.0,6480.0,Payée,5400.0,24,2025,1,1,20250110,20250209,20250305.0,Retard < 30j
FAC-2024-02056,2023-08-29,2023-10-13,,CLI-0160,SVC-006,DEPT-002,1,450.0,5,427.5,85.5,513.0,Partielle,264.75,932,2023,8,3,20230829,20231013,,Contentieux > 90j
FAC-2024-02057,2024-11-21,2025-01-05,,CLI-0183,SVC-021,DEPT-003,3,800.0,10,2160.0,432.0,2592.0,Retard,0.0,482,2024,11,4,20241121,20250105,,Contentieux > 90j
FAC-2024-02058,2025-09-18,2025-10-18,2025-11-03,CLI-0076,SVC-013,DEPT-002,5,1100.0,10,4950.0,990.0,5940.0,Payée,4950.0,16,2025,9,3,20250918,20251018,20251103.0,Retard < 30j
FAC-2024-02059,2023-05-28,2023-06-27,2023-07-27,CLI-0082,SVC-020,DEPT-004,5,1400.0,0,7000.0,1400.0,8400.0,Payée,7000.0,30,2023,5,2,20230528,20230627,20230727.0,Retard < 30j
FAC-2024-02060,2024-01-22,2024-03-07,2024-04-02,CLI-0001,SVC-003,DEPT-004,1,22000.0,10,19800.0,3960.0,23760.0,Payée,19800.0,26,2024,1,1,20240122,20240307,20240402.0,Retard < 30j
FAC-2024-02061,2024-07-21,2024-09-04,2024-09-04,CLI-0169,SVC-019,DEPT-004,18,180.0,0,3240.0,648.0,3888.0,Payée,3240.0,0,2024,7,3,20240721,20240904,20240904.0,Dans les délais
FAC-2024-02062,2023-08-10,2023-09-24,2023-09-26,CLI-0192,SVC-016,DEPT-002,1,1800.0,0,1800.0,360.0,2160.0,Payée,1800.0,2,2023,8,3,20230810,20230924,20230926.0,Retard < 30j
FAC-2024-02063,2025-01-10,2025-02-24,2025-02-25,CLI-0055,SVC-004,DEPT-007,1,1200.0,0,1200.0,240.0,1440.0,Payée,1200.0,1,2025,1,1,20250110,20250224,20250225.0,Retard < 30j
FAC-2024-02064,2023-09-18,2023-11-17,,CLI-0165,SVC-009,DEPT-002,1,180.0,5,171.0,34.2,205.2,Partielle,110.01,897,2023,9,3,20230918,20231117,,Contentieux > 90j
FAC-2024-02065,2023-05-03,2023-06-02,,CLI-0013,SVC-022,DEPT-003,1,600.0,0,600.0,120.0,720.0,Contentieux,0.0,1065,2023,5,2,20230503,20230602,,Contentieux > 90j
FAC-2024-02066,2024-05-07,2024-07-06,2024-07-18,CLI-0091,SVC-014,DEPT-007,4,1500.0,0,6000.0,1200.0,7200.0,Payée,6000.0,12,2024,5,2,20240507,20240706,20240718.0,Retard < 30j
FAC-2024-02067,2023-11-07,2023-12-07,2023-12-16,CLI-0111,SVC-008,DEPT-002,1,2500.0,0,2500.0,500.0,3000.0,Payée,2500.0,9,2023,11,4,20231107,20231207,20231216.0,Retard < 30j
FAC-2024-02068,2023-02-05,2023-03-22,2023-04-03,CLI-0123,SVC-007,DEPT-004,1,1200.0,15,1020.0,204.0,1224.0,Payée,1020.0,12,2023,2,1,20230205,20230322,20230403.0,Retard < 30j
FAC-2024-02069,2024-05-19,2024-07-03,2024-07-08,CLI-0039,SVC-004,DEPT-002,7,1200.0,0,8400.0,1680.0,10080.0,Payée,8400.0,5,2024,5,2,20240519,20240703,20240708.0,Retard < 30j
FAC-2024-02070,2023-08-08,2023-10-07,,CLI-0069,SVC-009,DEPT-004,1,180.0,0,180.0,36.0,216.0,Retard,0.0,938,2023,8,3,20230808,20231007,,Contentieux > 90j
FAC-2024-02071,2025-03-02,2025-04-16,2025-04-16,CLI-0177,SVC-020,DEPT-004,8,1400.0,0,11200.0,2240.0,13440.0,Payée,11200.0,0,2025,3,1,20250302,20250416,20250416.0,Dans les délais
FAC-2024-02072,2023-11-04,2023-12-19,2024-01-07,CLI-0139,SVC-015,DEPT-001,1,2800.0,5,2660.0,532.0,3192.0,Payée,2660.0,19,2023,11,4,20231104,20231219,20240107.0,Retard < 30j
FAC-2024-02073,2024-02-25,2024-03-26,2024-04-23,CLI-0166,SVC-009,DEPT-003,1,180.0,10,162.0,32.4,194.4,Payée,162.0,28,2024,2,1,20240225,20240326,20240423.0,Retard < 30j
FAC-2024-02074,2025-10-19,2025-11-18,2025-12-11,CLI-0102,SVC-001,DEPT-007,1,3500.0,0,3500.0,700.0,4200.0,Payée,3500.0,23,2025,10,4,20251019,20251118,20251211.0,Retard < 30j
FAC-2024-02075,2023-10-23,2023-11-22,2023-12-11,CLI-0063,SVC-012,DEPT-002,1,3200.0,5,3040.0,608.0,3648.0,Payée,3040.0,19,2023,10,4,20231023,20231122,20231211.0,Retard < 30j
FAC-2024-02076,2024-03-22,2024-04-21,2024-05-01,CLI-0128,SVC-007,DEPT-003,1,1200.0,0,1200.0,240.0,1440.0,Payée,1200.0,10,2024,3,1,20240322,20240421,20240501.0,Retard < 30j
FAC-2024-02077,2025-08-19,2025-09-18,2025-09-18,CLI-0072,SVC-013,DEPT-004,1,1100.0,5,1045.0,209.0,1254.0,Payée,1045.0,0,2025,8,3,20250819,20250918,20250918.0,Dans les délais
FAC-2024-02078,2024-12-07,2025-01-06,2025-01-29,CLI-0006,SVC-013,DEPT-004,6,1100.0,0,6600.0,1320.0,7920.0,Payée,6600.0,23,2024,12,4,20241207,20250106,20250129.0,Retard < 30j
FAC-2024-02079,2024-06-06,2024-07-06,2024-07-17,CLI-0027,SVC-014,DEPT-004,6,1500.0,0,9000.0,1800.0,10800.0,Payée,9000.0,11,2024,6,2,20240606,20240706,20240717.0,Retard < 30j
FAC-2024-02080,2024-03-24,2024-05-08,2024-06-05,CLI-0049,SVC-006,DEPT-002,1,450.0,10,405.0,81.0,486.0,Payée,405.0,28,2024,3,1,20240324,20240508,20240605.0,Retard < 30j
FAC-2024-02081,2025-01-16,2025-03-02,2025-03-07,CLI-0011,SVC-013,DEPT-001,1,1100.0,5,1045.0,209.0,1254.0,Payée,1045.0,5,2025,1,1,20250116,20250302,20250307.0,Retard < 30j
FAC-2024-02082,2023-04-13,2023-05-13,,CLI-0187,SVC-023,DEPT-003,5,750.0,0,3750.0,750.0,4500.0,Partielle,1974.56,1085,2023,4,2,20230413,20230513,,Contentieux > 90j
FAC-2024-02083,2024-07-24,2024-09-07,2024-10-05,CLI-0045,SVC-014,DEPT-001,3,1500.0,0,4500.0,900.0,5400.0,Payée,4500.0,28,2024,7,3,20240724,20240907,20241005.0,Retard < 30j
FAC-2024-02084,2023-04-17,2023-05-17,,CLI-0072,SVC-003,DEPT-002,1,22000.0,0,22000.0,4400.0,26400.0,Retard,0.0,1081,2023,4,2,20230417,20230517,,Contentieux > 90j
FAC-2024-02085,2025-08-21,2025-09-20,,CLI-0092,SVC-018,DEPT-002,1,6500.0,10,5850.0,1170.0,7020.0,Partielle,2446.02,224,2025,8,3,20250821,20250920,,Contentieux > 90j
FAC-2024-02086,2023-06-07,2023-08-06,2023-08-12,CLI-0184,SVC-023,DEPT-007,2,750.0,5,1425.0,285.0,1710.0,Payée,1425.0,6,2023,6,2,20230607,20230806,20230812.0,Retard < 30j
FAC-2024-02087,2025-01-25,2025-03-11,2025-03-17,CLI-0039,SVC-015,DEPT-002,1,2800.0,5,2660.0,532.0,3192.0,Payée,2660.0,6,2025,1,1,20250125,20250311,20250317.0,Retard < 30j
FAC-2024-02088,2023-12-18,2024-01-17,2024-01-17,CLI-0003,SVC-011,DEPT-007,1,4500.0,5,4275.0,855.0,5130.0,Payée,4275.0,0,2023,12,4,20231218,20240117,20240117.0,Dans les délais
FAC-2024-02089,2025-03-17,2025-04-16,2025-04-20,CLI-0156,SVC-002,DEPT-002,1,8500.0,0,8500.0,1700.0,10200.0,Payée,8500.0,4,2025,3,1,20250317,20250416,20250420.0,Retard < 30j
FAC-2024-02090,2025-01-22,2025-03-08,2025-04-01,CLI-0075,SVC-020,DEPT-002,10,1400.0,5,13300.0,2660.0,15960.0,Payée,13300.0,24,2025,1,1,20250122,20250308,20250401.0,Retard < 30j
FAC-2024-02091,2024-05-23,2024-06-22,,CLI-0035,SVC-023,DEPT-001,3,750.0,5,2137.5,427.5,2565.0,Retard,0.0,679,2024,5,2,20240523,20240622,,Contentieux > 90j
FAC-2024-02092,2023-01-02,2023-02-01,2023-02-27,CLI-0121,SVC-005,DEPT-004,1,15000.0,0,15000.0,3000.0,18000.0,Payée,15000.0,26,2023,1,1,20230102,20230201,20230227.0,Retard < 30j
FAC-2024-02093,2025-04-07,2025-05-22,2025-06-19,CLI-0169,SVC-018,DEPT-003,1,6500.0,10,5850.0,1170.0,7020.0,Payée,5850.0,28,2025,4,2,20250407,20250522,20250619.0,Retard < 30j
FAC-2024-02094,2025-04-09,2025-05-24,2025-06-20,CLI-0185,SVC-019,DEPT-004,10,180.0,0,1800.0,360.0,2160.0,Payée,1800.0,27,2025,4,2,20250409,20250524,20250620.0,Retard < 30j
FAC-2024-02095,2024-02-28,2024-03-29,,CLI-0041,SVC-002,DEPT-003,1,8500.0,0,8500.0,1700.0,10200.0,Contentieux,0.0,764,2024,2,1,20240228,20240329,,Contentieux > 90j
FAC-2024-02096,2025-04-24,2025-06-08,2025-06-23,CLI-0037,SVC-020,DEPT-004,7,1400.0,0,9800.0,1960.0,11760.0,Payée,9800.0,15,2025,4,2,20250424,20250608,20250623.0,Retard < 30j
FAC-2024-02097,2024-03-17,2024-05-01,2024-05-05,CLI-0059,SVC-001,DEPT-004,1,3500.0,0,3500.0,700.0,4200.0,Payée,3500.0,4,2024,3,1,20240317,20240501,20240505.0,Retard < 30j
FAC-2024-02098,2023-10-14,2023-11-28,2023-12-07,CLI-0180,SVC-024,DEPT-004,5,700.0,0,3500.0,700.0,4200.0,Payée,3500.0,9,2023,10,4,20231014,20231128,20231207.0,Retard < 30j
FAC-2024-02099,2025-03-28,2025-04-27,2025-05-05,CLI-0080,SVC-016,DEPT-004,1,1800.0,0,1800.0,360.0,2160.0,Payée,1800.0,8,2025,3,1,20250328,20250427,20250505.0,Retard < 30j
FAC-2024-02100,2023-04-16,2023-05-31,,CLI-0042,SVC-014,DEPT-003,4,1500.0,10,5400.0,1080.0,6480.0,Partielle,4111.42,1067,2023,4,2,20230416,20230531,,Contentieux > 90j
FAC-2024-02101,2024-12-18,2025-02-01,2025-02-23,CLI-0119,SVC-002,DEPT-001,1,8500.0,0,8500.0,1700.0,10200.0,Payée,8500.0,22,2024,12,4,20241218,20250201,20250223.0,Retard < 30j
FAC-2024-02102,2024-12-27,2025-02-10,2025-03-07,CLI-0183,SVC-010,DEPT-001,33,45.0,0,1485.0,297.0,1782.0,Payée,1485.0,25,2024,12,4,20241227,20250210,20250307.0,Retard < 30j
FAC-2024-02103,2024-02-01,2024-03-02,2024-03-02,CLI-0111,SVC-011,DEPT-001,1,4500.0,0,4500.0,900.0,5400.0,Payée,4500.0,0,2024,2,1,20240201,20240302,20240302.0,Dans les délais
FAC-2024-02104,2024-07-06,2024-09-04,2024-10-02,CLI-0046,SVC-024,DEPT-003,1,700.0,0,700.0,140.0,840.0,Payée,700.0,28,2024,7,3,20240706,20240904,20241002.0,Retard < 30j
FAC-2024-02105,2025-04-06,2025-05-06,2025-05-23,CLI-0007,SVC-015,DEPT-007,1,2800.0,0,2800.0,560.0,3360.0,Payée,2800.0,17,2025,4,2,20250406,20250506,20250523.0,Retard < 30j
FAC-2024-02106,2025-01-23,2025-03-24,2025-04-16,CLI-0103,SVC-010,DEPT-004,4,45.0,10,162.0,32.4,194.4,Payée,162.0,23,2025,1,1,20250123,20250324,20250416.0,Retard < 30j
FAC-2024-02107,2023-03-16,2023-04-30,2023-05-27,CLI-0136,SVC-017,DEPT-001,1,950.0,5,902.5,180.5,1083.0,Payée,902.5,27,2023,3,1,20230316,20230430,20230527.0,Retard < 30j
FAC-2024-02108,2024-11-07,2024-12-22,2024-12-26,CLI-0048,SVC-013,DEPT-002,8,1100.0,5,8360.0,1672.0,10032.0,Payée,8360.0,4,2024,11,4,20241107,20241222,20241226.0,Retard < 30j
FAC-2024-02109,2025-02-25,2025-04-11,2025-04-11,CLI-0059,SVC-003,DEPT-003,1,22000.0,0,22000.0,4400.0,26400.0,Payée,22000.0,0,2025,2,1,20250225,20250411,20250411.0,Dans les délais
FAC-2024-02110,2024-02-03,2024-03-19,2024-03-23,CLI-0004,SVC-005,DEPT-004,1,15000.0,0,15000.0,3000.0,18000.0,Payée,15000.0,4,2024,2,1,20240203,20240319,20240323.0,Retard < 30j
FAC-2024-02111,2024-06-06,2024-07-21,2024-07-21,CLI-0169,SVC-019,DEPT-003,8,180.0,0,1440.0,288.0,1728.0,Payée,1440.0,0,2024,6,2,20240606,20240721,20240721.0,Dans les délais
FAC-2024-02112,2024-03-24,2024-05-23,,CLI-0149,SVC-003,DEPT-004,1,22000.0,0,22000.0,4400.0,26400.0,Contentieux,0.0,709,2024,3,1,20240324,20240523,,Contentieux > 90j
FAC-2024-02113,2025-07-30,2025-09-13,2025-10-01,CLI-0037,SVC-003,DEPT-004,1,22000.0,10,19800.0,3960.0,23760.0,Payée,19800.0,18,2025,7,3,20250730,20250913,20251001.0,Retard < 30j
FAC-2024-02114,2024-11-08,2024-12-08,,CLI-0083,SVC-019,DEPT-007,12,180.0,0,2160.0,432.0,2592.0,Retard,0.0,510,2024,11,4,20241108,20241208,,Contentieux > 90j
FAC-2024-02115,2024-07-25,2024-09-08,2024-09-08,CLI-0160,SVC-022,DEPT-004,10,600.0,5,5700.0,1140.0,6840.0,Payée,5700.0,0,2024,7,3,20240725,20240908,20240908.0,Dans les délais
FAC-2024-02116,2024-11-03,2025-01-02,2025-01-22,CLI-0149,SVC-009,DEPT-001,1,180.0,10,162.0,32.4,194.4,Payée,162.0,20,2024,11,4,20241103,20250102,20250122.0,Retard < 30j
FAC-2024-02117,2024-06-11,2024-07-26,2024-08-04,CLI-0180,SVC-010,DEPT-002,7,45.0,10,283.5,56.7,340.2,Payée,283.5,9,2024,6,2,20240611,20240726,20240804.0,Retard < 30j
FAC-2024-02118,2023-07-21,2023-09-19,2023-10-10,CLI-0144,SVC-005,DEPT-004,1,15000.0,5,14250.0,2850.0,17100.0,Payée,14250.0,21,2023,7,3,20230721,20230919,20231010.0,Retard < 30j
FAC-2024-02119,2024-11-09,2024-12-24,2025-01-18,CLI-0133,SVC-019,DEPT-001,11,180.0,0,1980.0,396.0,2376.0,Payée,1980.0,25,2024,11,4,20241109,20241224,20250118.0,Retard < 30j
FAC-2024-02120,2025-06-11,2025-07-11,2025-08-01,CLI-0099,SVC-002,DEPT-004,1,8500.0,0,8500.0,1700.0,10200.0,Payée,8500.0,21,2025,6,2,20250611,20250711,20250801.0,Retard < 30j
FAC-2024-02121,2025-01-28,2025-02-27,2025-03-25,CLI-0008,SVC-011,DEPT-004,1,4500.0,0,4500.0,900.0,5400.0,Payée,4500.0,26,2025,1,1,20250128,20250227,20250325.0,Retard < 30j
FAC-2024-02122,2025-04-10,2025-07-09,2025-07-19,CLI-0179,SVC-007,DEPT-007,1,1200.0,0,1200.0,240.0,1440.0,Payée,1200.0,10,2025,4,2,20250410,20250709,20250719.0,Retard < 30j
FAC-2024-02123,2023-11-23,2023-12-23,2023-12-23,CLI-0051,SVC-011,DEPT-001,1,4500.0,0,4500.0,900.0,5400.0,Payée,4500.0,0,2023,11,4,20231123,20231223,20231223.0,Dans les délais
FAC-2024-02124,2023-01-18,2023-02-17,2023-02-17,CLI-0026,SVC-003,DEPT-002,1,22000.0,0,22000.0,4400.0,26400.0,Payée,22000.0,0,2023,1,1,20230118,20230217,20230217.0,Dans les délais
FAC-2024-02125,2025-08-23,2025-09-22,2025-10-10,CLI-0016,SVC-001,DEPT-003,1,3500.0,0,3500.0,700.0,4200.0,Payée,3500.0,18,2025,8,3,20250823,20250922,20251010.0,Retard < 30j
FAC-2024-02126,2023-03-24,2023-05-08,2023-05-09,CLI-0175,SVC-003,DEPT-001,1,22000.0,0,22000.0,4400.0,26400.0,Payée,22000.0,1,2023,3,1,20230324,20230508,20230509.0,Retard < 30j
FAC-2024-02127,2023-03-22,2023-04-21,,CLI-0178,SVC-003,DEPT-002,1,22000.0,5,20900.0,4180.0,25080.0,Retard,0.0,1107,2023,3,1,20230322,20230421,,Contentieux > 90j
FAC-2024-02128,2025-10-01,2025-10-31,2025-11-28,CLI-0052,SVC-013,DEPT-001,2,1100.0,0,2200.0,440.0,2640.0,Payée,2200.0,28,2025,10,4,20251001,20251031,20251128.0,Retard < 30j
FAC-2024-02129,2023-10-11,2023-11-10,,CLI-0186,SVC-010,DEPT-007,5,45.0,0,225.0,45.0,270.0,Partielle,85.21,904,2023,10,4,20231011,20231110,,Contentieux > 90j
FAC-2024-02130,2024-04-03,2024-05-03,2024-05-19,CLI-0029,SVC-016,DEPT-002,1,1800.0,5,1710.0,342.0,2052.0,Payée,1710.0,16,2024,4,2,20240403,20240503,20240519.0,Retard < 30j
FAC-2024-02131,2025-01-04,2025-02-18,2025-03-10,CLI-0147,SVC-015,DEPT-004,1,2800.0,15,2380.0,476.0,2856.0,Payée,2380.0,20,2025,1,1,20250104,20250218,20250310.0,Retard < 30j
FAC-2024-02132,2024-10-30,2024-12-29,2025-01-02,CLI-0074,SVC-010,DEPT-001,14,45.0,0,630.0,126.0,756.0,Payée,630.0,4,2024,10,4,20241030,20241229,20250102.0,Retard < 30j
FAC-2024-02133,2023-08-30,2023-10-29,,CLI-0024,SVC-002,DEPT-002,1,8500.0,0,8500.0,1700.0,10200.0,Contentieux,0.0,916,2023,8,3,20230830,20231029,,Contentieux > 90j
FAC-2024-02134,2023-05-31,2023-07-15,,CLI-0047,SVC-024,DEPT-007,5,700.0,5,3325.0,665.0,3990.0,Retard,0.0,1022,2023,5,2,20230531,20230715,,Contentieux > 90j
FAC-2024-02135,2025-09-13,2025-10-28,,CLI-0075,SVC-023,DEPT-007,7,750.0,0,5250.0,1050.0,6300.0,Partielle,3329.21,186,2025,9,3,20250913,20251028,,Contentieux > 90j
FAC-2024-02136,2024-03-05,2024-06-03,2024-06-23,CLI-0179,SVC-010,DEPT-002,31,45.0,5,1325.25,265.05,1590.3,Payée,1325.25,20,2024,3,1,20240305,20240603,20240623.0,Retard < 30j
FAC-2024-02137,2023-04-11,2023-05-11,,CLI-0109,SVC-003,DEPT-002,1,22000.0,0,22000.0,4400.0,26400.0,Partielle,9374.0,1087,2023,4,2,20230411,20230511,,Contentieux > 90j
FAC-2024-02138,2025-03-25,2025-05-09,,CLI-0154,SVC-015,DEPT-003,1,2800.0,5,2660.0,532.0,3192.0,Partielle,1395.98,358,2025,3,1,20250325,20250509,,Contentieux > 90j
FAC-2024-02139,2024-10-06,2024-11-05,2024-11-10,CLI-0134,SVC-022,DEPT-003,10,600.0,10,5400.0,1080.0,6480.0,Payée,5400.0,5,2024,10,4,20241006,20241105,20241110.0,Retard < 30j
FAC-2024-02140,2025-09-24,2025-11-08,2025-11-08,CLI-0132,SVC-003,DEPT-002,1,22000.0,10,19800.0,3960.0,23760.0,Payée,19800.0,0,2025,9,3,20250924,20251108,20251108.0,Dans les délais
FAC-2024-02141,2025-10-11,2025-11-25,,CLI-0075,SVC-017,DEPT-004,1,950.0,15,807.5,161.5,969.0,Partielle,533.27,158,2025,10,4,20251011,20251125,,Contentieux > 90j
FAC-2024-02142,2025-01-08,2025-02-22,,CLI-0011,SVC-001,DEPT-003,1,3500.0,5,3325.0,665.0,3990.0,Retard,0.0,434,2025,1,1,20250108,20250222,,Contentieux > 90j
FAC-2024-02143,2023-08-03,2023-10-02,,CLI-0107,SVC-001,DEPT-007,1,3500.0,0,3500.0,700.0,4200.0,Retard,0.0,943,2023,8,3,20230803,20231002,,Contentieux > 90j
FAC-2024-02144,2023-10-30,2023-11-29,,CLI-0060,SVC-007,DEPT-007,1,1200.0,0,1200.0,240.0,1440.0,Retard,0.0,885,2023,10,4,20231030,20231129,,Contentieux > 90j
FAC-2024-02145,2025-03-11,2025-04-25,,CLI-0088,SVC-017,DEPT-007,1,950.0,10,855.0,171.0,1026.0,Contentieux,0.0,372,2025,3,1,20250311,20250425,,Contentieux > 90j
FAC-2024-02146,2025-06-09,2025-07-09,,CLI-0186,SVC-007,DEPT-001,1,1200.0,5,1140.0,228.0,1368.0,Retard,0.0,297,2025,6,2,20250609,20250709,,Contentieux > 90j
FAC-2024-02147,2024-08-17,2024-09-16,2024-09-29,CLI-0142,SVC-024,DEPT-003,9,700.0,15,5355.0,1071.0,6426.0,Payée,5355.0,13,2024,8,3,20240817,20240916,20240929.0,Retard < 30j
FAC-2024-02148,2023-05-09,2023-07-08,2023-08-01,CLI-0005,SVC-014,DEPT-007,8,1500.0,10,10800.0,2160.0,12960.0,Payée,10800.0,24,2023,5,2,20230509,20230708,20230801.0,Retard < 30j
FAC-2024-02149,2024-10-07,2024-11-21,2024-12-02,CLI-0175,SVC-008,DEPT-003,1,2500.0,10,2250.0,450.0,2700.0,Payée,2250.0,11,2024,10,4,20241007,20241121,20241202.0,Retard < 30j
FAC-2024-02150,2024-04-14,2024-05-14,2024-06-03,CLI-0200,SVC-002,DEPT-003,1,8500.0,5,8075.0,1615.0,9690.0,Payée,8075.0,20,2024,4,2,20240414,20240514,20240603.0,Retard < 30j
FAC-2024-02151,2024-04-14,2024-05-14,,CLI-0002,SVC-017,DEPT-004,1,950.0,0,950.0,190.0,1140.0,Contentieux,0.0,718,2024,4,2,20240414,20240514,,Contentieux > 90j
FAC-2024-02152,2023-01-05,2023-02-19,2023-03-03,CLI-0075,SVC-013,DEPT-007,7,1100.0,0,7700.0,1540.0,9240.0,Payée,7700.0,12,2023,1,1,20230105,20230219,20230303.0,Retard < 30j
FAC-2024-02153,2023-02-03,2023-03-20,,CLI-0167,SVC-014,DEPT-003,9,1500.0,10,12150.0,2430.0,14580.0,Retard,0.0,1139,2023,2,1,20230203,20230320,,Contentieux > 90j
FAC-2024-02154,2023-04-15,2023-05-30,2023-06-29,CLI-0183,SVC-022,DEPT-003,8,600.0,15,4080.0,816.0,4896.0,Payée,4080.0,30,2023,4,2,20230415,20230530,20230629.0,Retard < 30j
FAC-2024-02155,2025-03-07,2025-04-21,2025-05-20,CLI-0037,SVC-008,DEPT-002,1,2500.0,0,2500.0,500.0,3000.0,Payée,2500.0,29,2025,3,1,20250307,20250421,20250520.0,Retard < 30j
FAC-2024-02156,2025-05-29,2025-07-13,2025-08-07,CLI-0004,SVC-022,DEPT-001,2,600.0,0,1200.0,240.0,1440.0,Payée,1200.0,25,2025,5,2,20250529,20250713,20250807.0,Retard < 30j
FAC-2024-02157,2024-06-12,2024-07-27,2024-08-07,CLI-0031,SVC-005,DEPT-004,1,15000.0,0,15000.0,3000.0,18000.0,Payée,15000.0,11,2024,6,2,20240612,20240727,20240807.0,Retard < 30j
FAC-2024-02158,2024-02-22,2024-03-23,,CLI-0050,SVC-014,DEPT-003,3,1500.0,0,4500.0,900.0,5400.0,Retard,0.0,770,2024,2,1,20240222,20240323,,Contentieux > 90j
FAC-2024-02159,2023-05-21,2023-07-05,2023-07-07,CLI-0098,SVC-018,DEPT-001,1,6500.0,0,6500.0,1300.0,7800.0,Payée,6500.0,2,2023,5,2,20230521,20230705,20230707.0,Retard < 30j
FAC-2024-02160,2024-07-07,2024-08-21,2024-09-13,CLI-0075,SVC-003,DEPT-003,1,22000.0,15,18700.0,3740.0,22440.0,Payée,18700.0,23,2024,7,3,20240707,20240821,20240913.0,Retard < 30j
FAC-2024-02161,2025-12-30,2026-02-13,2026-02-25,CLI-0039,SVC-017,DEPT-001,1,950.0,0,950.0,190.0,1140.0,Payée,950.0,12,2025,12,4,20251230,20260213,20260225.0,Retard < 30j
FAC-2024-02162,2024-12-24,2025-02-07,,CLI-0112,SVC-003,DEPT-007,1,22000.0,0,22000.0,4400.0,26400.0,Retard,0.0,449,2024,12,4,20241224,20250207,,Contentieux > 90j
FAC-2024-02163,2023-02-07,2023-03-09,,CLI-0080,SVC-024,DEPT-001,10,700.0,10,6300.0,1260.0,7560.0,Retard,0.0,1150,2023,2,1,20230207,20230309,,Contentieux > 90j
FAC-2024-02164,2023-10-26,2023-12-10,2024-01-08,CLI-0019,SVC-006,DEPT-002,1,450.0,0,450.0,90.0,540.0,Payée,450.0,29,2023,10,4,20231026,20231210,20240108.0,Retard < 30j
FAC-2024-02165,2024-12-20,2025-01-19,2025-02-10,CLI-0148,SVC-021,DEPT-001,1,800.0,0,800.0,160.0,960.0,Payée,800.0,22,2024,12,4,20241220,20250119,20250210.0,Retard < 30j
FAC-2024-02166,2024-03-10,2024-04-09,2024-04-09,CLI-0158,SVC-013,DEPT-002,3,1100.0,0,3300.0,660.0,3960.0,Payée,3300.0,0,2024,3,1,20240310,20240409,20240409.0,Dans les délais
FAC-2024-02167,2025-07-26,2025-08-25,2025-09-01,CLI-0152,SVC-018,DEPT-001,1,6500.0,0,6500.0,1300.0,7800.0,Payée,6500.0,7,2025,7,3,20250726,20250825,20250901.0,Retard < 30j
FAC-2024-02168,2024-01-21,2024-03-06,2024-03-24,CLI-0011,SVC-015,DEPT-003,1,2800.0,0,2800.0,560.0,3360.0,Payée,2800.0,18,2024,1,1,20240121,20240306,20240324.0,Retard < 30j
FAC-2024-02169,2023-01-16,2023-03-02,2023-03-03,CLI-0132,SVC-024,DEPT-007,6,700.0,10,3780.0,756.0,4536.0,Payée,3780.0,1,2023,1,1,20230116,20230302,20230303.0,Retard < 30j
FAC-2024-02170,2023-08-27,2023-10-11,2023-11-10,CLI-0160,SVC-018,DEPT-007,1,6500.0,0,6500.0,1300.0,7800.0,Payée,6500.0,30,2023,8,3,20230827,20231011,20231110.0,Retard < 30j
FAC-2024-02171,2023-03-08,2023-04-22,2023-05-14,CLI-0108,SVC-004,DEPT-003,6,1200.0,0,7200.0,1440.0,8640.0,Payée,7200.0,22,2023,3,1,20230308,20230422,20230514.0,Retard < 30j
FAC-2024-02172,2023-04-23,2023-06-07,,CLI-0011,SVC-004,DEPT-003,5,1200.0,5,5700.0,1140.0,6840.0,Contentieux,0.0,1060,2023,4,2,20230423,20230607,,Contentieux > 90j
FAC-2024-02173,2024-07-28,2024-09-11,2024-09-11,CLI-0122,SVC-005,DEPT-007,1,15000.0,0,15000.0,3000.0,18000.0,Payée,15000.0,0,2024,7,3,20240728,20240911,20240911.0,Dans les délais
FAC-2024-02174,2025-10-17,2025-12-01,2025-12-01,CLI-0116,SVC-003,DEPT-001,1,22000.0,0,22000.0,4400.0,26400.0,Payée,22000.0,0,2025,10,4,20251017,20251201,20251201.0,Dans les délais
FAC-2024-02175,2024-01-14,2024-03-14,,CLI-0091,SVC-011,DEPT-007,1,4500.0,5,4275.0,855.0,5130.0,Partielle,3273.39,779,2024,1,1,20240114,20240314,,Contentieux > 90j
FAC-2024-02176,2025-01-12,2025-02-26,2025-03-14,CLI-0183,SVC-004,DEPT-003,2,1200.0,0,2400.0,480.0,2880.0,Payée,2400.0,16,2025,1,1,20250112,20250226,20250314.0,Retard < 30j
FAC-2024-02177,2024-03-10,2024-04-24,2024-04-24,CLI-0039,SVC-006,DEPT-003,1,450.0,0,450.0,90.0,540.0,Payée,450.0,0,2024,3,1,20240310,20240424,20240424.0,Dans les délais
FAC-2024-02178,2023-06-13,2023-07-28,2023-08-26,CLI-0098,SVC-018,DEPT-003,1,6500.0,10,5850.0,1170.0,7020.0,Payée,5850.0,29,2023,6,2,20230613,20230728,20230826.0,Retard < 30j
FAC-2024-02179,2024-09-01,2024-10-01,,CLI-0170,SVC-022,DEPT-001,2,600.0,10,1080.0,216.0,1296.0,Retard,0.0,578,2024,9,3,20240901,20241001,,Contentieux > 90j
FAC-2024-02180,2023-07-10,2023-08-24,2023-08-24,CLI-0098,SVC-014,DEPT-001,6,1500.0,0,9000.0,1800.0,10800.0,Payée,9000.0,0,2023,7,3,20230710,20230824,20230824.0,Dans les délais
FAC-2024-02181,2023-08-07,2023-11-05,2023-11-23,CLI-0179,SVC-001,DEPT-004,1,3500.0,10,3150.0,630.0,3780.0,Payée,3150.0,18,2023,8,3,20230807,20231105,20231123.0,Retard < 30j
FAC-2024-02182,2024-06-25,2024-07-25,2024-08-04,CLI-0166,SVC-004,DEPT-001,3,1200.0,0,3600.0,720.0,4320.0,Payée,3600.0,10,2024,6,2,20240625,20240725,20240804.0,Retard < 30j
FAC-2024-02183,2024-01-15,2024-02-29,2024-03-01,CLI-0105,SVC-006,DEPT-001,1,450.0,5,427.5,85.5,513.0,Payée,427.5,1,2024,1,1,20240115,20240229,20240301.0,Retard < 30j
FAC-2024-02184,2023-09-17,2023-10-17,,CLI-0146,SVC-007,DEPT-007,1,1200.0,0,1200.0,240.0,1440.0,Contentieux,0.0,928,2023,9,3,20230917,20231017,,Contentieux > 90j
FAC-2024-02185,2023-01-11,2023-02-25,2023-03-04,CLI-0075,SVC-014,DEPT-004,9,1500.0,10,12150.0,2430.0,14580.0,Payée,12150.0,7,2023,1,1,20230111,20230225,20230304.0,Retard < 30j
FAC-2024-02186,2023-05-02,2023-06-16,2023-07-05,CLI-0169,SVC-008,DEPT-002,1,2500.0,0,2500.0,500.0,3000.0,Payée,2500.0,19,2023,5,2,20230502,20230616,20230705.0,Retard < 30j
FAC-2024-02187,2024-12-06,2025-01-05,2025-01-18,CLI-0163,SVC-010,DEPT-003,9,45.0,0,405.0,81.0,486.0,Payée,405.0,13,2024,12,4,20241206,20250105,20250118.0,Retard < 30j
FAC-2024-02188,2023-09-13,2023-10-13,2023-10-13,CLI-0079,SVC-020,DEPT-001,7,1400.0,0,9800.0,1960.0,11760.0,Payée,9800.0,0,2023,9,3,20230913,20231013,20231013.0,Dans les délais
FAC-2024-02189,2024-01-27,2024-02-26,2024-02-28,CLI-0128,SVC-019,DEPT-002,10,180.0,5,1710.0,342.0,2052.0,Payée,1710.0,2,2024,1,1,20240127,20240226,20240228.0,Retard < 30j
FAC-2024-02190,2023-03-24,2023-05-08,,CLI-0042,SVC-023,DEPT-001,4,750.0,15,2550.0,510.0,3060.0,Retard,0.0,1090,2023,3,1,20230324,20230508,,Contentieux > 90j
FAC-2024-02191,2024-03-22,2024-04-21,2024-04-21,CLI-0126,SVC-005,DEPT-002,1,15000.0,0,15000.0,3000.0,18000.0,Payée,15000.0,0,2024,3,1,20240322,20240421,20240421.0,Dans les délais
FAC-2024-02192,2023-01-29,2023-02-28,2023-03-04,CLI-0035,SVC-023,DEPT-002,7,750.0,0,5250.0,1050.0,6300.0,Payée,5250.0,4,2023,1,1,20230129,20230228,20230304.0,Retard < 30j
FAC-2024-02193,2025-01-25,2025-02-24,2025-03-24,CLI-0199,SVC-004,DEPT-003,6,1200.0,15,6120.0,1224.0,7344.0,Payée,6120.0,28,2025,1,1,20250125,20250224,20250324.0,Retard < 30j
FAC-2024-02194,2024-02-17,2024-04-02,2024-04-12,CLI-0139,SVC-022,DEPT-004,3,600.0,0,1800.0,360.0,2160.0,Payée,1800.0,10,2024,2,1,20240217,20240402,20240412.0,Retard < 30j
FAC-2024-02195,2025-06-14,2025-07-14,2025-08-07,CLI-0151,SVC-009,DEPT-002,1,180.0,0,180.0,36.0,216.0,Payée,180.0,24,2025,6,2,20250614,20250714,20250807.0,Retard < 30j
FAC-2024-02196,2025-07-28,2025-08-27,2025-08-29,CLI-0018,SVC-002,DEPT-003,1,8500.0,0,8500.0,1700.0,10200.0,Payée,8500.0,2,2025,7,3,20250728,20250827,20250829.0,Retard < 30j
FAC-2024-02197,2024-07-26,2024-09-09,2024-10-07,CLI-0045,SVC-010,DEPT-001,12,45.0,0,540.0,108.0,648.0,Payée,540.0,28,2024,7,3,20240726,20240909,20241007.0,Retard < 30j
FAC-2024-02198,2024-12-13,2025-03-13,2025-03-20,CLI-0179,SVC-015,DEPT-003,1,2800.0,0,2800.0,560.0,3360.0,Payée,2800.0,7,2024,12,4,20241213,20250313,20250320.0,Retard < 30j
FAC-2024-02199,2024-07-06,2024-08-05,2024-08-08,CLI-0148,SVC-013,DEPT-001,3,1100.0,0,3300.0,660.0,3960.0,Payée,3300.0,3,2024,7,3,20240706,20240805,20240808.0,Retard < 30j
FAC-2024-02200,2025-09-22,2025-11-21,,CLI-0074,SVC-021,DEPT-002,7,800.0,0,5600.0,1120.0,6720.0,Partielle,3107.15,162,2025,9,3,20250922,20251121,,Contentieux > 90j
FAC-2024-02201,2025-01-29,2025-02-28,,CLI-0035,SVC-009,DEPT-003,1,180.0,0,180.0,36.0,216.0,Retard,0.0,428,2025,1,1,20250129,20250228,,Contentieux > 90j
FAC-2024-02202,2025-04-06,2025-05-21,,CLI-0159,SVC-010,DEPT-001,2,45.0,0,90.0,18.0,108.0,Contentieux,0.0,346,2025,4,2,20250406,20250521,,Contentieux > 90j
FAC-2024-02203,2024-05-31,2024-07-15,,CLI-0075,SVC-010,DEPT-007,16,45.0,5,684.0,136.8,820.8,Retard,0.0,656,2024,5,2,20240531,20240715,,Contentieux > 90j
FAC-2024-02204,2025-12-21,2026-01-20,,CLI-0187,SVC-019,DEPT-001,7,180.0,5,1197.0,239.4,1436.4,Contentieux,0.0,102,2025,12,4,20251221,20260120,,Contentieux > 90j
FAC-2024-02205,2024-11-01,2024-12-16,,CLI-0047,SVC-001,DEPT-004,1,3500.0,5,3325.0,665.0,3990.0,Retard,0.0,502,2024,11,4,20241101,20241216,,Contentieux > 90j
FAC-2024-02206,2023-01-03,2023-02-02,2023-02-16,CLI-0174,SVC-011,DEPT-004,1,4500.0,0,4500.0,900.0,5400.0,Payée,4500.0,14,2023,1,1,20230103,20230202,20230216.0,Retard < 30j
FAC-2024-02207,2024-07-10,2024-08-09,2024-08-26,CLI-0080,SVC-023,DEPT-001,10,750.0,0,7500.0,1500.0,9000.0,Payée,7500.0,17,2024,7,3,20240710,20240809,20240826.0,Retard < 30j
FAC-2024-02208,2024-02-06,2024-03-22,2024-04-07,CLI-0122,SVC-016,DEPT-003,1,1800.0,10,1620.0,324.0,1944.0,Payée,1620.0,16,2024,2,1,20240206,20240322,20240407.0,Retard < 30j
FAC-2024-02209,2025-12-26,2026-01-25,2026-02-24,CLI-0146,SVC-008,DEPT-001,1,2500.0,0,2500.0,500.0,3000.0,Payée,2500.0,30,2025,12,4,20251226,20260125,20260224.0,Retard < 30j
FAC-2024-02210,2023-10-08,2023-11-07,2023-12-01,CLI-0023,SVC-004,DEPT-004,4,1200.0,0,4800.0,960.0,5760.0,Payée,4800.0,24,2023,10,4,20231008,20231107,20231201.0,Retard < 30j
FAC-2024-02211,2023-05-29,2023-07-28,,CLI-0164,SVC-024,DEPT-004,2,700.0,5,1330.0,266.0,1596.0,Contentieux,0.0,1009,2023,5,2,20230529,20230728,,Contentieux > 90j
FAC-2024-02212,2024-03-15,2024-04-29,2024-05-10,CLI-0043,SVC-008,DEPT-001,1,2500.0,0,2500.0,500.0,3000.0,Payée,2500.0,11,2024,3,1,20240315,20240429,20240510.0,Retard < 30j
FAC-2024-02213,2023-09-04,2023-12-03,,CLI-0179,SVC-014,DEPT-001,5,1500.0,5,7125.0,1425.0,8550.0,Partielle,5319.18,881,2023,9,3,20230904,20231203,,Contentieux > 90j
FAC-2024-02214,2023-09-01,2023-10-16,2023-11-14,CLI-0108,SVC-008,DEPT-002,1,2500.0,0,2500.0,500.0,3000.0,Payée,2500.0,29,2023,9,3,20230901,20231016,20231114.0,Retard < 30j
FAC-2024-02215,2024-07-21,2024-08-20,,CLI-0014,SVC-016,DEPT-001,1,1800.0,0,1800.0,360.0,2160.0,Retard,0.0,620,2024,7,3,20240721,20240820,,Contentieux > 90j
FAC-2024-02216,2025-04-23,2025-05-23,2025-06-19,CLI-0151,SVC-007,DEPT-007,1,1200.0,10,1080.0,216.0,1296.0,Payée,1080.0,27,2025,4,2,20250423,20250523,20250619.0,Retard < 30j
FAC-2024-02217,2024-07-22,2024-08-21,2024-09-07,CLI-0071,SVC-019,DEPT-004,2,180.0,0,360.0,72.0,432.0,Payée,360.0,17,2024,7,3,20240722,20240821,20240907.0,Retard < 30j
FAC-2024-02218,2023-12-03,2024-01-17,,CLI-0171,SVC-023,DEPT-007,1,750.0,5,712.5,142.5,855.0,Contentieux,0.0,836,2023,12,4,20231203,20240117,,Contentieux > 90j
FAC-2024-02219,2024-07-17,2024-08-16,2024-08-16,CLI-0006,SVC-022,DEPT-002,4,600.0,0,2400.0,480.0,2880.0,Payée,2400.0,0,2024,7,3,20240717,20240816,20240816.0,Dans les délais
FAC-2024-02220,2024-02-09,2024-03-25,2024-04-17,CLI-0059,SVC-007,DEPT-002,1,1200.0,0,1200.0,240.0,1440.0,Payée,1200.0,23,2024,2,1,20240209,20240325,20240417.0,Retard < 30j
FAC-2024-02221,2023-03-06,2023-04-20,,CLI-0189,SVC-005,DEPT-003,1,15000.0,0,15000.0,3000.0,18000.0,Partielle,6031.23,1108,2023,3,1,20230306,20230420,,Contentieux > 90j
FAC-2024-02222,2023-05-10,2023-06-24,2023-07-13,CLI-0136,SVC-005,DEPT-001,1,15000.0,10,13500.0,2700.0,16200.0,Payée,13500.0,19,2023,5,2,20230510,20230624,20230713.0,Retard < 30j
FAC-2024-02223,2023-03-13,2023-04-12,,CLI-0052,SVC-012,DEPT-004,1,3200.0,0,3200.0,640.0,3840.0,Retard,0.0,1116,2023,3,1,20230313,20230412,,Contentieux > 90j
FAC-2024-02224,2023-11-19,2024-01-03,2024-01-04,CLI-0033,SVC-003,DEPT-004,1,22000.0,0,22000.0,4400.0,26400.0,Payée,22000.0,1,2023,11,4,20231119,20240103,20240104.0,Retard < 30j
FAC-2024-02225,2023-12-07,2024-01-06,,CLI-0071,SVC-023,DEPT-007,5,750.0,5,3562.5,712.5,4275.0,Retard,0.0,847,2023,12,4,20231207,20240106,,Contentieux > 90j
FAC-2024-02226,2024-11-06,2024-12-21,,CLI-0180,SVC-019,DEPT-007,16,180.0,0,2880.0,576.0,3456.0,Contentieux,0.0,497,2024,11,4,20241106,20241221,,Contentieux > 90j
FAC-2024-02227,2025-07-08,2025-08-07,2025-08-30,CLI-0174,SVC-007,DEPT-003,1,1200.0,0,1200.0,240.0,1440.0,Payée,1200.0,23,2025,7,3,20250708,20250807,20250830.0,Retard < 30j
FAC-2024-02228,2024-03-14,2024-04-13,,CLI-0099,SVC-009,DEPT-001,1,180.0,10,162.0,32.4,194.4,Retard,0.0,749,2024,3,1,20240314,20240413,,Contentieux > 90j
FAC-2024-02229,2024-08-28,2024-10-12,2024-10-12,CLI-0059,SVC-013,DEPT-007,7,1100.0,5,7315.0,1463.0,8778.0,Payée,7315.0,0,2024,8,3,20240828,20241012,20241012.0,Dans les délais
FAC-2024-02230,2023-09-17,2023-11-01,,CLI-0037,SVC-023,DEPT-001,1,750.0,0,750.0,150.0,900.0,Retard,0.0,913,2023,9,3,20230917,20231101,,Contentieux > 90j
FAC-2024-02231,2025-03-19,2025-04-18,2025-04-21,CLI-0172,SVC-016,DEPT-001,1,1800.0,10,1620.0,324.0,1944.0,Payée,1620.0,3,2025,3,1,20250319,20250418,20250421.0,Retard < 30j
FAC-2024-02232,2024-04-19,2024-06-03,2024-06-03,CLI-0159,SVC-006,DEPT-007,1,450.0,5,427.5,85.5,513.0,Payée,427.5,0,2024,4,2,20240419,20240603,20240603.0,Dans les délais
FAC-2024-02233,2023-06-01,2023-07-16,2023-08-01,CLI-0185,SVC-018,DEPT-007,1,6500.0,0,6500.0,1300.0,7800.0,Payée,6500.0,16,2023,6,2,20230601,20230716,20230801.0,Retard < 30j
FAC-2024-02234,2024-06-15,2024-08-14,2024-08-20,CLI-0165,SVC-003,DEPT-001,1,22000.0,0,22000.0,4400.0,26400.0,Payée,22000.0,6,2024,6,2,20240615,20240814,20240820.0,Retard < 30j
FAC-2024-02235,2024-02-25,2024-03-26,,CLI-0135,SVC-016,DEPT-001,1,1800.0,0,1800.0,360.0,2160.0,Retard,0.0,767,2024,2,1,20240225,20240326,,Contentieux > 90j
FAC-2024-02236,2025-06-24,2025-08-08,,CLI-0159,SVC-005,DEPT-007,1,15000.0,0,15000.0,3000.0,18000.0,Retard,0.0,267,2025,6,2,20250624,20250808,,Contentieux > 90j
FAC-2024-02237,2024-10-21,2024-12-20,2025-01-05,CLI-0024,SVC-024,DEPT-001,8,700.0,0,5600.0,1120.0,6720.0,Payée,5600.0,16,2024,10,4,20241021,20241220,20250105.0,Retard < 30j
FAC-2024-02238,2023-02-25,2023-03-27,,CLI-0010,SVC-001,DEPT-001,1,3500.0,5,3325.0,665.0,3990.0,Retard,0.0,1132,2023,2,1,20230225,20230327,,Contentieux > 90j
FAC-2024-02239,2023-12-04,2024-01-03,,CLI-0026,SVC-011,DEPT-007,1,4500.0,5,4275.0,855.0,5130.0,Retard,0.0,850,2023,12,4,20231204,20240103,,Contentieux > 90j
FAC-2024-02240,2024-01-25,2024-03-25,,CLI-0024,SVC-003,DEPT-004,1,22000.0,0,22000.0,4400.0,26400.0,Retard,0.0,768,2024,1,1,20240125,20240325,,Contentieux > 90j
FAC-2024-02241,2025-01-30,2025-03-31,,CLI-0165,SVC-021,DEPT-007,1,800.0,5,760.0,152.0,912.0,Retard,0.0,397,2025,1,1,20250130,20250331,,Contentieux > 90j
FAC-2024-02242,2023-11-03,2023-12-03,,CLI-0007,SVC-024,DEPT-007,6,700.0,0,4200.0,840.0,5040.0,Retard,0.0,881,2023,11,4,20231103,20231203,,Contentieux > 90j
FAC-2024-02243,2024-08-21,2024-09-20,2024-09-24,CLI-0199,SVC-010,DEPT-007,17,45.0,0,765.0,153.0,918.0,Payée,765.0,4,2024,8,3,20240821,20240920,20240924.0,Retard < 30j
FAC-2024-02244,2025-09-03,2025-10-03,2025-10-03,CLI-0176,SVC-018,DEPT-002,1,6500.0,0,6500.0,1300.0,7800.0,Payée,6500.0,0,2025,9,3,20250903,20251003,20251003.0,Dans les délais
FAC-2024-02245,2025-10-23,2025-12-22,2026-01-16,CLI-0053,SVC-010,DEPT-001,40,45.0,5,1710.0,342.0,2052.0,Payée,1710.0,25,2025,10,4,20251023,20251222,20260116.0,Retard < 30j
FAC-2024-02246,2025-08-15,2025-09-14,2025-09-25,CLI-0156,SVC-014,DEPT-002,1,1500.0,0,1500.0,300.0,1800.0,Payée,1500.0,11,2025,8,3,20250815,20250914,20250925.0,Retard < 30j
FAC-2024-02247,2024-11-30,2024-12-30,,CLI-0121,SVC-012,DEPT-003,1,3200.0,0,3200.0,640.0,3840.0,Retard,0.0,488,2024,11,4,20241130,20241230,,Contentieux > 90j
FAC-2024-02248,2025-04-09,2025-05-09,2025-05-30,CLI-0163,SVC-005,DEPT-002,1,15000.0,0,15000.0,3000.0,18000.0,Payée,15000.0,21,2025,4,2,20250409,20250509,20250530.0,Retard < 30j
FAC-2024-02249,2024-04-11,2024-05-11,2024-05-11,CLI-0086,SVC-017,DEPT-003,1,950.0,15,807.5,161.5,969.0,Payée,807.5,0,2024,4,2,20240411,20240511,20240511.0,Dans les délais
FAC-2024-02250,2025-02-07,2025-03-24,2025-03-24,CLI-0098,SVC-006,DEPT-004,1,450.0,5,427.5,85.5,513.0,Payée,427.5,0,2025,2,1,20250207,20250324,20250324.0,Dans les délais
FAC-2024-02251,2024-03-01,2024-03-31,,CLI-0016,SVC-014,DEPT-007,4,1500.0,0,6000.0,1200.0,7200.0,Partielle,3474.79,762,2024,3,1,20240301,20240331,,Contentieux > 90j
FAC-2024-02252,2025-12-12,2026-01-11,2026-01-23,CLI-0111,SVC-001,DEPT-001,1,3500.0,0,3500.0,700.0,4200.0,Payée,3500.0,12,2025,12,4,20251212,20260111,20260123.0,Retard < 30j
FAC-2024-02253,2024-06-01,2024-07-16,2024-08-13,CLI-0039,SVC-013,DEPT-001,9,1100.0,0,9900.0,1980.0,11880.0,Payée,9900.0,28,2024,6,2,20240601,20240716,20240813.0,Retard < 30j
FAC-2024-02254,2024-06-13,2024-07-13,2024-07-23,CLI-0083,SVC-021,DEPT-007,3,800.0,0,2400.0,480.0,2880.0,Payée,2400.0,10,2024,6,2,20240613,20240713,20240723.0,Retard < 30j
FAC-2024-02255,2024-01-20,2024-03-05,2024-03-15,CLI-0058,SVC-013,DEPT-002,9,1100.0,5,9405.0,1881.0,11286.0,Payée,9405.0,10,2024,1,1,20240120,20240305,20240315.0,Retard < 30j
FAC-2024-02256,2025-03-30,2025-05-14,2025-05-19,CLI-0019,SVC-005,DEPT-007,1,15000.0,5,14250.0,2850.0,17100.0,Payée,14250.0,5,2025,3,1,20250330,20250514,20250519.0,Retard < 30j
FAC-2024-02257,2024-09-21,2024-11-05,2024-11-26,CLI-0175,SVC-021,DEPT-002,7,800.0,0,5600.0,1120.0,6720.0,Payée,5600.0,21,2024,9,3,20240921,20241105,20241126.0,Retard < 30j
FAC-2024-02258,2025-12-18,2026-02-01,2026-02-12,CLI-0117,SVC-024,DEPT-001,7,700.0,0,4900.0,980.0,5880.0,Payée,4900.0,11,2025,12,4,20251218,20260201,20260212.0,Retard < 30j
FAC-2024-02259,2025-03-10,2025-05-09,,CLI-0144,SVC-002,DEPT-004,1,8500.0,0,8500.0,1700.0,10200.0,Contentieux,0.0,358,2025,3,1,20250310,20250509,,Contentieux > 90j
FAC-2024-02260,2025-02-04,2025-03-21,,CLI-0049,SVC-012,DEPT-004,1,3200.0,5,3040.0,608.0,3648.0,Partielle,976.33,407,2025,2,1,20250204,20250321,,Contentieux > 90j
FAC-2024-02261,2025-01-25,2025-02-24,2025-03-03,CLI-0071,SVC-024,DEPT-001,6,700.0,0,4200.0,840.0,5040.0,Payée,4200.0,7,2025,1,1,20250125,20250224,20250303.0,Retard < 30j
FAC-2024-02262,2025-02-11,2025-03-13,,CLI-0026,SVC-016,DEPT-003,1,1800.0,0,1800.0,360.0,2160.0,Retard,0.0,415,2025,2,1,20250211,20250313,,Contentieux > 90j
FAC-2024-02263,2025-12-22,2026-01-21,2026-01-30,CLI-0158,SVC-019,DEPT-001,18,180.0,10,2916.0,583.2,3499.2,Payée,2916.0,9,2025,12,4,20251222,20260121,20260130.0,Retard < 30j
FAC-2024-02264,2025-10-22,2025-12-06,,CLI-0117,SVC-008,DEPT-003,1,2500.0,0,2500.0,500.0,3000.0,Retard,0.0,147,2025,10,4,20251022,20251206,,Contentieux > 90j
FAC-2024-02265,2023-10-02,2023-11-01,,CLI-0104,SVC-024,DEPT-003,8,700.0,5,5320.0,1064.0,6384.0,Retard,0.0,913,2023,10,4,20231002,20231101,,Contentieux > 90j
FAC-2024-02266,2023-04-28,2023-06-12,,CLI-0011,SVC-010,DEPT-003,19,45.0,0,855.0,171.0,1026.0,Partielle,345.82,1055,2023,4,2,20230428,20230612,,Contentieux > 90j
FAC-2024-02267,2024-06-11,2024-07-26,,CLI-0058,SVC-017,DEPT-002,1,950.0,0,950.0,190.0,1140.0,Partielle,343.04,645,2024,6,2,20240611,20240726,,Contentieux > 90j
FAC-2024-02268,2023-07-04,2023-08-18,2023-09-11,CLI-0045,SVC-004,DEPT-001,2,1200.0,5,2280.0,456.0,2736.0,Payée,2280.0,24,2023,7,3,20230704,20230818,20230911.0,Retard < 30j
FAC-2024-02269,2024-02-11,2024-03-27,2024-04-03,CLI-0167,SVC-002,DEPT-004,1,8500.0,0,8500.0,1700.0,10200.0,Payée,8500.0,7,2024,2,1,20240211,20240327,20240403.0,Retard < 30j
FAC-2024-02270,2025-04-09,2025-06-08,,CLI-0068,SVC-005,DEPT-001,1,15000.0,5,14250.0,2850.0,17100.0,Contentieux,0.0,328,2025,4,2,20250409,20250608,,Contentieux > 90j
FAC-2024-02271,2023-06-07,2023-07-07,,CLI-0129,SVC-002,DEPT-007,1,8500.0,15,7225.0,1445.0,8670.0,Partielle,4377.9,1030,2023,6,2,20230607,20230707,,Contentieux > 90j
FAC-2024-02272,2025-03-08,2025-04-22,,CLI-0154,SVC-011,DEPT-004,1,4500.0,0,4500.0,900.0,5400.0,Contentieux,0.0,375,2025,3,1,20250308,20250422,,Contentieux > 90j
FAC-2024-02273,2025-12-10,2026-01-09,2026-01-09,CLI-0170,SVC-024,DEPT-001,1,700.0,0,700.0,140.0,840.0,Payée,700.0,0,2025,12,4,20251210,20260109,20260109.0,Dans les délais
FAC-2024-02274,2024-11-16,2025-02-14,2025-03-14,CLI-0179,SVC-004,DEPT-001,7,1200.0,0,8400.0,1680.0,10080.0,Payée,8400.0,28,2024,11,4,20241116,20250214,20250314.0,Retard < 30j
FAC-2024-02275,2025-02-11,2025-03-13,,CLI-0076,SVC-023,DEPT-003,6,750.0,0,4500.0,900.0,5400.0,Retard,0.0,415,2025,2,1,20250211,20250313,,Contentieux > 90j
FAC-2024-02276,2023-09-03,2023-11-02,,CLI-0091,SVC-020,DEPT-004,7,1400.0,10,8820.0,1764.0,10584.0,Partielle,5645.33,912,2023,9,3,20230903,20231102,,Contentieux > 90j
FAC-2024-02277,2024-12-09,2025-01-23,2025-01-23,CLI-0117,SVC-020,DEPT-001,3,1400.0,10,3780.0,756.0,4536.0,Payée,3780.0,0,2024,12,4,20241209,20250123,20250123.0,Dans les délais
FAC-2024-02278,2024-08-10,2024-09-09,2024-09-29,CLI-0162,SVC-021,DEPT-007,2,800.0,0,1600.0,320.0,1920.0,Payée,1600.0,20,2024,8,3,20240810,20240909,20240929.0,Retard < 30j
FAC-2024-02279,2023-02-24,2023-03-26,,CLI-0148,SVC-011,DEPT-004,1,4500.0,0,4500.0,900.0,5400.0,Retard,0.0,1133,2023,2,1,20230224,20230326,,Contentieux > 90j
FAC-2024-02280,2023-11-19,2024-01-03,2024-01-30,CLI-0058,SVC-006,DEPT-002,1,450.0,10,405.0,81.0,486.0,Payée,405.0,27,2023,11,4,20231119,20240103,20240130.0,Retard < 30j
FAC-2024-02281,2025-07-13,2025-08-27,2025-08-27,CLI-0022,SVC-008,DEPT-001,1,2500.0,0,2500.0,500.0,3000.0,Payée,2500.0,0,2025,7,3,20250713,20250827,20250827.0,Dans les délais
FAC-2024-02282,2024-08-25,2024-09-24,2024-09-24,CLI-0082,SVC-002,DEPT-003,1,8500.0,0,8500.0,1700.0,10200.0,Payée,8500.0,0,2024,8,3,20240825,20240924,20240924.0,Dans les délais
FAC-2024-02283,2024-11-22,2025-01-21,,CLI-0194,SVC-001,DEPT-001,1,3500.0,0,3500.0,700.0,4200.0,Partielle,1800.17,466,2024,11,4,20241122,20250121,,Contentieux > 90j
FAC-2024-02284,2023-07-16,2023-08-30,2023-08-30,CLI-0159,SVC-023,DEPT-001,2,750.0,5,1425.0,285.0,1710.0,Payée,1425.0,0,2023,7,3,20230716,20230830,20230830.0,Dans les délais
FAC-2024-02285,2025-12-01,2026-01-15,2026-02-04,CLI-0058,SVC-002,DEPT-007,1,8500.0,10,7650.0,1530.0,9180.0,Payée,7650.0,20,2025,12,4,20251201,20260115,20260204.0,Retard < 30j
FAC-2024-02286,2025-03-02,2025-04-01,2025-04-16,CLI-0027,SVC-001,DEPT-002,1,3500.0,0,3500.0,700.0,4200.0,Payée,3500.0,15,2025,3,1,20250302,20250401,20250416.0,Retard < 30j
FAC-2024-02287,2024-03-23,2024-05-07,2024-05-07,CLI-0031,SVC-006,DEPT-004,1,450.0,0,450.0,90.0,540.0,Payée,450.0,0,2024,3,1,20240323,20240507,20240507.0,Dans les délais
FAC-2024-02288,2024-01-11,2024-03-11,2024-04-06,CLI-0157,SVC-018,DEPT-004,1,6500.0,0,6500.0,1300.0,7800.0,Payée,6500.0,26,2024,1,1,20240111,20240311,20240406.0,Retard < 30j
FAC-2024-02289,2023-10-20,2023-11-19,2023-11-30,CLI-0172,SVC-021,DEPT-003,10,800.0,0,8000.0,1600.0,9600.0,Payée,8000.0,11,2023,10,4,20231020,20231119,20231130.0,Retard < 30j
FAC-2024-02290,2024-05-10,2024-06-09,2024-07-07,CLI-0013,SVC-004,DEPT-004,5,1200.0,10,5400.0,1080.0,6480.0,Payée,5400.0,28,2024,5,2,20240510,20240609,20240707.0,Retard < 30j
FAC-2024-02291,2024-09-03,2024-10-18,,CLI-0058,SVC-011,DEPT-007,1,4500.0,0,4500.0,900.0,5400.0,Partielle,3403.63,561,2024,9,3,20240903,20241018,,Contentieux > 90j
FAC-2024-02292,2023-04-05,2023-05-20,2023-05-22,CLI-0043,SVC-014,DEPT-001,4,1500.0,0,6000.0,1200.0,7200.0,Payée,6000.0,2,2023,4,2,20230405,20230520,20230522.0,Retard < 30j
FAC-2024-02293,2025-01-28,2025-02-27,2025-02-27,CLI-0032,SVC-022,DEPT-007,8,600.0,5,4560.0,912.0,5472.0,Payée,4560.0,0,2025,1,1,20250128,20250227,20250227.0,Dans les délais
FAC-2024-02294,2023-05-13,2023-06-27,2023-06-27,CLI-0117,SVC-019,DEPT-004,11,180.0,0,1980.0,396.0,2376.0,Payée,1980.0,0,2023,5,2,20230513,20230627,20230627.0,Dans les délais
FAC-2024-02295,2023-12-06,2024-01-05,,CLI-0082,SVC-019,DEPT-007,14,180.0,5,2394.0,478.8,2872.8,Retard,0.0,848,2023,12,4,20231206,20240105,,Contentieux > 90j
FAC-2024-02296,2025-02-08,2025-03-25,2025-04-18,CLI-0192,SVC-014,DEPT-001,5,1500.0,10,6750.0,1350.0,8100.0,Payée,6750.0,24,2025,2,1,20250208,20250325,20250418.0,Retard < 30j
FAC-2024-02297,2023-10-25,2023-12-09,2023-12-19,CLI-0160,SVC-010,DEPT-002,35,45.0,5,1496.25,299.25,1795.5,Payée,1496.25,10,2023,10,4,20231025,20231209,20231219.0,Retard < 30j
FAC-2024-02298,2023-07-30,2023-08-29,2023-09-12,CLI-0104,SVC-019,DEPT-007,11,180.0,0,1980.0,396.0,2376.0,Payée,1980.0,14,2023,7,3,20230730,20230829,20230912.0,Retard < 30j
FAC-2024-02299,2023-12-25,2024-02-08,2024-02-17,CLI-0189,SVC-007,DEPT-003,1,1200.0,10,1080.0,216.0,1296.0,Payée,1080.0,9,2023,12,4,20231225,20240208,20240217.0,Retard < 30j
FAC-2024-02300,2025-04-07,2025-05-22,,CLI-0045,SVC-014,DEPT-001,10,1500.0,0,15000.0,3000.0,18000.0,Partielle,7558.64,345,2025,4,2,20250407,20250522,,Contentieux > 90j
FAC-2024-02301,2023-11-14,2023-12-29,2024-01-19,CLI-0171,SVC-016,DEPT-001,1,1800.0,0,1800.0,360.0,2160.0,Payée,1800.0,21,2023,11,4,20231114,20231229,20240119.0,Retard < 30j
FAC-2024-02302,2023-12-23,2024-01-22,2024-01-31,CLI-0197,SVC-015,DEPT-007,1,2800.0,5,2660.0,532.0,3192.0,Payée,2660.0,9,2023,12,4,20231223,20240122,20240131.0,Retard < 30j
FAC-2024-02303,2024-10-29,2024-12-13,2024-12-31,CLI-0185,SVC-008,DEPT-002,1,2500.0,5,2375.0,475.0,2850.0,Payée,2375.0,18,2024,10,4,20241029,20241213,20241231.0,Retard < 30j
FAC-2024-02304,2023-02-05,2023-03-22,,CLI-0160,SVC-005,DEPT-001,1,15000.0,10,13500.0,2700.0,16200.0,Contentieux,0.0,1137,2023,2,1,20230205,20230322,,Contentieux > 90j
FAC-2024-02305,2023-08-30,2023-09-29,2023-10-21,CLI-0109,SVC-014,DEPT-003,3,1500.0,10,4050.0,810.0,4860.0,Payée,4050.0,22,2023,8,3,20230830,20230929,20231021.0,Retard < 30j
FAC-2024-02306,2023-10-29,2023-11-28,,CLI-0008,SVC-018,DEPT-007,1,6500.0,0,6500.0,1300.0,7800.0,Retard,0.0,886,2023,10,4,20231029,20231128,,Contentieux > 90j
FAC-2024-02307,2024-06-28,2024-08-27,2024-09-15,CLI-0046,SVC-014,DEPT-003,2,1500.0,5,2850.0,570.0,3420.0,Payée,2850.0,19,2024,6,2,20240628,20240827,20240915.0,Retard < 30j
FAC-2024-02308,2023-05-30,2023-06-29,2023-07-21,CLI-0129,SVC-021,DEPT-001,4,800.0,0,3200.0,640.0,3840.0,Payée,3200.0,22,2023,5,2,20230530,20230629,20230721.0,Retard < 30j
FAC-2024-02309,2025-12-18,2026-02-16,2026-02-18,CLI-0046,SVC-007,DEPT-003,1,1200.0,0,1200.0,240.0,1440.0,Payée,1200.0,2,2025,12,4,20251218,20260216,20260218.0,Retard < 30j
FAC-2024-02310,2025-03-27,2025-05-11,2025-05-25,CLI-0058,SVC-009,DEPT-007,1,180.0,0,180.0,36.0,216.0,Payée,180.0,14,2025,3,1,20250327,20250511,20250525.0,Retard < 30j
FAC-2024-02311,2023-03-25,2023-05-09,2023-05-18,CLI-0087,SVC-021,DEPT-001,1,800.0,10,720.0,144.0,864.0,Payée,720.0,9,2023,3,1,20230325,20230509,20230518.0,Retard < 30j
FAC-2024-02312,2025-11-18,2025-12-18,,CLI-0002,SVC-022,DEPT-001,7,600.0,5,3990.0,798.0,4788.0,Partielle,1973.63,135,2025,11,4,20251118,20251218,,Contentieux > 90j
FAC-2024-02313,2025-10-28,2025-12-12,,CLI-0037,SVC-013,DEPT-007,4,1100.0,0,4400.0,880.0,5280.0,Retard,0.0,141,2025,10,4,20251028,20251212,,Contentieux > 90j
FAC-2024-02314,2023-04-09,2023-05-24,2023-05-24,CLI-0105,SVC-001,DEPT-007,1,3500.0,10,3150.0,630.0,3780.0,Payée,3150.0,0,2023,4,2,20230409,20230524,20230524.0,Dans les délais
FAC-2024-02315,2023-06-14,2023-07-14,2023-07-29,CLI-0199,SVC-009,DEPT-001,1,180.0,0,180.0,36.0,216.0,Payée,180.0,15,2023,6,2,20230614,20230714,20230729.0,Retard < 30j
FAC-2024-02316,2023-12-29,2024-01-28,2024-02-20,CLI-0142,SVC-014,DEPT-004,9,1500.0,0,13500.0,2700.0,16200.0,Payée,13500.0,23,2023,12,4,20231229,20240128,20240220.0,Retard < 30j
FAC-2024-02317,2023-04-14,2023-05-29,2023-06-10,CLI-0192,SVC-005,DEPT-003,1,15000.0,5,14250.0,2850.0,17100.0,Payée,14250.0,12,2023,4,2,20230414,20230529,20230610.0,Retard < 30j
FAC-2024-02318,2025-06-21,2025-08-20,2025-08-25,CLI-0005,SVC-016,DEPT-001,1,1800.0,0,1800.0,360.0,2160.0,Payée,1800.0,5,2025,6,2,20250621,20250820,20250825.0,Retard < 30j
FAC-2024-02319,2025-04-05,2025-05-05,2025-05-08,CLI-0140,SVC-005,DEPT-007,1,15000.0,5,14250.0,2850.0,17100.0,Payée,14250.0,3,2025,4,2,20250405,20250505,20250508.0,Retard < 30j
FAC-2024-02320,2023-02-09,2023-03-11,2023-04-06,CLI-0044,SVC-012,DEPT-004,1,3200.0,0,3200.0,640.0,3840.0,Payée,3200.0,26,2023,2,1,20230209,20230311,20230406.0,Retard < 30j
FAC-2024-02321,2023-11-26,2024-01-10,,CLI-0123,SVC-002,DEPT-003,1,8500.0,0,8500.0,1700.0,10200.0,Partielle,2833.87,843,2023,11,4,20231126,20240110,,Contentieux > 90j
FAC-2024-02322,2025-12-09,2026-01-08,,CLI-0006,SVC-013,DEPT-002,9,1100.0,0,9900.0,1980.0,11880.0,Contentieux,0.0,114,2025,12,4,20251209,20260108,,Contentieux > 90j
FAC-2024-02323,2024-04-20,2024-05-20,2024-06-04,CLI-0060,SVC-015,DEPT-003,1,2800.0,0,2800.0,560.0,3360.0,Payée,2800.0,15,2024,4,2,20240420,20240520,20240604.0,Retard < 30j
FAC-2024-02324,2024-12-07,2025-01-06,2025-01-30,CLI-0052,SVC-007,DEPT-007,1,1200.0,10,1080.0,216.0,1296.0,Payée,1080.0,24,2024,12,4,20241207,20250106,20250130.0,Retard < 30j
FAC-2024-02325,2023-01-22,2023-03-23,,CLI-0024,SVC-015,DEPT-002,1,2800.0,0,2800.0,560.0,3360.0,Contentieux,0.0,1136,2023,1,1,20230122,20230323,,Contentieux > 90j
FAC-2024-02326,2023-12-01,2023-12-31,2024-01-22,CLI-0032,SVC-003,DEPT-002,1,22000.0,0,22000.0,4400.0,26400.0,Payée,22000.0,22,2023,12,4,20231201,20231231,20240122.0,Retard < 30j
FAC-2024-02327,2024-10-12,2024-11-11,2024-11-28,CLI-0158,SVC-022,DEPT-004,3,600.0,0,1800.0,360.0,2160.0,Payée,1800.0,17,2024,10,4,20241012,20241111,20241128.0,Retard < 30j
FAC-2024-02328,2024-03-22,2024-05-06,,CLI-0039,SVC-007,DEPT-003,1,1200.0,0,1200.0,240.0,1440.0,Partielle,687.11,726,2024,3,1,20240322,20240506,,Contentieux > 90j
FAC-2024-02329,2023-04-11,2023-05-11,2023-05-15,CLI-0084,SVC-019,DEPT-004,7,180.0,10,1134.0,226.8,1360.8,Payée,1134.0,4,2023,4,2,20230411,20230511,20230515.0,Retard < 30j
FAC-2024-02330,2023-03-30,2023-05-14,2023-05-26,CLI-0094,SVC-017,DEPT-003,1,950.0,15,807.5,161.5,969.0,Payée,807.5,12,2023,3,1,20230330,20230514,20230526.0,Retard < 30j
FAC-2024-02331,2025-07-14,2025-08-13,2025-08-14,CLI-0016,SVC-008,DEPT-004,1,2500.0,0,2500.0,500.0,3000.0,Payée,2500.0,1,2025,7,3,20250714,20250813,20250814.0,Retard < 30j
FAC-2024-02332,2023-08-10,2023-09-09,,CLI-0146,SVC-018,DEPT-004,1,6500.0,10,5850.0,1170.0,7020.0,Partielle,3922.18,966,2023,8,3,20230810,20230909,,Contentieux > 90j
FAC-2024-02333,2024-01-18,2024-02-17,,CLI-0158,SVC-006,DEPT-001,1,450.0,0,450.0,90.0,540.0,Retard,0.0,805,2024,1,1,20240118,20240217,,Contentieux > 90j
FAC-2024-02334,2024-01-09,2024-02-08,2024-02-29,CLI-0151,SVC-019,DEPT-002,5,180.0,5,855.0,171.0,1026.0,Payée,855.0,21,2024,1,1,20240109,20240208,20240229.0,Retard < 30j
FAC-2024-02335,2024-11-27,2025-01-11,2025-02-03,CLI-0175,SVC-018,DEPT-002,1,6500.0,5,6175.0,1235.0,7410.0,Payée,6175.0,23,2024,11,4,20241127,20250111,20250203.0,Retard < 30j
FAC-2024-02336,2024-05-12,2024-06-11,,CLI-0135,SVC-008,DEPT-002,1,2500.0,10,2250.0,450.0,2700.0,Retard,0.0,690,2024,5,2,20240512,20240611,,Contentieux > 90j
FAC-2024-02337,2024-10-14,2024-11-28,2024-12-21,CLI-0167,SVC-022,DEPT-001,7,600.0,0,4200.0,840.0,5040.0,Payée,4200.0,23,2024,10,4,20241014,20241128,20241221.0,Retard < 30j
FAC-2024-02338,2025-05-27,2025-06-26,,CLI-0152,SVC-023,DEPT-004,7,750.0,5,4987.5,997.5,5985.0,Contentieux,0.0,310,2025,5,2,20250527,20250626,,Contentieux > 90j
FAC-2024-02339,2023-05-06,2023-06-05,2023-06-25,CLI-0148,SVC-023,DEPT-007,7,750.0,10,4725.0,945.0,5670.0,Payée,4725.0,20,2023,5,2,20230506,20230605,20230625.0,Retard < 30j
FAC-2024-02340,2025-01-17,2025-03-18,2025-03-22,CLI-0046,SVC-001,DEPT-001,1,3500.0,5,3325.0,665.0,3990.0,Payée,3325.0,4,2025,1,1,20250117,20250318,20250322.0,Retard < 30j
FAC-2024-02341,2024-04-03,2024-05-03,2024-05-08,CLI-0052,SVC-006,DEPT-001,1,450.0,5,427.5,85.5,513.0,Payée,427.5,5,2024,4,2,20240403,20240503,20240508.0,Retard < 30j
FAC-2024-02342,2025-01-19,2025-04-19,2025-05-12,CLI-0125,SVC-022,DEPT-001,1,600.0,5,570.0,114.0,684.0,Payée,570.0,23,2025,1,1,20250119,20250419,20250512.0,Retard < 30j
FAC-2024-02343,2023-11-04,2023-12-04,,CLI-0084,SVC-013,DEPT-002,2,1100.0,0,2200.0,440.0,2640.0,Retard,0.0,880,2023,11,4,20231104,20231204,,Contentieux > 90j
FAC-2024-02344,2023-10-12,2023-11-26,,CLI-0022,SVC-019,DEPT-007,12,180.0,0,2160.0,432.0,2592.0,Contentieux,0.0,888,2023,10,4,20231012,20231126,,Contentieux > 90j
FAC-2024-02345,2025-12-30,2026-01-29,2026-02-20,CLI-0013,SVC-018,DEPT-007,1,6500.0,5,6175.0,1235.0,7410.0,Payée,6175.0,22,2025,12,4,20251230,20260129,20260220.0,Retard < 30j
FAC-2024-02346,2024-08-14,2024-09-28,,CLI-0185,SVC-018,DEPT-002,1,6500.0,5,6175.0,1235.0,7410.0,Partielle,4795.16,581,2024,8,3,20240814,20240928,,Contentieux > 90j
FAC-2024-02347,2023-03-11,2023-04-25,,CLI-0011,SVC-011,DEPT-002,1,4500.0,15,3825.0,765.0,4590.0,Retard,0.0,1103,2023,3,1,20230311,20230425,,Contentieux > 90j
FAC-2024-02348,2024-05-28,2024-06-27,2024-07-11,CLI-0166,SVC-014,DEPT-007,9,1500.0,15,11475.0,2295.0,13770.0,Payée,11475.0,14,2024,5,2,20240528,20240627,20240711.0,Retard < 30j
FAC-2024-02349,2025-11-14,2026-01-13,2026-01-26,CLI-0107,SVC-024,DEPT-003,9,700.0,5,5985.0,1197.0,7182.0,Payée,5985.0,13,2025,11,4,20251114,20260113,20260126.0,Retard < 30j
FAC-2024-02350,2025-11-05,2025-12-05,,CLI-0141,SVC-021,DEPT-001,8,800.0,15,5440.0,1088.0,6528.0,Retard,0.0,148,2025,11,4,20251105,20251205,,Contentieux > 90j
FAC-2024-02351,2025-01-01,2025-01-31,2025-03-01,CLI-0138,SVC-003,DEPT-004,1,22000.0,10,19800.0,3960.0,23760.0,Payée,19800.0,29,2025,1,1,20250101,20250131,20250301.0,Retard < 30j
FAC-2024-02352,2025-09-05,2025-10-05,,CLI-0140,SVC-013,DEPT-002,4,1100.0,0,4400.0,880.0,5280.0,Contentieux,0.0,209,2025,9,3,20250905,20251005,,Contentieux > 90j
FAC-2024-02353,2025-07-14,2025-08-13,2025-08-13,CLI-0007,SVC-020,DEPT-004,5,1400.0,0,7000.0,1400.0,8400.0,Payée,7000.0,0,2025,7,3,20250714,20250813,20250813.0,Dans les délais
FAC-2024-02354,2025-12-25,2026-01-24,2026-02-15,CLI-0152,SVC-020,DEPT-007,8,1400.0,0,11200.0,2240.0,13440.0,Payée,11200.0,22,2025,12,4,20251225,20260124,20260215.0,Retard < 30j
FAC-2024-02355,2023-11-12,2023-12-27,2024-01-22,CLI-0154,SVC-023,DEPT-001,3,750.0,0,2250.0,450.0,2700.0,Payée,2250.0,26,2023,11,4,20231112,20231227,20240122.0,Retard < 30j
FAC-2024-02356,2024-10-13,2024-11-12,2024-11-18,CLI-0197,SVC-018,DEPT-002,1,6500.0,5,6175.0,1235.0,7410.0,Payée,6175.0,6,2024,10,4,20241013,20241112,20241118.0,Retard < 30j
FAC-2024-02357,2024-07-05,2024-08-19,,CLI-0117,SVC-002,DEPT-003,1,8500.0,10,7650.0,1530.0,9180.0,Retard,0.0,621,2024,7,3,20240705,20240819,,Contentieux > 90j
FAC-2024-02358,2024-11-10,2024-12-25,2024-12-27,CLI-0124,SVC-013,DEPT-002,8,1100.0,0,8800.0,1760.0,10560.0,Payée,8800.0,2,2024,11,4,20241110,20241225,20241227.0,Retard < 30j
FAC-2024-02359,2023-12-27,2024-02-10,2024-02-28,CLI-0090,SVC-018,DEPT-003,1,6500.0,5,6175.0,1235.0,7410.0,Payée,6175.0,18,2023,12,4,20231227,20240210,20240228.0,Retard < 30j
FAC-2024-02360,2025-12-08,2026-01-07,2026-01-14,CLI-0080,SVC-006,DEPT-002,1,450.0,0,450.0,90.0,540.0,Payée,450.0,7,2025,12,4,20251208,20260107,20260114.0,Retard < 30j
FAC-2024-02361,2024-08-25,2024-09-24,2024-09-27,CLI-0111,SVC-020,DEPT-007,3,1400.0,5,3990.0,798.0,4788.0,Payée,3990.0,3,2024,8,3,20240825,20240924,20240927.0,Retard < 30j
FAC-2024-02362,2025-03-12,2025-04-11,2025-04-18,CLI-0176,SVC-009,DEPT-007,1,180.0,10,162.0,32.4,194.4,Payée,162.0,7,2025,3,1,20250312,20250411,20250418.0,Retard < 30j
FAC-2024-02363,2024-11-27,2025-01-11,2025-01-26,CLI-0175,SVC-004,DEPT-002,7,1200.0,0,8400.0,1680.0,10080.0,Payée,8400.0,15,2024,11,4,20241127,20250111,20250126.0,Retard < 30j
FAC-2024-02364,2025-09-16,2025-11-15,,CLI-0164,SVC-011,DEPT-007,1,4500.0,0,4500.0,900.0,5400.0,Partielle,2225.42,168,2025,9,3,20250916,20251115,,Contentieux > 90j
FAC-2024-02365,2024-03-29,2024-04-28,2024-05-16,CLI-0052,SVC-013,DEPT-001,4,1100.0,0,4400.0,880.0,5280.0,Payée,4400.0,18,2024,3,1,20240329,20240428,20240516.0,Retard < 30j
FAC-2024-02366,2023-08-06,2023-09-05,2023-09-23,CLI-0070,SVC-017,DEPT-001,1,950.0,0,950.0,190.0,1140.0,Payée,950.0,18,2023,8,3,20230806,20230905,20230923.0,Retard < 30j
FAC-2024-02367,2025-11-28,2025-12-28,2026-01-27,CLI-0199,SVC-016,DEPT-003,1,1800.0,0,1800.0,360.0,2160.0,Payée,1800.0,30,2025,11,4,20251128,20251228,20260127.0,Retard < 30j
FAC-2024-02368,2024-10-18,2024-12-17,2024-12-28,CLI-0005,SVC-020,DEPT-002,8,1400.0,5,10640.0,2128.0,12768.0,Payée,10640.0,11,2024,10,4,20241018,20241217,20241228.0,Retard < 30j
FAC-2024-02369,2024-09-19,2024-10-19,2024-11-15,CLI-0002,SVC-007,DEPT-007,1,1200.0,5,1140.0,228.0,1368.0,Payée,1140.0,27,2024,9,3,20240919,20241019,20241115.0,Retard < 30j
FAC-2024-02370,2025-09-12,2025-10-12,2025-11-09,CLI-0023,SVC-004,DEPT-003,10,1200.0,0,12000.0,2400.0,14400.0,Payée,12000.0,28,2025,9,3,20250912,20251012,20251109.0,Retard < 30j
FAC-2024-02371,2024-07-05,2024-08-19,2024-09-06,CLI-0177,SVC-008,DEPT-002,1,2500.0,5,2375.0,475.0,2850.0,Payée,2375.0,18,2024,7,3,20240705,20240819,20240906.0,Retard < 30j
FAC-2024-02372,2023-06-30,2023-09-28,2023-10-13,CLI-0125,SVC-010,DEPT-002,21,45.0,0,945.0,189.0,1134.0,Payée,945.0,15,2023,6,2,20230630,20230928,20231013.0,Retard < 30j
FAC-2024-02373,2023-12-22,2024-02-05,,CLI-0033,SVC-007,DEPT-004,1,1200.0,0,1200.0,240.0,1440.0,Partielle,850.52,817,2023,12,4,20231222,20240205,,Contentieux > 90j
FAC-2024-02374,2024-05-02,2024-06-01,2024-06-01,CLI-0162,SVC-004,DEPT-007,7,1200.0,0,8400.0,1680.0,10080.0,Payée,8400.0,0,2024,5,2,20240502,20240601,20240601.0,Dans les délais
FAC-2024-02375,2023-08-12,2023-09-11,,CLI-0086,SVC-005,DEPT-001,1,15000.0,0,15000.0,3000.0,18000.0,Retard,0.0,964,2023,8,3,20230812,20230911,,Contentieux > 90j
FAC-2024-02376,2023-12-30,2024-02-13,2024-02-15,CLI-0011,SVC-012,DEPT-007,1,3200.0,0,3200.0,640.0,3840.0,Payée,3200.0,2,2023,12,4,20231230,20240213,20240215.0,Retard < 30j
FAC-2024-02377,2023-05-04,2023-06-03,,CLI-0162,SVC-016,DEPT-004,1,1800.0,5,1710.0,342.0,2052.0,Retard,0.0,1064,2023,5,2,20230504,20230603,,Contentieux > 90j
FAC-2024-02378,2025-01-09,2025-02-08,,CLI-0002,SVC-009,DEPT-007,1,180.0,0,180.0,36.0,216.0,Retard,0.0,448,2025,1,1,20250109,20250208,,Contentieux > 90j
FAC-2024-02379,2025-04-03,2025-05-18,2025-06-03,CLI-0171,SVC-012,DEPT-007,1,3200.0,0,3200.0,640.0,3840.0,Payée,3200.0,16,2025,4,2,20250403,20250518,20250603.0,Retard < 30j
FAC-2024-02380,2023-04-30,2023-05-30,2023-06-20,CLI-0135,SVC-014,DEPT-004,6,1500.0,10,8100.0,1620.0,9720.0,Payée,8100.0,21,2023,4,2,20230430,20230530,20230620.0,Retard < 30j
FAC-2024-02381,2024-07-26,2024-09-24,2024-10-20,CLI-0165,SVC-015,DEPT-003,1,2800.0,0,2800.0,560.0,3360.0,Payée,2800.0,26,2024,7,3,20240726,20240924,20241020.0,Retard < 30j
FAC-2024-02382,2024-07-26,2024-09-24,2024-10-16,CLI-0157,SVC-011,DEPT-003,1,4500.0,0,4500.0,900.0,5400.0,Payée,4500.0,22,2024,7,3,20240726,20240924,20241016.0,Retard < 30j
FAC-2024-02383,2024-08-12,2024-09-26,2024-09-28,CLI-0101,SVC-023,DEPT-001,3,750.0,0,2250.0,450.0,2700.0,Payée,2250.0,2,2024,8,3,20240812,20240926,20240928.0,Retard < 30j
FAC-2024-02384,2023-02-22,2023-03-24,,CLI-0135,SVC-011,DEPT-001,1,4500.0,0,4500.0,900.0,5400.0,Partielle,3335.6,1135,2023,2,1,20230222,20230324,,Contentieux > 90j
FAC-2024-02385,2025-02-01,2025-03-18,2025-03-27,CLI-0048,SVC-010,DEPT-001,41,45.0,0,1845.0,369.0,2214.0,Payée,1845.0,9,2025,2,1,20250201,20250318,20250327.0,Retard < 30j
FAC-2024-02386,2023-08-26,2023-10-25,,CLI-0074,SVC-005,DEPT-001,1,15000.0,5,14250.0,2850.0,17100.0,Partielle,4768.35,920,2023,8,3,20230826,20231025,,Contentieux > 90j
FAC-2024-02387,2025-09-11,2025-10-11,2025-11-02,CLI-0102,SVC-011,DEPT-007,1,4500.0,0,4500.0,900.0,5400.0,Payée,4500.0,22,2025,9,3,20250911,20251011,20251102.0,Retard < 30j
FAC-2024-02388,2023-07-25,2023-09-08,,CLI-0055,SVC-022,DEPT-004,5,600.0,0,3000.0,600.0,3600.0,Partielle,1687.19,967,2023,7,3,20230725,20230908,,Contentieux > 90j
FAC-2024-02389,2025-10-01,2025-11-15,,CLI-0123,SVC-019,DEPT-002,6,180.0,0,1080.0,216.0,1296.0,Partielle,858.85,168,2025,10,4,20251001,20251115,,Contentieux > 90j
FAC-2024-02390,2025-06-22,2025-07-22,2025-08-12,CLI-0134,SVC-015,DEPT-002,1,2800.0,5,2660.0,532.0,3192.0,Payée,2660.0,21,2025,6,2,20250622,20250722,20250812.0,Retard < 30j
FAC-2024-02391,2025-01-20,2025-02-19,,CLI-0002,SVC-005,DEPT-002,1,15000.0,10,13500.0,2700.0,16200.0,Contentieux,0.0,437,2025,1,1,20250120,20250219,,Contentieux > 90j
FAC-2024-02392,2024-03-04,2024-04-18,,CLI-0117,SVC-010,DEPT-002,5,45.0,0,225.0,45.0,270.0,Retard,0.0,744,2024,3,1,20240304,20240418,,Contentieux > 90j
FAC-2024-02393,2023-10-01,2023-11-15,2023-11-19,CLI-0167,SVC-004,DEPT-001,4,1200.0,10,4320.0,864.0,5184.0,Payée,4320.0,4,2023,10,4,20231001,20231115,20231119.0,Retard < 30j
FAC-2024-02394,2023-07-09,2023-08-23,2023-08-23,CLI-0192,SVC-010,DEPT-007,4,45.0,0,180.0,36.0,216.0,Payée,180.0,0,2023,7,3,20230709,20230823,20230823.0,Dans les délais
FAC-2024-02395,2024-06-21,2024-07-21,,CLI-0076,SVC-014,DEPT-004,8,1500.0,0,12000.0,2400.0,14400.0,Retard,0.0,650,2024,6,2,20240621,20240721,,Contentieux > 90j
FAC-2024-02396,2025-12-26,2026-01-25,2026-02-22,CLI-0109,SVC-001,DEPT-001,1,3500.0,0,3500.0,700.0,4200.0,Payée,3500.0,28,2025,12,4,20251226,20260125,20260222.0,Retard < 30j
FAC-2024-02397,2024-01-06,2024-02-05,2024-02-20,CLI-0142,SVC-006,DEPT-003,1,450.0,10,405.0,81.0,486.0,Payée,405.0,15,2024,1,1,20240106,20240205,20240220.0,Retard < 30j
FAC-2024-02398,2024-06-28,2024-07-28,2024-07-28,CLI-0115,SVC-018,DEPT-003,1,6500.0,0,6500.0,1300.0,7800.0,Payée,6500.0,0,2024,6,2,20240628,20240728,20240728.0,Dans les délais
FAC-2024-02399,2023-07-04,2023-08-18,,CLI-0045,SVC-020,DEPT-004,9,1400.0,10,11340.0,2268.0,13608.0,Partielle,7608.58,988,2023,7,3,20230704,20230818,,Contentieux > 90j
FAC-2024-02400,2023-07-29,2023-08-28,2023-09-03,CLI-0170,SVC-008,DEPT-004,1,2500.0,0,2500.0,500.0,3000.0,Payée,2500.0,6,2023,7,3,20230729,20230828,20230903.0,Retard < 30j
FAC-2024-02401,2025-08-18,2025-09-17,,CLI-0038,SVC-021,DEPT-002,3,800.0,0,2400.0,480.0,2880.0,Retard,0.0,227,2025,8,3,20250818,20250917,,Contentieux > 90j
FAC-2024-02402,2024-03-20,2024-05-04,,CLI-0139,SVC-023,DEPT-001,10,750.0,5,7125.0,1425.0,8550.0,Contentieux,0.0,728,2024,3,1,20240320,20240504,,Contentieux > 90j
FAC-2024-02403,2023-12-20,2024-02-18,,CLI-0103,SVC-006,DEPT-007,1,450.0,0,450.0,90.0,540.0,Contentieux,0.0,804,2023,12,4,20231220,20240218,,Contentieux > 90j
FAC-2024-02404,2025-04-23,2025-05-23,,CLI-0065,SVC-024,DEPT-003,3,700.0,15,1785.0,357.0,2142.0,Retard,0.0,344,2025,4,2,20250423,20250523,,Contentieux > 90j
FAC-2024-02405,2024-09-12,2024-10-12,2024-10-22,CLI-0178,SVC-003,DEPT-002,1,22000.0,0,22000.0,4400.0,26400.0,Payée,22000.0,10,2024,9,3,20240912,20241012,20241022.0,Retard < 30j
FAC-2024-02406,2025-01-14,2025-03-15,,CLI-0103,SVC-021,DEPT-003,4,800.0,5,3040.0,608.0,3648.0,Partielle,1733.05,413,2025,1,1,20250114,20250315,,Contentieux > 90j
FAC-2024-02407,2024-06-30,2024-08-14,,CLI-0171,SVC-010,DEPT-004,27,45.0,0,1215.0,243.0,1458.0,Retard,0.0,626,2024,6,2,20240630,20240814,,Contentieux > 90j
FAC-2024-02408,2023-11-27,2023-12-27,2023-12-27,CLI-0152,SVC-008,DEPT-007,1,2500.0,10,2250.0,450.0,2700.0,Payée,2250.0,0,2023,11,4,20231127,20231227,20231227.0,Dans les délais
FAC-2024-02409,2024-06-03,2024-07-18,,CLI-0105,SVC-009,DEPT-004,1,180.0,0,180.0,36.0,216.0,Contentieux,0.0,653,2024,6,2,20240603,20240718,,Contentieux > 90j
FAC-2024-02410,2023-08-27,2023-09-26,2023-10-19,CLI-0186,SVC-023,DEPT-001,3,750.0,10,2025.0,405.0,2430.0,Payée,2025.0,23,2023,8,3,20230827,20230926,20231019.0,Retard < 30j
FAC-2024-02411,2023-12-24,2024-01-23,2024-02-02,CLI-0056,SVC-019,DEPT-007,16,180.0,0,2880.0,576.0,3456.0,Payée,2880.0,10,2023,12,4,20231224,20240123,20240202.0,Retard < 30j
FAC-2024-02412,2025-10-16,2025-11-15,2025-11-30,CLI-0145,SVC-017,DEPT-002,1,950.0,5,902.5,180.5,1083.0,Payée,902.5,15,2025,10,4,20251016,20251115,20251130.0,Retard < 30j
FAC-2024-02413,2025-11-28,2026-01-12,2026-01-13,CLI-0177,SVC-018,DEPT-002,1,6500.0,0,6500.0,1300.0,7800.0,Payée,6500.0,1,2025,11,4,20251128,20260112,20260113.0,Retard < 30j
FAC-2024-02414,2023-04-22,2023-06-06,2023-06-06,CLI-0116,SVC-013,DEPT-003,9,1100.0,0,9900.0,1980.0,11880.0,Payée,9900.0,0,2023,4,2,20230422,20230606,20230606.0,Dans les délais
FAC-2024-02415,2025-08-11,2025-09-10,2025-10-03,CLI-0170,SVC-016,DEPT-003,1,1800.0,0,1800.0,360.0,2160.0,Payée,1800.0,23,2025,8,3,20250811,20250910,20251003.0,Retard < 30j
FAC-2024-02416,2025-02-01,2025-03-03,2025-04-01,CLI-0064,SVC-023,DEPT-004,9,750.0,0,6750.0,1350.0,8100.0,Payée,6750.0,29,2025,2,1,20250201,20250303,20250401.0,Retard < 30j
FAC-2024-02417,2024-02-18,2024-03-19,,CLI-0018,SVC-002,DEPT-002,1,8500.0,0,8500.0,1700.0,10200.0,Contentieux,0.0,774,2024,2,1,20240218,20240319,,Contentieux > 90j
FAC-2024-02418,2023-06-17,2023-08-01,2023-08-03,CLI-0124,SVC-021,DEPT-004,10,800.0,10,7200.0,1440.0,8640.0,Payée,7200.0,2,2023,6,2,20230617,20230801,20230803.0,Retard < 30j
FAC-2024-02419,2023-11-30,2024-01-14,,CLI-0020,SVC-012,DEPT-001,1,3200.0,15,2720.0,544.0,3264.0,Partielle,1591.9,839,2023,11,4,20231130,20240114,,Contentieux > 90j
FAC-2024-02420,2023-12-09,2024-01-08,,CLI-0006,SVC-005,DEPT-007,1,15000.0,5,14250.0,2850.0,17100.0,Retard,0.0,845,2023,12,4,20231209,20240108,,Contentieux > 90j
FAC-2024-02421,2023-02-19,2023-03-21,2023-04-17,CLI-0110,SVC-022,DEPT-002,2,600.0,0,1200.0,240.0,1440.0,Payée,1200.0,27,2023,2,1,20230219,20230321,20230417.0,Retard < 30j
FAC-2024-02422,2024-02-07,2024-03-23,,CLI-0017,SVC-020,DEPT-001,1,1400.0,0,1400.0,280.0,1680.0,Contentieux,0.0,770,2024,2,1,20240207,20240323,,Contentieux > 90j
FAC-2024-02423,2025-10-20,2025-11-19,2025-12-09,CLI-0064,SVC-022,DEPT-001,2,600.0,5,1140.0,228.0,1368.0,Payée,1140.0,20,2025,10,4,20251020,20251119,20251209.0,Retard < 30j
FAC-2024-02424,2023-11-07,2024-02-05,2024-02-29,CLI-0195,SVC-005,DEPT-004,1,15000.0,0,15000.0,3000.0,18000.0,Payée,15000.0,24,2023,11,4,20231107,20240205,20240229.0,Retard < 30j
FAC-2024-02425,2023-10-13,2023-11-12,,CLI-0145,SVC-022,DEPT-001,1,600.0,0,600.0,120.0,720.0,Retard,0.0,902,2023,10,4,20231013,20231112,,Contentieux > 90j
FAC-2024-02426,2025-02-22,2025-04-08,,CLI-0037,SVC-004,DEPT-007,7,1200.0,0,8400.0,1680.0,10080.0,Partielle,2695.77,389,2025,2,1,20250222,20250408,,Contentieux > 90j
FAC-2024-02427,2023-10-06,2023-11-05,,CLI-0010,SVC-015,DEPT-007,1,2800.0,5,2660.0,532.0,3192.0,Retard,0.0,909,2023,10,4,20231006,20231105,,Contentieux > 90j
FAC-2024-02428,2024-02-10,2024-03-11,,CLI-0138,SVC-008,DEPT-002,1,2500.0,10,2250.0,450.0,2700.0,Retard,0.0,782,2024,2,1,20240210,20240311,,Contentieux > 90j
FAC-2024-02429,2024-01-30,2024-03-15,2024-03-15,CLI-0011,SVC-010,DEPT-002,28,45.0,0,1260.0,252.0,1512.0,Payée,1260.0,0,2024,1,1,20240130,20240315,20240315.0,Dans les délais
FAC-2024-02430,2024-09-09,2024-10-09,,CLI-0142,SVC-021,DEPT-003,9,800.0,0,7200.0,1440.0,8640.0,Retard,0.0,570,2024,9,3,20240909,20241009,,Contentieux > 90j
FAC-2024-02431,2023-07-04,2023-08-03,2023-08-23,CLI-0054,SVC-004,DEPT-007,5,1200.0,0,6000.0,1200.0,7200.0,Payée,6000.0,20,2023,7,3,20230704,20230803,20230823.0,Retard < 30j
FAC-2024-02432,2023-01-18,2023-02-17,2023-02-20,CLI-0044,SVC-011,DEPT-002,1,4500.0,0,4500.0,900.0,5400.0,Payée,4500.0,3,2023,1,1,20230118,20230217,20230220.0,Retard < 30j
FAC-2024-02433,2025-02-08,2025-03-10,,CLI-0181,SVC-010,DEPT-002,9,45.0,0,405.0,81.0,486.0,Retard,0.0,418,2025,2,1,20250208,20250310,,Contentieux > 90j
FAC-2024-02434,2025-02-18,2025-04-04,2025-04-04,CLI-0116,SVC-012,DEPT-002,1,3200.0,10,2880.0,576.0,3456.0,Payée,2880.0,0,2025,2,1,20250218,20250404,20250404.0,Dans les délais
FAC-2024-02435,2024-12-08,2025-01-07,2025-01-07,CLI-0174,SVC-020,DEPT-001,3,1400.0,5,3990.0,798.0,4788.0,Payée,3990.0,0,2024,12,4,20241208,20250107,20250107.0,Dans les délais
FAC-2024-02436,2023-08-31,2023-09-30,2023-10-17,CLI-0071,SVC-015,DEPT-007,1,2800.0,0,2800.0,560.0,3360.0,Payée,2800.0,17,2023,8,3,20230831,20230930,20231017.0,Retard < 30j
FAC-2024-02437,2025-01-20,2025-03-21,,CLI-0103,SVC-018,DEPT-002,1,6500.0,0,6500.0,1300.0,7800.0,Retard,0.0,407,2025,1,1,20250120,20250321,,Contentieux > 90j
FAC-2024-02438,2024-06-15,2024-07-15,,CLI-0065,SVC-001,DEPT-001,1,3500.0,10,3150.0,630.0,3780.0,Partielle,2171.17,656,2024,6,2,20240615,20240715,,Contentieux > 90j
FAC-2024-02439,2023-04-21,2023-06-05,2023-06-10,CLI-0045,SVC-016,DEPT-004,1,1800.0,0,1800.0,360.0,2160.0,Payée,1800.0,5,2023,4,2,20230421,20230605,20230610.0,Retard < 30j
FAC-2024-02440,2025-10-10,2025-11-09,2025-11-09,CLI-0072,SVC-018,DEPT-004,1,6500.0,0,6500.0,1300.0,7800.0,Payée,6500.0,0,2025,10,4,20251010,20251109,20251109.0,Dans les délais
FAC-2024-02441,2025-05-22,2025-06-21,2025-06-24,CLI-0026,SVC-014,DEPT-003,10,1500.0,0,15000.0,3000.0,18000.0,Payée,15000.0,3,2025,5,2,20250522,20250621,20250624.0,Retard < 30j
FAC-2024-02442,2023-08-08,2023-09-07,,CLI-0163,SVC-021,DEPT-002,6,800.0,0,4800.0,960.0,5760.0,Contentieux,0.0,968,2023,8,3,20230808,20230907,,Contentieux > 90j
FAC-2024-02443,2023-01-16,2023-03-17,,CLI-0194,SVC-021,DEPT-001,4,800.0,5,3040.0,608.0,3648.0,Partielle,961.22,1142,2023,1,1,20230116,20230317,,Contentieux > 90j
FAC-2024-02444,2025-01-13,2025-02-27,2025-03-25,CLI-0039,SVC-001,DEPT-007,1,3500.0,10,3150.0,630.0,3780.0,Payée,3150.0,26,2025,1,1,20250113,20250227,20250325.0,Retard < 30j
FAC-2024-02445,2025-01-24,2025-03-25,,CLI-0196,SVC-015,DEPT-007,1,2800.0,0,2800.0,560.0,3360.0,Retard,0.0,403,2025,1,1,20250124,20250325,,Contentieux > 90j
FAC-2024-02446,2025-06-25,2025-08-09,,CLI-0019,SVC-012,DEPT-003,1,3200.0,0,3200.0,640.0,3840.0,Retard,0.0,266,2025,6,2,20250625,20250809,,Contentieux > 90j
FAC-2024-02447,2025-05-20,2025-07-04,2025-07-05,CLI-0119,SVC-010,DEPT-002,12,45.0,10,486.0,97.2,583.2,Payée,486.0,1,2025,5,2,20250520,20250704,20250705.0,Retard < 30j
FAC-2024-02448,2025-06-08,2025-07-08,2025-07-08,CLI-0080,SVC-015,DEPT-001,1,2800.0,0,2800.0,560.0,3360.0,Payée,2800.0,0,2025,6,2,20250608,20250708,20250708.0,Dans les délais
FAC-2024-02449,2023-03-21,2023-04-20,,CLI-0158,SVC-004,DEPT-007,4,1200.0,0,4800.0,960.0,5760.0,Partielle,3342.07,1108,2023,3,1,20230321,20230420,,Contentieux > 90j
FAC-2024-02450,2025-07-09,2025-08-08,,CLI-0071,SVC-004,DEPT-004,7,1200.0,0,8400.0,1680.0,10080.0,Partielle,4573.73,267,2025,7,3,20250709,20250808,,Contentieux > 90j
FAC-2024-02451,2023-01-27,2023-03-13,,CLI-0159,SVC-002,DEPT-003,1,8500.0,0,8500.0,1700.0,10200.0,Retard,0.0,1146,2023,1,1,20230127,20230313,,Contentieux > 90j
FAC-2024-02452,2023-10-31,2023-11-30,,CLI-0140,SVC-004,DEPT-003,10,1200.0,0,12000.0,2400.0,14400.0,Retard,0.0,884,2023,10,4,20231031,20231130,,Contentieux > 90j
FAC-2024-02453,2023-06-22,2023-07-22,2023-08-14,CLI-0018,SVC-015,DEPT-001,1,2800.0,0,2800.0,560.0,3360.0,Payée,2800.0,23,2023,6,2,20230622,20230722,20230814.0,Retard < 30j
FAC-2024-02454,2025-08-04,2025-09-03,2025-09-03,CLI-0079,SVC-002,DEPT-003,1,8500.0,5,8075.0,1615.0,9690.0,Payée,8075.0,0,2025,8,3,20250804,20250903,20250903.0,Dans les délais
FAC-2024-02455,2024-07-18,2024-08-17,2024-09-06,CLI-0115,SVC-017,DEPT-002,1,950.0,0,950.0,190.0,1140.0,Payée,950.0,20,2024,7,3,20240718,20240817,20240906.0,Retard < 30j
FAC-2024-02456,2024-02-07,2024-03-23,2024-04-09,CLI-0037,SVC-023,DEPT-007,1,750.0,0,750.0,150.0,900.0,Payée,750.0,17,2024,2,1,20240207,20240323,20240409.0,Retard < 30j
FAC-2024-02457,2024-12-28,2025-01-27,2025-02-07,CLI-0163,SVC-022,DEPT-004,8,600.0,0,4800.0,960.0,5760.0,Payée,4800.0,11,2024,12,4,20241228,20250127,20250207.0,Retard < 30j
FAC-2024-02458,2023-09-04,2023-10-04,2023-10-11,CLI-0008,SVC-007,DEPT-007,1,1200.0,0,1200.0,240.0,1440.0,Payée,1200.0,7,2023,9,3,20230904,20231004,20231011.0,Retard < 30j
FAC-2024-02459,2025-06-19,2025-07-19,,CLI-0128,SVC-006,DEPT-004,1,450.0,10,405.0,81.0,486.0,Retard,0.0,287,2025,6,2,20250619,20250719,,Contentieux > 90j
FAC-2024-02460,2023-06-11,2023-07-26,2023-08-05,CLI-0137,SVC-005,DEPT-002,1,15000.0,0,15000.0,3000.0,18000.0,Payée,15000.0,10,2023,6,2,20230611,20230726,20230805.0,Retard < 30j
FAC-2024-02461,2023-03-07,2023-04-21,2023-05-12,CLI-0147,SVC-001,DEPT-004,1,3500.0,0,3500.0,700.0,4200.0,Payée,3500.0,21,2023,3,1,20230307,20230421,20230512.0,Retard < 30j
FAC-2024-02462,2024-11-07,2024-12-22,,CLI-0031,SVC-010,DEPT-001,41,45.0,0,1845.0,369.0,2214.0,Retard,0.0,496,2024,11,4,20241107,20241222,,Contentieux > 90j
FAC-2024-02463,2025-09-21,2025-10-21,2025-11-01,CLI-0015,SVC-015,DEPT-001,1,2800.0,5,2660.0,532.0,3192.0,Payée,2660.0,11,2025,9,3,20250921,20251021,20251101.0,Retard < 30j
FAC-2024-02464,2024-06-21,2024-07-21,,CLI-0006,SVC-024,DEPT-007,10,700.0,0,7000.0,1400.0,8400.0,Retard,0.0,650,2024,6,2,20240621,20240721,,Contentieux > 90j
FAC-2024-02465,2024-07-06,2024-08-20,2024-08-20,CLI-0020,SVC-023,DEPT-003,10,750.0,0,7500.0,1500.0,9000.0,Payée,7500.0,0,2024,7,3,20240706,20240820,20240820.0,Dans les délais
FAC-2024-02466,2024-06-07,2024-08-06,2024-08-20,CLI-0053,SVC-002,DEPT-007,1,8500.0,5,8075.0,1615.0,9690.0,Payée,8075.0,14,2024,6,2,20240607,20240806,20240820.0,Retard < 30j
FAC-2024-02467,2025-12-19,2026-02-02,2026-02-09,CLI-0154,SVC-013,DEPT-004,8,1100.0,5,8360.0,1672.0,10032.0,Payée,8360.0,7,2025,12,4,20251219,20260202,20260209.0,Retard < 30j
FAC-2024-02468,2023-09-04,2023-10-19,2023-11-18,CLI-0180,SVC-015,DEPT-003,1,2800.0,10,2520.0,504.0,3024.0,Payée,2520.0,30,2023,9,3,20230904,20231019,20231118.0,Retard < 30j
FAC-2024-02469,2025-02-21,2025-03-23,2025-03-23,CLI-0032,SVC-014,DEPT-004,2,1500.0,0,3000.0,600.0,3600.0,Payée,3000.0,0,2025,2,1,20250221,20250323,20250323.0,Dans les délais
FAC-2024-02470,2024-06-29,2024-07-29,2024-08-13,CLI-0148,SVC-019,DEPT-004,9,180.0,0,1620.0,324.0,1944.0,Payée,1620.0,15,2024,6,2,20240629,20240729,20240813.0,Retard < 30j
FAC-2024-02471,2025-11-21,2026-01-05,2026-01-07,CLI-0055,SVC-007,DEPT-007,1,1200.0,5,1140.0,228.0,1368.0,Payée,1140.0,2,2025,11,4,20251121,20260105,20260107.0,Retard < 30j
FAC-2024-02472,2023-05-18,2023-06-17,,CLI-0140,SVC-001,DEPT-004,1,3500.0,5,3325.0,665.0,3990.0,Partielle,1272.05,1050,2023,5,2,20230518,20230617,,Contentieux > 90j
FAC-2024-02473,2024-03-14,2024-04-13,2024-05-12,CLI-0044,SVC-001,DEPT-002,1,3500.0,0,3500.0,700.0,4200.0,Payée,3500.0,29,2024,3,1,20240314,20240413,20240512.0,Retard < 30j
FAC-2024-02474,2025-04-21,2025-06-05,2025-06-05,CLI-0033,SVC-003,DEPT-003,1,22000.0,0,22000.0,4400.0,26400.0,Payée,22000.0,0,2025,4,2,20250421,20250605,20250605.0,Dans les délais
FAC-2024-02475,2023-06-21,2023-07-21,,CLI-0029,SVC-018,DEPT-007,1,6500.0,0,6500.0,1300.0,7800.0,Retard,0.0,1016,2023,6,2,20230621,20230721,,Contentieux > 90j
FAC-2024-02476,2025-10-30,2025-12-14,,CLI-0175,SVC-017,DEPT-004,1,950.0,10,855.0,171.0,1026.0,Retard,0.0,139,2025,10,4,20251030,20251214,,Contentieux > 90j
FAC-2024-02477,2023-06-21,2023-08-20,,CLI-0046,SVC-004,DEPT-007,8,1200.0,15,8160.0,1632.0,9792.0,Retard,0.0,986,2023,6,2,20230621,20230820,,Contentieux > 90j
FAC-2024-02478,2024-08-16,2024-09-15,,CLI-0155,SVC-021,DEPT-001,9,800.0,0,7200.0,1440.0,8640.0,Retard,0.0,594,2024,8,3,20240816,20240915,,Contentieux > 90j
FAC-2024-02479,2024-06-16,2024-07-31,2024-08-02,CLI-0167,SVC-013,DEPT-004,5,1100.0,0,5500.0,1100.0,6600.0,Payée,5500.0,2,2024,6,2,20240616,20240731,20240802.0,Retard < 30j
FAC-2024-02480,2025-11-16,2025-12-31,2026-01-23,CLI-0112,SVC-017,DEPT-007,1,950.0,5,902.5,180.5,1083.0,Payée,902.5,23,2025,11,4,20251116,20251231,20260123.0,Retard < 30j
FAC-2024-02481,2023-01-24,2023-03-10,2023-03-10,CLI-0119,SVC-015,DEPT-003,1,2800.0,0,2800.0,560.0,3360.0,Payée,2800.0,0,2023,1,1,20230124,20230310,20230310.0,Dans les délais
FAC-2024-02482,2025-05-07,2025-06-06,2025-06-06,CLI-0166,SVC-002,DEPT-002,1,8500.0,0,8500.0,1700.0,10200.0,Payée,8500.0,0,2025,5,2,20250507,20250606,20250606.0,Dans les délais
FAC-2024-02483,2023-06-24,2023-07-24,2023-07-24,CLI-0057,SVC-013,DEPT-002,5,1100.0,0,5500.0,1100.0,6600.0,Payée,5500.0,0,2023,6,2,20230624,20230724,20230724.0,Dans les délais
FAC-2024-02484,2024-07-07,2024-09-05,2024-09-27,CLI-0157,SVC-016,DEPT-007,1,1800.0,5,1710.0,342.0,2052.0,Payée,1710.0,22,2024,7,3,20240707,20240905,20240927.0,Retard < 30j
FAC-2024-02485,2025-08-06,2025-09-05,2025-09-30,CLI-0156,SVC-005,DEPT-001,1,15000.0,5,14250.0,2850.0,17100.0,Payée,14250.0,25,2025,8,3,20250806,20250905,20250930.0,Retard < 30j
FAC-2024-02486,2024-12-27,2025-01-26,2025-01-26,CLI-0086,SVC-002,DEPT-007,1,8500.0,0,8500.0,1700.0,10200.0,Payée,8500.0,0,2024,12,4,20241227,20250126,20250126.0,Dans les délais
FAC-2024-02487,2024-12-27,2025-01-26,,CLI-0134,SVC-004,DEPT-002,7,1200.0,0,8400.0,1680.0,10080.0,Partielle,5217.77,461,2024,12,4,20241227,20250126,,Contentieux > 90j
FAC-2024-02488,2024-04-04,2024-05-04,2024-05-28,CLI-0150,SVC-010,DEPT-007,22,45.0,5,940.5,188.1,1128.6,Payée,940.5,24,2024,4,2,20240404,20240504,20240528.0,Retard < 30j
FAC-2024-02489,2024-01-08,2024-02-07,,CLI-0197,SVC-013,DEPT-003,5,1100.0,5,5225.0,1045.0,6270.0,Partielle,3987.27,815,2024,1,1,20240108,20240207,,Contentieux > 90j
FAC-2024-02490,2025-02-24,2025-03-26,2025-04-17,CLI-0186,SVC-013,DEPT-001,9,1100.0,0,9900.0,1980.0,11880.0,Payée,9900.0,22,2025,2,1,20250224,20250326,20250417.0,Retard < 30j
FAC-2024-02491,2025-11-13,2025-12-13,2025-12-13,CLI-0086,SVC-015,DEPT-002,1,2800.0,0,2800.0,560.0,3360.0,Payée,2800.0,0,2025,11,4,20251113,20251213,20251213.0,Dans les délais
FAC-2024-02492,2023-07-29,2023-08-28,2023-09-14,CLI-0172,SVC-011,DEPT-007,1,4500.0,0,4500.0,900.0,5400.0,Payée,4500.0,17,2023,7,3,20230729,20230828,20230914.0,Retard < 30j
FAC-2024-02493,2025-04-12,2025-05-12,2025-06-08,CLI-0076,SVC-021,DEPT-007,5,800.0,0,4000.0,800.0,4800.0,Payée,4000.0,27,2025,4,2,20250412,20250512,20250608.0,Retard < 30j
FAC-2024-02494,2025-12-30,2026-02-28,,CLI-0069,SVC-009,DEPT-002,1,180.0,0,180.0,36.0,216.0,Retard,0.0,63,2025,12,4,20251230,20260228,,Retard 61-90j
FAC-2024-02495,2025-06-11,2025-07-11,2025-08-05,CLI-0187,SVC-002,DEPT-002,1,8500.0,0,8500.0,1700.0,10200.0,Payée,8500.0,25,2025,6,2,20250611,20250711,20250805.0,Retard < 30j
FAC-2024-02496,2023-05-20,2023-06-19,2023-06-19,CLI-0162,SVC-015,DEPT-001,1,2800.0,0,2800.0,560.0,3360.0,Payée,2800.0,0,2023,5,2,20230520,20230619,20230619.0,Dans les délais
FAC-2024-02497,2024-03-15,2024-04-29,2024-05-09,CLI-0095,SVC-003,DEPT-003,1,22000.0,15,18700.0,3740.0,22440.0,Payée,18700.0,10,2024,3,1,20240315,20240429,20240509.0,Retard < 30j
FAC-2024-02498,2023-12-01,2024-01-15,2024-01-23,CLI-0183,SVC-021,DEPT-004,4,800.0,5,3040.0,608.0,3648.0,Payée,3040.0,8,2023,12,4,20231201,20240115,20240123.0,Retard < 30j
FAC-2024-02499,2024-11-30,2024-12-30,2025-01-10,CLI-0129,SVC-001,DEPT-003,1,3500.0,0,3500.0,700.0,4200.0,Payée,3500.0,11,2024,11,4,20241130,20241230,20250110.0,Retard < 30j
FAC-2024-02500,2023-07-13,2023-08-27,,CLI-0171,SVC-017,DEPT-001,1,950.0,0,950.0,190.0,1140.0,Retard,0.0,979,2023,7,3,20230713,20230827,,Contentieux > 90j
FAC-2024-02501,2024-07-24,2024-08-23,2024-09-03,CLI-0051,SVC-012,DEPT-001,1,3200.0,5,3040.0,608.0,3648.0,Payée,3040.0,11,2024,7,3,20240724,20240823,20240903.0,Retard < 30j
FAC-2024-02502,2025-05-28,2025-06-27,,CLI-0187,SVC-004,DEPT-003,6,1200.0,5,6840.0,1368.0,8208.0,Partielle,4435.79,309,2025,5,2,20250528,20250627,,Contentieux > 90j
FAC-2024-02503,2025-05-02,2025-06-01,2025-06-26,CLI-0008,SVC-019,DEPT-001,14,180.0,10,2268.0,453.6,2721.6,Payée,2268.0,25,2025,5,2,20250502,20250601,20250626.0,Retard < 30j
FAC-2024-02504,2024-06-13,2024-07-28,2024-08-26,CLI-0159,SVC-005,DEPT-001,1,15000.0,0,15000.0,3000.0,18000.0,Payée,15000.0,29,2024,6,2,20240613,20240728,20240826.0,Retard < 30j
FAC-2024-02505,2023-01-06,2023-02-20,2023-03-22,CLI-0167,SVC-018,DEPT-002,1,6500.0,10,5850.0,1170.0,7020.0,Payée,5850.0,30,2023,1,1,20230106,20230220,20230322.0,Retard < 30j
FAC-2024-02506,2023-06-13,2023-07-13,2023-07-14,CLI-0029,SVC-009,DEPT-002,1,180.0,0,180.0,36.0,216.0,Payée,180.0,1,2023,6,2,20230613,20230713,20230714.0,Retard < 30j
FAC-2024-02507,2024-01-14,2024-03-14,,CLI-0103,SVC-020,DEPT-007,7,1400.0,5,9310.0,1862.0,11172.0,Partielle,5334.23,779,2024,1,1,20240114,20240314,,Contentieux > 90j
FAC-2024-02508,2024-05-24,2024-07-23,2024-08-15,CLI-0165,SVC-020,DEPT-003,10,1400.0,0,14000.0,2800.0,16800.0,Payée,14000.0,23,2024,5,2,20240524,20240723,20240815.0,Retard < 30j
FAC-2024-02509,2024-10-01,2024-10-31,2024-11-15,CLI-0156,SVC-013,DEPT-001,2,1100.0,0,2200.0,440.0,2640.0,Payée,2200.0,15,2024,10,4,20241001,20241031,20241115.0,Retard < 30j
FAC-2024-02510,2023-10-04,2023-11-03,2023-11-28,CLI-0035,SVC-004,DEPT-003,10,1200.0,5,11400.0,2280.0,13680.0,Payée,11400.0,25,2023,10,4,20231004,20231103,20231128.0,Retard < 30j
FAC-2024-02511,2025-02-20,2025-03-22,2025-03-22,CLI-0079,SVC-023,DEPT-004,1,750.0,0,750.0,150.0,900.0,Payée,750.0,0,2025,2,1,20250220,20250322,20250322.0,Dans les délais
FAC-2024-02512,2025-03-19,2025-04-18,2025-05-09,CLI-0018,SVC-008,DEPT-002,1,2500.0,0,2500.0,500.0,3000.0,Payée,2500.0,21,2025,3,1,20250319,20250418,20250509.0,Retard < 30j
FAC-2024-02513,2024-06-16,2024-07-31,2024-08-19,CLI-0031,SVC-017,DEPT-004,1,950.0,0,950.0,190.0,1140.0,Payée,950.0,19,2024,6,2,20240616,20240731,20240819.0,Retard < 30j
FAC-2024-02514,2023-02-20,2023-03-22,,CLI-0002,SVC-002,DEPT-003,1,8500.0,0,8500.0,1700.0,10200.0,Retard,0.0,1137,2023,2,1,20230220,20230322,,Contentieux > 90j
FAC-2024-02515,2025-12-22,2026-02-05,2026-02-24,CLI-0043,SVC-010,DEPT-004,38,45.0,0,1710.0,342.0,2052.0,Payée,1710.0,19,2025,12,4,20251222,20260205,20260224.0,Retard < 30j
FAC-2024-02516,2025-06-09,2025-07-24,2025-08-15,CLI-0088,SVC-024,DEPT-003,7,700.0,0,4900.0,980.0,5880.0,Payée,4900.0,22,2025,6,2,20250609,20250724,20250815.0,Retard < 30j
FAC-2024-02517,2024-09-28,2024-10-28,,CLI-0050,SVC-001,DEPT-004,1,3500.0,0,3500.0,700.0,4200.0,Partielle,1907.55,551,2024,9,3,20240928,20241028,,Contentieux > 90j
FAC-2024-02518,2023-03-01,2023-04-15,,CLI-0108,SVC-018,DEPT-003,1,6500.0,0,6500.0,1300.0,7800.0,Retard,0.0,1113,2023,3,1,20230301,20230415,,Contentieux > 90j
FAC-2024-02519,2024-01-29,2024-03-14,,CLI-0101,SVC-008,DEPT-001,1,2500.0,5,2375.0,475.0,2850.0,Retard,0.0,779,2024,1,1,20240129,20240314,,Contentieux > 90j
FAC-2024-02520,2024-05-11,2024-06-10,2024-06-30,CLI-0134,SVC-005,DEPT-004,1,15000.0,10,13500.0,2700.0,16200.0,Payée,13500.0,20,2024,5,2,20240511,20240610,20240630.0,Retard < 30j
FAC-2024-02521,2024-01-13,2024-02-27,2024-02-28,CLI-0042,SVC-021,DEPT-004,7,800.0,0,5600.0,1120.0,6720.0,Payée,5600.0,1,2024,1,1,20240113,20240227,20240228.0,Retard < 30j
FAC-2024-02522,2024-12-11,2025-02-09,2025-03-03,CLI-0194,SVC-011,DEPT-002,1,4500.0,0,4500.0,900.0,5400.0,Payée,4500.0,22,2024,12,4,20241211,20250209,20250303.0,Retard < 30j
FAC-2024-02523,2023-12-25,2024-01-24,,CLI-0056,SVC-004,DEPT-004,3,1200.0,0,3600.0,720.0,4320.0,Contentieux,0.0,829,2023,12,4,20231225,20240124,,Contentieux > 90j
FAC-2024-02524,2025-08-28,2025-09-27,2025-10-12,CLI-0135,SVC-016,DEPT-007,1,1800.0,0,1800.0,360.0,2160.0,Payée,1800.0,15,2025,8,3,20250828,20250927,20251012.0,Retard < 30j
FAC-2024-02525,2023-02-26,2023-04-12,2023-04-13,CLI-0020,SVC-013,DEPT-001,2,1100.0,0,2200.0,440.0,2640.0,Payée,2200.0,1,2023,2,1,20230226,20230412,20230413.0,Retard < 30j
FAC-2024-02526,2024-05-29,2024-07-13,2024-08-01,CLI-0119,SVC-017,DEPT-001,1,950.0,0,950.0,190.0,1140.0,Payée,950.0,19,2024,5,2,20240529,20240713,20240801.0,Retard < 30j
FAC-2024-02527,2023-01-31,2023-03-02,2023-03-22,CLI-0002,SVC-018,DEPT-004,1,6500.0,0,6500.0,1300.0,7800.0,Payée,6500.0,20,2023,1,1,20230131,20230302,20230322.0,Retard < 30j
FAC-2024-02528,2023-09-19,2023-10-19,2023-11-05,CLI-0152,SVC-018,DEPT-004,1,6500.0,0,6500.0,1300.0,7800.0,Payée,6500.0,17,2023,9,3,20230919,20231019,20231105.0,Retard < 30j
FAC-2024-02529,2025-07-02,2025-08-16,,CLI-0004,SVC-009,DEPT-003,1,180.0,0,180.0,36.0,216.0,Retard,0.0,259,2025,7,3,20250702,20250816,,Contentieux > 90j
FAC-2024-02530,2025-05-20,2025-06-19,2025-06-24,CLI-0051,SVC-021,DEPT-001,2,800.0,0,1600.0,320.0,1920.0,Payée,1600.0,5,2025,5,2,20250520,20250619,20250624.0,Retard < 30j
FAC-2024-02531,2024-05-29,2024-06-28,,CLI-0063,SVC-017,DEPT-004,1,950.0,0,950.0,190.0,1140.0,Retard,0.0,673,2024,5,2,20240529,20240628,,Contentieux > 90j
FAC-2024-02532,2025-05-30,2025-07-14,2025-08-02,CLI-0108,SVC-008,DEPT-007,1,2500.0,0,2500.0,500.0,3000.0,Payée,2500.0,19,2025,5,2,20250530,20250714,20250802.0,Retard < 30j
FAC-2024-02533,2024-12-18,2025-01-17,2025-02-04,CLI-0015,SVC-015,DEPT-003,1,2800.0,15,2380.0,476.0,2856.0,Payée,2380.0,18,2024,12,4,20241218,20250117,20250204.0,Retard < 30j
FAC-2024-02534,2024-09-26,2024-10-26,,CLI-0158,SVC-006,DEPT-002,1,450.0,0,450.0,90.0,540.0,Retard,0.0,553,2024,9,3,20240926,20241026,,Contentieux > 90j
FAC-2024-02535,2024-06-02,2024-07-02,,CLI-0155,SVC-011,DEPT-003,1,4500.0,0,4500.0,900.0,5400.0,Retard,0.0,669,2024,6,2,20240602,20240702,,Contentieux > 90j
FAC-2024-02536,2025-05-29,2025-06-28,,CLI-0015,SVC-002,DEPT-003,1,8500.0,0,8500.0,1700.0,10200.0,Retard,0.0,308,2025,5,2,20250529,20250628,,Contentieux > 90j
FAC-2024-02537,2024-11-24,2024-12-24,,CLI-0200,SVC-015,DEPT-001,1,2800.0,5,2660.0,532.0,3192.0,Partielle,1922.53,494,2024,11,4,20241124,20241224,,Contentieux > 90j
FAC-2024-02538,2024-02-01,2024-03-02,,CLI-0035,SVC-005,DEPT-004,1,15000.0,0,15000.0,3000.0,18000.0,Retard,0.0,791,2024,2,1,20240201,20240302,,Contentieux > 90j
FAC-2024-02539,2025-10-03,2025-11-02,2025-11-02,CLI-0092,SVC-018,DEPT-004,1,6500.0,5,6175.0,1235.0,7410.0,Payée,6175.0,0,2025,10,4,20251003,20251102,20251102.0,Dans les délais
FAC-2024-02540,2024-02-27,2024-03-28,2024-04-02,CLI-0138,SVC-013,DEPT-004,4,1100.0,5,4180.0,836.0,5016.0,Payée,4180.0,5,2024,2,1,20240227,20240328,20240402.0,Retard < 30j
FAC-2024-02541,2024-01-28,2024-02-27,2024-03-17,CLI-0052,SVC-001,DEPT-002,1,3500.0,10,3150.0,630.0,3780.0,Payée,3150.0,19,2024,1,1,20240128,20240227,20240317.0,Retard < 30j
FAC-2024-02542,2024-12-25,2025-02-08,,CLI-0022,SVC-016,DEPT-001,1,1800.0,5,1710.0,342.0,2052.0,Retard,0.0,448,2024,12,4,20241225,20250208,,Contentieux > 90j
FAC-2024-02543,2025-03-03,2025-04-17,2025-04-24,CLI-0020,SVC-020,DEPT-001,4,1400.0,10,5040.0,1008.0,6048.0,Payée,5040.0,7,2025,3,1,20250303,20250417,20250424.0,Retard < 30j
FAC-2024-02544,2024-04-15,2024-05-30,2024-06-03,CLI-0123,SVC-020,DEPT-003,6,1400.0,5,7980.0,1596.0,9576.0,Payée,7980.0,4,2024,4,2,20240415,20240530,20240603.0,Retard < 30j
FAC-2024-02545,2024-11-08,2024-12-23,,CLI-0190,SVC-008,DEPT-001,1,2500.0,10,2250.0,450.0,2700.0,Partielle,688.29,495,2024,11,4,20241108,20241223,,Contentieux > 90j
FAC-2024-02546,2025-03-22,2025-04-21,2025-05-18,CLI-0158,SVC-003,DEPT-001,1,22000.0,0,22000.0,4400.0,26400.0,Payée,22000.0,27,2025,3,1,20250322,20250421,20250518.0,Retard < 30j
FAC-2024-02547,2023-12-19,2024-01-18,2024-02-05,CLI-0134,SVC-012,DEPT-003,1,3200.0,0,3200.0,640.0,3840.0,Payée,3200.0,18,2023,12,4,20231219,20240118,20240205.0,Retard < 30j
FAC-2024-02548,2023-04-20,2023-05-20,2023-06-07,CLI-0084,SVC-014,DEPT-001,9,1500.0,0,13500.0,2700.0,16200.0,Payée,13500.0,18,2023,4,2,20230420,20230520,20230607.0,Retard < 30j
FAC-2024-02549,2024-03-21,2024-05-05,2024-05-05,CLI-0147,SVC-020,DEPT-003,8,1400.0,5,10640.0,2128.0,12768.0,Payée,10640.0,0,2024,3,1,20240321,20240505,20240505.0,Dans les délais
FAC-2024-02550,2023-09-10,2023-10-25,,CLI-0075,SVC-021,DEPT-007,3,800.0,0,2400.0,480.0,2880.0,Contentieux,0.0,920,2023,9,3,20230910,20231025,,Contentieux > 90j
FAC-2024-02551,2025-03-01,2025-03-31,2025-04-22,CLI-0082,SVC-018,DEPT-007,1,6500.0,10,5850.0,1170.0,7020.0,Payée,5850.0,22,2025,3,1,20250301,20250331,20250422.0,Retard < 30j
FAC-2024-02552,2023-11-14,2023-12-14,,CLI-0163,SVC-017,DEPT-007,1,950.0,10,855.0,171.0,1026.0,Retard,0.0,870,2023,11,4,20231114,20231214,,Contentieux > 90j
FAC-2024-02553,2024-10-06,2024-11-05,2024-11-30,CLI-0018,SVC-010,DEPT-001,31,45.0,0,1395.0,279.0,1674.0,Payée,1395.0,25,2024,10,4,20241006,20241105,20241130.0,Retard < 30j
FAC-2024-02554,2023-10-09,2023-11-23,2023-11-23,CLI-0088,SVC-015,DEPT-007,1,2800.0,0,2800.0,560.0,3360.0,Payée,2800.0,0,2023,10,4,20231009,20231123,20231123.0,Dans les délais
FAC-2024-02555,2025-02-19,2025-03-21,2025-03-29,CLI-0166,SVC-024,DEPT-007,5,700.0,0,3500.0,700.0,4200.0,Payée,3500.0,8,2025,2,1,20250219,20250321,20250329.0,Retard < 30j
FAC-2024-02556,2025-07-09,2025-08-08,2025-08-09,CLI-0200,SVC-008,DEPT-002,1,2500.0,0,2500.0,500.0,3000.0,Payée,2500.0,1,2025,7,3,20250709,20250808,20250809.0,Retard < 30j
FAC-2024-02557,2025-10-20,2025-11-19,,CLI-0035,SVC-021,DEPT-007,1,800.0,0,800.0,160.0,960.0,Retard,0.0,164,2025,10,4,20251020,20251119,,Contentieux > 90j
FAC-2024-02558,2025-11-24,2025-12-24,,CLI-0064,SVC-006,DEPT-007,1,450.0,10,405.0,81.0,486.0,Partielle,265.62,129,2025,11,4,20251124,20251224,,Contentieux > 90j
FAC-2024-02559,2023-10-26,2023-11-25,,CLI-0065,SVC-006,DEPT-001,1,450.0,0,450.0,90.0,540.0,Retard,0.0,889,2023,10,4,20231026,20231125,,Contentieux > 90j
FAC-2024-02560,2023-12-26,2024-01-25,2024-02-22,CLI-0056,SVC-008,DEPT-004,1,2500.0,10,2250.0,450.0,2700.0,Payée,2250.0,28,2023,12,4,20231226,20240125,20240222.0,Retard < 30j
FAC-2024-02561,2025-02-16,2025-04-17,2025-05-17,CLI-0144,SVC-014,DEPT-004,2,1500.0,0,3000.0,600.0,3600.0,Payée,3000.0,30,2025,2,1,20250216,20250417,20250517.0,Retard < 30j
FAC-2024-02562,2023-01-23,2023-03-09,2023-03-27,CLI-0123,SVC-004,DEPT-004,9,1200.0,0,10800.0,2160.0,12960.0,Payée,10800.0,18,2023,1,1,20230123,20230309,20230327.0,Retard < 30j
FAC-2024-02563,2023-05-07,2023-06-06,2023-06-21,CLI-0028,SVC-010,DEPT-002,47,45.0,0,2115.0,423.0,2538.0,Payée,2115.0,15,2023,5,2,20230507,20230606,20230621.0,Retard < 30j
FAC-2024-02564,2025-11-11,2025-12-11,,CLI-0197,SVC-003,DEPT-003,1,22000.0,5,20900.0,4180.0,25080.0,Retard,0.0,142,2025,11,4,20251111,20251211,,Contentieux > 90j
FAC-2024-02565,2023-10-11,2023-11-25,2023-12-10,CLI-0133,SVC-018,DEPT-001,1,6500.0,0,6500.0,1300.0,7800.0,Payée,6500.0,15,2023,10,4,20231011,20231125,20231210.0,Retard < 30j
FAC-2024-02566,2024-02-11,2024-03-12,,CLI-0010,SVC-001,DEPT-004,1,3500.0,5,3325.0,665.0,3990.0,Contentieux,0.0,781,2024,2,1,20240211,20240312,,Contentieux > 90j
FAC-2024-02567,2023-01-08,2023-02-07,,CLI-0128,SVC-006,DEPT-003,1,450.0,0,450.0,90.0,540.0,Retard,0.0,1180,2023,1,1,20230108,20230207,,Contentieux > 90j
FAC-2024-02568,2025-06-15,2025-09-13,,CLI-0179,SVC-013,DEPT-004,2,1100.0,0,2200.0,440.0,2640.0,Partielle,710.68,231,2025,6,2,20250615,20250913,,Contentieux > 90j
FAC-2024-02569,2024-07-04,2024-08-18,,CLI-0124,SVC-014,DEPT-003,2,1500.0,0,3000.0,600.0,3600.0,Partielle,1489.48,622,2024,7,3,20240704,20240818,,Contentieux > 90j
FAC-2024-02570,2023-07-04,2023-08-18,,CLI-0095,SVC-003,DEPT-003,1,22000.0,5,20900.0,4180.0,25080.0,Partielle,16120.13,988,2023,7,3,20230704,20230818,,Contentieux > 90j
FAC-2024-02571,2024-10-25,2024-12-09,2024-12-21,CLI-0001,SVC-015,DEPT-007,1,2800.0,0,2800.0,560.0,3360.0,Payée,2800.0,12,2024,10,4,20241025,20241209,20241221.0,Retard < 30j
FAC-2024-02572,2025-12-06,2026-01-05,2026-02-04,CLI-0146,SVC-002,DEPT-002,1,8500.0,5,8075.0,1615.0,9690.0,Payée,8075.0,30,2025,12,4,20251206,20260105,20260204.0,Retard < 30j
FAC-2024-02573,2024-02-19,2024-04-04,2024-04-24,CLI-0136,SVC-014,DEPT-002,5,1500.0,0,7500.0,1500.0,9000.0,Payée,7500.0,20,2024,2,1,20240219,20240404,20240424.0,Retard < 30j
FAC-2024-02574,2025-07-29,2025-09-12,2025-10-12,CLI-0124,SVC-020,DEPT-007,1,1400.0,0,1400.0,280.0,1680.0,Payée,1400.0,30,2025,7,3,20250729,20250912,20251012.0,Retard < 30j
FAC-2024-02575,2023-08-31,2023-10-15,,CLI-0160,SVC-021,DEPT-004,8,800.0,0,6400.0,1280.0,7680.0,Retard,0.0,930,2023,8,3,20230831,20231015,,Contentieux > 90j
FAC-2024-02576,2025-01-15,2025-02-14,,CLI-0187,SVC-003,DEPT-004,1,22000.0,0,22000.0,4400.0,26400.0,Retard,0.0,442,2025,1,1,20250115,20250214,,Contentieux > 90j
FAC-2024-02577,2025-07-17,2025-08-31,2025-09-19,CLI-0055,SVC-012,DEPT-001,1,3200.0,10,2880.0,576.0,3456.0,Payée,2880.0,19,2025,7,3,20250717,20250831,20250919.0,Retard < 30j
FAC-2024-02578,2023-09-17,2023-10-17,2023-11-08,CLI-0181,SVC-008,DEPT-003,1,2500.0,0,2500.0,500.0,3000.0,Payée,2500.0,22,2023,9,3,20230917,20231017,20231108.0,Retard < 30j
FAC-2024-02579,2025-12-05,2026-01-04,,CLI-0142,SVC-021,DEPT-003,10,800.0,0,8000.0,1600.0,9600.0,Partielle,3920.56,118,2025,12,4,20251205,20260104,,Contentieux > 90j
FAC-2024-02580,2023-01-12,2023-03-13,,CLI-0024,SVC-018,DEPT-007,1,6500.0,5,6175.0,1235.0,7410.0,Contentieux,0.0,1146,2023,1,1,20230112,20230313,,Contentieux > 90j
FAC-2024-02581,2023-05-30,2023-07-14,2023-08-10,CLI-0117,SVC-005,DEPT-003,1,15000.0,5,14250.0,2850.0,17100.0,Payée,14250.0,27,2023,5,2,20230530,20230714,20230810.0,Retard < 30j
FAC-2024-02582,2025-09-23,2025-10-23,,CLI-0038,SVC-015,DEPT-002,1,2800.0,0,2800.0,560.0,3360.0,Retard,0.0,191,2025,9,3,20250923,20251023,,Contentieux > 90j
FAC-2024-02583,2025-02-27,2025-03-29,2025-04-27,CLI-0150,SVC-010,DEPT-007,39,45.0,0,1755.0,351.0,2106.0,Payée,1755.0,29,2025,2,1,20250227,20250329,20250427.0,Retard < 30j
FAC-2024-02584,2023-07-08,2023-09-06,2023-09-09,CLI-0046,SVC-009,DEPT-004,1,180.0,5,171.0,34.2,205.2,Payée,171.0,3,2023,7,3,20230708,20230906,20230909.0,Retard < 30j
FAC-2024-02585,2023-11-30,2023-12-30,,CLI-0086,SVC-006,DEPT-007,1,450.0,0,450.0,90.0,540.0,Partielle,210.21,854,2023,11,4,20231130,20231230,,Contentieux > 90j
FAC-2024-02586,2023-04-20,2023-05-20,,CLI-0023,SVC-015,DEPT-003,1,2800.0,10,2520.0,504.0,3024.0,Partielle,1906.9,1078,2023,4,2,20230420,20230520,,Contentieux > 90j
FAC-2024-02587,2023-09-28,2023-11-12,2023-11-25,CLI-0116,SVC-009,DEPT-003,1,180.0,0,180.0,36.0,216.0,Payée,180.0,13,2023,9,3,20230928,20231112,20231125.0,Retard < 30j
FAC-2024-02588,2024-10-15,2024-11-14,2024-11-14,CLI-0150,SVC-002,DEPT-007,1,8500.0,0,8500.0,1700.0,10200.0,Payée,8500.0,0,2024,10,4,20241015,20241114,20241114.0,Dans les délais
FAC-2024-02589,2025-01-21,2025-03-07,2025-03-07,CLI-0045,SVC-005,DEPT-001,1,15000.0,0,15000.0,3000.0,18000.0,Payée,15000.0,0,2025,1,1,20250121,20250307,20250307.0,Dans les délais
FAC-2024-02590,2025-03-28,2025-05-12,,CLI-0019,SVC-021,DEPT-001,4,800.0,10,2880.0,576.0,3456.0,Partielle,1454.41,355,2025,3,1,20250328,20250512,,Contentieux > 90j
FAC-2024-02591,2024-03-08,2024-05-07,2024-06-01,CLI-0143,SVC-006,DEPT-002,1,450.0,10,405.0,81.0,486.0,Payée,405.0,25,2024,3,1,20240308,20240507,20240601.0,Retard < 30j
FAC-2024-02592,2024-11-02,2024-12-02,,CLI-0155,SVC-006,DEPT-001,1,450.0,10,405.0,81.0,486.0,Partielle,178.2,516,2024,11,4,20241102,20241202,,Contentieux > 90j
FAC-2024-02593,2025-12-01,2025-12-31,,CLI-0027,SVC-016,DEPT-002,1,1800.0,5,1710.0,342.0,2052.0,Partielle,954.79,122,2025,12,4,20251201,20251231,,Contentieux > 90j
FAC-2024-02594,2025-07-15,2025-08-14,,CLI-0084,SVC-023,DEPT-001,4,750.0,0,3000.0,600.0,3600.0,Contentieux,0.0,261,2025,7,3,20250715,20250814,,Contentieux > 90j
FAC-2024-02595,2025-02-03,2025-03-20,2025-04-06,CLI-0124,SVC-018,DEPT-007,1,6500.0,0,6500.0,1300.0,7800.0,Payée,6500.0,17,2025,2,1,20250203,20250320,20250406.0,Retard < 30j
FAC-2024-02596,2023-05-01,2023-05-31,2023-05-31,CLI-0197,SVC-023,DEPT-007,2,750.0,0,1500.0,300.0,1800.0,Payée,1500.0,0,2023,5,2,20230501,20230531,20230531.0,Dans les délais
FAC-2024-02597,2023-08-12,2023-09-11,,CLI-0054,SVC-015,DEPT-003,1,2800.0,15,2380.0,476.0,2856.0,Retard,0.0,964,2023,8,3,20230812,20230911,,Contentieux > 90j
FAC-2024-02598,2023-06-15,2023-07-15,2023-08-07,CLI-0056,SVC-014,DEPT-001,1,1500.0,5,1425.0,285.0,1710.0,Payée,1425.0,23,2023,6,2,20230615,20230715,20230807.0,Retard < 30j
FAC-2024-02599,2024-02-13,2024-03-14,2024-04-05,CLI-0174,SVC-005,DEPT-007,1,15000.0,0,15000.0,3000.0,18000.0,Payée,15000.0,22,2024,2,1,20240213,20240314,20240405.0,Retard < 30j
FAC-2024-02600,2023-01-31,2023-03-02,2023-03-02,CLI-0099,SVC-022,DEPT-007,1,600.0,15,510.0,102.0,612.0,Payée,510.0,0,2023,1,1,20230131,20230302,20230302.0,Dans les délais
FAC-2024-02601,2024-11-01,2024-12-16,,CLI-0175,SVC-010,DEPT-002,45,45.0,0,2025.0,405.0,2430.0,Retard,0.0,502,2024,11,4,20241101,20241216,,Contentieux > 90j
FAC-2024-02602,2025-08-17,2025-09-16,2025-09-24,CLI-0174,SVC-017,DEPT-004,1,950.0,0,950.0,190.0,1140.0,Payée,950.0,8,2025,8,3,20250817,20250916,20250924.0,Retard < 30j
FAC-2024-02603,2024-06-10,2024-07-10,2024-07-12,CLI-0109,SVC-005,DEPT-004,1,15000.0,0,15000.0,3000.0,18000.0,Payée,15000.0,2,2024,6,2,20240610,20240710,20240712.0,Retard < 30j
FAC-2024-02604,2025-11-20,2025-12-20,2026-01-03,CLI-0027,SVC-020,DEPT-007,3,1400.0,15,3570.0,714.0,4284.0,Payée,3570.0,14,2025,11,4,20251120,20251220,20260103.0,Retard < 30j
FAC-2024-02605,2023-05-25,2023-06-24,2023-06-28,CLI-0026,SVC-007,DEPT-003,1,1200.0,0,1200.0,240.0,1440.0,Payée,1200.0,4,2023,5,2,20230525,20230624,20230628.0,Retard < 30j
FAC-2024-02606,2025-04-05,2025-05-05,2025-05-18,CLI-0172,SVC-022,DEPT-002,4,600.0,5,2280.0,456.0,2736.0,Payée,2280.0,13,2025,4,2,20250405,20250505,20250518.0,Retard < 30j
FAC-2024-02607,2024-06-08,2024-07-08,,CLI-0115,SVC-015,DEPT-002,1,2800.0,0,2800.0,560.0,3360.0,Partielle,1178.74,663,2024,6,2,20240608,20240708,,Contentieux > 90j
FAC-2024-02608,2023-05-04,2023-06-18,2023-07-17,CLI-0133,SVC-017,DEPT-004,1,950.0,0,950.0,190.0,1140.0,Payée,950.0,29,2023,5,2,20230504,20230618,20230717.0,Retard < 30j
FAC-2024-02609,2025-05-29,2025-07-13,2025-07-24,CLI-0011,SVC-024,DEPT-003,8,700.0,0,5600.0,1120.0,6720.0,Payée,5600.0,11,2025,5,2,20250529,20250713,20250724.0,Retard < 30j
FAC-2024-02610,2024-02-04,2024-03-05,,CLI-0166,SVC-017,DEPT-003,1,950.0,0,950.0,190.0,1140.0,Contentieux,0.0,788,2024,2,1,20240204,20240305,,Contentieux > 90j
FAC-2024-02611,2024-09-02,2024-10-02,2024-10-18,CLI-0071,SVC-013,DEPT-003,7,1100.0,10,6930.0,1386.0,8316.0,Payée,6930.0,16,2024,9,3,20240902,20241002,20241018.0,Retard < 30j
FAC-2024-02612,2025-06-28,2025-07-28,,CLI-0016,SVC-015,DEPT-004,1,2800.0,10,2520.0,504.0,3024.0,Retard,0.0,278,2025,6,2,20250628,20250728,,Contentieux > 90j
FAC-2024-02613,2024-11-18,2024-12-18,2025-01-07,CLI-0115,SVC-015,DEPT-002,1,2800.0,0,2800.0,560.0,3360.0,Payée,2800.0,20,2024,11,4,20241118,20241218,20250107.0,Retard < 30j
FAC-2024-02614,2024-01-10,2024-02-09,2024-02-25,CLI-0063,SVC-019,DEPT-003,2,180.0,0,360.0,72.0,432.0,Payée,360.0,16,2024,1,1,20240110,20240209,20240225.0,Retard < 30j
FAC-2024-02615,2025-10-07,2025-11-21,2025-11-21,CLI-0033,SVC-002,DEPT-007,1,8500.0,5,8075.0,1615.0,9690.0,Payée,8075.0,0,2025,10,4,20251007,20251121,20251121.0,Dans les délais
FAC-2024-02616,2023-07-24,2023-08-23,,CLI-0032,SVC-008,DEPT-004,1,2500.0,15,2125.0,425.0,2550.0,Contentieux,0.0,983,2023,7,3,20230724,20230823,,Contentieux > 90j
FAC-2024-02617,2023-07-14,2023-08-13,2023-08-29,CLI-0156,SVC-013,DEPT-003,10,1100.0,15,9350.0,1870.0,11220.0,Payée,9350.0,16,2023,7,3,20230714,20230813,20230829.0,Retard < 30j
FAC-2024-02618,2025-03-07,2025-04-21,2025-04-21,CLI-0139,SVC-022,DEPT-004,1,600.0,5,570.0,114.0,684.0,Payée,570.0,0,2025,3,1,20250307,20250421,20250421.0,Dans les délais
FAC-2024-02619,2024-04-23,2024-06-07,,CLI-0189,SVC-012,DEPT-001,1,3200.0,0,3200.0,640.0,3840.0,Partielle,1388.88,694,2024,4,2,20240423,20240607,,Contentieux > 90j
FAC-2024-02620,2023-06-19,2023-07-19,2023-08-03,CLI-0054,SVC-001,DEPT-007,1,3500.0,5,3325.0,665.0,3990.0,Payée,3325.0,15,2023,6,2,20230619,20230719,20230803.0,Retard < 30j
FAC-2024-02621,2023-01-22,2023-03-08,2023-03-08,CLI-0112,SVC-002,DEPT-001,1,8500.0,0,8500.0,1700.0,10200.0,Payée,8500.0,0,2023,1,1,20230122,20230308,20230308.0,Dans les délais
FAC-2024-02622,2024-11-21,2025-01-05,,CLI-0101,SVC-004,DEPT-003,4,1200.0,10,4320.0,864.0,5184.0,Partielle,3254.05,482,2024,11,4,20241121,20250105,,Contentieux > 90j
FAC-2024-02623,2025-06-20,2025-09-18,2025-09-18,CLI-0179,SVC-009,DEPT-004,1,180.0,5,171.0,34.2,205.2,Payée,171.0,0,2025,6,2,20250620,20250918,20250918.0,Dans les délais
FAC-2024-02624,2025-10-05,2025-12-04,2025-12-11,CLI-0091,SVC-002,DEPT-002,1,8500.0,0,8500.0,1700.0,10200.0,Payée,8500.0,7,2025,10,4,20251005,20251204,20251211.0,Retard < 30j
FAC-2024-02625,2023-04-12,2023-06-11,2023-06-29,CLI-0144,SVC-020,DEPT-001,6,1400.0,5,7980.0,1596.0,9576.0,Payée,7980.0,18,2023,4,2,20230412,20230611,20230629.0,Retard < 30j
FAC-2024-02626,2023-05-15,2023-06-14,2023-06-22,CLI-0072,SVC-022,DEPT-003,1,600.0,0,600.0,120.0,720.0,Payée,600.0,8,2023,5,2,20230515,20230614,20230622.0,Retard < 30j
FAC-2024-02627,2023-08-31,2023-10-15,2023-10-15,CLI-0004,SVC-007,DEPT-002,1,1200.0,0,1200.0,240.0,1440.0,Payée,1200.0,0,2023,8,3,20230831,20231015,20231015.0,Dans les délais
FAC-2024-02628,2025-11-03,2025-12-03,,CLI-0135,SVC-002,DEPT-003,1,8500.0,5,8075.0,1615.0,9690.0,Contentieux,0.0,150,2025,11,4,20251103,20251203,,Contentieux > 90j
FAC-2024-02629,2024-09-06,2024-10-21,,CLI-0019,SVC-003,DEPT-003,1,22000.0,5,20900.0,4180.0,25080.0,Partielle,16254.05,558,2024,9,3,20240906,20241021,,Contentieux > 90j
FAC-2024-02630,2023-12-23,2024-01-22,,CLI-0187,SVC-020,DEPT-002,9,1400.0,0,12600.0,2520.0,15120.0,Retard,0.0,831,2023,12,4,20231223,20240122,,Contentieux > 90j
FAC-2024-02631,2024-11-28,2025-01-12,2025-01-12,CLI-0119,SVC-022,DEPT-001,3,600.0,0,1800.0,360.0,2160.0,Payée,1800.0,0,2024,11,4,20241128,20250112,20250112.0,Dans les délais
FAC-2024-02632,2023-01-27,2023-02-26,2023-03-20,CLI-0129,SVC-016,DEPT-007,1,1800.0,5,1710.0,342.0,2052.0,Payée,1710.0,22,2023,1,1,20230127,20230226,20230320.0,Retard < 30j
FAC-2024-02633,2025-03-03,2025-04-02,2025-04-02,CLI-0018,SVC-003,DEPT-002,1,22000.0,5,20900.0,4180.0,25080.0,Payée,20900.0,0,2025,3,1,20250303,20250402,20250402.0,Dans les délais
FAC-2024-02634,2024-06-30,2024-07-30,2024-08-07,CLI-0148,SVC-017,DEPT-002,1,950.0,5,902.5,180.5,1083.0,Payée,902.5,8,2024,6,2,20240630,20240730,20240807.0,Retard < 30j
FAC-2024-02635,2024-09-20,2024-10-20,,CLI-0174,SVC-010,DEPT-002,38,45.0,5,1624.5,324.9,1949.4,Contentieux,0.0,559,2024,9,3,20240920,20241020,,Contentieux > 90j
FAC-2024-02636,2025-03-15,2025-04-14,2025-04-19,CLI-0006,SVC-001,DEPT-003,1,3500.0,0,3500.0,700.0,4200.0,Payée,3500.0,5,2025,3,1,20250315,20250414,20250419.0,Retard < 30j
FAC-2024-02637,2024-03-22,2024-05-21,2024-05-21,CLI-0103,SVC-001,DEPT-001,1,3500.0,0,3500.0,700.0,4200.0,Payée,3500.0,0,2024,3,1,20240322,20240521,20240521.0,Dans les délais
FAC-2024-02638,2025-02-16,2025-03-18,2025-04-07,CLI-0152,SVC-007,DEPT-002,1,1200.0,0,1200.0,240.0,1440.0,Payée,1200.0,20,2025,2,1,20250216,20250318,20250407.0,Retard < 30j
FAC-2024-02639,2025-07-29,2025-08-28,2025-09-03,CLI-0092,SVC-004,DEPT-007,9,1200.0,0,10800.0,2160.0,12960.0,Payée,10800.0,6,2025,7,3,20250729,20250828,20250903.0,Retard < 30j
FAC-2024-02640,2024-03-29,2024-05-13,,CLI-0047,SVC-008,DEPT-001,1,2500.0,0,2500.0,500.0,3000.0,Partielle,837.18,719,2024,3,1,20240329,20240513,,Contentieux > 90j
FAC-2024-02641,2025-05-13,2025-06-27,2025-07-07,CLI-0175,SVC-002,DEPT-001,1,8500.0,10,7650.0,1530.0,9180.0,Payée,7650.0,10,2025,5,2,20250513,20250627,20250707.0,Retard < 30j
FAC-2024-02642,2025-04-27,2025-06-26,2025-06-30,CLI-0196,SVC-018,DEPT-001,1,6500.0,0,6500.0,1300.0,7800.0,Payée,6500.0,4,2025,4,2,20250427,20250626,20250630.0,Retard < 30j
FAC-2024-02643,2025-03-15,2025-04-14,2025-04-14,CLI-0027,SVC-013,DEPT-003,8,1100.0,0,8800.0,1760.0,10560.0,Payée,8800.0,0,2025,3,1,20250315,20250414,20250414.0,Dans les délais
FAC-2024-02644,2024-11-15,2024-12-30,,CLI-0105,SVC-015,DEPT-007,1,2800.0,5,2660.0,532.0,3192.0,Contentieux,0.0,488,2024,11,4,20241115,20241230,,Contentieux > 90j
FAC-2024-02645,2024-10-24,2024-12-08,,CLI-0167,SVC-015,DEPT-007,1,2800.0,10,2520.0,504.0,3024.0,Partielle,866.54,510,2024,10,4,20241024,20241208,,Contentieux > 90j
FAC-2024-02646,2024-09-30,2024-11-14,2024-11-24,CLI-0180,SVC-014,DEPT-004,3,1500.0,0,4500.0,900.0,5400.0,Payée,4500.0,10,2024,9,3,20240930,20241114,20241124.0,Retard < 30j
FAC-2024-02647,2023-10-17,2023-11-16,2023-11-22,CLI-0054,SVC-001,DEPT-001,1,3500.0,0,3500.0,700.0,4200.0,Payée,3500.0,6,2023,10,4,20231017,20231116,20231122.0,Retard < 30j
FAC-2024-02648,2025-08-06,2025-09-05,,CLI-0082,SVC-015,DEPT-002,1,2800.0,10,2520.0,504.0,3024.0,Retard,0.0,239,2025,8,3,20250806,20250905,,Contentieux > 90j
FAC-2024-02649,2023-08-23,2023-10-07,2023-10-12,CLI-0001,SVC-015,DEPT-002,1,2800.0,0,2800.0,560.0,3360.0,Payée,2800.0,5,2023,8,3,20230823,20231007,20231012.0,Retard < 30j
FAC-2024-02650,2024-01-06,2024-02-20,,CLI-0169,SVC-001,DEPT-002,1,3500.0,0,3500.0,700.0,4200.0,Retard,0.0,802,2024,1,1,20240106,20240220,,Contentieux > 90j
FAC-2024-02651,2023-12-17,2024-01-31,,CLI-0031,SVC-021,DEPT-007,2,800.0,0,1600.0,320.0,1920.0,Partielle,1108.54,822,2023,12,4,20231217,20240131,,Contentieux > 90j
FAC-2024-02652,2023-01-09,2023-02-23,2023-03-17,CLI-0175,SVC-016,DEPT-001,1,1800.0,5,1710.0,342.0,2052.0,Payée,1710.0,22,2023,1,1,20230109,20230223,20230317.0,Retard < 30j
FAC-2024-02653,2025-06-13,2025-07-13,2025-08-12,CLI-0035,SVC-017,DEPT-007,1,950.0,0,950.0,190.0,1140.0,Payée,950.0,30,2025,6,2,20250613,20250713,20250812.0,Retard < 30j
FAC-2024-02654,2024-10-02,2024-12-01,,CLI-0024,SVC-024,DEPT-004,10,700.0,5,6650.0,1330.0,7980.0,Retard,0.0,517,2024,10,4,20241002,20241201,,Contentieux > 90j
FAC-2024-02655,2023-07-12,2023-08-11,2023-08-11,CLI-0051,SVC-023,DEPT-003,7,750.0,0,5250.0,1050.0,6300.0,Payée,5250.0,0,2023,7,3,20230712,20230811,20230811.0,Dans les délais
FAC-2024-02656,2025-12-31,2026-03-01,,CLI-0074,SVC-016,DEPT-002,1,1800.0,5,1710.0,342.0,2052.0,Retard,0.0,62,2025,12,4,20251231,20260301,,Retard 61-90j
FAC-2024-02657,2025-02-07,2025-03-24,2025-04-18,CLI-0020,SVC-018,DEPT-002,1,6500.0,5,6175.0,1235.0,7410.0,Payée,6175.0,25,2025,2,1,20250207,20250324,20250418.0,Retard < 30j
FAC-2024-02658,2024-11-10,2025-01-09,2025-01-09,CLI-0157,SVC-009,DEPT-001,1,180.0,15,153.0,30.6,183.6,Payée,153.0,0,2024,11,4,20241110,20250109,20250109.0,Dans les délais
FAC-2024-02659,2023-12-11,2024-01-10,2024-01-10,CLI-0158,SVC-005,DEPT-001,1,15000.0,5,14250.0,2850.0,17100.0,Payée,14250.0,0,2023,12,4,20231211,20240110,20240110.0,Dans les délais
FAC-2024-02660,2024-03-13,2024-04-12,2024-04-21,CLI-0054,SVC-018,DEPT-002,1,6500.0,5,6175.0,1235.0,7410.0,Payée,6175.0,9,2024,3,1,20240313,20240412,20240421.0,Retard < 30j
FAC-2024-02661,2024-05-31,2024-07-15,2024-07-27,CLI-0048,SVC-002,DEPT-002,1,8500.0,0,8500.0,1700.0,10200.0,Payée,8500.0,12,2024,5,2,20240531,20240715,20240727.0,Retard < 30j
FAC-2024-02662,2025-12-10,2026-01-24,,CLI-0042,SVC-024,DEPT-003,2,700.0,0,1400.0,280.0,1680.0,Contentieux,0.0,98,2025,12,4,20251210,20260124,,Contentieux > 90j
FAC-2024-02663,2024-02-06,2024-03-07,,CLI-0176,SVC-020,DEPT-001,1,1400.0,5,1330.0,266.0,1596.0,Retard,0.0,786,2024,2,1,20240206,20240307,,Contentieux > 90j
FAC-2024-02664,2024-03-01,2024-03-31,2024-04-04,CLI-0041,SVC-002,DEPT-002,1,8500.0,15,7225.0,1445.0,8670.0,Payée,7225.0,4,2024,3,1,20240301,20240331,20240404.0,Retard < 30j
FAC-2024-02665,2025-06-17,2025-08-01,,CLI-0042,SVC-005,DEPT-001,1,15000.0,0,15000.0,3000.0,18000.0,Partielle,5453.94,274,2025,6,2,20250617,20250801,,Contentieux > 90j
FAC-2024-02666,2024-02-02,2024-03-03,,CLI-0076,SVC-012,DEPT-002,1,3200.0,0,3200.0,640.0,3840.0,Retard,0.0,790,2024,2,1,20240202,20240303,,Contentieux > 90j
FAC-2024-02667,2025-05-05,2025-06-04,2025-06-15,CLI-0155,SVC-003,DEPT-004,1,22000.0,0,22000.0,4400.0,26400.0,Payée,22000.0,11,2025,5,2,20250505,20250604,20250615.0,Retard < 30j
FAC-2024-02668,2023-04-28,2023-06-12,,CLI-0059,SVC-001,DEPT-002,1,3500.0,0,3500.0,700.0,4200.0,Retard,0.0,1055,2023,4,2,20230428,20230612,,Contentieux > 90j
FAC-2024-02669,2025-07-30,2025-08-29,,CLI-0138,SVC-015,DEPT-007,1,2800.0,0,2800.0,560.0,3360.0,Partielle,974.34,246,2025,7,3,20250730,20250829,,Contentieux > 90j
FAC-2024-02670,2023-05-26,2023-06-25,,CLI-0070,SVC-005,DEPT-007,1,15000.0,5,14250.0,2850.0,17100.0,Retard,0.0,1042,2023,5,2,20230526,20230625,,Contentieux > 90j
FAC-2024-02671,2023-06-01,2023-07-01,,CLI-0027,SVC-014,DEPT-002,8,1500.0,0,12000.0,2400.0,14400.0,Partielle,3845.26,1036,2023,6,2,20230601,20230701,,Contentieux > 90j
FAC-2024-02672,2025-12-23,2026-01-22,,CLI-0178,SVC-024,DEPT-003,4,700.0,0,2800.0,560.0,3360.0,Retard,0.0,100,2025,12,4,20251223,20260122,,Contentieux > 90j
FAC-2024-02673,2024-07-19,2024-08-18,2024-08-22,CLI-0079,SVC-024,DEPT-007,2,700.0,5,1330.0,266.0,1596.0,Payée,1330.0,4,2024,7,3,20240719,20240818,20240822.0,Retard < 30j
FAC-2024-02674,2023-08-31,2023-10-30,2023-10-30,CLI-0024,SVC-007,DEPT-003,1,1200.0,0,1200.0,240.0,1440.0,Payée,1200.0,0,2023,8,3,20230831,20231030,20231030.0,Dans les délais
FAC-2024-02675,2025-01-24,2025-02-23,2025-03-15,CLI-0128,SVC-018,DEPT-004,1,6500.0,15,5525.0,1105.0,6630.0,Payée,5525.0,20,2025,1,1,20250124,20250223,20250315.0,Retard < 30j
FAC-2024-02676,2024-04-23,2024-05-23,2024-06-19,CLI-0013,SVC-013,DEPT-004,7,1100.0,10,6930.0,1386.0,8316.0,Payée,6930.0,27,2024,4,2,20240423,20240523,20240619.0,Retard < 30j
FAC-2024-02677,2023-05-04,2023-06-03,2023-06-14,CLI-0115,SVC-012,DEPT-003,1,3200.0,0,3200.0,640.0,3840.0,Payée,3200.0,11,2023,5,2,20230504,20230603,20230614.0,Retard < 30j
FAC-2024-02678,2025-06-02,2025-07-17,2025-07-31,CLI-0011,SVC-015,DEPT-007,1,2800.0,0,2800.0,560.0,3360.0,Payée,2800.0,14,2025,6,2,20250602,20250717,20250731.0,Retard < 30j
FAC-2024-02679,2024-04-05,2024-05-05,2024-05-24,CLI-0057,SVC-023,DEPT-002,10,750.0,0,7500.0,1500.0,9000.0,Payée,7500.0,19,2024,4,2,20240405,20240505,20240524.0,Retard < 30j
FAC-2024-02680,2023-09-23,2023-10-23,2023-11-14,CLI-0142,SVC-007,DEPT-001,1,1200.0,10,1080.0,216.0,1296.0,Payée,1080.0,22,2023,9,3,20230923,20231023,20231114.0,Retard < 30j
FAC-2024-02681,2023-10-28,2023-11-27,2023-11-30,CLI-0027,SVC-010,DEPT-003,17,45.0,0,765.0,153.0,918.0,Payée,765.0,3,2023,10,4,20231028,20231127,20231130.0,Retard < 30j
FAC-2024-02682,2024-10-18,2024-12-02,2024-12-29,CLI-0171,SVC-023,DEPT-007,5,750.0,5,3562.5,712.5,4275.0,Payée,3562.5,27,2024,10,4,20241018,20241202,20241229.0,Retard < 30j
FAC-2024-02683,2025-12-29,2026-03-29,,CLI-0195,SVC-002,DEPT-007,1,8500.0,5,8075.0,1615.0,9690.0,Partielle,4821.25,34,2025,12,4,20251229,20260329,,Retard 31-60j
FAC-2024-02684,2025-04-14,2025-05-29,,CLI-0031,SVC-024,DEPT-001,3,700.0,5,1995.0,399.0,2394.0,Retard,0.0,338,2025,4,2,20250414,20250529,,Contentieux > 90j
FAC-2024-02685,2025-02-17,2025-04-03,2025-04-13,CLI-0183,SVC-019,DEPT-002,10,180.0,0,1800.0,360.0,2160.0,Payée,1800.0,10,2025,2,1,20250217,20250403,20250413.0,Retard < 30j
FAC-2024-02686,2024-01-18,2024-03-18,,CLI-0091,SVC-015,DEPT-003,1,2800.0,10,2520.0,504.0,3024.0,Retard,0.0,775,2024,1,1,20240118,20240318,,Contentieux > 90j
FAC-2024-02687,2024-04-05,2024-06-04,,CLI-0164,SVC-008,DEPT-001,1,2500.0,0,2500.0,500.0,3000.0,Partielle,1936.7,697,2024,4,2,20240405,20240604,,Contentieux > 90j
FAC-2024-02688,2023-06-11,2023-07-26,2023-08-23,CLI-0075,SVC-003,DEPT-004,1,22000.0,5,20900.0,4180.0,25080.0,Payée,20900.0,28,2023,6,2,20230611,20230726,20230823.0,Retard < 30j
FAC-2024-02689,2025-02-04,2025-03-06,2025-03-30,CLI-0128,SVC-001,DEPT-004,1,3500.0,15,2975.0,595.0,3570.0,Payée,2975.0,24,2025,2,1,20250204,20250306,20250330.0,Retard < 30j
FAC-2024-02690,2024-07-04,2024-09-02,2024-09-14,CLI-0173,SVC-022,DEPT-003,8,600.0,0,4800.0,960.0,5760.0,Payée,4800.0,12,2024,7,3,20240704,20240902,20240914.0,Retard < 30j
FAC-2024-02691,2024-05-06,2024-06-05,2024-06-17,CLI-0060,SVC-012,DEPT-004,1,3200.0,0,3200.0,640.0,3840.0,Payée,3200.0,12,2024,5,2,20240506,20240605,20240617.0,Retard < 30j
FAC-2024-02692,2025-10-26,2025-12-10,2025-12-18,CLI-0123,SVC-024,DEPT-003,7,700.0,15,4165.0,833.0,4998.0,Payée,4165.0,8,2025,10,4,20251026,20251210,20251218.0,Retard < 30j
FAC-2024-02693,2023-12-29,2024-01-28,2024-02-26,CLI-0041,SVC-003,DEPT-001,1,22000.0,0,22000.0,4400.0,26400.0,Payée,22000.0,29,2023,12,4,20231229,20240128,20240226.0,Retard < 30j
FAC-2024-02694,2024-09-19,2024-11-03,,CLI-0175,SVC-011,DEPT-002,1,4500.0,0,4500.0,900.0,5400.0,Retard,0.0,545,2024,9,3,20240919,20241103,,Contentieux > 90j
FAC-2024-02695,2023-10-20,2023-11-19,2023-12-08,CLI-0127,SVC-020,DEPT-004,6,1400.0,5,7980.0,1596.0,9576.0,Payée,7980.0,19,2023,10,4,20231020,20231119,20231208.0,Retard < 30j
FAC-2024-02696,2024-01-08,2024-02-22,,CLI-0096,SVC-015,DEPT-003,1,2800.0,0,2800.0,560.0,3360.0,Partielle,858.96,800,2024,1,1,20240108,20240222,,Contentieux > 90j
FAC-2024-02697,2025-01-23,2025-03-09,2025-03-11,CLI-0043,SVC-008,DEPT-003,1,2500.0,5,2375.0,475.0,2850.0,Payée,2375.0,2,2025,1,1,20250123,20250309,20250311.0,Retard < 30j
FAC-2024-02698,2023-09-08,2023-10-23,,CLI-0055,SVC-013,DEPT-003,5,1100.0,0,5500.0,1100.0,6600.0,Retard,0.0,922,2023,9,3,20230908,20231023,,Contentieux > 90j
FAC-2024-02699,2024-02-05,2024-03-06,,CLI-0200,SVC-018,DEPT-001,1,6500.0,0,6500.0,1300.0,7800.0,Partielle,5008.12,787,2024,2,1,20240205,20240306,,Contentieux > 90j
FAC-2024-02700,2024-09-24,2024-11-08,,CLI-0096,SVC-011,DEPT-004,1,4500.0,0,4500.0,900.0,5400.0,Retard,0.0,540,2024,9,3,20240924,20241108,,Contentieux > 90j
FAC-2024-02701,2024-03-26,2024-04-25,,CLI-0174,SVC-014,DEPT-001,8,1500.0,0,12000.0,2400.0,14400.0,Contentieux,0.0,737,2024,3,1,20240326,20240425,,Contentieux > 90j
FAC-2024-02702,2023-09-07,2023-10-07,2023-10-24,CLI-0008,SVC-018,DEPT-002,1,6500.0,0,6500.0,1300.0,7800.0,Payée,6500.0,17,2023,9,3,20230907,20231007,20231024.0,Retard < 30j
FAC-2024-02703,2023-06-12,2023-07-27,2023-08-26,CLI-0045,SVC-004,DEPT-003,6,1200.0,5,6840.0,1368.0,8208.0,Payée,6840.0,30,2023,6,2,20230612,20230727,20230826.0,Retard < 30j
FAC-2024-02704,2024-03-04,2024-04-18,,CLI-0101,SVC-006,DEPT-003,1,450.0,0,450.0,90.0,540.0,Contentieux,0.0,744,2024,3,1,20240304,20240418,,Contentieux > 90j
FAC-2024-02705,2025-11-01,2025-12-01,,CLI-0054,SVC-014,DEPT-004,8,1500.0,0,12000.0,2400.0,14400.0,Retard,0.0,152,2025,11,4,20251101,20251201,,Contentieux > 90j
FAC-2024-02706,2025-10-15,2025-11-14,2025-11-14,CLI-0015,SVC-004,DEPT-007,4,1200.0,5,4560.0,912.0,5472.0,Payée,4560.0,0,2025,10,4,20251015,20251114,20251114.0,Dans les délais
FAC-2024-02707,2023-10-30,2023-12-29,2024-01-21,CLI-0130,SVC-011,DEPT-002,1,4500.0,0,4500.0,900.0,5400.0,Payée,4500.0,23,2023,10,4,20231030,20231229,20240121.0,Retard < 30j
FAC-2024-02708,2025-03-30,2025-04-29,2025-04-29,CLI-0176,SVC-014,DEPT-001,6,1500.0,0,9000.0,1800.0,10800.0,Payée,9000.0,0,2025,3,1,20250330,20250429,20250429.0,Dans les délais
FAC-2024-02709,2023-04-06,2023-05-21,2023-06-07,CLI-0090,SVC-002,DEPT-002,1,8500.0,10,7650.0,1530.0,9180.0,Payée,7650.0,17,2023,4,2,20230406,20230521,20230607.0,Retard < 30j
FAC-2024-02710,2023-05-09,2023-06-08,,CLI-0138,SVC-018,DEPT-007,1,6500.0,0,6500.0,1300.0,7800.0,Partielle,3007.82,1059,2023,5,2,20230509,20230608,,Contentieux > 90j
FAC-2024-02711,2023-02-21,2023-03-23,2023-03-29,CLI-0014,SVC-002,DEPT-002,1,8500.0,10,7650.0,1530.0,9180.0,Payée,7650.0,6,2023,2,1,20230221,20230323,20230329.0,Retard < 30j
FAC-2024-02712,2024-01-17,2024-03-02,,CLI-0019,SVC-010,DEPT-002,21,45.0,0,945.0,189.0,1134.0,Retard,0.0,791,2024,1,1,20240117,20240302,,Contentieux > 90j
FAC-2024-02713,2023-02-24,2023-03-26,,CLI-0038,SVC-014,DEPT-001,10,1500.0,0,15000.0,3000.0,18000.0,Contentieux,0.0,1133,2023,2,1,20230224,20230326,,Contentieux > 90j
FAC-2024-02714,2025-12-19,2026-02-17,2026-02-17,CLI-0068,SVC-013,DEPT-002,2,1100.0,0,2200.0,440.0,2640.0,Payée,2200.0,0,2025,12,4,20251219,20260217,20260217.0,Dans les délais
FAC-2024-02715,2025-02-13,2025-03-30,2025-04-03,CLI-0039,SVC-007,DEPT-007,1,1200.0,5,1140.0,228.0,1368.0,Payée,1140.0,4,2025,2,1,20250213,20250330,20250403.0,Retard < 30j
FAC-2024-02716,2023-02-24,2023-05-25,2023-06-20,CLI-0125,SVC-006,DEPT-002,1,450.0,5,427.5,85.5,513.0,Payée,427.5,26,2023,2,1,20230224,20230525,20230620.0,Retard < 30j
FAC-2024-02717,2025-02-03,2025-03-05,2025-03-13,CLI-0109,SVC-005,DEPT-002,1,15000.0,15,12750.0,2550.0,15300.0,Payée,12750.0,8,2025,2,1,20250203,20250305,20250313.0,Retard < 30j
FAC-2024-02718,2023-11-05,2024-01-04,,CLI-0046,SVC-006,DEPT-004,1,450.0,5,427.5,85.5,513.0,Retard,0.0,849,2023,11,4,20231105,20240104,,Contentieux > 90j
FAC-2024-02719,2024-01-25,2024-02-24,2024-03-08,CLI-0071,SVC-023,DEPT-003,9,750.0,5,6412.5,1282.5,7695.0,Payée,6412.5,13,2024,1,1,20240125,20240224,20240308.0,Retard < 30j
FAC-2024-02720,2024-03-30,2024-05-14,2024-06-05,CLI-0147,SVC-023,DEPT-001,6,750.0,0,4500.0,900.0,5400.0,Payée,4500.0,22,2024,3,1,20240330,20240514,20240605.0,Retard < 30j
FAC-2024-02721,2023-03-13,2023-04-12,2023-04-12,CLI-0156,SVC-012,DEPT-007,1,3200.0,0,3200.0,640.0,3840.0,Payée,3200.0,0,2023,3,1,20230313,20230412,20230412.0,Dans les délais
FAC-2024-02722,2025-11-13,2026-01-12,2026-01-14,CLI-0143,SVC-002,DEPT-007,1,8500.0,0,8500.0,1700.0,10200.0,Payée,8500.0,2,2025,11,4,20251113,20260112,20260114.0,Retard < 30j
FAC-2024-02723,2025-02-19,2025-04-05,2025-04-07,CLI-0049,SVC-007,DEPT-002,1,1200.0,0,1200.0,240.0,1440.0,Payée,1200.0,2,2025,2,1,20250219,20250405,20250407.0,Retard < 30j
FAC-2024-02724,2024-12-26,2025-01-25,,CLI-0126,SVC-004,DEPT-007,9,1200.0,0,10800.0,2160.0,12960.0,Contentieux,0.0,462,2024,12,4,20241226,20250125,,Contentieux > 90j
FAC-2024-02725,2023-07-03,2023-09-01,2023-09-23,CLI-0194,SVC-006,DEPT-003,1,450.0,15,382.5,76.5,459.0,Payée,382.5,22,2023,7,3,20230703,20230901,20230923.0,Retard < 30j
FAC-2024-02726,2025-04-04,2025-06-03,2025-06-14,CLI-0164,SVC-009,DEPT-002,1,180.0,0,180.0,36.0,216.0,Payée,180.0,11,2025,4,2,20250404,20250603,20250614.0,Retard < 30j
FAC-2024-02727,2024-03-19,2024-05-18,,CLI-0046,SVC-007,DEPT-002,1,1200.0,15,1020.0,204.0,1224.0,Contentieux,0.0,714,2024,3,1,20240319,20240518,,Contentieux > 90j
FAC-2024-02728,2025-11-07,2025-12-07,,CLI-0050,SVC-023,DEPT-003,1,750.0,5,712.5,142.5,855.0,Retard,0.0,146,2025,11,4,20251107,20251207,,Contentieux > 90j
FAC-2024-02729,2024-12-09,2025-01-08,,CLI-0080,SVC-005,DEPT-007,1,15000.0,0,15000.0,3000.0,18000.0,Retard,0.0,479,2024,12,4,20241209,20250108,,Contentieux > 90j
FAC-2024-02730,2024-01-13,2024-02-27,2024-02-27,CLI-0048,SVC-023,DEPT-004,3,750.0,5,2137.5,427.5,2565.0,Payée,2137.5,0,2024,1,1,20240113,20240227,20240227.0,Dans les délais
FAC-2024-02731,2024-11-22,2025-01-06,2025-01-25,CLI-0055,SVC-020,DEPT-002,4,1400.0,0,5600.0,1120.0,6720.0,Payée,5600.0,19,2024,11,4,20241122,20250106,20250125.0,Retard < 30j
FAC-2024-02732,2025-09-07,2025-12-06,2026-01-04,CLI-0195,SVC-024,DEPT-001,4,700.0,0,2800.0,560.0,3360.0,Payée,2800.0,29,2025,9,3,20250907,20251206,20260104.0,Retard < 30j
FAC-2024-02733,2025-10-04,2025-11-18,2025-12-14,CLI-0087,SVC-013,DEPT-003,5,1100.0,0,5500.0,1100.0,6600.0,Payée,5500.0,26,2025,10,4,20251004,20251118,20251214.0,Retard < 30j
FAC-2024-02734,2024-09-16,2024-10-16,,CLI-0071,SVC-018,DEPT-003,1,6500.0,5,6175.0,1235.0,7410.0,Retard,0.0,563,2024,9,3,20240916,20241016,,Contentieux > 90j
FAC-2024-02735,2023-05-27,2023-07-11,2023-07-31,CLI-0047,SVC-001,DEPT-001,1,3500.0,0,3500.0,700.0,4200.0,Payée,3500.0,20,2023,5,2,20230527,20230711,20230731.0,Retard < 30j
FAC-2024-02736,2025-03-28,2025-05-27,,CLI-0157,SVC-010,DEPT-003,15,45.0,0,675.0,135.0,810.0,Retard,0.0,340,2025,3,1,20250328,20250527,,Contentieux > 90j
FAC-2024-02737,2024-10-04,2024-11-18,,CLI-0123,SVC-003,DEPT-001,1,22000.0,5,20900.0,4180.0,25080.0,Retard,0.0,530,2024,10,4,20241004,20241118,,Contentieux > 90j
FAC-2024-02738,2024-05-29,2024-06-28,,CLI-0115,SVC-011,DEPT-001,1,4500.0,0,4500.0,900.0,5400.0,Retard,0.0,673,2024,5,2,20240529,20240628,,Contentieux > 90j
FAC-2024-02739,2025-05-26,2025-07-10,2025-07-10,CLI-0117,SVC-003,DEPT-007,1,22000.0,15,18700.0,3740.0,22440.0,Payée,18700.0,0,2025,5,2,20250526,20250710,20250710.0,Dans les délais
FAC-2024-02740,2025-05-27,2025-07-11,2025-07-11,CLI-0108,SVC-011,DEPT-007,1,4500.0,0,4500.0,900.0,5400.0,Payée,4500.0,0,2025,5,2,20250527,20250711,20250711.0,Dans les délais
FAC-2024-02741,2024-03-09,2024-04-08,2024-04-25,CLI-0121,SVC-019,DEPT-002,20,180.0,0,3600.0,720.0,4320.0,Payée,3600.0,17,2024,3,1,20240309,20240408,20240425.0,Retard < 30j
FAC-2024-02742,2023-01-02,2023-02-01,2023-02-06,CLI-0018,SVC-016,DEPT-004,1,1800.0,10,1620.0,324.0,1944.0,Payée,1620.0,5,2023,1,1,20230102,20230201,20230206.0,Retard < 30j
FAC-2024-02743,2023-01-31,2023-03-17,,CLI-0049,SVC-022,DEPT-001,2,600.0,5,1140.0,228.0,1368.0,Retard,0.0,1142,2023,1,1,20230131,20230317,,Contentieux > 90j
FAC-2024-02744,2023-07-03,2023-08-17,,CLI-0043,SVC-024,DEPT-004,3,700.0,0,2100.0,420.0,2520.0,Partielle,1230.15,989,2023,7,3,20230703,20230817,,Contentieux > 90j
FAC-2024-02745,2025-08-05,2025-09-19,2025-09-19,CLI-0189,SVC-013,DEPT-007,9,1100.0,0,9900.0,1980.0,11880.0,Payée,9900.0,0,2025,8,3,20250805,20250919,20250919.0,Dans les délais
FAC-2024-02746,2024-03-17,2024-05-01,2024-05-26,CLI-0160,SVC-016,DEPT-002,1,1800.0,0,1800.0,360.0,2160.0,Payée,1800.0,25,2024,3,1,20240317,20240501,20240526.0,Retard < 30j
FAC-2024-02747,2024-01-15,2024-03-15,2024-03-15,CLI-0024,SVC-020,DEPT-004,3,1400.0,0,4200.0,840.0,5040.0,Payée,4200.0,0,2024,1,1,20240115,20240315,20240315.0,Dans les délais
FAC-2024-02748,2025-12-22,2026-02-20,2026-03-13,CLI-0107,SVC-023,DEPT-003,9,750.0,5,6412.5,1282.5,7695.0,Payée,6412.5,21,2025,12,4,20251222,20260220,20260313.0,Retard < 30j
FAC-2024-02749,2024-03-01,2024-04-30,,CLI-0074,SVC-021,DEPT-003,10,800.0,10,7200.0,1440.0,8640.0,Retard,0.0,732,2024,3,1,20240301,20240430,,Contentieux > 90j
FAC-2024-02750,2023-07-07,2023-08-06,2023-09-02,CLI-0060,SVC-004,DEPT-007,7,1200.0,0,8400.0,1680.0,10080.0,Payée,8400.0,27,2023,7,3,20230707,20230806,20230902.0,Retard < 30j
FAC-2024-02751,2024-01-08,2024-03-08,2024-03-13,CLI-0196,SVC-011,DEPT-001,1,4500.0,0,4500.0,900.0,5400.0,Payée,4500.0,5,2024,1,1,20240108,20240308,20240313.0,Retard < 30j
FAC-2024-02752,2024-12-21,2025-03-21,,CLI-0179,SVC-003,DEPT-004,1,22000.0,10,19800.0,3960.0,23760.0,Retard,0.0,407,2024,12,4,20241221,20250321,,Contentieux > 90j
FAC-2024-02753,2024-08-02,2024-09-01,2024-09-14,CLI-0121,SVC-009,DEPT-004,1,180.0,0,180.0,36.0,216.0,Payée,180.0,13,2024,8,3,20240802,20240901,20240914.0,Retard < 30j
FAC-2024-02754,2023-04-13,2023-05-13,,CLI-0002,SVC-023,DEPT-004,1,750.0,0,750.0,150.0,900.0,Contentieux,0.0,1085,2023,4,2,20230413,20230513,,Contentieux > 90j
FAC-2024-02755,2024-09-25,2024-10-25,2024-11-14,CLI-0126,SVC-010,DEPT-003,35,45.0,5,1496.25,299.25,1795.5,Payée,1496.25,20,2024,9,3,20240925,20241025,20241114.0,Retard < 30j
FAC-2024-02756,2025-07-10,2025-08-24,,CLI-0175,SVC-015,DEPT-002,1,2800.0,10,2520.0,504.0,3024.0,Partielle,868.17,251,2025,7,3,20250710,20250824,,Contentieux > 90j
FAC-2024-02757,2025-05-23,2025-07-07,2025-07-23,CLI-0123,SVC-012,DEPT-001,1,3200.0,5,3040.0,608.0,3648.0,Payée,3040.0,16,2025,5,2,20250523,20250707,20250723.0,Retard < 30j
FAC-2024-02758,2024-05-15,2024-06-14,2024-06-21,CLI-0006,SVC-014,DEPT-001,6,1500.0,0,9000.0,1800.0,10800.0,Payée,9000.0,7,2024,5,2,20240515,20240614,20240621.0,Retard < 30j
FAC-2024-02759,2025-03-01,2025-05-30,2025-06-23,CLI-0179,SVC-024,DEPT-004,5,700.0,0,3500.0,700.0,4200.0,Payée,3500.0,24,2025,3,1,20250301,20250530,20250623.0,Retard < 30j
FAC-2024-02760,2025-01-03,2025-03-04,2025-03-19,CLI-0024,SVC-004,DEPT-002,3,1200.0,0,3600.0,720.0,4320.0,Payée,3600.0,15,2025,1,1,20250103,20250304,20250319.0,Retard < 30j
FAC-2024-02761,2025-01-29,2025-02-28,2025-03-18,CLI-0015,SVC-023,DEPT-003,10,750.0,0,7500.0,1500.0,9000.0,Payée,7500.0,18,2025,1,1,20250129,20250228,20250318.0,Retard < 30j
FAC-2024-02762,2025-12-19,2026-01-18,2026-01-26,CLI-0035,SVC-006,DEPT-004,1,450.0,0,450.0,90.0,540.0,Payée,450.0,8,2025,12,4,20251219,20260118,20260126.0,Retard < 30j
FAC-2024-02763,2023-06-10,2023-07-25,2023-08-22,CLI-0095,SVC-008,DEPT-007,1,2500.0,10,2250.0,450.0,2700.0,Payée,2250.0,28,2023,6,2,20230610,20230725,20230822.0,Retard < 30j
FAC-2024-02764,2024-11-17,2024-12-17,2025-01-08,CLI-0172,SVC-019,DEPT-002,14,180.0,0,2520.0,504.0,3024.0,Payée,2520.0,22,2024,11,4,20241117,20241217,20250108.0,Retard < 30j
FAC-2024-02765,2024-06-20,2024-08-04,,CLI-0095,SVC-011,DEPT-002,1,4500.0,10,4050.0,810.0,4860.0,Partielle,1806.62,636,2024,6,2,20240620,20240804,,Contentieux > 90j
FAC-2024-02766,2024-06-11,2024-07-11,2024-07-13,CLI-0097,SVC-023,DEPT-004,2,750.0,5,1425.0,285.0,1710.0,Payée,1425.0,2,2024,6,2,20240611,20240711,20240713.0,Retard < 30j
FAC-2024-02767,2024-05-15,2024-06-14,,CLI-0174,SVC-020,DEPT-003,10,1400.0,0,14000.0,2800.0,16800.0,Retard,0.0,687,2024,5,2,20240515,20240614,,Contentieux > 90j
FAC-2024-02768,2025-07-12,2025-08-26,,CLI-0088,SVC-019,DEPT-003,11,180.0,0,1980.0,396.0,2376.0,Partielle,1462.3,249,2025,7,3,20250712,20250826,,Contentieux > 90j
FAC-2024-02769,2023-12-17,2024-02-15,2024-03-02,CLI-0005,SVC-017,DEPT-007,1,950.0,0,950.0,190.0,1140.0,Payée,950.0,16,2023,12,4,20231217,20240215,20240302.0,Retard < 30j
FAC-2024-02770,2025-09-03,2025-10-18,2025-11-16,CLI-0133,SVC-005,DEPT-007,1,15000.0,5,14250.0,2850.0,17100.0,Payée,14250.0,29,2025,9,3,20250903,20251018,20251116.0,Retard < 30j
FAC-2024-02771,2023-07-24,2023-08-23,2023-08-23,CLI-0178,SVC-009,DEPT-007,1,180.0,0,180.0,36.0,216.0,Payée,180.0,0,2023,7,3,20230724,20230823,20230823.0,Dans les délais
FAC-2024-02772,2023-05-06,2023-06-05,2023-06-30,CLI-0140,SVC-005,DEPT-001,1,15000.0,5,14250.0,2850.0,17100.0,Payée,14250.0,25,2023,5,2,20230506,20230605,20230630.0,Retard < 30j
FAC-2024-02773,2024-09-09,2024-10-09,2024-10-16,CLI-0148,SVC-011,DEPT-003,1,4500.0,10,4050.0,810.0,4860.0,Payée,4050.0,7,2024,9,3,20240909,20241009,20241016.0,Retard < 30j
FAC-2024-02774,2025-04-25,2025-06-24,,CLI-0194,SVC-023,DEPT-002,6,750.0,0,4500.0,900.0,5400.0,Retard,0.0,312,2025,4,2,20250425,20250624,,Contentieux > 90j
FAC-2024-02775,2024-05-15,2024-06-14,2024-07-06,CLI-0041,SVC-002,DEPT-003,1,8500.0,0,8500.0,1700.0,10200.0,Payée,8500.0,22,2024,5,2,20240515,20240614,20240706.0,Retard < 30j
FAC-2024-02776,2023-10-31,2023-12-15,2023-12-15,CLI-0122,SVC-003,DEPT-001,1,22000.0,5,20900.0,4180.0,25080.0,Payée,20900.0,0,2023,10,4,20231031,20231215,20231215.0,Dans les délais
FAC-2024-02777,2024-12-29,2025-02-12,2025-03-08,CLI-0045,SVC-024,DEPT-003,2,700.0,0,1400.0,280.0,1680.0,Payée,1400.0,24,2024,12,4,20241229,20250212,20250308.0,Retard < 30j
FAC-2024-02778,2025-12-18,2026-03-18,2026-04-03,CLI-0125,SVC-012,DEPT-007,1,3200.0,5,3040.0,608.0,3648.0,Payée,3040.0,16,2025,12,4,20251218,20260318,20260403.0,Retard < 30j
FAC-2024-02779,2025-08-23,2025-10-22,2025-10-22,CLI-0107,SVC-021,DEPT-007,1,800.0,0,800.0,160.0,960.0,Payée,800.0,0,2025,8,3,20250823,20251022,20251022.0,Dans les délais
FAC-2024-02780,2023-05-21,2023-06-20,2023-07-04,CLI-0186,SVC-007,DEPT-002,1,1200.0,0,1200.0,240.0,1440.0,Payée,1200.0,14,2023,5,2,20230521,20230620,20230704.0,Retard < 30j
FAC-2024-02781,2024-11-01,2024-12-01,2024-12-10,CLI-0083,SVC-023,DEPT-007,7,750.0,0,5250.0,1050.0,6300.0,Payée,5250.0,9,2024,11,4,20241101,20241201,20241210.0,Retard < 30j
FAC-2024-02782,2023-04-09,2023-05-24,2023-05-30,CLI-0169,SVC-012,DEPT-002,1,3200.0,10,2880.0,576.0,3456.0,Payée,2880.0,6,2023,4,2,20230409,20230524,20230530.0,Retard < 30j
FAC-2024-02783,2023-10-05,2023-11-04,2023-11-18,CLI-0129,SVC-006,DEPT-004,1,450.0,0,450.0,90.0,540.0,Payée,450.0,14,2023,10,4,20231005,20231104,20231118.0,Retard < 30j
FAC-2024-02784,2024-06-26,2024-07-26,,CLI-0093,SVC-006,DEPT-001,1,450.0,0,450.0,90.0,540.0,Retard,0.0,645,2024,6,2,20240626,20240726,,Contentieux > 90j
FAC-2024-02785,2025-07-12,2025-08-26,2025-09-15,CLI-0096,SVC-008,DEPT-007,1,2500.0,5,2375.0,475.0,2850.0,Payée,2375.0,20,2025,7,3,20250712,20250826,20250915.0,Retard < 30j
FAC-2024-02786,2024-10-04,2024-11-03,,CLI-0008,SVC-002,DEPT-003,1,8500.0,5,8075.0,1615.0,9690.0,Partielle,4720.16,545,2024,10,4,20241004,20241103,,Contentieux > 90j
FAC-2024-02787,2023-04-13,2023-05-28,,CLI-0122,SVC-019,DEPT-004,6,180.0,10,972.0,194.4,1166.4,Retard,0.0,1070,2023,4,2,20230413,20230528,,Contentieux > 90j
FAC-2024-02788,2023-05-12,2023-06-11,,CLI-0138,SVC-010,DEPT-003,30,45.0,0,1350.0,270.0,1620.0,Contentieux,0.0,1056,2023,5,2,20230512,20230611,,Contentieux > 90j
FAC-2024-02789,2023-04-30,2023-05-30,2023-06-17,CLI-0064,SVC-011,DEPT-001,1,4500.0,0,4500.0,900.0,5400.0,Payée,4500.0,18,2023,4,2,20230430,20230530,20230617.0,Retard < 30j
FAC-2024-02790,2024-07-28,2024-08-27,2024-09-19,CLI-0050,SVC-006,DEPT-003,1,450.0,0,450.0,90.0,540.0,Payée,450.0,23,2024,7,3,20240728,20240827,20240919.0,Retard < 30j
FAC-2024-02791,2024-02-16,2024-04-01,,CLI-0049,SVC-007,DEPT-007,1,1200.0,0,1200.0,240.0,1440.0,Contentieux,0.0,761,2024,2,1,20240216,20240401,,Contentieux > 90j
FAC-2024-02792,2023-10-07,2023-11-06,2023-11-07,CLI-0072,SVC-001,DEPT-002,1,3500.0,0,3500.0,700.0,4200.0,Payée,3500.0,1,2023,10,4,20231007,20231106,20231107.0,Retard < 30j
FAC-2024-02793,2024-04-15,2024-05-15,2024-06-05,CLI-0063,SVC-001,DEPT-004,1,3500.0,0,3500.0,700.0,4200.0,Payée,3500.0,21,2024,4,2,20240415,20240515,20240605.0,Retard < 30j
FAC-2024-02794,2023-09-09,2023-10-09,2023-11-02,CLI-0138,SVC-003,DEPT-003,1,22000.0,5,20900.0,4180.0,25080.0,Payée,20900.0,24,2023,9,3,20230909,20231009,20231102.0,Retard < 30j
FAC-2024-02795,2025-05-24,2025-06-23,2025-07-10,CLI-0003,SVC-015,DEPT-003,1,2800.0,0,2800.0,560.0,3360.0,Payée,2800.0,17,2025,5,2,20250524,20250623,20250710.0,Retard < 30j
FAC-2024-02796,2023-04-27,2023-05-27,2023-05-27,CLI-0079,SVC-024,DEPT-001,3,700.0,0,2100.0,420.0,2520.0,Payée,2100.0,0,2023,4,2,20230427,20230527,20230527.0,Dans les délais
FAC-2024-02797,2024-06-13,2024-08-12,2024-08-12,CLI-0053,SVC-008,DEPT-002,1,2500.0,10,2250.0,450.0,2700.0,Payée,2250.0,0,2024,6,2,20240613,20240812,20240812.0,Dans les délais
FAC-2024-02798,2023-09-27,2023-11-11,2023-11-11,CLI-0087,SVC-023,DEPT-007,1,750.0,0,750.0,150.0,900.0,Payée,750.0,0,2023,9,3,20230927,20231111,20231111.0,Dans les délais
FAC-2024-02799,2025-07-19,2025-09-17,,CLI-0005,SVC-003,DEPT-002,1,22000.0,5,20900.0,4180.0,25080.0,Contentieux,0.0,227,2025,7,3,20250719,20250917,,Contentieux > 90j
FAC-2024-02800,2025-02-03,2025-03-05,,CLI-0093,SVC-002,DEPT-004,1,8500.0,0,8500.0,1700.0,10200.0,Retard,0.0,423,2025,2,1,20250203,20250305,,Contentieux > 90j
FAC-2024-02801,2025-08-05,2025-09-04,2025-09-30,CLI-0083,SVC-022,DEPT-003,2,600.0,10,1080.0,216.0,1296.0,Payée,1080.0,26,2025,8,3,20250805,20250904,20250930.0,Retard < 30j
FAC-2024-02802,2023-08-05,2023-09-04,2023-09-10,CLI-0083,SVC-014,DEPT-003,10,1500.0,5,14250.0,2850.0,17100.0,Payée,14250.0,6,2023,8,3,20230805,20230904,20230910.0,Retard < 30j
FAC-2024-02803,2025-01-06,2025-02-05,,CLI-0015,SVC-013,DEPT-004,9,1100.0,0,9900.0,1980.0,11880.0,Partielle,5151.5,451,2025,1,1,20250106,20250205,,Contentieux > 90j
FAC-2024-02804,2024-11-26,2025-01-25,,CLI-0194,SVC-005,DEPT-003,1,15000.0,0,15000.0,3000.0,18000.0,Partielle,5849.09,462,2024,11,4,20241126,20250125,,Contentieux > 90j
FAC-2024-02805,2024-12-03,2025-01-17,,CLI-0183,SVC-002,DEPT-003,1,8500.0,0,8500.0,1700.0,10200.0,Retard,0.0,470,2024,12,4,20241203,20250117,,Contentieux > 90j
FAC-2024-02806,2023-10-29,2023-11-28,2023-12-05,CLI-0082,SVC-017,DEPT-004,1,950.0,10,855.0,171.0,1026.0,Payée,855.0,7,2023,10,4,20231029,20231128,20231205.0,Retard < 30j
FAC-2024-02807,2024-01-17,2024-03-02,2024-03-02,CLI-0175,SVC-003,DEPT-001,1,22000.0,0,22000.0,4400.0,26400.0,Payée,22000.0,0,2024,1,1,20240117,20240302,20240302.0,Dans les délais
FAC-2024-02808,2025-11-17,2025-12-17,,CLI-0163,SVC-015,DEPT-007,1,2800.0,0,2800.0,560.0,3360.0,Retard,0.0,136,2025,11,4,20251117,20251217,,Contentieux > 90j
FAC-2024-02809,2023-04-13,2023-05-28,2023-06-23,CLI-0132,SVC-024,DEPT-003,2,700.0,0,1400.0,280.0,1680.0,Payée,1400.0,26,2023,4,2,20230413,20230528,20230623.0,Retard < 30j
FAC-2024-02810,2024-04-06,2024-05-21,2024-06-01,CLI-0011,SVC-021,DEPT-003,10,800.0,0,8000.0,1600.0,9600.0,Payée,8000.0,11,2024,4,2,20240406,20240521,20240601.0,Retard < 30j
FAC-2024-02811,2024-10-13,2024-11-12,2024-11-16,CLI-0054,SVC-020,DEPT-004,2,1400.0,0,2800.0,560.0,3360.0,Payée,2800.0,4,2024,10,4,20241013,20241112,20241116.0,Retard < 30j
FAC-2024-02812,2024-06-05,2024-07-20,2024-07-25,CLI-0124,SVC-024,DEPT-001,4,700.0,0,2800.0,560.0,3360.0,Payée,2800.0,5,2024,6,2,20240605,20240720,20240725.0,Retard < 30j
FAC-2024-02813,2023-11-03,2023-12-03,2023-12-18,CLI-0115,SVC-010,DEPT-003,10,45.0,0,450.0,90.0,540.0,Payée,450.0,15,2023,11,4,20231103,20231203,20231218.0,Retard < 30j
FAC-2024-02814,2025-02-22,2025-04-08,,CLI-0180,SVC-021,DEPT-001,4,800.0,10,2880.0,576.0,3456.0,Retard,0.0,389,2025,2,1,20250222,20250408,,Contentieux > 90j
FAC-2024-02815,2024-02-19,2024-03-20,2024-04-12,CLI-0166,SVC-007,DEPT-001,1,1200.0,15,1020.0,204.0,1224.0,Payée,1020.0,23,2024,2,1,20240219,20240320,20240412.0,Retard < 30j
FAC-2024-02816,2025-11-28,2025-12-28,2026-01-13,CLI-0097,SVC-017,DEPT-001,1,950.0,0,950.0,190.0,1140.0,Payée,950.0,16,2025,11,4,20251128,20251228,20260113.0,Retard < 30j
FAC-2024-02817,2023-02-12,2023-03-29,2023-04-16,CLI-0087,SVC-015,DEPT-007,1,2800.0,10,2520.0,504.0,3024.0,Payée,2520.0,18,2023,2,1,20230212,20230329,20230416.0,Retard < 30j
FAC-2024-02818,2024-12-16,2025-01-15,,CLI-0121,SVC-017,DEPT-003,1,950.0,0,950.0,190.0,1140.0,Retard,0.0,472,2024,12,4,20241216,20250115,,Contentieux > 90j
FAC-2024-02819,2025-07-06,2025-08-05,,CLI-0057,SVC-022,DEPT-002,8,600.0,0,4800.0,960.0,5760.0,Retard,0.0,270,2025,7,3,20250706,20250805,,Contentieux > 90j
FAC-2024-02820,2024-03-04,2024-04-03,2024-04-18,CLI-0126,SVC-014,DEPT-004,3,1500.0,10,4050.0,810.0,4860.0,Payée,4050.0,15,2024,3,1,20240304,20240403,20240418.0,Retard < 30j
FAC-2024-02821,2024-01-14,2024-02-13,2024-02-28,CLI-0072,SVC-009,DEPT-002,1,180.0,0,180.0,36.0,216.0,Payée,180.0,15,2024,1,1,20240114,20240213,20240228.0,Retard < 30j
FAC-2024-02822,2023-11-11,2023-12-26,2024-01-15,CLI-0049,SVC-012,DEPT-003,1,3200.0,0,3200.0,640.0,3840.0,Payée,3200.0,20,2023,11,4,20231111,20231226,20240115.0,Retard < 30j
FAC-2024-02823,2023-10-18,2023-11-17,2023-12-05,CLI-0166,SVC-003,DEPT-007,1,22000.0,10,19800.0,3960.0,23760.0,Payée,19800.0,18,2023,10,4,20231018,20231117,20231205.0,Retard < 30j
FAC-2024-02824,2024-08-08,2024-09-22,2024-10-13,CLI-0049,SVC-005,DEPT-002,1,15000.0,0,15000.0,3000.0,18000.0,Payée,15000.0,21,2024,8,3,20240808,20240922,20241013.0,Retard < 30j
FAC-2024-02825,2024-10-12,2024-11-11,,CLI-0013,SVC-005,DEPT-007,1,15000.0,0,15000.0,3000.0,18000.0,Retard,0.0,537,2024,10,4,20241012,20241111,,Contentieux > 90j
FAC-2024-02826,2025-06-11,2025-07-11,,CLI-0127,SVC-008,DEPT-002,1,2500.0,0,2500.0,500.0,3000.0,Retard,0.0,295,2025,6,2,20250611,20250711,,Contentieux > 90j
FAC-2024-02827,2023-12-19,2024-01-18,,CLI-0199,SVC-014,DEPT-002,10,1500.0,5,14250.0,2850.0,17100.0,Retard,0.0,835,2023,12,4,20231219,20240118,,Contentieux > 90j
FAC-2024-02828,2025-02-11,2025-03-13,2025-04-09,CLI-0013,SVC-014,DEPT-001,2,1500.0,0,3000.0,600.0,3600.0,Payée,3000.0,27,2025,2,1,20250211,20250313,20250409.0,Retard < 30j
FAC-2024-02829,2024-11-26,2024-12-26,,CLI-0199,SVC-022,DEPT-002,2,600.0,0,1200.0,240.0,1440.0,Retard,0.0,492,2024,11,4,20241126,20241226,,Contentieux > 90j
FAC-2024-02830,2023-03-31,2023-05-30,2023-06-08,CLI-0165,SVC-002,DEPT-002,1,8500.0,0,8500.0,1700.0,10200.0,Payée,8500.0,9,2023,3,1,20230331,20230530,20230608.0,Retard < 30j
FAC-2024-02831,2023-06-21,2023-08-05,2023-08-11,CLI-0019,SVC-021,DEPT-001,3,800.0,10,2160.0,432.0,2592.0,Payée,2160.0,6,2023,6,2,20230621,20230805,20230811.0,Retard < 30j
FAC-2024-02832,2024-08-29,2024-10-13,,CLI-0119,SVC-024,DEPT-007,9,700.0,5,5985.0,1197.0,7182.0,Partielle,3923.85,566,2024,8,3,20240829,20241013,,Contentieux > 90j
FAC-2024-02833,2025-05-04,2025-06-18,2025-06-18,CLI-0048,SVC-014,DEPT-001,9,1500.0,0,13500.0,2700.0,16200.0,Payée,13500.0,0,2025,5,2,20250504,20250618,20250618.0,Dans les délais
FAC-2024-02834,2025-12-23,2026-01-22,2026-02-10,CLI-0178,SVC-004,DEPT-003,6,1200.0,0,7200.0,1440.0,8640.0,Payée,7200.0,19,2025,12,4,20251223,20260122,20260210.0,Retard < 30j
FAC-2024-02835,2023-01-02,2023-02-01,2023-02-28,CLI-0097,SVC-005,DEPT-004,1,15000.0,0,15000.0,3000.0,18000.0,Payée,15000.0,27,2023,1,1,20230102,20230201,20230228.0,Retard < 30j
FAC-2024-02836,2025-12-10,2026-01-24,2026-02-08,CLI-0139,SVC-021,DEPT-004,8,800.0,0,6400.0,1280.0,7680.0,Payée,6400.0,15,2025,12,4,20251210,20260124,20260208.0,Retard < 30j
FAC-2024-02837,2024-07-31,2024-09-29,,CLI-0196,SVC-013,DEPT-001,7,1100.0,5,7315.0,1463.0,8778.0,Retard,0.0,580,2024,7,3,20240731,20240929,,Contentieux > 90j
FAC-2024-02838,2023-09-22,2023-10-22,2023-10-26,CLI-0181,SVC-014,DEPT-004,4,1500.0,0,6000.0,1200.0,7200.0,Payée,6000.0,4,2023,9,3,20230922,20231022,20231026.0,Retard < 30j
FAC-2024-02839,2023-06-03,2023-08-02,2023-08-02,CLI-0046,SVC-006,DEPT-001,1,450.0,0,450.0,90.0,540.0,Payée,450.0,0,2023,6,2,20230603,20230802,20230802.0,Dans les délais
FAC-2024-02840,2024-06-02,2024-08-01,,CLI-0091,SVC-006,DEPT-001,1,450.0,0,450.0,90.0,540.0,Retard,0.0,639,2024,6,2,20240602,20240801,,Contentieux > 90j
FAC-2024-02841,2025-09-21,2025-11-20,2025-11-22,CLI-0091,SVC-024,DEPT-001,9,700.0,10,5670.0,1134.0,6804.0,Payée,5670.0,2,2025,9,3,20250921,20251120,20251122.0,Retard < 30j
FAC-2024-02842,2025-07-03,2025-08-02,2025-08-14,CLI-0146,SVC-020,DEPT-007,3,1400.0,10,3780.0,756.0,4536.0,Payée,3780.0,12,2025,7,3,20250703,20250802,20250814.0,Retard < 30j
FAC-2024-02843,2023-11-26,2023-12-26,2024-01-25,CLI-0162,SVC-004,DEPT-001,9,1200.0,5,10260.0,2052.0,12312.0,Payée,10260.0,30,2023,11,4,20231126,20231226,20240125.0,Retard < 30j
FAC-2024-02844,2025-06-03,2025-07-18,2025-07-23,CLI-0017,SVC-008,DEPT-001,1,2500.0,0,2500.0,500.0,3000.0,Payée,2500.0,5,2025,6,2,20250603,20250718,20250723.0,Retard < 30j
FAC-2024-02845,2024-12-13,2025-01-12,,CLI-0018,SVC-001,DEPT-007,1,3500.0,10,3150.0,630.0,3780.0,Retard,0.0,475,2024,12,4,20241213,20250112,,Contentieux > 90j
FAC-2024-02846,2025-03-22,2025-05-21,2025-06-05,CLI-0107,SVC-007,DEPT-001,1,1200.0,0,1200.0,240.0,1440.0,Payée,1200.0,15,2025,3,1,20250322,20250521,20250605.0,Retard < 30j
FAC-2024-02847,2024-07-07,2024-09-05,2024-09-15,CLI-0103,SVC-006,DEPT-007,1,450.0,0,450.0,90.0,540.0,Payée,450.0,10,2024,7,3,20240707,20240905,20240915.0,Retard < 30j
FAC-2024-02848,2023-11-28,2024-01-12,,CLI-0001,SVC-012,DEPT-007,1,3200.0,10,2880.0,576.0,3456.0,Retard,0.0,841,2023,11,4,20231128,20240112,,Contentieux > 90j
FAC-2024-02849,2023-05-08,2023-06-07,2023-06-29,CLI-0052,SVC-022,DEPT-002,1,600.0,0,600.0,120.0,720.0,Payée,600.0,22,2023,5,2,20230508,20230607,20230629.0,Retard < 30j
FAC-2024-02850,2024-05-14,2024-07-13,2024-07-21,CLI-0143,SVC-014,DEPT-007,4,1500.0,0,6000.0,1200.0,7200.0,Payée,6000.0,8,2024,5,2,20240514,20240713,20240721.0,Retard < 30j
FAC-2024-02851,2024-02-22,2024-03-23,2024-03-23,CLI-0186,SVC-013,DEPT-007,4,1100.0,10,3960.0,792.0,4752.0,Payée,3960.0,0,2024,2,1,20240222,20240323,20240323.0,Dans les délais
FAC-2024-02852,2023-08-22,2023-10-21,,CLI-0107,SVC-021,DEPT-004,9,800.0,10,6480.0,1296.0,7776.0,Retard,0.0,924,2023,8,3,20230822,20231021,,Contentieux > 90j
FAC-2024-02853,2025-07-20,2025-08-19,2025-08-20,CLI-0054,SVC-013,DEPT-001,2,1100.0,0,2200.0,440.0,2640.0,Payée,2200.0,1,2025,7,3,20250720,20250819,20250820.0,Retard < 30j
FAC-2024-02854,2023-11-14,2023-12-14,,CLI-0023,SVC-007,DEPT-002,1,1200.0,5,1140.0,228.0,1368.0,Retard,0.0,870,2023,11,4,20231114,20231214,,Contentieux > 90j
FAC-2024-02855,2023-11-09,2023-12-09,,CLI-0070,SVC-023,DEPT-002,2,750.0,5,1425.0,285.0,1710.0,Retard,0.0,875,2023,11,4,20231109,20231209,,Contentieux > 90j
FAC-2024-02856,2025-08-02,2025-09-01,,CLI-0110,SVC-006,DEPT-001,1,450.0,5,427.5,85.5,513.0,Retard,0.0,243,2025,8,3,20250802,20250901,,Contentieux > 90j
FAC-2024-02857,2024-10-28,2024-11-27,,CLI-0163,SVC-016,DEPT-001,1,1800.0,5,1710.0,342.0,2052.0,Retard,0.0,521,2024,10,4,20241028,20241127,,Contentieux > 90j
FAC-2024-02858,2025-10-06,2025-11-05,,CLI-0128,SVC-016,DEPT-004,1,1800.0,0,1800.0,360.0,2160.0,Retard,0.0,178,2025,10,4,20251006,20251105,,Contentieux > 90j
FAC-2024-02859,2025-01-28,2025-03-29,2025-04-27,CLI-0194,SVC-024,DEPT-007,10,700.0,0,7000.0,1400.0,8400.0,Payée,7000.0,29,2025,1,1,20250128,20250329,20250427.0,Retard < 30j
FAC-2024-02860,2024-06-29,2024-08-13,2024-09-06,CLI-0031,SVC-021,DEPT-007,4,800.0,5,3040.0,608.0,3648.0,Payée,3040.0,24,2024,6,2,20240629,20240813,20240906.0,Retard < 30j
FAC-2024-02861,2023-08-28,2023-10-12,,CLI-0139,SVC-014,DEPT-003,8,1500.0,10,10800.0,2160.0,12960.0,Retard,0.0,933,2023,8,3,20230828,20231012,,Contentieux > 90j
FAC-2024-02862,2025-12-28,2026-02-11,2026-03-09,CLI-0180,SVC-014,DEPT-002,4,1500.0,0,6000.0,1200.0,7200.0,Payée,6000.0,26,2025,12,4,20251228,20260211,20260309.0,Retard < 30j
FAC-2024-02863,2023-11-05,2024-01-04,,CLI-0005,SVC-023,DEPT-004,7,750.0,0,5250.0,1050.0,6300.0,Retard,0.0,849,2023,11,4,20231105,20240104,,Contentieux > 90j
FAC-2024-02864,2023-12-16,2024-02-14,2024-02-15,CLI-0164,SVC-013,DEPT-002,10,1100.0,10,9900.0,1980.0,11880.0,Payée,9900.0,1,2023,12,4,20231216,20240214,20240215.0,Retard < 30j
FAC-2024-02865,2024-02-23,2024-03-24,2024-03-29,CLI-0102,SVC-015,DEPT-003,1,2800.0,0,2800.0,560.0,3360.0,Payée,2800.0,5,2024,2,1,20240223,20240324,20240329.0,Retard < 30j
FAC-2024-02866,2024-07-12,2024-09-10,2024-09-10,CLI-0103,SVC-008,DEPT-004,1,2500.0,5,2375.0,475.0,2850.0,Payée,2375.0,0,2024,7,3,20240712,20240910,20240910.0,Dans les délais
FAC-2024-02867,2023-02-16,2023-04-02,2023-04-06,CLI-0095,SVC-005,DEPT-007,1,15000.0,0,15000.0,3000.0,18000.0,Payée,15000.0,4,2023,2,1,20230216,20230402,20230406.0,Retard < 30j
FAC-2024-02868,2024-09-15,2024-11-14,2024-12-04,CLI-0130,SVC-014,DEPT-004,2,1500.0,5,2850.0,570.0,3420.0,Payée,2850.0,20,2024,9,3,20240915,20241114,20241204.0,Retard < 30j
FAC-2024-02869,2023-01-08,2023-02-07,2023-02-21,CLI-0006,SVC-018,DEPT-004,1,6500.0,0,6500.0,1300.0,7800.0,Payée,6500.0,14,2023,1,1,20230108,20230207,20230221.0,Retard < 30j
FAC-2024-02870,2024-12-21,2025-01-20,,CLI-0082,SVC-018,DEPT-003,1,6500.0,5,6175.0,1235.0,7410.0,Partielle,2730.05,467,2024,12,4,20241221,20250120,,Contentieux > 90j
FAC-2024-02871,2024-02-01,2024-03-02,,CLI-0023,SVC-017,DEPT-003,1,950.0,10,855.0,171.0,1026.0,Retard,0.0,791,2024,2,1,20240201,20240302,,Contentieux > 90j
FAC-2024-02872,2025-08-04,2025-09-03,2025-09-19,CLI-0035,SVC-014,DEPT-002,4,1500.0,0,6000.0,1200.0,7200.0,Payée,6000.0,16,2025,8,3,20250804,20250903,20250919.0,Retard < 30j
FAC-2024-02873,2025-12-28,2026-01-27,2026-02-25,CLI-0127,SVC-024,DEPT-001,2,700.0,15,1190.0,238.0,1428.0,Payée,1190.0,29,2025,12,4,20251228,20260127,20260225.0,Retard < 30j
FAC-2024-02874,2024-10-09,2024-11-08,2024-12-05,CLI-0084,SVC-010,DEPT-004,1,45.0,5,42.75,8.55,51.3,Payée,42.75,27,2024,10,4,20241009,20241108,20241205.0,Retard < 30j
FAC-2024-02875,2023-12-17,2024-01-16,,CLI-0003,SVC-011,DEPT-004,1,4500.0,0,4500.0,900.0,5400.0,Partielle,1420.65,837,2023,12,4,20231217,20240116,,Contentieux > 90j
FAC-2024-02876,2023-03-22,2023-04-21,2023-04-21,CLI-0044,SVC-015,DEPT-001,1,2800.0,0,2800.0,560.0,3360.0,Payée,2800.0,0,2023,3,1,20230322,20230421,20230421.0,Dans les délais
FAC-2024-02877,2024-07-08,2024-08-22,2024-09-19,CLI-0167,SVC-006,DEPT-001,1,450.0,0,450.0,90.0,540.0,Payée,450.0,28,2024,7,3,20240708,20240822,20240919.0,Retard < 30j
FAC-2024-02878,2024-01-25,2024-03-25,,CLI-0069,SVC-001,DEPT-003,1,3500.0,10,3150.0,630.0,3780.0,Retard,0.0,768,2024,1,1,20240125,20240325,,Contentieux > 90j
FAC-2024-02879,2024-04-30,2024-06-29,2024-06-30,CLI-0149,SVC-010,DEPT-007,40,45.0,0,1800.0,360.0,2160.0,Payée,1800.0,1,2024,4,2,20240430,20240629,20240630.0,Retard < 30j
FAC-2024-02880,2024-04-29,2024-05-29,,CLI-0109,SVC-014,DEPT-003,1,1500.0,0,1500.0,300.0,1800.0,Contentieux,0.0,703,2024,4,2,20240429,20240529,,Contentieux > 90j
FAC-2024-02881,2023-01-02,2023-02-16,,CLI-0004,SVC-002,DEPT-004,1,8500.0,0,8500.0,1700.0,10200.0,Retard,0.0,1171,2023,1,1,20230102,20230216,,Contentieux > 90j
FAC-2024-02882,2024-12-29,2025-01-28,,CLI-0128,SVC-004,DEPT-003,4,1200.0,0,4800.0,960.0,5760.0,Contentieux,0.0,459,2024,12,4,20241229,20250128,,Contentieux > 90j
FAC-2024-02883,2023-07-18,2023-09-01,2023-09-24,CLI-0124,SVC-010,DEPT-007,36,45.0,0,1620.0,324.0,1944.0,Payée,1620.0,23,2023,7,3,20230718,20230901,20230924.0,Retard < 30j
FAC-2024-02884,2025-07-08,2025-08-22,,CLI-0094,SVC-014,DEPT-001,10,1500.0,0,15000.0,3000.0,18000.0,Retard,0.0,253,2025,7,3,20250708,20250822,,Contentieux > 90j
FAC-2024-02885,2025-08-24,2025-09-23,,CLI-0038,SVC-017,DEPT-001,1,950.0,0,950.0,190.0,1140.0,Partielle,666.73,221,2025,8,3,20250824,20250923,,Contentieux > 90j
FAC-2024-02886,2024-02-22,2024-03-23,,CLI-0035,SVC-021,DEPT-001,7,800.0,0,5600.0,1120.0,6720.0,Retard,0.0,770,2024,2,1,20240222,20240323,,Contentieux > 90j
FAC-2024-02887,2024-08-28,2024-09-27,,CLI-0072,SVC-009,DEPT-002,1,180.0,0,180.0,36.0,216.0,Contentieux,0.0,582,2024,8,3,20240828,20240927,,Contentieux > 90j
FAC-2024-02888,2023-03-30,2023-05-14,,CLI-0183,SVC-020,DEPT-004,7,1400.0,0,9800.0,1960.0,11760.0,Retard,0.0,1084,2023,3,1,20230330,20230514,,Contentieux > 90j
FAC-2024-02889,2025-02-05,2025-03-07,2025-03-11,CLI-0172,SVC-013,DEPT-002,3,1100.0,0,3300.0,660.0,3960.0,Payée,3300.0,4,2025,2,1,20250205,20250307,20250311.0,Retard < 30j
FAC-2024-02890,2024-12-05,2025-01-19,2025-02-13,CLI-0037,SVC-011,DEPT-002,1,4500.0,5,4275.0,855.0,5130.0,Payée,4275.0,25,2024,12,4,20241205,20250119,20250213.0,Retard < 30j
FAC-2024-02891,2024-01-01,2024-01-31,2024-01-31,CLI-0099,SVC-014,DEPT-003,3,1500.0,10,4050.0,810.0,4860.0,Payée,4050.0,0,2024,1,1,20240101,20240131,20240131.0,Dans les délais
FAC-2024-02892,2024-08-26,2024-10-25,2024-11-20,CLI-0074,SVC-007,DEPT-003,1,1200.0,0,1200.0,240.0,1440.0,Payée,1200.0,26,2024,8,3,20240826,20241025,20241120.0,Retard < 30j
FAC-2024-02893,2024-09-13,2024-10-13,,CLI-0148,SVC-013,DEPT-003,9,1100.0,0,9900.0,1980.0,11880.0,Retard,0.0,566,2024,9,3,20240913,20241013,,Contentieux > 90j
FAC-2024-02894,2025-06-14,2025-07-14,2025-07-23,CLI-0181,SVC-008,DEPT-007,1,2500.0,0,2500.0,500.0,3000.0,Payée,2500.0,9,2025,6,2,20250614,20250714,20250723.0,Retard < 30j
FAC-2024-02895,2023-01-13,2023-02-12,2023-02-15,CLI-0070,SVC-011,DEPT-003,1,4500.0,0,4500.0,900.0,5400.0,Payée,4500.0,3,2023,1,1,20230113,20230212,20230215.0,Retard < 30j
FAC-2024-02896,2024-12-13,2025-01-27,,CLI-0105,SVC-024,DEPT-007,4,700.0,0,2800.0,560.0,3360.0,Retard,0.0,460,2024,12,4,20241213,20250127,,Contentieux > 90j
FAC-2024-02897,2024-05-25,2024-07-09,,CLI-0017,SVC-001,DEPT-001,1,3500.0,0,3500.0,700.0,4200.0,Retard,0.0,662,2024,5,2,20240525,20240709,,Contentieux > 90j
FAC-2024-02898,2025-08-25,2025-10-09,2025-11-02,CLI-0020,SVC-023,DEPT-004,4,750.0,10,2700.0,540.0,3240.0,Payée,2700.0,24,2025,8,3,20250825,20251009,20251102.0,Retard < 30j
FAC-2024-02899,2024-07-08,2024-08-22,,CLI-0049,SVC-014,DEPT-007,9,1500.0,5,12825.0,2565.0,15390.0,Retard,0.0,618,2024,7,3,20240708,20240822,,Contentieux > 90j
FAC-2024-02900,2024-10-19,2024-11-18,2024-12-03,CLI-0109,SVC-018,DEPT-002,1,6500.0,5,6175.0,1235.0,7410.0,Payée,6175.0,15,2024,10,4,20241019,20241118,20241203.0,Retard < 30j
FAC-2024-02901,2024-09-17,2024-11-01,2024-11-16,CLI-0055,SVC-019,DEPT-001,7,180.0,5,1197.0,239.4,1436.4,Payée,1197.0,15,2024,9,3,20240917,20241101,20241116.0,Retard < 30j
FAC-2024-02902,2025-10-25,2025-11-24,2025-12-17,CLI-0128,SVC-004,DEPT-001,6,1200.0,0,7200.0,1440.0,8640.0,Payée,7200.0,23,2025,10,4,20251025,20251124,20251217.0,Retard < 30j
FAC-2024-02903,2023-04-17,2023-06-01,2023-06-19,CLI-0017,SVC-011,DEPT-003,1,4500.0,0,4500.0,900.0,5400.0,Payée,4500.0,18,2023,4,2,20230417,20230601,20230619.0,Retard < 30j
FAC-2024-02904,2024-06-13,2024-07-28,2024-08-22,CLI-0183,SVC-003,DEPT-002,1,22000.0,0,22000.0,4400.0,26400.0,Payée,22000.0,25,2024,6,2,20240613,20240728,20240822.0,Retard < 30j
FAC-2024-02905,2024-03-15,2024-04-29,2024-05-27,CLI-0116,SVC-021,DEPT-003,6,800.0,5,4560.0,912.0,5472.0,Payée,4560.0,28,2024,3,1,20240315,20240429,20240527.0,Retard < 30j
FAC-2024-02906,2023-09-01,2023-10-01,2023-10-25,CLI-0035,SVC-015,DEPT-002,1,2800.0,0,2800.0,560.0,3360.0,Payée,2800.0,24,2023,9,3,20230901,20231001,20231025.0,Retard < 30j
FAC-2024-02907,2024-02-21,2024-03-22,2024-04-20,CLI-0083,SVC-010,DEPT-001,3,45.0,0,135.0,27.0,162.0,Payée,135.0,29,2024,2,1,20240221,20240322,20240420.0,Retard < 30j
FAC-2024-02908,2023-09-13,2023-11-12,2023-11-12,CLI-0069,SVC-007,DEPT-002,1,1200.0,0,1200.0,240.0,1440.0,Payée,1200.0,0,2023,9,3,20230913,20231112,20231112.0,Dans les délais
FAC-2024-02909,2025-12-03,2026-01-17,2026-01-17,CLI-0075,SVC-021,DEPT-007,10,800.0,15,6800.0,1360.0,8160.0,Payée,6800.0,0,2025,12,4,20251203,20260117,20260117.0,Dans les délais
FAC-2024-02910,2025-12-31,2026-02-14,,CLI-0147,SVC-017,DEPT-007,1,950.0,10,855.0,171.0,1026.0,Retard,0.0,77,2025,12,4,20251231,20260214,,Retard 61-90j
FAC-2024-02911,2023-12-23,2024-02-06,2024-02-06,CLI-0020,SVC-012,DEPT-003,1,3200.0,0,3200.0,640.0,3840.0,Payée,3200.0,0,2023,12,4,20231223,20240206,20240206.0,Dans les délais
FAC-2024-02912,2024-01-12,2024-02-26,2024-02-28,CLI-0171,SVC-014,DEPT-004,6,1500.0,5,8550.0,1710.0,10260.0,Payée,8550.0,2,2024,1,1,20240112,20240226,20240228.0,Retard < 30j
FAC-2024-02913,2024-10-31,2024-11-30,,CLI-0097,SVC-014,DEPT-004,4,1500.0,10,5400.0,1080.0,6480.0,Retard,0.0,518,2024,10,4,20241031,20241130,,Contentieux > 90j
FAC-2024-02914,2023-07-27,2023-08-26,,CLI-0158,SVC-002,DEPT-004,1,8500.0,0,8500.0,1700.0,10200.0,Partielle,4064.02,980,2023,7,3,20230727,20230826,,Contentieux > 90j
FAC-2024-02915,2024-07-25,2024-08-24,,CLI-0057,SVC-010,DEPT-004,25,45.0,0,1125.0,225.0,1350.0,Retard,0.0,616,2024,7,3,20240725,20240824,,Contentieux > 90j
FAC-2024-02916,2025-03-25,2025-04-24,2025-05-08,CLI-0121,SVC-006,DEPT-002,1,450.0,0,450.0,90.0,540.0,Payée,450.0,14,2025,3,1,20250325,20250424,20250508.0,Retard < 30j
FAC-2024-02917,2023-10-07,2023-11-06,2023-11-25,CLI-0064,SVC-013,DEPT-004,10,1100.0,5,10450.0,2090.0,12540.0,Payée,10450.0,19,2023,10,4,20231007,20231106,20231125.0,Retard < 30j
FAC-2024-02918,2023-04-18,2023-05-18,2023-05-18,CLI-0084,SVC-011,DEPT-001,1,4500.0,5,4275.0,855.0,5130.0,Payée,4275.0,0,2023,4,2,20230418,20230518,20230518.0,Dans les délais
FAC-2024-02919,2025-12-26,2026-01-25,2026-02-03,CLI-0035,SVC-002,DEPT-007,1,8500.0,0,8500.0,1700.0,10200.0,Payée,8500.0,9,2025,12,4,20251226,20260125,20260203.0,Retard < 30j
FAC-2024-02920,2024-04-24,2024-06-23,,CLI-0005,SVC-018,DEPT-003,1,6500.0,10,5850.0,1170.0,7020.0,Retard,0.0,678,2024,4,2,20240424,20240623,,Contentieux > 90j
FAC-2024-02921,2023-06-24,2023-07-24,,CLI-0050,SVC-004,DEPT-003,9,1200.0,0,10800.0,2160.0,12960.0,Retard,0.0,1013,2023,6,2,20230624,20230724,,Contentieux > 90j
FAC-2024-02922,2024-08-26,2024-09-25,,CLI-0092,SVC-006,DEPT-007,1,450.0,0,450.0,90.0,540.0,Retard,0.0,584,2024,8,3,20240826,20240925,,Contentieux > 90j
FAC-2024-02923,2025-07-26,2025-09-09,2025-09-27,CLI-0159,SVC-010,DEPT-004,38,45.0,0,1710.0,342.0,2052.0,Payée,1710.0,18,2025,7,3,20250726,20250909,20250927.0,Retard < 30j
FAC-2024-02924,2024-12-14,2025-01-13,2025-01-15,CLI-0104,SVC-021,DEPT-007,9,800.0,0,7200.0,1440.0,8640.0,Payée,7200.0,2,2024,12,4,20241214,20250113,20250115.0,Retard < 30j
FAC-2024-02925,2023-10-21,2023-11-20,,CLI-0016,SVC-006,DEPT-004,1,450.0,0,450.0,90.0,540.0,Retard,0.0,894,2023,10,4,20231021,20231120,,Contentieux > 90j
FAC-2024-02926,2023-06-01,2023-07-31,2023-08-23,CLI-0165,SVC-020,DEPT-001,3,1400.0,0,4200.0,840.0,5040.0,Payée,4200.0,23,2023,6,2,20230601,20230731,20230823.0,Retard < 30j
FAC-2024-02927,2024-11-03,2025-01-02,2025-01-13,CLI-0144,SVC-001,DEPT-003,1,3500.0,5,3325.0,665.0,3990.0,Payée,3325.0,11,2024,11,4,20241103,20250102,20250113.0,Retard < 30j
FAC-2024-02928,2024-02-27,2024-04-12,,CLI-0031,SVC-009,DEPT-002,1,180.0,0,180.0,36.0,216.0,Retard,0.0,750,2024,2,1,20240227,20240412,,Contentieux > 90j
FAC-2024-02929,2025-12-07,2026-01-21,,CLI-0160,SVC-013,DEPT-001,2,1100.0,0,2200.0,440.0,2640.0,Retard,0.0,101,2025,12,4,20251207,20260121,,Contentieux > 90j
FAC-2024-02930,2025-10-26,2025-11-25,2025-12-24,CLI-0064,SVC-017,DEPT-001,1,950.0,0,950.0,190.0,1140.0,Payée,950.0,29,2025,10,4,20251026,20251125,20251224.0,Retard < 30j
FAC-2024-02931,2024-05-18,2024-07-17,2024-08-02,CLI-0024,SVC-019,DEPT-007,17,180.0,10,2754.0,550.8,3304.8,Payée,2754.0,16,2024,5,2,20240518,20240717,20240802.0,Retard < 30j
FAC-2024-02932,2023-12-08,2024-01-07,2024-01-07,CLI-0003,SVC-001,DEPT-003,1,3500.0,10,3150.0,630.0,3780.0,Payée,3150.0,0,2023,12,4,20231208,20240107,20240107.0,Dans les délais
FAC-2024-02933,2025-05-20,2025-06-19,2025-06-28,CLI-0099,SVC-005,DEPT-003,1,15000.0,10,13500.0,2700.0,16200.0,Payée,13500.0,9,2025,5,2,20250520,20250619,20250628.0,Retard < 30j
FAC-2024-02934,2024-10-03,2024-11-02,2024-11-26,CLI-0027,SVC-021,DEPT-001,9,800.0,0,7200.0,1440.0,8640.0,Payée,7200.0,24,2024,10,4,20241003,20241102,20241126.0,Retard < 30j
FAC-2024-02935,2023-09-17,2023-11-01,2023-11-03,CLI-0101,SVC-007,DEPT-001,1,1200.0,5,1140.0,228.0,1368.0,Payée,1140.0,2,2023,9,3,20230917,20231101,20231103.0,Retard < 30j
FAC-2024-02936,2023-06-13,2023-07-13,,CLI-0176,SVC-008,DEPT-007,1,2500.0,0,2500.0,500.0,3000.0,Contentieux,0.0,1024,2023,6,2,20230613,20230713,,Contentieux > 90j
FAC-2024-02937,2025-08-29,2025-09-28,,CLI-0041,SVC-019,DEPT-002,11,180.0,0,1980.0,396.0,2376.0,Partielle,940.07,216,2025,8,3,20250829,20250928,,Contentieux > 90j
FAC-2024-02938,2023-05-01,2023-05-31,2023-06-29,CLI-0135,SVC-002,DEPT-001,1,8500.0,5,8075.0,1615.0,9690.0,Payée,8075.0,29,2023,5,2,20230501,20230531,20230629.0,Retard < 30j
FAC-2024-02939,2023-09-09,2023-10-09,2023-10-12,CLI-0155,SVC-023,DEPT-003,1,750.0,0,750.0,150.0,900.0,Payée,750.0,3,2023,9,3,20230909,20231009,20231012.0,Retard < 30j
FAC-2024-02940,2025-08-02,2025-09-01,,CLI-0065,SVC-023,DEPT-007,4,750.0,0,3000.0,600.0,3600.0,Partielle,2299.0,243,2025,8,3,20250802,20250901,,Contentieux > 90j
FAC-2024-02941,2025-02-15,2025-04-01,2025-04-24,CLI-0154,SVC-007,DEPT-001,1,1200.0,5,1140.0,228.0,1368.0,Payée,1140.0,23,2025,2,1,20250215,20250401,20250424.0,Retard < 30j
FAC-2024-02942,2024-12-15,2025-02-13,2025-02-23,CLI-0068,SVC-023,DEPT-002,9,750.0,5,6412.5,1282.5,7695.0,Payée,6412.5,10,2024,12,4,20241215,20250213,20250223.0,Retard < 30j
FAC-2024-02943,2023-05-04,2023-06-03,2023-07-02,CLI-0111,SVC-008,DEPT-003,1,2500.0,5,2375.0,475.0,2850.0,Payée,2375.0,29,2023,5,2,20230504,20230603,20230702.0,Retard < 30j
FAC-2024-02944,2025-01-21,2025-03-07,2025-03-17,CLI-0136,SVC-003,DEPT-001,1,22000.0,5,20900.0,4180.0,25080.0,Payée,20900.0,10,2025,1,1,20250121,20250307,20250317.0,Retard < 30j
FAC-2024-02945,2025-03-01,2025-03-31,2025-04-26,CLI-0200,SVC-011,DEPT-007,1,4500.0,10,4050.0,810.0,4860.0,Payée,4050.0,26,2025,3,1,20250301,20250331,20250426.0,Retard < 30j
FAC-2024-02946,2024-12-11,2025-01-10,2025-01-29,CLI-0056,SVC-012,DEPT-003,1,3200.0,5,3040.0,608.0,3648.0,Payée,3040.0,19,2024,12,4,20241211,20250110,20250129.0,Retard < 30j
FAC-2024-02947,2023-03-29,2023-04-28,,CLI-0079,SVC-013,DEPT-002,3,1100.0,10,2970.0,594.0,3564.0,Partielle,1591.23,1100,2023,3,1,20230329,20230428,,Contentieux > 90j
FAC-2024-02948,2023-11-21,2023-12-21,2024-01-09,CLI-0142,SVC-001,DEPT-004,1,3500.0,0,3500.0,700.0,4200.0,Payée,3500.0,19,2023,11,4,20231121,20231221,20240109.0,Retard < 30j
FAC-2024-02949,2024-05-25,2024-06-24,2024-07-13,CLI-0002,SVC-011,DEPT-003,1,4500.0,0,4500.0,900.0,5400.0,Payée,4500.0,19,2024,5,2,20240525,20240624,20240713.0,Retard < 30j
FAC-2024-02950,2025-04-24,2025-05-24,,CLI-0082,SVC-003,DEPT-004,1,22000.0,0,22000.0,4400.0,26400.0,Partielle,13457.97,343,2025,4,2,20250424,20250524,,Contentieux > 90j
FAC-2024-02951,2024-02-24,2024-03-25,,CLI-0102,SVC-021,DEPT-003,6,800.0,0,4800.0,960.0,5760.0,Retard,0.0,768,2024,2,1,20240224,20240325,,Contentieux > 90j
FAC-2024-02952,2023-03-29,2023-04-28,,CLI-0129,SVC-009,DEPT-001,1,180.0,15,153.0,30.6,183.6,Contentieux,0.0,1100,2023,3,1,20230329,20230428,,Contentieux > 90j
FAC-2024-02953,2023-01-03,2023-02-02,2023-02-13,CLI-0057,SVC-022,DEPT-002,3,600.0,0,1800.0,360.0,2160.0,Payée,1800.0,11,2023,1,1,20230103,20230202,20230213.0,Retard < 30j
FAC-2024-02954,2024-03-03,2024-04-02,,CLI-0150,SVC-014,DEPT-003,7,1500.0,0,10500.0,2100.0,12600.0,Partielle,7729.9,760,2024,3,1,20240303,20240402,,Contentieux > 90j
FAC-2024-02955,2024-07-08,2024-10-06,2024-10-15,CLI-0195,SVC-009,DEPT-007,1,180.0,0,180.0,36.0,216.0,Payée,180.0,9,2024,7,3,20240708,20241006,20241015.0,Retard < 30j
FAC-2024-02956,2023-02-14,2023-03-31,2023-03-31,CLI-0101,SVC-007,DEPT-004,1,1200.0,0,1200.0,240.0,1440.0,Payée,1200.0,0,2023,2,1,20230214,20230331,20230331.0,Dans les délais
FAC-2024-02957,2024-06-16,2024-07-16,,CLI-0152,SVC-013,DEPT-001,10,1100.0,5,10450.0,2090.0,12540.0,Retard,0.0,655,2024,6,2,20240616,20240716,,Contentieux > 90j
FAC-2024-02958,2023-12-21,2024-01-20,,CLI-0174,SVC-006,DEPT-003,1,450.0,0,450.0,90.0,540.0,Retard,0.0,833,2023,12,4,20231221,20240120,,Contentieux > 90j
FAC-2024-02959,2025-07-19,2025-08-18,,CLI-0187,SVC-017,DEPT-003,1,950.0,5,902.5,180.5,1083.0,Partielle,611.17,257,2025,7,3,20250719,20250818,,Contentieux > 90j
FAC-2024-02960,2024-04-30,2024-05-30,,CLI-0035,SVC-023,DEPT-004,6,750.0,0,4500.0,900.0,5400.0,Partielle,1655.52,702,2024,4,2,20240430,20240530,,Contentieux > 90j
FAC-2024-02961,2024-06-28,2024-08-12,2024-09-03,CLI-0039,SVC-015,DEPT-007,1,2800.0,10,2520.0,504.0,3024.0,Payée,2520.0,22,2024,6,2,20240628,20240812,20240903.0,Retard < 30j
FAC-2024-02962,2023-08-05,2023-09-04,,CLI-0172,SVC-004,DEPT-001,7,1200.0,10,7560.0,1512.0,9072.0,Retard,0.0,971,2023,8,3,20230805,20230904,,Contentieux > 90j
FAC-2024-02963,2024-03-02,2024-04-01,2024-04-01,CLI-0060,SVC-010,DEPT-007,38,45.0,0,1710.0,342.0,2052.0,Payée,1710.0,0,2024,3,1,20240302,20240401,20240401.0,Dans les délais
FAC-2024-02964,2025-08-20,2025-09-19,,CLI-0152,SVC-007,DEPT-007,1,1200.0,0,1200.0,240.0,1440.0,Retard,0.0,225,2025,8,3,20250820,20250919,,Contentieux > 90j
FAC-2024-02965,2024-04-24,2024-06-23,,CLI-0069,SVC-024,DEPT-004,4,700.0,0,2800.0,560.0,3360.0,Retard,0.0,678,2024,4,2,20240424,20240623,,Contentieux > 90j
FAC-2024-02966,2023-07-13,2023-08-27,2023-08-27,CLI-0004,SVC-009,DEPT-007,1,180.0,0,180.0,36.0,216.0,Payée,180.0,0,2023,7,3,20230713,20230827,20230827.0,Dans les délais
FAC-2024-02967,2024-01-31,2024-03-01,2024-03-22,CLI-0035,SVC-012,DEPT-001,1,3200.0,0,3200.0,640.0,3840.0,Payée,3200.0,21,2024,1,1,20240131,20240301,20240322.0,Retard < 30j
FAC-2024-02968,2023-09-19,2023-10-19,2023-10-24,CLI-0056,SVC-018,DEPT-001,1,6500.0,0,6500.0,1300.0,7800.0,Payée,6500.0,5,2023,9,3,20230919,20231019,20231024.0,Retard < 30j
FAC-2024-02969,2023-12-15,2024-01-14,2024-01-14,CLI-0084,SVC-003,DEPT-007,1,22000.0,10,19800.0,3960.0,23760.0,Payée,19800.0,0,2023,12,4,20231215,20240114,20240114.0,Dans les délais
FAC-2024-02970,2024-12-30,2025-01-29,2025-02-10,CLI-0010,SVC-024,DEPT-001,8,700.0,0,5600.0,1120.0,6720.0,Payée,5600.0,12,2024,12,4,20241230,20250129,20250210.0,Retard < 30j
FAC-2024-02971,2025-10-10,2025-11-09,,CLI-0006,SVC-002,DEPT-003,1,8500.0,5,8075.0,1615.0,9690.0,Retard,0.0,174,2025,10,4,20251010,20251109,,Contentieux > 90j
FAC-2024-02972,2024-03-16,2024-04-30,,CLI-0031,SVC-019,DEPT-002,7,180.0,0,1260.0,252.0,1512.0,Contentieux,0.0,732,2024,3,1,20240316,20240430,,Contentieux > 90j
FAC-2024-02973,2023-06-04,2023-07-04,,CLI-0170,SVC-021,DEPT-003,1,800.0,5,760.0,152.0,912.0,Retard,0.0,1033,2023,6,2,20230604,20230704,,Contentieux > 90j
FAC-2024-02974,2023-10-23,2023-12-07,2023-12-31,CLI-0031,SVC-021,DEPT-001,3,800.0,5,2280.0,456.0,2736.0,Payée,2280.0,24,2023,10,4,20231023,20231207,20231231.0,Retard < 30j
FAC-2024-02975,2025-08-30,2025-11-28,,CLI-0179,SVC-024,DEPT-007,3,700.0,5,1995.0,399.0,2394.0,Contentieux,0.0,155,2025,8,3,20250830,20251128,,Contentieux > 90j
FAC-2024-02976,2024-01-11,2024-02-10,2024-03-07,CLI-0129,SVC-007,DEPT-003,1,1200.0,0,1200.0,240.0,1440.0,Payée,1200.0,26,2024,1,1,20240111,20240210,20240307.0,Retard < 30j
FAC-2024-02977,2024-08-16,2024-09-30,,CLI-0045,SVC-006,DEPT-002,1,450.0,0,450.0,90.0,540.0,Retard,0.0,579,2024,8,3,20240816,20240930,,Contentieux > 90j
FAC-2024-02978,2023-07-24,2023-09-22,2023-09-22,CLI-0053,SVC-014,DEPT-002,2,1500.0,0,3000.0,600.0,3600.0,Payée,3000.0,0,2023,7,3,20230724,20230922,20230922.0,Dans les délais
FAC-2024-02979,2025-12-12,2026-01-11,2026-01-11,CLI-0097,SVC-013,DEPT-004,7,1100.0,0,7700.0,1540.0,9240.0,Payée,7700.0,0,2025,12,4,20251212,20260111,20260111.0,Dans les délais
FAC-2024-02980,2025-03-28,2025-05-12,,CLI-0004,SVC-005,DEPT-001,1,15000.0,0,15000.0,3000.0,18000.0,Retard,0.0,355,2025,3,1,20250328,20250512,,Contentieux > 90j
FAC-2024-02981,2023-03-07,2023-04-21,,CLI-0047,SVC-002,DEPT-002,1,8500.0,0,8500.0,1700.0,10200.0,Retard,0.0,1107,2023,3,1,20230307,20230421,,Contentieux > 90j
FAC-2024-02982,2023-10-05,2024-01-03,2024-02-01,CLI-0125,SVC-014,DEPT-007,2,1500.0,0,3000.0,600.0,3600.0,Payée,3000.0,29,2023,10,4,20231005,20240103,20240201.0,Retard < 30j
FAC-2024-02983,2024-11-25,2024-12-25,2024-12-25,CLI-0008,SVC-001,DEPT-001,1,3500.0,0,3500.0,700.0,4200.0,Payée,3500.0,0,2024,11,4,20241125,20241225,20241225.0,Dans les délais
FAC-2024-02984,2024-05-13,2024-06-12,,CLI-0029,SVC-016,DEPT-007,1,1800.0,0,1800.0,360.0,2160.0,Contentieux,0.0,689,2024,5,2,20240513,20240612,,Contentieux > 90j
FAC-2024-02985,2025-08-02,2025-09-16,2025-09-23,CLI-0004,SVC-001,DEPT-001,1,3500.0,0,3500.0,700.0,4200.0,Payée,3500.0,7,2025,8,3,20250802,20250916,20250923.0,Retard < 30j
FAC-2024-02986,2023-11-25,2023-12-25,2024-01-13,CLI-0141,SVC-006,DEPT-007,1,450.0,0,450.0,90.0,540.0,Payée,450.0,19,2023,11,4,20231125,20231225,20240113.0,Retard < 30j
FAC-2024-02987,2025-11-09,2025-12-09,,CLI-0013,SVC-024,DEPT-004,8,700.0,10,5040.0,1008.0,6048.0,Retard,0.0,144,2025,11,4,20251109,20251209,,Contentieux > 90j
FAC-2024-02988,2023-09-03,2023-10-18,,CLI-0045,SVC-006,DEPT-003,1,450.0,0,450.0,90.0,540.0,Retard,0.0,927,2023,9,3,20230903,20231018,,Contentieux > 90j
FAC-2024-02989,2025-04-14,2025-05-29,2025-06-03,CLI-0090,SVC-024,DEPT-007,2,700.0,15,1190.0,238.0,1428.0,Payée,1190.0,5,2025,4,2,20250414,20250529,20250603.0,Retard < 30j
FAC-2024-02990,2023-01-13,2023-02-27,2023-03-20,CLI-0020,SVC-016,DEPT-001,1,1800.0,0,1800.0,360.0,2160.0,Payée,1800.0,21,2023,1,1,20230113,20230227,20230320.0,Retard < 30j
FAC-2024-02991,2024-09-09,2024-11-08,,CLI-0046,SVC-008,DEPT-002,1,2500.0,0,2500.0,500.0,3000.0,Retard,0.0,540,2024,9,3,20240909,20241108,,Contentieux > 90j
FAC-2024-02992,2023-10-23,2023-11-22,2023-11-26,CLI-0056,SVC-012,DEPT-003,1,3200.0,0,3200.0,640.0,3840.0,Payée,3200.0,4,2023,10,4,20231023,20231122,20231126.0,Retard < 30j
FAC-2024-02993,2024-07-06,2024-08-20,2024-08-20,CLI-0055,SVC-007,DEPT-007,1,1200.0,5,1140.0,228.0,1368.0,Payée,1140.0,0,2024,7,3,20240706,20240820,20240820.0,Dans les délais
FAC-2024-02994,2025-07-02,2025-08-16,2025-08-16,CLI-0087,SVC-010,DEPT-002,31,45.0,10,1255.5,251.1,1506.6,Payée,1255.5,0,2025,7,3,20250702,20250816,20250816.0,Dans les délais
FAC-2024-02995,2024-12-24,2025-02-07,,CLI-0055,SVC-014,DEPT-001,6,1500.0,0,9000.0,1800.0,10800.0,Partielle,4816.46,449,2024,12,4,20241224,20250207,,Contentieux > 90j
FAC-2024-02996,2024-09-06,2024-10-06,2024-10-09,CLI-0200,SVC-015,DEPT-003,1,2800.0,5,2660.0,532.0,3192.0,Payée,2660.0,3,2024,9,3,20240906,20241006,20241009.0,Retard < 30j
FAC-2024-02997,2025-01-05,2025-02-04,2025-02-04,CLI-0109,SVC-023,DEPT-002,10,750.0,0,7500.0,1500.0,9000.0,Payée,7500.0,0,2025,1,1,20250105,20250204,20250204.0,Dans les délais
FAC-2024-02998,2023-08-15,2023-09-29,2023-09-29,CLI-0033,SVC-004,DEPT-002,6,1200.0,15,6120.0,1224.0,7344.0,Payée,6120.0,0,2023,8,3,20230815,20230929,20230929.0,Dans les délais
FAC-2024-02999,2025-04-08,2025-05-23,,CLI-0136,SVC-018,DEPT-007,1,6500.0,15,5525.0,1105.0,6630.0,Retard,0.0,344,2025,4,2,20250408,20250523,,Contentieux > 90j
FAC-2024-03000,2024-06-06,2024-08-05,,CLI-0165,SVC-014,DEPT-007,8,1500.0,0,12000.0,2400.0,14400.0,Retard,0.0,635,2024,6,2,20240606,20240805,,Contentieux > 90j
FAC-2024-03001,2024-03-14,2024-04-28,,CLI-0133,SVC-005,DEPT-001,1,15000.0,0,15000.0,3000.0,18000.0,Contentieux,0.0,734,2024,3,1,20240314,20240428,,Contentieux > 90j
FAC-2024-03002,2024-07-05,2024-08-04,2024-08-31,CLI-0155,SVC-017,DEPT-002,1,950.0,0,950.0,190.0,1140.0,Payée,950.0,27,2024,7,3,20240705,20240804,20240831.0,Retard < 30j
FAC-2024-03003,2023-07-01,2023-07-31,2023-08-13,CLI-0138,SVC-022,DEPT-007,10,600.0,0,6000.0,1200.0,7200.0,Payée,6000.0,13,2023,7,3,20230701,20230731,20230813.0,Retard < 30j
FAC-2024-03004,2023-06-25,2023-07-25,2023-08-14,CLI-0174,SVC-005,DEPT-007,1,15000.0,0,15000.0,3000.0,18000.0,Payée,15000.0,20,2023,6,2,20230625,20230725,20230814.0,Retard < 30j
FAC-2024-03005,2025-03-15,2025-04-14,,CLI-0163,SVC-007,DEPT-002,1,1200.0,5,1140.0,228.0,1368.0,Retard,0.0,383,2025,3,1,20250315,20250414,,Contentieux > 90j
FAC-2024-03006,2024-04-16,2024-05-31,2024-06-22,CLI-0059,SVC-011,DEPT-003,1,4500.0,0,4500.0,900.0,5400.0,Payée,4500.0,22,2024,4,2,20240416,20240531,20240622.0,Retard < 30j
FAC-2024-03007,2025-10-29,2025-11-28,2025-12-26,CLI-0140,SVC-002,DEPT-004,1,8500.0,0,8500.0,1700.0,10200.0,Payée,8500.0,28,2025,10,4,20251029,20251128,20251226.0,Retard < 30j
FAC-2024-03008,2025-06-03,2025-07-18,,CLI-0101,SVC-009,DEPT-001,1,180.0,0,180.0,36.0,216.0,Retard,0.0,288,2025,6,2,20250603,20250718,,Contentieux > 90j
FAC-2024-03009,2023-12-07,2024-01-06,,CLI-0052,SVC-003,DEPT-002,1,22000.0,0,22000.0,4400.0,26400.0,Retard,0.0,847,2023,12,4,20231207,20240106,,Contentieux > 90j
FAC-2024-03010,2024-11-04,2024-12-19,2024-12-27,CLI-0004,SVC-012,DEPT-001,1,3200.0,0,3200.0,640.0,3840.0,Payée,3200.0,8,2024,11,4,20241104,20241219,20241227.0,Retard < 30j
FAC-2024-03011,2023-02-07,2023-03-09,2023-03-22,CLI-0018,SVC-001,DEPT-004,1,3500.0,0,3500.0,700.0,4200.0,Payée,3500.0,13,2023,2,1,20230207,20230309,20230322.0,Retard < 30j
FAC-2024-03012,2023-08-16,2023-09-15,2023-10-13,CLI-0142,SVC-008,DEPT-007,1,2500.0,5,2375.0,475.0,2850.0,Payée,2375.0,28,2023,8,3,20230816,20230915,20231013.0,Retard < 30j
FAC-2024-03013,2023-09-06,2023-10-06,2023-10-06,CLI-0174,SVC-003,DEPT-001,1,22000.0,0,22000.0,4400.0,26400.0,Payée,22000.0,0,2023,9,3,20230906,20231006,20231006.0,Dans les délais
FAC-2024-03014,2025-02-26,2025-04-12,,CLI-0177,SVC-003,DEPT-002,1,22000.0,0,22000.0,4400.0,26400.0,Retard,0.0,385,2025,2,1,20250226,20250412,,Contentieux > 90j
FAC-2024-03015,2025-10-09,2025-12-08,2026-01-06,CLI-0074,SVC-005,DEPT-007,1,15000.0,0,15000.0,3000.0,18000.0,Payée,15000.0,29,2025,10,4,20251009,20251208,20260106.0,Retard < 30j
FAC-2024-03016,2023-04-02,2023-06-01,,CLI-0143,SVC-024,DEPT-003,7,700.0,0,4900.0,980.0,5880.0,Retard,0.0,1066,2023,4,2,20230402,20230601,,Contentieux > 90j
FAC-2024-03017,2023-06-18,2023-08-02,,CLI-0095,SVC-018,DEPT-004,1,6500.0,10,5850.0,1170.0,7020.0,Partielle,3356.77,1004,2023,6,2,20230618,20230802,,Contentieux > 90j
FAC-2024-03018,2024-05-16,2024-06-15,,CLI-0083,SVC-013,DEPT-007,1,1100.0,0,1100.0,220.0,1320.0,Partielle,778.76,686,2024,5,2,20240516,20240615,,Contentieux > 90j
FAC-2024-03019,2024-03-24,2024-04-23,2024-04-24,CLI-0158,SVC-009,DEPT-002,1,180.0,0,180.0,36.0,216.0,Payée,180.0,1,2024,3,1,20240324,20240423,20240424.0,Retard < 30j
FAC-2024-03020,2023-07-16,2023-08-15,2023-08-15,CLI-0140,SVC-003,DEPT-007,1,22000.0,0,22000.0,4400.0,26400.0,Payée,22000.0,0,2023,7,3,20230716,20230815,20230815.0,Dans les délais
FAC-2024-03021,2025-01-26,2025-03-12,2025-03-26,CLI-0171,SVC-021,DEPT-002,5,800.0,0,4000.0,800.0,4800.0,Payée,4000.0,14,2025,1,1,20250126,20250312,20250326.0,Retard < 30j
FAC-2024-03022,2024-06-16,2024-08-15,,CLI-0005,SVC-007,DEPT-001,1,1200.0,10,1080.0,216.0,1296.0,Retard,0.0,625,2024,6,2,20240616,20240815,,Contentieux > 90j
FAC-2024-03023,2024-10-25,2024-11-24,2024-12-15,CLI-0115,SVC-007,DEPT-001,1,1200.0,5,1140.0,228.0,1368.0,Payée,1140.0,21,2024,10,4,20241025,20241124,20241215.0,Retard < 30j
FAC-2024-03024,2025-02-07,2025-03-09,2025-03-20,CLI-0140,SVC-011,DEPT-003,1,4500.0,10,4050.0,810.0,4860.0,Payée,4050.0,11,2025,2,1,20250207,20250309,20250320.0,Retard < 30j
FAC-2024-03025,2024-07-13,2024-08-27,2024-08-27,CLI-0177,SVC-023,DEPT-001,7,750.0,0,5250.0,1050.0,6300.0,Payée,5250.0,0,2024,7,3,20240713,20240827,20240827.0,Dans les délais
FAC-2024-03026,2023-10-10,2023-11-24,2023-11-24,CLI-0017,SVC-018,DEPT-002,1,6500.0,0,6500.0,1300.0,7800.0,Payée,6500.0,0,2023,10,4,20231010,20231124,20231124.0,Dans les délais
FAC-2024-03027,2025-11-04,2025-12-04,2025-12-13,CLI-0166,SVC-003,DEPT-007,1,22000.0,0,22000.0,4400.0,26400.0,Payée,22000.0,9,2025,11,4,20251104,20251204,20251213.0,Retard < 30j
FAC-2024-03028,2024-08-14,2024-09-13,,CLI-0140,SVC-020,DEPT-007,1,1400.0,0,1400.0,280.0,1680.0,Partielle,518.52,596,2024,8,3,20240814,20240913,,Contentieux > 90j
FAC-2024-03029,2023-05-24,2023-06-23,,CLI-0109,SVC-017,DEPT-002,1,950.0,0,950.0,190.0,1140.0,Retard,0.0,1044,2023,5,2,20230524,20230623,,Contentieux > 90j
FAC-2024-03030,2025-01-04,2025-02-03,2025-02-17,CLI-0145,SVC-008,DEPT-002,1,2500.0,5,2375.0,475.0,2850.0,Payée,2375.0,14,2025,1,1,20250104,20250203,20250217.0,Retard < 30j
FAC-2024-03031,2025-07-19,2025-09-17,2025-09-22,CLI-0069,SVC-012,DEPT-007,1,3200.0,0,3200.0,640.0,3840.0,Payée,3200.0,5,2025,7,3,20250719,20250917,20250922.0,Retard < 30j
FAC-2024-03032,2023-10-13,2023-11-12,2023-12-12,CLI-0029,SVC-018,DEPT-001,1,6500.0,0,6500.0,1300.0,7800.0,Payée,6500.0,30,2023,10,4,20231013,20231112,20231212.0,Retard < 30j
FAC-2024-03033,2023-12-28,2024-02-11,,CLI-0133,SVC-003,DEPT-003,1,22000.0,5,20900.0,4180.0,25080.0,Contentieux,0.0,811,2023,12,4,20231228,20240211,,Contentieux > 90j
FAC-2024-03034,2024-08-10,2024-10-09,,CLI-0173,SVC-001,DEPT-001,1,3500.0,5,3325.0,665.0,3990.0,Partielle,1187.73,570,2024,8,3,20240810,20241009,,Contentieux > 90j
FAC-2024-03035,2023-12-21,2024-01-20,2024-02-10,CLI-0018,SVC-015,DEPT-001,1,2800.0,0,2800.0,560.0,3360.0,Payée,2800.0,21,2023,12,4,20231221,20240120,20240210.0,Retard < 30j
FAC-2024-03036,2023-09-19,2023-10-19,2023-11-12,CLI-0016,SVC-003,DEPT-001,1,22000.0,0,22000.0,4400.0,26400.0,Payée,22000.0,24,2023,9,3,20230919,20231019,20231112.0,Retard < 30j
FAC-2024-03037,2023-12-26,2024-01-25,,CLI-0008,SVC-003,DEPT-004,1,22000.0,0,22000.0,4400.0,26400.0,Partielle,12845.78,828,2023,12,4,20231226,20240125,,Contentieux > 90j
FAC-2024-03038,2023-07-03,2023-08-17,,CLI-0020,SVC-012,DEPT-003,1,3200.0,0,3200.0,640.0,3840.0,Retard,0.0,989,2023,7,3,20230703,20230817,,Contentieux > 90j
FAC-2024-03039,2025-02-05,2025-04-06,2025-04-21,CLI-0164,SVC-023,DEPT-002,1,750.0,0,750.0,150.0,900.0,Payée,750.0,15,2025,2,1,20250205,20250406,20250421.0,Retard < 30j
FAC-2024-03040,2025-02-20,2025-03-22,,CLI-0083,SVC-010,DEPT-002,47,45.0,0,2115.0,423.0,2538.0,Partielle,1327.26,406,2025,2,1,20250220,20250322,,Contentieux > 90j
FAC-2024-03041,2024-03-24,2024-04-23,,CLI-0138,SVC-014,DEPT-001,5,1500.0,0,7500.0,1500.0,9000.0,Contentieux,0.0,739,2024,3,1,20240324,20240423,,Contentieux > 90j
FAC-2024-03042,2024-11-12,2024-12-27,2025-01-04,CLI-0190,SVC-003,DEPT-003,1,22000.0,0,22000.0,4400.0,26400.0,Payée,22000.0,8,2024,11,4,20241112,20241227,20250104.0,Retard < 30j
FAC-2024-03043,2024-06-15,2024-07-15,2024-08-05,CLI-0151,SVC-005,DEPT-001,1,15000.0,0,15000.0,3000.0,18000.0,Payée,15000.0,21,2024,6,2,20240615,20240715,20240805.0,Retard < 30j
FAC-2024-03044,2025-12-31,2026-01-30,2026-01-31,CLI-0151,SVC-014,DEPT-002,3,1500.0,0,4500.0,900.0,5400.0,Payée,4500.0,1,2025,12,4,20251231,20260130,20260131.0,Retard < 30j
FAC-2024-03045,2024-01-11,2024-03-11,2024-03-31,CLI-0143,SVC-022,DEPT-004,7,600.0,0,4200.0,840.0,5040.0,Payée,4200.0,20,2024,1,1,20240111,20240311,20240331.0,Retard < 30j
FAC-2024-03046,2025-03-30,2025-05-14,,CLI-0124,SVC-012,DEPT-001,1,3200.0,15,2720.0,544.0,3264.0,Partielle,1191.44,353,2025,3,1,20250330,20250514,,Contentieux > 90j
FAC-2024-03047,2025-04-17,2025-06-01,2025-06-13,CLI-0190,SVC-015,DEPT-007,1,2800.0,10,2520.0,504.0,3024.0,Payée,2520.0,12,2025,4,2,20250417,20250601,20250613.0,Retard < 30j
FAC-2024-03048,2025-08-14,2025-09-28,,CLI-0094,SVC-016,DEPT-007,1,1800.0,10,1620.0,324.0,1944.0,Retard,0.0,216,2025,8,3,20250814,20250928,,Contentieux > 90j
FAC-2024-03049,2024-03-01,2024-03-31,2024-04-01,CLI-0018,SVC-021,DEPT-007,6,800.0,0,4800.0,960.0,5760.0,Payée,4800.0,1,2024,3,1,20240301,20240331,20240401.0,Retard < 30j
FAC-2024-03050,2025-09-16,2025-10-31,,CLI-0096,SVC-017,DEPT-002,1,950.0,15,807.5,161.5,969.0,Contentieux,0.0,183,2025,9,3,20250916,20251031,,Contentieux > 90j
FAC-2024-03051,2024-07-10,2024-09-08,2024-09-22,CLI-0074,SVC-011,DEPT-004,1,4500.0,10,4050.0,810.0,4860.0,Payée,4050.0,14,2024,7,3,20240710,20240908,20240922.0,Retard < 30j
FAC-2024-03052,2023-11-09,2023-12-09,2023-12-25,CLI-0121,SVC-018,DEPT-004,1,6500.0,10,5850.0,1170.0,7020.0,Payée,5850.0,16,2023,11,4,20231109,20231209,20231225.0,Retard < 30j
FAC-2024-03053,2024-12-30,2025-01-29,2025-02-04,CLI-0080,SVC-020,DEPT-001,3,1400.0,0,4200.0,840.0,5040.0,Payée,4200.0,6,2024,12,4,20241230,20250129,20250204.0,Retard < 30j
FAC-2024-03054,2024-07-20,2024-08-19,2024-08-21,CLI-0127,SVC-022,DEPT-001,5,600.0,5,2850.0,570.0,3420.0,Payée,2850.0,2,2024,7,3,20240720,20240819,20240821.0,Retard < 30j
FAC-2024-03055,2024-02-05,2024-03-06,2024-03-10,CLI-0186,SVC-016,DEPT-004,1,1800.0,0,1800.0,360.0,2160.0,Payée,1800.0,4,2024,2,1,20240205,20240306,20240310.0,Retard < 30j
FAC-2024-03056,2025-05-28,2025-06-27,2025-07-10,CLI-0079,SVC-001,DEPT-007,1,3500.0,0,3500.0,700.0,4200.0,Payée,3500.0,13,2025,5,2,20250528,20250627,20250710.0,Retard < 30j
FAC-2024-03057,2023-05-13,2023-06-12,2023-07-03,CLI-0155,SVC-006,DEPT-007,1,450.0,0,450.0,90.0,540.0,Payée,450.0,21,2023,5,2,20230513,20230612,20230703.0,Retard < 30j
FAC-2024-03058,2025-04-09,2025-05-09,2025-05-10,CLI-0006,SVC-013,DEPT-001,5,1100.0,10,4950.0,990.0,5940.0,Payée,4950.0,1,2025,4,2,20250409,20250509,20250510.0,Retard < 30j
FAC-2024-03059,2023-07-06,2023-08-05,,CLI-0014,SVC-006,DEPT-003,1,450.0,0,450.0,90.0,540.0,Partielle,204.98,1001,2023,7,3,20230706,20230805,,Contentieux > 90j
FAC-2024-03060,2024-01-17,2024-02-16,2024-03-07,CLI-0026,SVC-024,DEPT-001,4,700.0,10,2520.0,504.0,3024.0,Payée,2520.0,20,2024,1,1,20240117,20240216,20240307.0,Retard < 30j
FAC-2024-03061,2025-12-17,2026-01-31,,CLI-0098,SVC-020,DEPT-001,7,1400.0,0,9800.0,1960.0,11760.0,Partielle,5373.69,91,2025,12,4,20251217,20260131,,Contentieux > 90j
FAC-2024-03062,2025-02-27,2025-03-29,2025-04-03,CLI-0197,SVC-017,DEPT-001,1,950.0,0,950.0,190.0,1140.0,Payée,950.0,5,2025,2,1,20250227,20250329,20250403.0,Retard < 30j
FAC-2024-03063,2025-07-03,2025-08-02,2025-08-02,CLI-0060,SVC-004,DEPT-001,9,1200.0,10,9720.0,1944.0,11664.0,Payée,9720.0,0,2025,7,3,20250703,20250802,20250802.0,Dans les délais
FAC-2024-03064,2023-03-08,2023-04-07,2023-05-02,CLI-0027,SVC-009,DEPT-001,1,180.0,10,162.0,32.4,194.4,Payée,162.0,25,2023,3,1,20230308,20230407,20230502.0,Retard < 30j
FAC-2024-03065,2025-10-13,2025-11-27,2025-12-27,CLI-0075,SVC-004,DEPT-004,2,1200.0,0,2400.0,480.0,2880.0,Payée,2400.0,30,2025,10,4,20251013,20251127,20251227.0,Retard < 30j
FAC-2024-03066,2023-08-03,2023-09-02,2023-09-19,CLI-0014,SVC-024,DEPT-007,7,700.0,10,4410.0,882.0,5292.0,Payée,4410.0,17,2023,8,3,20230803,20230902,20230919.0,Retard < 30j
FAC-2024-03067,2025-11-05,2025-12-05,2025-12-29,CLI-0016,SVC-024,DEPT-007,5,700.0,0,3500.0,700.0,4200.0,Payée,3500.0,24,2025,11,4,20251105,20251205,20251229.0,Retard < 30j
FAC-2024-03068,2023-01-20,2023-02-19,2023-03-14,CLI-0104,SVC-012,DEPT-003,1,3200.0,5,3040.0,608.0,3648.0,Payée,3040.0,23,2023,1,1,20230120,20230219,20230314.0,Retard < 30j
FAC-2024-03069,2025-12-21,2026-01-20,2026-02-14,CLI-0070,SVC-011,DEPT-002,1,4500.0,0,4500.0,900.0,5400.0,Payée,4500.0,25,2025,12,4,20251221,20260120,20260214.0,Retard < 30j
FAC-2024-03070,2025-06-27,2025-08-11,2025-08-14,CLI-0171,SVC-017,DEPT-004,1,950.0,0,950.0,190.0,1140.0,Payée,950.0,3,2025,6,2,20250627,20250811,20250814.0,Retard < 30j
FAC-2024-03071,2024-04-09,2024-05-24,,CLI-0183,SVC-002,DEPT-001,1,8500.0,0,8500.0,1700.0,10200.0,Partielle,2999.58,708,2024,4,2,20240409,20240524,,Contentieux > 90j
FAC-2024-03072,2025-11-14,2025-12-14,2025-12-18,CLI-0170,SVC-023,DEPT-002,2,750.0,5,1425.0,285.0,1710.0,Payée,1425.0,4,2025,11,4,20251114,20251214,20251218.0,Retard < 30j
FAC-2024-03073,2025-02-25,2025-03-27,,CLI-0060,SVC-022,DEPT-007,5,600.0,0,3000.0,600.0,3600.0,Retard,0.0,401,2025,2,1,20250225,20250327,,Contentieux > 90j
FAC-2024-03074,2024-11-24,2025-01-08,2025-01-29,CLI-0059,SVC-016,DEPT-007,1,1800.0,10,1620.0,324.0,1944.0,Payée,1620.0,21,2024,11,4,20241124,20250108,20250129.0,Retard < 30j
FAC-2024-03075,2024-01-08,2024-02-22,2024-03-23,CLI-0033,SVC-001,DEPT-003,1,3500.0,5,3325.0,665.0,3990.0,Payée,3325.0,30,2024,1,1,20240108,20240222,20240323.0,Retard < 30j
FAC-2024-03076,2025-10-22,2025-11-21,2025-12-02,CLI-0111,SVC-015,DEPT-003,1,2800.0,0,2800.0,560.0,3360.0,Payée,2800.0,11,2025,10,4,20251022,20251121,20251202.0,Retard < 30j
FAC-2024-03077,2024-03-12,2024-04-26,,CLI-0058,SVC-005,DEPT-002,1,15000.0,10,13500.0,2700.0,16200.0,Contentieux,0.0,736,2024,3,1,20240312,20240426,,Contentieux > 90j
FAC-2024-03078,2023-03-19,2023-05-03,,CLI-0039,SVC-013,DEPT-007,7,1100.0,5,7315.0,1463.0,8778.0,Retard,0.0,1095,2023,3,1,20230319,20230503,,Contentieux > 90j
FAC-2024-03079,2024-06-15,2024-07-15,2024-08-03,CLI-0111,SVC-015,DEPT-004,1,2800.0,0,2800.0,560.0,3360.0,Payée,2800.0,19,2024,6,2,20240615,20240715,20240803.0,Retard < 30j
FAC-2024-03080,2025-06-13,2025-07-28,2025-08-15,CLI-0112,SVC-003,DEPT-002,1,22000.0,5,20900.0,4180.0,25080.0,Payée,20900.0,18,2025,6,2,20250613,20250728,20250815.0,Retard < 30j
FAC-2024-03081,2023-04-23,2023-05-23,,CLI-0027,SVC-011,DEPT-003,1,4500.0,5,4275.0,855.0,5130.0,Retard,0.0,1075,2023,4,2,20230423,20230523,,Contentieux > 90j
FAC-2024-03082,2023-05-29,2023-07-28,2023-08-04,CLI-0046,SVC-013,DEPT-003,1,1100.0,0,1100.0,220.0,1320.0,Payée,1100.0,7,2023,5,2,20230529,20230728,20230804.0,Retard < 30j
FAC-2024-03083,2025-12-06,2026-01-05,2026-01-13,CLI-0014,SVC-021,DEPT-001,5,800.0,10,3600.0,720.0,4320.0,Payée,3600.0,8,2025,12,4,20251206,20260105,20260113.0,Retard < 30j
FAC-2024-03084,2024-03-30,2024-05-14,2024-05-27,CLI-0189,SVC-018,DEPT-007,1,6500.0,0,6500.0,1300.0,7800.0,Payée,6500.0,13,2024,3,1,20240330,20240514,20240527.0,Retard < 30j
FAC-2024-03085,2023-02-18,2023-04-04,,CLI-0019,SVC-008,DEPT-007,1,2500.0,0,2500.0,500.0,3000.0,Partielle,1673.24,1124,2023,2,1,20230218,20230404,,Contentieux > 90j
FAC-2024-03086,2024-10-09,2024-11-08,2024-11-09,CLI-0023,SVC-001,DEPT-003,1,3500.0,10,3150.0,630.0,3780.0,Payée,3150.0,1,2024,10,4,20241009,20241108,20241109.0,Retard < 30j
FAC-2024-03087,2025-09-02,2025-10-17,,CLI-0022,SVC-013,DEPT-004,6,1100.0,5,6270.0,1254.0,7524.0,Retard,0.0,197,2025,9,3,20250902,20251017,,Contentieux > 90j
FAC-2024-03088,2024-05-16,2024-06-15,,CLI-0093,SVC-013,DEPT-002,4,1100.0,5,4180.0,836.0,5016.0,Partielle,3056.63,686,2024,5,2,20240516,20240615,,Contentieux > 90j
FAC-2024-03089,2023-07-05,2023-08-19,2023-08-21,CLI-0098,SVC-018,DEPT-003,1,6500.0,0,6500.0,1300.0,7800.0,Payée,6500.0,2,2023,7,3,20230705,20230819,20230821.0,Retard < 30j
FAC-2024-03090,2024-06-15,2024-07-30,,CLI-0154,SVC-014,DEPT-007,3,1500.0,0,4500.0,900.0,5400.0,Retard,0.0,641,2024,6,2,20240615,20240730,,Contentieux > 90j
FAC-2024-03091,2024-10-17,2024-11-16,2024-11-18,CLI-0134,SVC-004,DEPT-002,8,1200.0,0,9600.0,1920.0,11520.0,Payée,9600.0,2,2024,10,4,20241017,20241116,20241118.0,Retard < 30j
FAC-2024-03092,2025-07-08,2025-08-22,2025-08-23,CLI-0167,SVC-003,DEPT-002,1,22000.0,10,19800.0,3960.0,23760.0,Payée,19800.0,1,2025,7,3,20250708,20250822,20250823.0,Retard < 30j
FAC-2024-03093,2025-02-01,2025-03-03,2025-03-21,CLI-0072,SVC-019,DEPT-003,20,180.0,0,3600.0,720.0,4320.0,Payée,3600.0,18,2025,2,1,20250201,20250303,20250321.0,Retard < 30j
FAC-2024-03094,2023-04-04,2023-05-19,2023-06-07,CLI-0048,SVC-013,DEPT-001,10,1100.0,0,11000.0,2200.0,13200.0,Payée,11000.0,19,2023,4,2,20230404,20230519,20230607.0,Retard < 30j
FAC-2024-03095,2024-08-22,2024-10-06,,CLI-0048,SVC-010,DEPT-003,28,45.0,5,1197.0,239.4,1436.4,Retard,0.0,573,2024,8,3,20240822,20241006,,Contentieux > 90j
FAC-2024-03096,2025-08-05,2025-09-19,2025-10-12,CLI-0090,SVC-014,DEPT-001,8,1500.0,0,12000.0,2400.0,14400.0,Payée,12000.0,23,2025,8,3,20250805,20250919,20251012.0,Retard < 30j
FAC-2024-03097,2024-02-21,2024-03-22,2024-03-24,CLI-0007,SVC-015,DEPT-003,1,2800.0,0,2800.0,560.0,3360.0,Payée,2800.0,2,2024,2,1,20240221,20240322,20240324.0,Retard < 30j
FAC-2024-03098,2025-09-11,2025-10-26,2025-11-04,CLI-0123,SVC-009,DEPT-004,1,180.0,0,180.0,36.0,216.0,Payée,180.0,9,2025,9,3,20250911,20251026,20251104.0,Retard < 30j
FAC-2024-03099,2023-07-20,2023-08-19,2023-08-28,CLI-0018,SVC-007,DEPT-007,1,1200.0,0,1200.0,240.0,1440.0,Payée,1200.0,9,2023,7,3,20230720,20230819,20230828.0,Retard < 30j
FAC-2024-03100,2025-06-24,2025-08-23,2025-09-06,CLI-0005,SVC-006,DEPT-007,1,450.0,0,450.0,90.0,540.0,Payée,450.0,14,2025,6,2,20250624,20250823,20250906.0,Retard < 30j
FAC-2024-03101,2025-07-29,2025-09-27,2025-10-03,CLI-0103,SVC-023,DEPT-003,3,750.0,0,2250.0,450.0,2700.0,Payée,2250.0,6,2025,7,3,20250729,20250927,20251003.0,Retard < 30j
FAC-2024-03102,2025-12-17,2026-01-16,,CLI-0083,SVC-013,DEPT-007,7,1100.0,15,6545.0,1309.0,7854.0,Partielle,2571.98,106,2025,12,4,20251217,20260116,,Contentieux > 90j
FAC-2024-03103,2025-07-07,2025-08-21,2025-08-21,CLI-0095,SVC-002,DEPT-004,1,8500.0,0,8500.0,1700.0,10200.0,Payée,8500.0,0,2025,7,3,20250707,20250821,20250821.0,Dans les délais
FAC-2024-03104,2024-02-28,2024-03-29,2024-04-06,CLI-0121,SVC-022,DEPT-003,3,600.0,0,1800.0,360.0,2160.0,Payée,1800.0,8,2024,2,1,20240228,20240329,20240406.0,Retard < 30j
FAC-2024-03105,2025-04-01,2025-05-01,2025-05-04,CLI-0064,SVC-024,DEPT-002,8,700.0,0,5600.0,1120.0,6720.0,Payée,5600.0,3,2025,4,2,20250401,20250501,20250504.0,Retard < 30j
FAC-2024-03106,2025-10-29,2025-11-28,2025-11-28,CLI-0163,SVC-014,DEPT-003,8,1500.0,5,11400.0,2280.0,13680.0,Payée,11400.0,0,2025,10,4,20251029,20251128,20251128.0,Dans les délais
FAC-2024-03107,2025-03-16,2025-04-30,2025-04-30,CLI-0159,SVC-017,DEPT-003,1,950.0,0,950.0,190.0,1140.0,Payée,950.0,0,2025,3,1,20250316,20250430,20250430.0,Dans les délais
FAC-2024-03108,2024-06-15,2024-07-30,,CLI-0117,SVC-008,DEPT-007,1,2500.0,0,2500.0,500.0,3000.0,Retard,0.0,641,2024,6,2,20240615,20240730,,Contentieux > 90j
FAC-2024-03109,2025-08-29,2025-10-28,2025-10-28,CLI-0184,SVC-005,DEPT-003,1,15000.0,0,15000.0,3000.0,18000.0,Payée,15000.0,0,2025,8,3,20250829,20251028,20251028.0,Dans les délais
FAC-2024-03110,2025-05-28,2025-06-27,,CLI-0181,SVC-015,DEPT-003,1,2800.0,15,2380.0,476.0,2856.0,Retard,0.0,309,2025,5,2,20250528,20250627,,Contentieux > 90j
FAC-2024-03111,2024-10-20,2024-12-04,,CLI-0058,SVC-022,DEPT-007,7,600.0,0,4200.0,840.0,5040.0,Retard,0.0,514,2024,10,4,20241020,20241204,,Contentieux > 90j
FAC-2024-03112,2025-10-20,2025-11-19,2025-11-24,CLI-0181,SVC-015,DEPT-004,1,2800.0,5,2660.0,532.0,3192.0,Payée,2660.0,5,2025,10,4,20251020,20251119,20251124.0,Retard < 30j
FAC-2024-03113,2023-02-26,2023-03-28,2023-04-01,CLI-0023,SVC-019,DEPT-002,9,180.0,10,1458.0,291.6,1749.6,Payée,1458.0,4,2023,2,1,20230226,20230328,20230401.0,Retard < 30j
FAC-2024-03114,2025-04-04,2025-05-04,2025-05-12,CLI-0148,SVC-007,DEPT-002,1,1200.0,5,1140.0,228.0,1368.0,Payée,1140.0,8,2025,4,2,20250404,20250504,20250512.0,Retard < 30j
FAC-2024-03115,2023-12-27,2024-01-26,2024-01-27,CLI-0018,SVC-023,DEPT-001,3,750.0,10,2025.0,405.0,2430.0,Payée,2025.0,1,2023,12,4,20231227,20240126,20240127.0,Retard < 30j
FAC-2024-03116,2025-01-29,2025-02-28,2025-03-02,CLI-0023,SVC-015,DEPT-004,1,2800.0,5,2660.0,532.0,3192.0,Payée,2660.0,2,2025,1,1,20250129,20250228,20250302.0,Retard < 30j
FAC-2024-03117,2023-12-03,2024-01-17,2024-02-15,CLI-0033,SVC-014,DEPT-003,1,1500.0,5,1425.0,285.0,1710.0,Payée,1425.0,29,2023,12,4,20231203,20240117,20240215.0,Retard < 30j
FAC-2024-03118,2024-07-03,2024-08-17,2024-08-17,CLI-0037,SVC-010,DEPT-003,36,45.0,0,1620.0,324.0,1944.0,Payée,1620.0,0,2024,7,3,20240703,20240817,20240817.0,Dans les délais
FAC-2024-03119,2025-05-20,2025-07-19,2025-07-25,CLI-0053,SVC-004,DEPT-002,10,1200.0,0,12000.0,2400.0,14400.0,Payée,12000.0,6,2025,5,2,20250520,20250719,20250725.0,Retard < 30j
FAC-2024-03120,2025-04-26,2025-05-26,,CLI-0008,SVC-006,DEPT-007,1,450.0,15,382.5,76.5,459.0,Contentieux,0.0,341,2025,4,2,20250426,20250526,,Contentieux > 90j
FAC-2024-03121,2024-06-29,2024-08-13,2024-08-13,CLI-0004,SVC-004,DEPT-001,3,1200.0,5,3420.0,684.0,4104.0,Payée,3420.0,0,2024,6,2,20240629,20240813,20240813.0,Dans les délais
FAC-2024-03122,2023-02-21,2023-03-23,2023-03-23,CLI-0134,SVC-018,DEPT-002,1,6500.0,10,5850.0,1170.0,7020.0,Payée,5850.0,0,2023,2,1,20230221,20230323,20230323.0,Dans les délais
FAC-2024-03123,2024-02-02,2024-04-02,2024-04-18,CLI-0024,SVC-013,DEPT-001,8,1100.0,10,7920.0,1584.0,9504.0,Payée,7920.0,16,2024,2,1,20240202,20240402,20240418.0,Retard < 30j
FAC-2024-03124,2024-02-11,2024-03-12,,CLI-0010,SVC-010,DEPT-002,14,45.0,0,630.0,126.0,756.0,Retard,0.0,781,2024,2,1,20240211,20240312,,Contentieux > 90j
FAC-2024-03125,2025-02-10,2025-03-12,,CLI-0080,SVC-009,DEPT-004,1,180.0,0,180.0,36.0,216.0,Partielle,131.67,416,2025,2,1,20250210,20250312,,Contentieux > 90j
FAC-2024-03126,2024-07-24,2024-09-07,2024-10-07,CLI-0049,SVC-019,DEPT-001,16,180.0,0,2880.0,576.0,3456.0,Payée,2880.0,30,2024,7,3,20240724,20240907,20241007.0,Retard < 30j
FAC-2024-03127,2023-03-08,2023-04-07,,CLI-0166,SVC-008,DEPT-003,1,2500.0,5,2375.0,475.0,2850.0,Retard,0.0,1121,2023,3,1,20230308,20230407,,Contentieux > 90j
FAC-2024-03128,2023-11-17,2023-12-17,2024-01-16,CLI-0083,SVC-002,DEPT-003,1,8500.0,10,7650.0,1530.0,9180.0,Payée,7650.0,30,2023,11,4,20231117,20231217,20240116.0,Retard < 30j
FAC-2024-03129,2024-03-24,2024-05-08,2024-05-13,CLI-0033,SVC-023,DEPT-004,10,750.0,0,7500.0,1500.0,9000.0,Payée,7500.0,5,2024,3,1,20240324,20240508,20240513.0,Retard < 30j
FAC-2024-03130,2023-06-28,2023-08-12,2023-08-31,CLI-0055,SVC-018,DEPT-002,1,6500.0,0,6500.0,1300.0,7800.0,Payée,6500.0,19,2023,6,2,20230628,20230812,20230831.0,Retard < 30j
FAC-2024-03131,2023-04-08,2023-05-08,2023-05-30,CLI-0110,SVC-021,DEPT-001,5,800.0,15,3400.0,680.0,4080.0,Payée,3400.0,22,2023,4,2,20230408,20230508,20230530.0,Retard < 30j
FAC-2024-03132,2025-05-09,2025-06-08,2025-06-13,CLI-0041,SVC-014,DEPT-004,8,1500.0,0,12000.0,2400.0,14400.0,Payée,12000.0,5,2025,5,2,20250509,20250608,20250613.0,Retard < 30j
FAC-2024-03133,2024-09-14,2024-10-14,2024-11-09,CLI-0051,SVC-018,DEPT-003,1,6500.0,0,6500.0,1300.0,7800.0,Payée,6500.0,26,2024,9,3,20240914,20241014,20241109.0,Retard < 30j
FAC-2024-03134,2025-02-04,2025-03-21,2025-04-19,CLI-0190,SVC-024,DEPT-004,1,700.0,0,700.0,140.0,840.0,Payée,700.0,29,2025,2,1,20250204,20250321,20250419.0,Retard < 30j
FAC-2024-03135,2025-05-07,2025-06-21,,CLI-0096,SVC-001,DEPT-004,1,3500.0,5,3325.0,665.0,3990.0,Contentieux,0.0,315,2025,5,2,20250507,20250621,,Contentieux > 90j
FAC-2024-03136,2023-04-02,2023-05-02,,CLI-0006,SVC-006,DEPT-001,1,450.0,0,450.0,90.0,540.0,Retard,0.0,1096,2023,4,2,20230402,20230502,,Contentieux > 90j
FAC-2024-03137,2023-04-06,2023-06-05,,CLI-0173,SVC-006,DEPT-003,1,450.0,0,450.0,90.0,540.0,Retard,0.0,1062,2023,4,2,20230406,20230605,,Contentieux > 90j
FAC-2024-03138,2023-03-08,2023-04-22,2023-04-22,CLI-0095,SVC-008,DEPT-007,1,2500.0,0,2500.0,500.0,3000.0,Payée,2500.0,0,2023,3,1,20230308,20230422,20230422.0,Dans les délais
FAC-2024-03139,2023-11-18,2023-12-18,2023-12-26,CLI-0070,SVC-006,DEPT-002,1,450.0,0,450.0,90.0,540.0,Payée,450.0,8,2023,11,4,20231118,20231218,20231226.0,Retard < 30j
FAC-2024-03140,2024-05-16,2024-06-15,2024-07-03,CLI-0002,SVC-006,DEPT-003,1,450.0,0,450.0,90.0,540.0,Payée,450.0,18,2024,5,2,20240516,20240615,20240703.0,Retard < 30j
FAC-2024-03141,2023-08-21,2023-09-20,,CLI-0109,SVC-002,DEPT-003,1,8500.0,5,8075.0,1615.0,9690.0,Retard,0.0,955,2023,8,3,20230821,20230920,,Contentieux > 90j
FAC-2024-03142,2023-03-10,2023-05-09,2023-06-05,CLI-0091,SVC-011,DEPT-007,1,4500.0,0,4500.0,900.0,5400.0,Payée,4500.0,27,2023,3,1,20230310,20230509,20230605.0,Retard < 30j
FAC-2024-03143,2024-03-02,2024-04-01,,CLI-0172,SVC-010,DEPT-002,40,45.0,0,1800.0,360.0,2160.0,Retard,0.0,761,2024,3,1,20240302,20240401,,Contentieux > 90j
FAC-2024-03144,2024-05-19,2024-06-18,2024-06-21,CLI-0050,SVC-010,DEPT-001,26,45.0,10,1053.0,210.6,1263.6,Payée,1053.0,3,2024,5,2,20240519,20240618,20240621.0,Retard < 30j
FAC-2024-03145,2024-12-11,2025-02-09,,CLI-0165,SVC-001,DEPT-002,1,3500.0,0,3500.0,700.0,4200.0,Retard,0.0,447,2024,12,4,20241211,20250209,,Contentieux > 90j
FAC-2024-03146,2024-07-05,2024-08-19,2024-08-19,CLI-0039,SVC-005,DEPT-004,1,15000.0,5,14250.0,2850.0,17100.0,Payée,14250.0,0,2024,7,3,20240705,20240819,20240819.0,Dans les délais
FAC-2024-03147,2025-03-15,2025-04-29,2025-05-02,CLI-0105,SVC-020,DEPT-001,6,1400.0,10,7560.0,1512.0,9072.0,Payée,7560.0,3,2025,3,1,20250315,20250429,20250502.0,Retard < 30j
FAC-2024-03148,2024-05-12,2024-06-11,2024-06-11,CLI-0038,SVC-005,DEPT-004,1,15000.0,15,12750.0,2550.0,15300.0,Payée,12750.0,0,2024,5,2,20240512,20240611,20240611.0,Dans les délais
FAC-2024-03149,2025-01-31,2025-04-01,,CLI-0143,SVC-010,DEPT-007,18,45.0,0,810.0,162.0,972.0,Partielle,398.49,396,2025,1,1,20250131,20250401,,Contentieux > 90j
FAC-2024-03150,2023-07-10,2023-08-09,2023-08-10,CLI-0086,SVC-021,DEPT-007,10,800.0,0,8000.0,1600.0,9600.0,Payée,8000.0,1,2023,7,3,20230710,20230809,20230810.0,Retard < 30j
FAC-2024-03151,2025-03-21,2025-05-05,,CLI-0042,SVC-006,DEPT-001,1,450.0,0,450.0,90.0,540.0,Retard,0.0,362,2025,3,1,20250321,20250505,,Contentieux > 90j
FAC-2024-03152,2024-04-20,2024-06-19,2024-07-11,CLI-0149,SVC-012,DEPT-003,1,3200.0,5,3040.0,608.0,3648.0,Payée,3040.0,22,2024,4,2,20240420,20240619,20240711.0,Retard < 30j
FAC-2024-03153,2023-11-06,2023-12-21,2024-01-10,CLI-0147,SVC-011,DEPT-003,1,4500.0,5,4275.0,855.0,5130.0,Payée,4275.0,20,2023,11,4,20231106,20231221,20240110.0,Retard < 30j
FAC-2024-03154,2023-10-18,2023-12-02,2023-12-25,CLI-0123,SVC-004,DEPT-002,1,1200.0,10,1080.0,216.0,1296.0,Payée,1080.0,23,2023,10,4,20231018,20231202,20231225.0,Retard < 30j
FAC-2024-03155,2023-11-21,2023-12-21,,CLI-0007,SVC-001,DEPT-003,1,3500.0,5,3325.0,665.0,3990.0,Partielle,2497.72,863,2023,11,4,20231121,20231221,,Contentieux > 90j
FAC-2024-03156,2023-05-06,2023-06-05,,CLI-0044,SVC-009,DEPT-001,1,180.0,0,180.0,36.0,216.0,Retard,0.0,1062,2023,5,2,20230506,20230605,,Contentieux > 90j
FAC-2024-03157,2024-04-16,2024-05-16,2024-05-28,CLI-0111,SVC-023,DEPT-002,6,750.0,0,4500.0,900.0,5400.0,Payée,4500.0,12,2024,4,2,20240416,20240516,20240528.0,Retard < 30j
FAC-2024-03158,2023-08-04,2023-09-03,,CLI-0044,SVC-004,DEPT-007,5,1200.0,0,6000.0,1200.0,7200.0,Retard,0.0,972,2023,8,3,20230804,20230903,,Contentieux > 90j
FAC-2024-03159,2025-08-02,2025-09-16,2025-09-19,CLI-0139,SVC-016,DEPT-003,1,1800.0,5,1710.0,342.0,2052.0,Payée,1710.0,3,2025,8,3,20250802,20250916,20250919.0,Retard < 30j
FAC-2024-03160,2023-11-11,2023-12-11,2023-12-21,CLI-0080,SVC-005,DEPT-003,1,15000.0,15,12750.0,2550.0,15300.0,Payée,12750.0,10,2023,11,4,20231111,20231211,20231221.0,Retard < 30j
FAC-2024-03161,2024-10-20,2024-12-04,2024-12-04,CLI-0192,SVC-022,DEPT-003,9,600.0,5,5130.0,1026.0,6156.0,Payée,5130.0,0,2024,10,4,20241020,20241204,20241204.0,Dans les délais
FAC-2024-03162,2025-10-05,2025-11-04,2025-11-23,CLI-0166,SVC-016,DEPT-007,1,1800.0,0,1800.0,360.0,2160.0,Payée,1800.0,19,2025,10,4,20251005,20251104,20251123.0,Retard < 30j
FAC-2024-03163,2024-04-25,2024-06-09,2024-07-09,CLI-0059,SVC-007,DEPT-004,1,1200.0,5,1140.0,228.0,1368.0,Payée,1140.0,30,2024,4,2,20240425,20240609,20240709.0,Retard < 30j
FAC-2024-03164,2025-01-03,2025-02-02,2025-02-26,CLI-0111,SVC-004,DEPT-007,10,1200.0,10,10800.0,2160.0,12960.0,Payée,10800.0,24,2025,1,1,20250103,20250202,20250226.0,Retard < 30j
FAC-2024-03165,2024-07-17,2024-08-16,2024-09-12,CLI-0093,SVC-014,DEPT-003,1,1500.0,10,1350.0,270.0,1620.0,Payée,1350.0,27,2024,7,3,20240717,20240816,20240912.0,Retard < 30j
FAC-2024-03166,2024-01-29,2024-02-28,2024-03-14,CLI-0162,SVC-017,DEPT-004,1,950.0,10,855.0,171.0,1026.0,Payée,855.0,15,2024,1,1,20240129,20240228,20240314.0,Retard < 30j
FAC-2024-03167,2025-04-08,2025-05-08,2025-06-04,CLI-0148,SVC-005,DEPT-003,1,15000.0,5,14250.0,2850.0,17100.0,Payée,14250.0,27,2025,4,2,20250408,20250508,20250604.0,Retard < 30j
FAC-2024-03168,2023-09-14,2023-10-14,,CLI-0126,SVC-016,DEPT-003,1,1800.0,5,1710.0,342.0,2052.0,Retard,0.0,931,2023,9,3,20230914,20231014,,Contentieux > 90j
FAC-2024-03169,2024-10-15,2024-11-14,2024-12-04,CLI-0097,SVC-007,DEPT-002,1,1200.0,5,1140.0,228.0,1368.0,Payée,1140.0,20,2024,10,4,20241015,20241114,20241204.0,Retard < 30j
FAC-2024-03170,2023-12-20,2024-02-03,2024-02-04,CLI-0171,SVC-006,DEPT-007,1,450.0,0,450.0,90.0,540.0,Payée,450.0,1,2023,12,4,20231220,20240203,20240204.0,Retard < 30j
FAC-2024-03171,2025-04-10,2025-05-25,,CLI-0055,SVC-012,DEPT-002,1,3200.0,0,3200.0,640.0,3840.0,Partielle,1439.8,342,2025,4,2,20250410,20250525,,Contentieux > 90j
FAC-2024-03172,2024-01-22,2024-02-21,,CLI-0170,SVC-014,DEPT-001,10,1500.0,5,14250.0,2850.0,17100.0,Partielle,8878.6,801,2024,1,1,20240122,20240221,,Contentieux > 90j
FAC-2024-03173,2024-05-18,2024-06-17,2024-06-23,CLI-0052,SVC-006,DEPT-007,1,450.0,10,405.0,81.0,486.0,Payée,405.0,6,2024,5,2,20240518,20240617,20240623.0,Retard < 30j
FAC-2024-03174,2025-05-05,2025-06-04,,CLI-0003,SVC-001,DEPT-004,1,3500.0,0,3500.0,700.0,4200.0,Retard,0.0,332,2025,5,2,20250505,20250604,,Contentieux > 90j
FAC-2024-03175,2025-04-19,2025-05-19,2025-06-04,CLI-0013,SVC-005,DEPT-001,1,15000.0,0,15000.0,3000.0,18000.0,Payée,15000.0,16,2025,4,2,20250419,20250519,20250604.0,Retard < 30j
FAC-2024-03176,2025-05-31,2025-07-15,2025-07-28,CLI-0177,SVC-012,DEPT-001,1,3200.0,0,3200.0,640.0,3840.0,Payée,3200.0,13,2025,5,2,20250531,20250715,20250728.0,Retard < 30j
FAC-2024-03177,2024-04-19,2024-06-18,,CLI-0005,SVC-023,DEPT-001,10,750.0,0,7500.0,1500.0,9000.0,Retard,0.0,683,2024,4,2,20240419,20240618,,Contentieux > 90j
FAC-2024-03178,2024-05-18,2024-06-17,2024-06-23,CLI-0176,SVC-008,DEPT-002,1,2500.0,0,2500.0,500.0,3000.0,Payée,2500.0,6,2024,5,2,20240518,20240617,20240623.0,Retard < 30j
FAC-2024-03179,2025-08-07,2025-09-06,2025-09-25,CLI-0050,SVC-010,DEPT-001,6,45.0,0,270.0,54.0,324.0,Payée,270.0,19,2025,8,3,20250807,20250906,20250925.0,Retard < 30j
FAC-2024-03180,2023-02-13,2023-03-15,2023-03-15,CLI-0014,SVC-014,DEPT-003,9,1500.0,0,13500.0,2700.0,16200.0,Payée,13500.0,0,2023,2,1,20230213,20230315,20230315.0,Dans les délais
FAC-2024-03181,2025-03-30,2025-04-29,,CLI-0127,SVC-009,DEPT-004,1,180.0,0,180.0,36.0,216.0,Retard,0.0,368,2025,3,1,20250330,20250429,,Contentieux > 90j
FAC-2024-03182,2025-06-11,2025-07-26,2025-08-03,CLI-0017,SVC-016,DEPT-007,1,1800.0,10,1620.0,324.0,1944.0,Payée,1620.0,8,2025,6,2,20250611,20250726,20250803.0,Retard < 30j
FAC-2024-03183,2023-01-31,2023-03-02,2023-03-08,CLI-0111,SVC-001,DEPT-002,1,3500.0,0,3500.0,700.0,4200.0,Payée,3500.0,6,2023,1,1,20230131,20230302,20230308.0,Retard < 30j
FAC-2024-03184,2023-07-04,2023-08-18,,CLI-0087,SVC-014,DEPT-002,8,1500.0,10,10800.0,2160.0,12960.0,Retard,0.0,988,2023,7,3,20230704,20230818,,Contentieux > 90j
FAC-2024-03185,2024-02-10,2024-03-11,2024-03-22,CLI-0035,SVC-007,DEPT-003,1,1200.0,5,1140.0,228.0,1368.0,Payée,1140.0,11,2024,2,1,20240210,20240311,20240322.0,Retard < 30j
FAC-2024-03186,2024-09-05,2024-10-05,,CLI-0028,SVC-014,DEPT-004,3,1500.0,10,4050.0,810.0,4860.0,Retard,0.0,574,2024,9,3,20240905,20241005,,Contentieux > 90j
FAC-2024-03187,2024-08-12,2024-09-11,,CLI-0110,SVC-009,DEPT-004,1,180.0,0,180.0,36.0,216.0,Retard,0.0,598,2024,8,3,20240812,20240911,,Contentieux > 90j
FAC-2024-03188,2025-08-20,2025-09-19,2025-10-07,CLI-0054,SVC-015,DEPT-004,1,2800.0,5,2660.0,532.0,3192.0,Payée,2660.0,18,2025,8,3,20250820,20250919,20251007.0,Retard < 30j
FAC-2024-03189,2025-05-14,2025-06-28,2025-07-09,CLI-0133,SVC-002,DEPT-007,1,8500.0,10,7650.0,1530.0,9180.0,Payée,7650.0,11,2025,5,2,20250514,20250628,20250709.0,Retard < 30j
FAC-2024-03190,2023-04-03,2023-05-03,,CLI-0093,SVC-006,DEPT-004,1,450.0,10,405.0,81.0,486.0,Partielle,285.29,1095,2023,4,2,20230403,20230503,,Contentieux > 90j
FAC-2024-03191,2023-07-24,2023-09-22,2023-09-22,CLI-0103,SVC-011,DEPT-004,1,4500.0,0,4500.0,900.0,5400.0,Payée,4500.0,0,2023,7,3,20230724,20230922,20230922.0,Dans les délais
FAC-2024-03192,2024-01-22,2024-03-07,2024-03-12,CLI-0189,SVC-020,DEPT-003,3,1400.0,0,4200.0,840.0,5040.0,Payée,4200.0,5,2024,1,1,20240122,20240307,20240312.0,Retard < 30j
FAC-2024-03193,2025-06-30,2025-07-30,,CLI-0172,SVC-008,DEPT-001,1,2500.0,0,2500.0,500.0,3000.0,Retard,0.0,276,2025,6,2,20250630,20250730,,Contentieux > 90j
FAC-2024-03194,2024-03-24,2024-05-08,2024-05-24,CLI-0154,SVC-006,DEPT-002,1,450.0,0,450.0,90.0,540.0,Payée,450.0,16,2024,3,1,20240324,20240508,20240524.0,Retard < 30j
FAC-2024-03195,2024-06-07,2024-07-07,,CLI-0155,SVC-013,DEPT-002,8,1100.0,0,8800.0,1760.0,10560.0,Contentieux,0.0,664,2024,6,2,20240607,20240707,,Contentieux > 90j
FAC-2024-03196,2025-01-27,2025-03-13,,CLI-0112,SVC-010,DEPT-002,48,45.0,0,2160.0,432.0,2592.0,Retard,0.0,415,2025,1,1,20250127,20250313,,Contentieux > 90j
FAC-2024-03197,2023-03-26,2023-05-10,2023-05-17,CLI-0133,SVC-018,DEPT-007,1,6500.0,0,6500.0,1300.0,7800.0,Payée,6500.0,7,2023,3,1,20230326,20230510,20230517.0,Retard < 30j
FAC-2024-03198,2024-06-29,2024-08-13,,CLI-0137,SVC-024,DEPT-001,2,700.0,5,1330.0,266.0,1596.0,Contentieux,0.0,627,2024,6,2,20240629,20240813,,Contentieux > 90j
FAC-2024-03199,2024-04-10,2024-05-10,2024-05-25,CLI-0181,SVC-011,DEPT-004,1,4500.0,0,4500.0,900.0,5400.0,Payée,4500.0,15,2024,4,2,20240410,20240510,20240525.0,Retard < 30j
FAC-2024-03200,2023-07-07,2023-08-06,2023-08-21,CLI-0086,SVC-006,DEPT-007,1,450.0,0,450.0,90.0,540.0,Payée,450.0,15,2023,7,3,20230707,20230806,20230821.0,Retard < 30j
FAC-2024-03201,2023-03-08,2023-05-07,2023-06-05,CLI-0184,SVC-001,DEPT-001,1,3500.0,0,3500.0,700.0,4200.0,Payée,3500.0,29,2023,3,1,20230308,20230507,20230605.0,Retard < 30j
FAC-2024-03202,2025-05-25,2025-06-24,,CLI-0084,SVC-022,DEPT-004,1,600.0,0,600.0,120.0,720.0,Retard,0.0,312,2025,5,2,20250525,20250624,,Contentieux > 90j
FAC-2024-03203,2024-03-30,2024-04-29,,CLI-0029,SVC-010,DEPT-002,30,45.0,0,1350.0,270.0,1620.0,Partielle,581.8,733,2024,3,1,20240330,20240429,,Contentieux > 90j
FAC-2024-03204,2025-03-22,2025-05-21,2025-06-13,CLI-0143,SVC-002,DEPT-003,1,8500.0,5,8075.0,1615.0,9690.0,Payée,8075.0,23,2025,3,1,20250322,20250521,20250613.0,Retard < 30j
FAC-2024-03205,2025-04-28,2025-06-12,2025-07-01,CLI-0132,SVC-009,DEPT-002,1,180.0,10,162.0,32.4,194.4,Payée,162.0,19,2025,4,2,20250428,20250612,20250701.0,Retard < 30j
FAC-2024-03206,2023-05-18,2023-06-17,2023-06-17,CLI-0128,SVC-018,DEPT-007,1,6500.0,0,6500.0,1300.0,7800.0,Payée,6500.0,0,2023,5,2,20230518,20230617,20230617.0,Dans les délais
FAC-2024-03207,2023-03-10,2023-04-24,2023-05-19,CLI-0119,SVC-017,DEPT-002,1,950.0,10,855.0,171.0,1026.0,Payée,855.0,25,2023,3,1,20230310,20230424,20230519.0,Retard < 30j
FAC-2024-03208,2023-01-23,2023-02-22,2023-03-18,CLI-0176,SVC-004,DEPT-007,9,1200.0,0,10800.0,2160.0,12960.0,Payée,10800.0,24,2023,1,1,20230123,20230222,20230318.0,Retard < 30j
FAC-2024-03209,2024-08-17,2024-10-01,2024-10-23,CLI-0123,SVC-001,DEPT-001,1,3500.0,15,2975.0,595.0,3570.0,Payée,2975.0,22,2024,8,3,20240817,20241001,20241023.0,Retard < 30j
FAC-2024-03210,2024-04-11,2024-06-10,2024-07-02,CLI-0107,SVC-002,DEPT-007,1,8500.0,5,8075.0,1615.0,9690.0,Payée,8075.0,22,2024,4,2,20240411,20240610,20240702.0,Retard < 30j
FAC-2024-03211,2024-03-08,2024-05-07,2024-05-30,CLI-0157,SVC-008,DEPT-002,1,2500.0,0,2500.0,500.0,3000.0,Payée,2500.0,23,2024,3,1,20240308,20240507,20240530.0,Retard < 30j
FAC-2024-03212,2025-08-22,2025-09-21,2025-09-27,CLI-0006,SVC-013,DEPT-004,2,1100.0,0,2200.0,440.0,2640.0,Payée,2200.0,6,2025,8,3,20250822,20250921,20250927.0,Retard < 30j
FAC-2024-03213,2024-07-29,2024-09-27,2024-10-24,CLI-0130,SVC-016,DEPT-004,1,1800.0,5,1710.0,342.0,2052.0,Payée,1710.0,27,2024,7,3,20240729,20240927,20241024.0,Retard < 30j
FAC-2024-03214,2025-11-04,2026-01-03,2026-01-19,CLI-0157,SVC-021,DEPT-007,7,800.0,0,5600.0,1120.0,6720.0,Payée,5600.0,16,2025,11,4,20251104,20260103,20260119.0,Retard < 30j
FAC-2024-03215,2025-08-22,2025-09-21,2025-09-26,CLI-0014,SVC-013,DEPT-007,4,1100.0,0,4400.0,880.0,5280.0,Payée,4400.0,5,2025,8,3,20250822,20250921,20250926.0,Retard < 30j
FAC-2024-03216,2025-09-13,2025-10-28,2025-11-12,CLI-0189,SVC-017,DEPT-003,1,950.0,15,807.5,161.5,969.0,Payée,807.5,15,2025,9,3,20250913,20251028,20251112.0,Retard < 30j
FAC-2024-03217,2024-09-11,2024-10-11,,CLI-0006,SVC-022,DEPT-004,10,600.0,0,6000.0,1200.0,7200.0,Retard,0.0,568,2024,9,3,20240911,20241011,,Contentieux > 90j
FAC-2024-03218,2025-05-15,2025-06-14,,CLI-0018,SVC-009,DEPT-007,1,180.0,5,171.0,34.2,205.2,Retard,0.0,322,2025,5,2,20250515,20250614,,Contentieux > 90j
FAC-2024-03219,2025-06-25,2025-07-25,2025-07-25,CLI-0127,SVC-022,DEPT-001,1,600.0,0,600.0,120.0,720.0,Payée,600.0,0,2025,6,2,20250625,20250725,20250725.0,Dans les délais
FAC-2024-03220,2023-01-31,2023-03-02,,CLI-0127,SVC-006,DEPT-002,1,450.0,0,450.0,90.0,540.0,Partielle,265.55,1157,2023,1,1,20230131,20230302,,Contentieux > 90j
FAC-2024-03221,2023-06-14,2023-08-13,,CLI-0157,SVC-020,DEPT-007,10,1400.0,10,12600.0,2520.0,15120.0,Partielle,6870.39,993,2023,6,2,20230614,20230813,,Contentieux > 90j
FAC-2024-03222,2024-10-23,2024-12-07,2024-12-07,CLI-0048,SVC-014,DEPT-004,4,1500.0,5,5700.0,1140.0,6840.0,Payée,5700.0,0,2024,10,4,20241023,20241207,20241207.0,Dans les délais
FAC-2024-03223,2025-05-16,2025-06-15,2025-06-26,CLI-0002,SVC-018,DEPT-002,1,6500.0,10,5850.0,1170.0,7020.0,Payée,5850.0,11,2025,5,2,20250516,20250615,20250626.0,Retard < 30j
FAC-2024-03224,2024-08-20,2024-09-19,,CLI-0128,SVC-019,DEPT-007,7,180.0,0,1260.0,252.0,1512.0,Retard,0.0,590,2024,8,3,20240820,20240919,,Contentieux > 90j
FAC-2024-03225,2024-04-25,2024-06-24,2024-07-09,CLI-0165,SVC-022,DEPT-003,2,600.0,5,1140.0,228.0,1368.0,Payée,1140.0,15,2024,4,2,20240425,20240624,20240709.0,Retard < 30j
FAC-2024-03226,2023-02-09,2023-04-10,,CLI-0196,SVC-020,DEPT-007,2,1400.0,0,2800.0,560.0,3360.0,Retard,0.0,1118,2023,2,1,20230209,20230410,,Contentieux > 90j
FAC-2024-03227,2023-02-24,2023-04-10,2023-04-10,CLI-0133,SVC-015,DEPT-007,1,2800.0,15,2380.0,476.0,2856.0,Payée,2380.0,0,2023,2,1,20230224,20230410,20230410.0,Dans les délais
FAC-2024-03228,2025-06-18,2025-08-02,2025-08-30,CLI-0108,SVC-018,DEPT-002,1,6500.0,0,6500.0,1300.0,7800.0,Payée,6500.0,28,2025,6,2,20250618,20250802,20250830.0,Retard < 30j
FAC-2024-03229,2025-11-15,2025-12-30,2026-01-09,CLI-0087,SVC-008,DEPT-001,1,2500.0,5,2375.0,475.0,2850.0,Payée,2375.0,10,2025,11,4,20251115,20251230,20260109.0,Retard < 30j
FAC-2024-03230,2023-06-04,2023-08-03,2023-08-28,CLI-0046,SVC-023,DEPT-007,8,750.0,5,5700.0,1140.0,6840.0,Payée,5700.0,25,2023,6,2,20230604,20230803,20230828.0,Retard < 30j
FAC-2024-03231,2025-02-10,2025-03-12,,CLI-0002,SVC-013,DEPT-003,5,1100.0,5,5225.0,1045.0,6270.0,Retard,0.0,416,2025,2,1,20250210,20250312,,Contentieux > 90j
FAC-2024-03232,2023-04-17,2023-05-17,,CLI-0199,SVC-017,DEPT-003,1,950.0,0,950.0,190.0,1140.0,Retard,0.0,1081,2023,4,2,20230417,20230517,,Contentieux > 90j
FAC-2024-03233,2023-10-18,2023-12-02,2023-12-25,CLI-0177,SVC-024,DEPT-001,9,700.0,0,6300.0,1260.0,7560.0,Payée,6300.0,23,2023,10,4,20231018,20231202,20231225.0,Retard < 30j
FAC-2024-03234,2023-04-22,2023-06-06,,CLI-0037,SVC-016,DEPT-004,1,1800.0,10,1620.0,324.0,1944.0,Contentieux,0.0,1061,2023,4,2,20230422,20230606,,Contentieux > 90j
FAC-2024-03235,2023-03-29,2023-05-28,2023-06-24,CLI-0194,SVC-010,DEPT-007,29,45.0,10,1174.5,234.9,1409.4,Payée,1174.5,27,2023,3,1,20230329,20230528,20230624.0,Retard < 30j
FAC-2024-03236,2023-05-15,2023-06-14,2023-07-12,CLI-0010,SVC-017,DEPT-002,1,950.0,0,950.0,190.0,1140.0,Payée,950.0,28,2023,5,2,20230515,20230614,20230712.0,Retard < 30j
FAC-2024-03237,2023-12-23,2024-02-06,,CLI-0183,SVC-014,DEPT-003,5,1500.0,10,6750.0,1350.0,8100.0,Retard,0.0,816,2023,12,4,20231223,20240206,,Contentieux > 90j
FAC-2024-03238,2023-02-09,2023-03-11,2023-03-27,CLI-0008,SVC-022,DEPT-007,8,600.0,0,4800.0,960.0,5760.0,Payée,4800.0,16,2023,2,1,20230209,20230311,20230327.0,Retard < 30j
FAC-2024-03239,2025-08-14,2025-09-13,2025-09-13,CLI-0056,SVC-021,DEPT-004,5,800.0,0,4000.0,800.0,4800.0,Payée,4000.0,0,2025,8,3,20250814,20250913,20250913.0,Dans les délais
FAC-2024-03240,2023-08-19,2023-10-03,2023-10-05,CLI-0180,SVC-022,DEPT-002,10,600.0,10,5400.0,1080.0,6480.0,Payée,5400.0,2,2023,8,3,20230819,20231003,20231005.0,Retard < 30j
FAC-2024-03241,2025-03-13,2025-04-12,2025-04-15,CLI-0146,SVC-013,DEPT-001,3,1100.0,0,3300.0,660.0,3960.0,Payée,3300.0,3,2025,3,1,20250313,20250412,20250415.0,Retard < 30j
FAC-2024-03242,2023-09-03,2023-10-18,,CLI-0075,SVC-020,DEPT-002,8,1400.0,0,11200.0,2240.0,13440.0,Retard,0.0,927,2023,9,3,20230903,20231018,,Contentieux > 90j
FAC-2024-03243,2024-06-25,2024-08-09,2024-08-28,CLI-0133,SVC-007,DEPT-002,1,1200.0,0,1200.0,240.0,1440.0,Payée,1200.0,19,2024,6,2,20240625,20240809,20240828.0,Retard < 30j
FAC-2024-03244,2024-11-15,2024-12-15,,CLI-0197,SVC-009,DEPT-004,1,180.0,15,153.0,30.6,183.6,Retard,0.0,503,2024,11,4,20241115,20241215,,Contentieux > 90j
FAC-2024-03245,2024-01-01,2024-01-31,,CLI-0002,SVC-003,DEPT-002,1,22000.0,0,22000.0,4400.0,26400.0,Retard,0.0,822,2024,1,1,20240101,20240131,,Contentieux > 90j
FAC-2024-03246,2025-02-04,2025-03-21,2025-03-21,CLI-0095,SVC-006,DEPT-002,1,450.0,0,450.0,90.0,540.0,Payée,450.0,0,2025,2,1,20250204,20250321,20250321.0,Dans les délais
FAC-2024-03247,2025-01-15,2025-02-14,2025-02-26,CLI-0070,SVC-015,DEPT-007,1,2800.0,0,2800.0,560.0,3360.0,Payée,2800.0,12,2025,1,1,20250115,20250214,20250226.0,Retard < 30j
FAC-2024-03248,2023-05-01,2023-05-31,2023-06-23,CLI-0141,SVC-013,DEPT-001,4,1100.0,5,4180.0,836.0,5016.0,Payée,4180.0,23,2023,5,2,20230501,20230531,20230623.0,Retard < 30j
FAC-2024-03249,2024-05-11,2024-06-25,,CLI-0042,SVC-010,DEPT-003,25,45.0,0,1125.0,225.0,1350.0,Retard,0.0,676,2024,5,2,20240511,20240625,,Contentieux > 90j
FAC-2024-03250,2024-12-27,2025-01-26,,CLI-0013,SVC-012,DEPT-003,1,3200.0,0,3200.0,640.0,3840.0,Retard,0.0,461,2024,12,4,20241227,20250126,,Contentieux > 90j
FAC-2024-03251,2025-12-27,2026-01-26,,CLI-0155,SVC-003,DEPT-003,1,22000.0,10,19800.0,3960.0,23760.0,Retard,0.0,96,2025,12,4,20251227,20260126,,Contentieux > 90j
FAC-2024-03252,2025-03-30,2025-05-29,2025-06-25,CLI-0005,SVC-008,DEPT-007,1,2500.0,10,2250.0,450.0,2700.0,Payée,2250.0,27,2025,3,1,20250330,20250529,20250625.0,Retard < 30j
FAC-2024-03253,2024-12-22,2025-02-20,2025-03-20,CLI-0046,SVC-004,DEPT-003,10,1200.0,0,12000.0,2400.0,14400.0,Payée,12000.0,28,2024,12,4,20241222,20250220,20250320.0,Retard < 30j
FAC-2024-03254,2025-03-30,2025-05-14,2025-05-17,CLI-0088,SVC-023,DEPT-002,7,750.0,0,5250.0,1050.0,6300.0,Payée,5250.0,3,2025,3,1,20250330,20250514,20250517.0,Retard < 30j
FAC-2024-03255,2025-02-19,2025-03-21,2025-04-18,CLI-0135,SVC-002,DEPT-004,1,8500.0,0,8500.0,1700.0,10200.0,Payée,8500.0,28,2025,2,1,20250219,20250321,20250418.0,Retard < 30j
FAC-2024-03256,2023-05-31,2023-07-30,2023-08-25,CLI-0091,SVC-019,DEPT-002,6,180.0,0,1080.0,216.0,1296.0,Payée,1080.0,26,2023,5,2,20230531,20230730,20230825.0,Retard < 30j
FAC-2024-03257,2023-04-14,2023-05-29,2023-06-04,CLI-0043,SVC-024,DEPT-002,5,700.0,0,3500.0,700.0,4200.0,Payée,3500.0,6,2023,4,2,20230414,20230529,20230604.0,Retard < 30j
FAC-2024-03258,2023-09-21,2023-11-20,2023-12-14,CLI-0130,SVC-019,DEPT-007,2,180.0,0,360.0,72.0,432.0,Payée,360.0,24,2023,9,3,20230921,20231120,20231214.0,Retard < 30j
FAC-2024-03259,2023-12-29,2024-01-28,2024-02-01,CLI-0178,SVC-014,DEPT-007,4,1500.0,10,5400.0,1080.0,6480.0,Payée,5400.0,4,2023,12,4,20231229,20240128,20240201.0,Retard < 30j
FAC-2024-03260,2024-05-22,2024-07-21,2024-08-15,CLI-0184,SVC-024,DEPT-004,4,700.0,0,2800.0,560.0,3360.0,Payée,2800.0,25,2024,5,2,20240522,20240721,20240815.0,Retard < 30j
FAC-2024-03261,2025-08-08,2025-09-22,2025-09-28,CLI-0171,SVC-017,DEPT-003,1,950.0,5,902.5,180.5,1083.0,Payée,902.5,6,2025,8,3,20250808,20250922,20250928.0,Retard < 30j
FAC-2024-03262,2024-09-08,2024-10-23,2024-10-29,CLI-0137,SVC-001,DEPT-001,1,3500.0,0,3500.0,700.0,4200.0,Payée,3500.0,6,2024,9,3,20240908,20241023,20241029.0,Retard < 30j
FAC-2024-03263,2024-05-20,2024-07-04,2024-08-01,CLI-0160,SVC-009,DEPT-002,1,180.0,0,180.0,36.0,216.0,Payée,180.0,28,2024,5,2,20240520,20240704,20240801.0,Retard < 30j
FAC-2024-03264,2023-11-13,2023-12-28,2023-12-28,CLI-0183,SVC-003,DEPT-001,1,22000.0,15,18700.0,3740.0,22440.0,Payée,18700.0,0,2023,11,4,20231113,20231228,20231228.0,Dans les délais
FAC-2024-03265,2024-09-01,2024-10-16,,CLI-0020,SVC-010,DEPT-004,4,45.0,5,171.0,34.2,205.2,Retard,0.0,563,2024,9,3,20240901,20241016,,Contentieux > 90j
FAC-2024-03266,2023-05-18,2023-06-17,2023-06-26,CLI-0127,SVC-005,DEPT-001,1,15000.0,15,12750.0,2550.0,15300.0,Payée,12750.0,9,2023,5,2,20230518,20230617,20230626.0,Retard < 30j
FAC-2024-03267,2023-05-25,2023-07-24,2023-08-21,CLI-0091,SVC-024,DEPT-007,4,700.0,0,2800.0,560.0,3360.0,Payée,2800.0,28,2023,5,2,20230525,20230724,20230821.0,Retard < 30j
FAC-2024-03268,2023-11-08,2023-12-08,,CLI-0152,SVC-011,DEPT-004,1,4500.0,10,4050.0,810.0,4860.0,Retard,0.0,876,2023,11,4,20231108,20231208,,Contentieux > 90j
FAC-2024-03269,2025-06-09,2025-07-24,,CLI-0042,SVC-002,DEPT-004,1,8500.0,5,8075.0,1615.0,9690.0,Retard,0.0,282,2025,6,2,20250609,20250724,,Contentieux > 90j
FAC-2024-03270,2023-10-05,2023-11-19,2023-11-23,CLI-0095,SVC-006,DEPT-001,1,450.0,0,450.0,90.0,540.0,Payée,450.0,4,2023,10,4,20231005,20231119,20231123.0,Retard < 30j
FAC-2024-03271,2024-04-23,2024-06-07,2024-07-03,CLI-0159,SVC-006,DEPT-004,1,450.0,0,450.0,90.0,540.0,Payée,450.0,26,2024,4,2,20240423,20240607,20240703.0,Retard < 30j
FAC-2024-03272,2023-07-29,2023-08-28,2023-09-17,CLI-0135,SVC-020,DEPT-002,10,1400.0,10,12600.0,2520.0,15120.0,Payée,12600.0,20,2023,7,3,20230729,20230828,20230917.0,Retard < 30j
FAC-2024-03273,2023-03-11,2023-04-10,,CLI-0174,SVC-018,DEPT-002,1,6500.0,5,6175.0,1235.0,7410.0,Partielle,3094.6,1118,2023,3,1,20230311,20230410,,Contentieux > 90j
FAC-2024-03274,2025-08-28,2025-09-27,2025-09-27,CLI-0002,SVC-003,DEPT-004,1,22000.0,5,20900.0,4180.0,25080.0,Payée,20900.0,0,2025,8,3,20250828,20250927,20250927.0,Dans les délais
FAC-2024-03275,2025-04-17,2025-05-17,2025-06-02,CLI-0187,SVC-014,DEPT-004,2,1500.0,10,2700.0,540.0,3240.0,Payée,2700.0,16,2025,4,2,20250417,20250517,20250602.0,Retard < 30j
FAC-2024-03276,2024-08-17,2024-10-01,,CLI-0048,SVC-021,DEPT-003,1,800.0,0,800.0,160.0,960.0,Retard,0.0,578,2024,8,3,20240817,20241001,,Contentieux > 90j
FAC-2024-03277,2023-09-04,2023-10-04,2023-10-04,CLI-0151,SVC-009,DEPT-002,1,180.0,5,171.0,34.2,205.2,Payée,171.0,0,2023,9,3,20230904,20231004,20231004.0,Dans les délais
FAC-2024-03278,2024-10-08,2024-12-07,2025-01-02,CLI-0149,SVC-022,DEPT-004,7,600.0,0,4200.0,840.0,5040.0,Payée,4200.0,26,2024,10,4,20241008,20241207,20250102.0,Retard < 30j
FAC-2024-03279,2023-12-14,2024-01-28,,CLI-0059,SVC-021,DEPT-001,2,800.0,0,1600.0,320.0,1920.0,Contentieux,0.0,825,2023,12,4,20231214,20240128,,Contentieux > 90j
FAC-2024-03280,2023-06-26,2023-07-26,2023-07-26,CLI-0070,SVC-014,DEPT-002,10,1500.0,5,14250.0,2850.0,17100.0,Payée,14250.0,0,2023,6,2,20230626,20230726,20230726.0,Dans les délais
FAC-2024-03281,2023-05-26,2023-07-10,2023-07-18,CLI-0105,SVC-020,DEPT-004,10,1400.0,0,14000.0,2800.0,16800.0,Payée,14000.0,8,2023,5,2,20230526,20230710,20230718.0,Retard < 30j
FAC-2024-03282,2024-09-02,2024-10-02,,CLI-0013,SVC-007,DEPT-003,1,1200.0,5,1140.0,228.0,1368.0,Retard,0.0,577,2024,9,3,20240902,20241002,,Contentieux > 90j
FAC-2024-03283,2024-08-09,2024-09-23,2024-10-05,CLI-0088,SVC-015,DEPT-004,1,2800.0,0,2800.0,560.0,3360.0,Payée,2800.0,12,2024,8,3,20240809,20240923,20241005.0,Retard < 30j
FAC-2024-03284,2025-06-28,2025-08-12,2025-08-15,CLI-0136,SVC-001,DEPT-002,1,3500.0,5,3325.0,665.0,3990.0,Payée,3325.0,3,2025,6,2,20250628,20250812,20250815.0,Retard < 30j
FAC-2024-03285,2023-01-11,2023-02-10,2023-02-25,CLI-0099,SVC-003,DEPT-001,1,22000.0,5,20900.0,4180.0,25080.0,Payée,20900.0,15,2023,1,1,20230111,20230210,20230225.0,Retard < 30j
FAC-2024-03286,2025-08-23,2025-10-07,,CLI-0185,SVC-003,DEPT-007,1,22000.0,5,20900.0,4180.0,25080.0,Contentieux,0.0,207,2025,8,3,20250823,20251007,,Contentieux > 90j
FAC-2024-03287,2025-09-16,2025-10-31,,CLI-0112,SVC-003,DEPT-002,1,22000.0,5,20900.0,4180.0,25080.0,Contentieux,0.0,183,2025,9,3,20250916,20251031,,Contentieux > 90j
FAC-2024-03288,2024-12-11,2025-02-09,2025-02-20,CLI-0165,SVC-019,DEPT-001,4,180.0,0,720.0,144.0,864.0,Payée,720.0,11,2024,12,4,20241211,20250209,20250220.0,Retard < 30j
FAC-2024-03289,2024-12-26,2025-02-24,2025-03-25,CLI-0184,SVC-003,DEPT-001,1,22000.0,0,22000.0,4400.0,26400.0,Payée,22000.0,29,2024,12,4,20241226,20250224,20250325.0,Retard < 30j
FAC-2024-03290,2025-07-14,2025-08-13,,CLI-0029,SVC-011,DEPT-007,1,4500.0,0,4500.0,900.0,5400.0,Retard,0.0,262,2025,7,3,20250714,20250813,,Contentieux > 90j
FAC-2024-03291,2025-01-19,2025-04-19,2025-05-09,CLI-0125,SVC-022,DEPT-001,4,600.0,5,2280.0,456.0,2736.0,Payée,2280.0,20,2025,1,1,20250119,20250419,20250509.0,Retard < 30j
FAC-2024-03292,2025-08-26,2025-09-25,2025-10-05,CLI-0199,SVC-016,DEPT-001,1,1800.0,0,1800.0,360.0,2160.0,Payée,1800.0,10,2025,8,3,20250826,20250925,20251005.0,Retard < 30j
FAC-2024-03293,2024-09-30,2024-11-14,2024-11-14,CLI-0098,SVC-011,DEPT-002,1,4500.0,0,4500.0,900.0,5400.0,Payée,4500.0,0,2024,9,3,20240930,20241114,20241114.0,Dans les délais
FAC-2024-03294,2023-11-03,2024-01-02,2024-01-10,CLI-0184,SVC-023,DEPT-007,3,750.0,0,2250.0,450.0,2700.0,Payée,2250.0,8,2023,11,4,20231103,20240102,20240110.0,Retard < 30j
FAC-2024-03295,2023-11-25,2024-01-09,2024-02-07,CLI-0122,SVC-013,DEPT-007,1,1100.0,0,1100.0,220.0,1320.0,Payée,1100.0,29,2023,11,4,20231125,20240109,20240207.0,Retard < 30j
FAC-2024-03296,2024-07-24,2024-08-23,2024-08-23,CLI-0127,SVC-022,DEPT-002,1,600.0,5,570.0,114.0,684.0,Payée,570.0,0,2024,7,3,20240724,20240823,20240823.0,Dans les délais
FAC-2024-03297,2023-11-19,2024-02-17,2024-03-07,CLI-0125,SVC-011,DEPT-003,1,4500.0,5,4275.0,855.0,5130.0,Payée,4275.0,19,2023,11,4,20231119,20240217,20240307.0,Retard < 30j
FAC-2024-03298,2024-02-28,2024-04-13,2024-05-04,CLI-0137,SVC-023,DEPT-002,4,750.0,5,2850.0,570.0,3420.0,Payée,2850.0,21,2024,2,1,20240228,20240413,20240504.0,Retard < 30j
FAC-2024-03299,2024-01-24,2024-02-23,2024-03-05,CLI-0060,SVC-002,DEPT-001,1,8500.0,5,8075.0,1615.0,9690.0,Payée,8075.0,11,2024,1,1,20240124,20240223,20240305.0,Retard < 30j
FAC-2024-03300,2023-04-20,2023-05-20,,CLI-0155,SVC-017,DEPT-004,1,950.0,5,902.5,180.5,1083.0,Retard,0.0,1078,2023,4,2,20230420,20230520,,Contentieux > 90j
FAC-2024-03301,2025-09-16,2025-10-16,2025-10-21,CLI-0013,SVC-017,DEPT-001,1,950.0,15,807.5,161.5,969.0,Payée,807.5,5,2025,9,3,20250916,20251016,20251021.0,Retard < 30j
FAC-2024-03302,2023-07-09,2023-08-08,,CLI-0038,SVC-020,DEPT-003,9,1400.0,10,11340.0,2268.0,13608.0,Retard,0.0,998,2023,7,3,20230709,20230808,,Contentieux > 90j
FAC-2024-03303,2023-07-08,2023-09-06,,CLI-0069,SVC-003,DEPT-004,1,22000.0,0,22000.0,4400.0,26400.0,Partielle,8197.85,969,2023,7,3,20230708,20230906,,Contentieux > 90j
FAC-2024-03304,2023-07-17,2023-08-16,2023-09-15,CLI-0121,SVC-004,DEPT-001,6,1200.0,0,7200.0,1440.0,8640.0,Payée,7200.0,30,2023,7,3,20230717,20230816,20230915.0,Retard < 30j
FAC-2024-03305,2025-03-28,2025-05-12,,CLI-0108,SVC-006,DEPT-001,1,450.0,0,450.0,90.0,540.0,Retard,0.0,355,2025,3,1,20250328,20250512,,Contentieux > 90j
FAC-2024-03306,2025-04-05,2025-05-05,2025-05-10,CLI-0181,SVC-021,DEPT-002,1,800.0,0,800.0,160.0,960.0,Payée,800.0,5,2025,4,2,20250405,20250505,20250510.0,Retard < 30j
FAC-2024-03307,2024-04-07,2024-06-06,2024-06-06,CLI-0005,SVC-011,DEPT-004,1,4500.0,5,4275.0,855.0,5130.0,Payée,4275.0,0,2024,4,2,20240407,20240606,20240606.0,Dans les délais
FAC-2024-03308,2025-01-14,2025-02-13,2025-02-13,CLI-0148,SVC-009,DEPT-007,1,180.0,5,171.0,34.2,205.2,Payée,171.0,0,2025,1,1,20250114,20250213,20250213.0,Dans les délais
FAC-2024-03309,2024-02-07,2024-03-08,2024-03-27,CLI-0044,SVC-021,DEPT-001,2,800.0,0,1600.0,320.0,1920.0,Payée,1600.0,19,2024,2,1,20240207,20240308,20240327.0,Retard < 30j
FAC-2024-03310,2024-11-25,2025-01-09,2025-02-04,CLI-0189,SVC-019,DEPT-004,9,180.0,0,1620.0,324.0,1944.0,Payée,1620.0,26,2024,11,4,20241125,20250109,20250204.0,Retard < 30j
FAC-2024-03311,2025-04-14,2025-05-14,2025-06-02,CLI-0129,SVC-005,DEPT-001,1,15000.0,0,15000.0,3000.0,18000.0,Payée,15000.0,19,2025,4,2,20250414,20250514,20250602.0,Retard < 30j
FAC-2024-03312,2023-01-28,2023-03-14,2023-04-12,CLI-0116,SVC-008,DEPT-003,1,2500.0,0,2500.0,500.0,3000.0,Payée,2500.0,29,2023,1,1,20230128,20230314,20230412.0,Retard < 30j
FAC-2024-03313,2025-02-04,2025-04-05,2025-04-28,CLI-0005,SVC-005,DEPT-001,1,15000.0,0,15000.0,3000.0,18000.0,Payée,15000.0,23,2025,2,1,20250204,20250405,20250428.0,Retard < 30j
FAC-2024-03314,2025-11-24,2026-01-23,,CLI-0068,SVC-013,DEPT-002,7,1100.0,0,7700.0,1540.0,9240.0,Partielle,2509.56,99,2025,11,4,20251124,20260123,,Contentieux > 90j
FAC-2024-03315,2025-03-21,2025-04-20,2025-04-20,CLI-0013,SVC-013,DEPT-002,4,1100.0,0,4400.0,880.0,5280.0,Payée,4400.0,0,2025,3,1,20250321,20250420,20250420.0,Dans les délais
FAC-2024-03316,2023-06-29,2023-07-29,2023-08-27,CLI-0163,SVC-021,DEPT-007,7,800.0,0,5600.0,1120.0,6720.0,Payée,5600.0,29,2023,6,2,20230629,20230729,20230827.0,Retard < 30j
FAC-2024-03317,2024-03-19,2024-04-18,2024-04-23,CLI-0038,SVC-001,DEPT-001,1,3500.0,0,3500.0,700.0,4200.0,Payée,3500.0,5,2024,3,1,20240319,20240418,20240423.0,Retard < 30j
FAC-2024-03318,2023-03-01,2023-04-30,2023-05-11,CLI-0074,SVC-021,DEPT-003,3,800.0,0,2400.0,480.0,2880.0,Payée,2400.0,11,2023,3,1,20230301,20230430,20230511.0,Retard < 30j
FAC-2024-03319,2024-02-14,2024-03-30,2024-04-17,CLI-0049,SVC-023,DEPT-002,8,750.0,5,5700.0,1140.0,6840.0,Payée,5700.0,18,2024,2,1,20240214,20240330,20240417.0,Retard < 30j
FAC-2024-03320,2024-01-18,2024-02-17,2024-03-17,CLI-0035,SVC-019,DEPT-004,14,180.0,0,2520.0,504.0,3024.0,Payée,2520.0,29,2024,1,1,20240118,20240217,20240317.0,Retard < 30j
FAC-2024-03321,2025-08-07,2025-09-06,,CLI-0014,SVC-005,DEPT-004,1,15000.0,0,15000.0,3000.0,18000.0,Retard,0.0,238,2025,8,3,20250807,20250906,,Contentieux > 90j
FAC-2024-03322,2024-10-20,2024-12-04,,CLI-0094,SVC-022,DEPT-007,5,600.0,10,2700.0,540.0,3240.0,Contentieux,0.0,514,2024,10,4,20241020,20241204,,Contentieux > 90j
FAC-2024-03323,2024-10-15,2024-11-14,2024-11-27,CLI-0044,SVC-002,DEPT-003,1,8500.0,0,8500.0,1700.0,10200.0,Payée,8500.0,13,2024,10,4,20241015,20241114,20241127.0,Retard < 30j
FAC-2024-03324,2025-11-18,2025-12-18,2026-01-17,CLI-0104,SVC-008,DEPT-001,1,2500.0,0,2500.0,500.0,3000.0,Payée,2500.0,30,2025,11,4,20251118,20251218,20260117.0,Retard < 30j
FAC-2024-03325,2025-03-08,2025-04-22,2025-05-05,CLI-0169,SVC-020,DEPT-003,6,1400.0,5,7980.0,1596.0,9576.0,Payée,7980.0,13,2025,3,1,20250308,20250422,20250505.0,Retard < 30j
FAC-2024-03326,2025-04-11,2025-05-11,2025-05-29,CLI-0104,SVC-013,DEPT-002,3,1100.0,10,2970.0,594.0,3564.0,Payée,2970.0,18,2025,4,2,20250411,20250511,20250529.0,Retard < 30j
FAC-2024-03327,2025-10-10,2025-11-24,,CLI-0039,SVC-016,DEPT-004,1,1800.0,0,1800.0,360.0,2160.0,Retard,0.0,159,2025,10,4,20251010,20251124,,Contentieux > 90j
FAC-2024-03328,2025-04-16,2025-05-31,2025-06-03,CLI-0004,SVC-008,DEPT-003,1,2500.0,0,2500.0,500.0,3000.0,Payée,2500.0,3,2025,4,2,20250416,20250531,20250603.0,Retard < 30j
FAC-2024-03329,2023-03-04,2023-04-03,2023-04-07,CLI-0166,SVC-014,DEPT-004,8,1500.0,0,12000.0,2400.0,14400.0,Payée,12000.0,4,2023,3,1,20230304,20230403,20230407.0,Retard < 30j
FAC-2024-03330,2023-09-26,2023-10-26,,CLI-0128,SVC-001,DEPT-001,1,3500.0,0,3500.0,700.0,4200.0,Retard,0.0,919,2023,9,3,20230926,20231026,,Contentieux > 90j
FAC-2024-03331,2025-01-17,2025-03-03,2025-03-10,CLI-0116,SVC-017,DEPT-001,1,950.0,0,950.0,190.0,1140.0,Payée,950.0,7,2025,1,1,20250117,20250303,20250310.0,Retard < 30j
FAC-2024-03332,2024-04-16,2024-05-31,2024-05-31,CLI-0020,SVC-015,DEPT-004,1,2800.0,5,2660.0,532.0,3192.0,Payée,2660.0,0,2024,4,2,20240416,20240531,20240531.0,Dans les délais
FAC-2024-03333,2024-10-09,2024-11-23,2024-11-23,CLI-0154,SVC-004,DEPT-003,7,1200.0,0,8400.0,1680.0,10080.0,Payée,8400.0,0,2024,10,4,20241009,20241123,20241123.0,Dans les délais
FAC-2024-03334,2024-06-07,2024-07-22,2024-08-06,CLI-0042,SVC-006,DEPT-003,1,450.0,0,450.0,90.0,540.0,Payée,450.0,15,2024,6,2,20240607,20240722,20240806.0,Retard < 30j
FAC-2024-03335,2024-06-27,2024-08-11,,CLI-0139,SVC-019,DEPT-003,3,180.0,5,513.0,102.6,615.6,Contentieux,0.0,629,2024,6,2,20240627,20240811,,Contentieux > 90j
FAC-2024-03336,2024-10-17,2024-11-16,2024-12-10,CLI-0065,SVC-004,DEPT-001,8,1200.0,0,9600.0,1920.0,11520.0,Payée,9600.0,24,2024,10,4,20241017,20241116,20241210.0,Retard < 30j
FAC-2024-03337,2023-06-13,2023-07-28,2023-08-19,CLI-0175,SVC-024,DEPT-003,9,700.0,5,5985.0,1197.0,7182.0,Payée,5985.0,22,2023,6,2,20230613,20230728,20230819.0,Retard < 30j
FAC-2024-03338,2024-03-15,2024-04-14,,CLI-0128,SVC-019,DEPT-002,15,180.0,0,2700.0,540.0,3240.0,Partielle,1557.53,748,2024,3,1,20240315,20240414,,Contentieux > 90j
FAC-2024-03339,2025-10-10,2025-11-09,2025-11-29,CLI-0102,SVC-023,DEPT-007,5,750.0,5,3562.5,712.5,4275.0,Payée,3562.5,20,2025,10,4,20251010,20251109,20251129.0,Retard < 30j
FAC-2024-03340,2025-08-17,2025-09-16,2025-09-26,CLI-0002,SVC-012,DEPT-004,1,3200.0,0,3200.0,640.0,3840.0,Payée,3200.0,10,2025,8,3,20250817,20250916,20250926.0,Retard < 30j
FAC-2024-03341,2023-07-01,2023-08-15,,CLI-0147,SVC-024,DEPT-001,9,700.0,0,6300.0,1260.0,7560.0,Partielle,4427.99,991,2023,7,3,20230701,20230815,,Contentieux > 90j
FAC-2024-03342,2023-12-02,2024-01-31,2024-02-26,CLI-0173,SVC-006,DEPT-002,1,450.0,0,450.0,90.0,540.0,Payée,450.0,26,2023,12,4,20231202,20240131,20240226.0,Retard < 30j
FAC-2024-03343,2023-10-22,2023-12-21,2024-01-15,CLI-0068,SVC-007,DEPT-002,1,1200.0,5,1140.0,228.0,1368.0,Payée,1140.0,25,2023,10,4,20231022,20231221,20240115.0,Retard < 30j
FAC-2024-03344,2025-04-09,2025-05-24,2025-06-23,CLI-0043,SVC-007,DEPT-002,1,1200.0,0,1200.0,240.0,1440.0,Payée,1200.0,30,2025,4,2,20250409,20250524,20250623.0,Retard < 30j
FAC-2024-03345,2023-12-02,2024-01-01,,CLI-0102,SVC-008,DEPT-004,1,2500.0,10,2250.0,450.0,2700.0,Partielle,1682.74,852,2023,12,4,20231202,20240101,,Contentieux > 90j
FAC-2024-03346,2024-01-18,2024-02-17,2024-02-27,CLI-0121,SVC-020,DEPT-007,5,1400.0,0,7000.0,1400.0,8400.0,Payée,7000.0,10,2024,1,1,20240118,20240217,20240227.0,Retard < 30j
FAC-2024-03347,2025-12-31,2026-02-14,,CLI-0049,SVC-008,DEPT-001,1,2500.0,10,2250.0,450.0,2700.0,Retard,0.0,77,2025,12,4,20251231,20260214,,Retard 61-90j
FAC-2024-03348,2024-01-09,2024-02-23,2024-02-23,CLI-0043,SVC-008,DEPT-001,1,2500.0,0,2500.0,500.0,3000.0,Payée,2500.0,0,2024,1,1,20240109,20240223,20240223.0,Dans les délais
FAC-2024-03349,2024-01-22,2024-02-21,2024-03-04,CLI-0134,SVC-020,DEPT-003,4,1400.0,5,5320.0,1064.0,6384.0,Payée,5320.0,12,2024,1,1,20240122,20240221,20240304.0,Retard < 30j
FAC-2024-03350,2024-08-31,2024-09-30,2024-10-28,CLI-0044,SVC-007,DEPT-002,1,1200.0,0,1200.0,240.0,1440.0,Payée,1200.0,28,2024,8,3,20240831,20240930,20241028.0,Retard < 30j
FAC-2024-03351,2025-09-16,2025-10-31,2025-10-31,CLI-0185,SVC-001,DEPT-003,1,3500.0,0,3500.0,700.0,4200.0,Payée,3500.0,0,2025,9,3,20250916,20251031,20251031.0,Dans les délais
FAC-2024-03352,2024-12-01,2024-12-31,2025-01-23,CLI-0086,SVC-023,DEPT-003,3,750.0,10,2025.0,405.0,2430.0,Payée,2025.0,23,2024,12,4,20241201,20241231,20250123.0,Retard < 30j
FAC-2024-03353,2023-05-23,2023-07-07,2023-07-07,CLI-0137,SVC-019,DEPT-001,8,180.0,0,1440.0,288.0,1728.0,Payée,1440.0,0,2023,5,2,20230523,20230707,20230707.0,Dans les délais
FAC-2024-03354,2024-05-18,2024-08-16,2024-09-07,CLI-0125,SVC-010,DEPT-002,14,45.0,5,598.5,119.7,718.2,Payée,598.5,22,2024,5,2,20240518,20240816,20240907.0,Retard < 30j
FAC-2024-03355,2025-07-09,2025-08-08,2025-08-08,CLI-0041,SVC-016,DEPT-004,1,1800.0,0,1800.0,360.0,2160.0,Payée,1800.0,0,2025,7,3,20250709,20250808,20250808.0,Dans les délais
FAC-2024-03356,2023-03-11,2023-04-10,2023-05-05,CLI-0156,SVC-023,DEPT-001,7,750.0,0,5250.0,1050.0,6300.0,Payée,5250.0,25,2023,3,1,20230311,20230410,20230505.0,Retard < 30j
FAC-2024-03357,2024-02-29,2024-04-14,2024-05-03,CLI-0139,SVC-001,DEPT-001,1,3500.0,0,3500.0,700.0,4200.0,Payée,3500.0,19,2024,2,1,20240229,20240414,20240503.0,Retard < 30j
FAC-2024-03358,2024-10-03,2024-11-17,,CLI-0105,SVC-020,DEPT-002,3,1400.0,5,3990.0,798.0,4788.0,Retard,0.0,531,2024,10,4,20241003,20241117,,Contentieux > 90j
FAC-2024-03359,2023-06-23,2023-08-22,2023-09-05,CLI-0194,SVC-010,DEPT-001,47,45.0,10,1903.5,380.7,2284.2,Payée,1903.5,14,2023,6,2,20230623,20230822,20230905.0,Retard < 30j
FAC-2024-03360,2024-07-07,2024-08-21,2024-09-12,CLI-0042,SVC-016,DEPT-004,1,1800.0,0,1800.0,360.0,2160.0,Payée,1800.0,22,2024,7,3,20240707,20240821,20240912.0,Retard < 30j
FAC-2024-03361,2023-12-09,2024-01-23,2024-02-10,CLI-0116,SVC-017,DEPT-007,1,950.0,0,950.0,190.0,1140.0,Payée,950.0,18,2023,12,4,20231209,20240123,20240210.0,Retard < 30j
FAC-2024-03362,2023-11-24,2024-01-08,2024-01-28,CLI-0001,SVC-014,DEPT-002,1,1500.0,10,1350.0,270.0,1620.0,Payée,1350.0,20,2023,11,4,20231124,20240108,20240128.0,Retard < 30j
FAC-2024-03363,2024-12-31,2025-03-01,,CLI-0157,SVC-022,DEPT-004,7,600.0,10,3780.0,756.0,4536.0,Retard,0.0,427,2024,12,4,20241231,20250301,,Contentieux > 90j
FAC-2024-03364,2025-07-06,2025-08-20,2025-08-28,CLI-0022,SVC-010,DEPT-001,18,45.0,0,810.0,162.0,972.0,Payée,810.0,8,2025,7,3,20250706,20250820,20250828.0,Retard < 30j
FAC-2024-03365,2025-09-19,2025-11-03,,CLI-0160,SVC-007,DEPT-003,1,1200.0,5,1140.0,228.0,1368.0,Retard,0.0,180,2025,9,3,20250919,20251103,,Contentieux > 90j
FAC-2024-03366,2024-06-11,2024-07-26,,CLI-0183,SVC-003,DEPT-004,1,22000.0,0,22000.0,4400.0,26400.0,Retard,0.0,645,2024,6,2,20240611,20240726,,Contentieux > 90j
FAC-2024-03367,2024-10-07,2024-11-06,2024-11-14,CLI-0010,SVC-019,DEPT-002,12,180.0,0,2160.0,432.0,2592.0,Payée,2160.0,8,2024,10,4,20241007,20241106,20241114.0,Retard < 30j
FAC-2024-03368,2024-08-30,2024-10-14,,CLI-0132,SVC-014,DEPT-007,4,1500.0,0,6000.0,1200.0,7200.0,Retard,0.0,565,2024,8,3,20240830,20241014,,Contentieux > 90j
FAC-2024-03369,2023-07-27,2023-08-26,,CLI-0082,SVC-013,DEPT-007,3,1100.0,0,3300.0,660.0,3960.0,Retard,0.0,980,2023,7,3,20230727,20230826,,Contentieux > 90j
FAC-2024-03370,2023-06-02,2023-08-01,2023-08-17,CLI-0164,SVC-021,DEPT-002,2,800.0,0,1600.0,320.0,1920.0,Payée,1600.0,16,2023,6,2,20230602,20230801,20230817.0,Retard < 30j
FAC-2024-03371,2023-01-09,2023-02-08,2023-03-03,CLI-0080,SVC-001,DEPT-004,1,3500.0,5,3325.0,665.0,3990.0,Payée,3325.0,23,2023,1,1,20230109,20230208,20230303.0,Retard < 30j
FAC-2024-03372,2024-01-31,2024-03-01,,CLI-0050,SVC-005,DEPT-003,1,15000.0,10,13500.0,2700.0,16200.0,Contentieux,0.0,792,2024,1,1,20240131,20240301,,Contentieux > 90j
FAC-2024-03373,2023-12-20,2024-02-03,2024-02-27,CLI-0154,SVC-010,DEPT-007,41,45.0,0,1845.0,369.0,2214.0,Payée,1845.0,24,2023,12,4,20231220,20240203,20240227.0,Retard < 30j
FAC-2024-03374,2025-11-17,2025-12-17,2025-12-20,CLI-0151,SVC-003,DEPT-002,1,22000.0,5,20900.0,4180.0,25080.0,Payée,20900.0,3,2025,11,4,20251117,20251217,20251220.0,Retard < 30j
FAC-2024-03375,2025-09-16,2025-10-16,,CLI-0141,SVC-017,DEPT-003,1,950.0,0,950.0,190.0,1140.0,Retard,0.0,198,2025,9,3,20250916,20251016,,Contentieux > 90j
FAC-2024-03376,2025-12-05,2026-01-19,2026-01-26,CLI-0020,SVC-013,DEPT-003,1,1100.0,0,1100.0,220.0,1320.0,Payée,1100.0,7,2025,12,4,20251205,20260119,20260126.0,Retard < 30j
FAC-2024-03377,2025-01-27,2025-02-26,,CLI-0176,SVC-021,DEPT-007,7,800.0,0,5600.0,1120.0,6720.0,Retard,0.0,430,2025,1,1,20250127,20250226,,Contentieux > 90j
FAC-2024-03378,2024-07-09,2024-08-23,,CLI-0183,SVC-018,DEPT-003,1,6500.0,0,6500.0,1300.0,7800.0,Retard,0.0,617,2024,7,3,20240709,20240823,,Contentieux > 90j
FAC-2024-03379,2025-06-27,2025-07-27,,CLI-0158,SVC-014,DEPT-004,10,1500.0,0,15000.0,3000.0,18000.0,Retard,0.0,279,2025,6,2,20250627,20250727,,Contentieux > 90j
FAC-2024-03380,2024-05-09,2024-06-23,,CLI-0058,SVC-022,DEPT-002,1,600.0,10,540.0,108.0,648.0,Partielle,282.09,678,2024,5,2,20240509,20240623,,Contentieux > 90j
FAC-2024-03381,2023-04-14,2023-05-14,,CLI-0126,SVC-004,DEPT-004,9,1200.0,0,10800.0,2160.0,12960.0,Partielle,5492.78,1084,2023,4,2,20230414,20230514,,Contentieux > 90j
FAC-2024-03382,2023-01-16,2023-02-15,2023-03-02,CLI-0127,SVC-005,DEPT-004,1,15000.0,0,15000.0,3000.0,18000.0,Payée,15000.0,15,2023,1,1,20230116,20230215,20230302.0,Retard < 30j
FAC-2024-03383,2024-07-22,2024-08-21,,CLI-0156,SVC-014,DEPT-003,6,1500.0,0,9000.0,1800.0,10800.0,Partielle,6961.6,619,2024,7,3,20240722,20240821,,Contentieux > 90j
FAC-2024-03384,2025-10-07,2025-12-06,,CLI-0103,SVC-012,DEPT-002,1,3200.0,0,3200.0,640.0,3840.0,Contentieux,0.0,147,2025,10,4,20251007,20251206,,Contentieux > 90j
FAC-2024-03385,2025-06-01,2025-07-01,2025-07-20,CLI-0082,SVC-016,DEPT-007,1,1800.0,0,1800.0,360.0,2160.0,Payée,1800.0,19,2025,6,2,20250601,20250701,20250720.0,Retard < 30j
FAC-2024-03386,2025-12-03,2026-01-02,2026-01-30,CLI-0140,SVC-011,DEPT-002,1,4500.0,5,4275.0,855.0,5130.0,Payée,4275.0,28,2025,12,4,20251203,20260102,20260130.0,Retard < 30j
FAC-2024-03387,2023-04-28,2023-05-28,2023-06-08,CLI-0093,SVC-022,DEPT-003,6,600.0,0,3600.0,720.0,4320.0,Payée,3600.0,11,2023,4,2,20230428,20230528,20230608.0,Retard < 30j
FAC-2024-03388,2023-12-25,2024-02-08,,CLI-0033,SVC-005,DEPT-007,1,15000.0,10,13500.0,2700.0,16200.0,Partielle,5805.08,814,2023,12,4,20231225,20240208,,Contentieux > 90j
FAC-2024-03389,2025-08-25,2025-11-23,,CLI-0179,SVC-020,DEPT-002,5,1400.0,0,7000.0,1400.0,8400.0,Retard,0.0,160,2025,8,3,20250825,20251123,,Contentieux > 90j
FAC-2024-03390,2025-04-12,2025-05-12,,CLI-0060,SVC-017,DEPT-001,1,950.0,10,855.0,171.0,1026.0,Contentieux,0.0,355,2025,4,2,20250412,20250512,,Contentieux > 90j
FAC-2024-03391,2024-10-13,2024-11-12,,CLI-0158,SVC-008,DEPT-004,1,2500.0,10,2250.0,450.0,2700.0,Partielle,1496.46,536,2024,10,4,20241013,20241112,,Contentieux > 90j
FAC-2024-03392,2025-04-16,2025-05-16,,CLI-0006,SVC-008,DEPT-003,1,2500.0,0,2500.0,500.0,3000.0,Partielle,1122.87,351,2025,4,2,20250416,20250516,,Contentieux > 90j
FAC-2024-03393,2025-11-15,2025-12-30,2025-12-30,CLI-0048,SVC-007,DEPT-003,1,1200.0,5,1140.0,228.0,1368.0,Payée,1140.0,0,2025,11,4,20251115,20251230,20251230.0,Dans les délais
FAC-2024-03394,2025-12-31,2026-01-30,,CLI-0015,SVC-018,DEPT-003,1,6500.0,0,6500.0,1300.0,7800.0,Contentieux,0.0,92,2025,12,4,20251231,20260130,,Contentieux > 90j
FAC-2024-03395,2024-07-05,2024-08-19,2024-09-10,CLI-0020,SVC-007,DEPT-001,1,1200.0,5,1140.0,228.0,1368.0,Payée,1140.0,22,2024,7,3,20240705,20240819,20240910.0,Retard < 30j
FAC-2024-03396,2025-09-19,2025-11-03,,CLI-0185,SVC-016,DEPT-004,1,1800.0,10,1620.0,324.0,1944.0,Partielle,1211.21,180,2025,9,3,20250919,20251103,,Contentieux > 90j
FAC-2024-03397,2024-11-20,2025-01-04,2025-01-06,CLI-0043,SVC-009,DEPT-002,1,180.0,15,153.0,30.6,183.6,Payée,153.0,2,2024,11,4,20241120,20250104,20250106.0,Retard < 30j
FAC-2024-03398,2024-07-07,2024-08-06,2024-08-06,CLI-0115,SVC-013,DEPT-004,9,1100.0,0,9900.0,1980.0,11880.0,Payée,9900.0,0,2024,7,3,20240707,20240806,20240806.0,Dans les délais
FAC-2024-03399,2025-02-12,2025-03-14,2025-04-10,CLI-0063,SVC-012,DEPT-001,1,3200.0,5,3040.0,608.0,3648.0,Payée,3040.0,27,2025,2,1,20250212,20250314,20250410.0,Retard < 30j
FAC-2024-03400,2025-10-17,2025-12-01,,CLI-0175,SVC-011,DEPT-007,1,4500.0,5,4275.0,855.0,5130.0,Contentieux,0.0,152,2025,10,4,20251017,20251201,,Contentieux > 90j
FAC-2025-03401,2023-02-08,2023-03-10,2023-04-09,CLI-0080,SVC-022,DEPT-001,6,600.0,0,3600.0,720.0,4320.0,Payée,3600.0,30,2023,2,1,20230208,20230310,20230409.0,Retard < 30j
FAC-2025-03402,2025-06-04,2025-07-04,2025-07-16,CLI-0044,SVC-022,DEPT-002,1,600.0,0,600.0,120.0,720.0,Payée,600.0,12,2025,6,2,20250604,20250704,20250716.0,Retard < 30j
FAC-2025-03403,2024-04-22,2024-05-22,2024-06-19,CLI-0200,SVC-002,DEPT-007,1,8500.0,15,7225.0,1445.0,8670.0,Payée,7225.0,28,2024,4,2,20240422,20240522,20240619.0,Retard < 30j
FAC-2025-03404,2025-12-02,2026-01-01,,CLI-0044,SVC-011,DEPT-001,1,4500.0,0,4500.0,900.0,5400.0,Retard,0.0,121,2025,12,4,20251202,20260101,,Contentieux > 90j
FAC-2025-03405,2024-10-01,2024-10-31,2024-11-23,CLI-0145,SVC-007,DEPT-004,1,1200.0,0,1200.0,240.0,1440.0,Payée,1200.0,23,2024,10,4,20241001,20241031,20241123.0,Retard < 30j
FAC-2025-03406,2025-12-26,2026-01-25,2026-01-27,CLI-0146,SVC-010,DEPT-003,28,45.0,0,1260.0,252.0,1512.0,Payée,1260.0,2,2025,12,4,20251226,20260125,20260127.0,Retard < 30j
FAC-2025-03407,2025-05-21,2025-07-05,,CLI-0020,SVC-017,DEPT-007,1,950.0,5,902.5,180.5,1083.0,Contentieux,0.0,301,2025,5,2,20250521,20250705,,Contentieux > 90j
FAC-2025-03408,2023-01-08,2023-02-22,,CLI-0049,SVC-007,DEPT-002,1,1200.0,0,1200.0,240.0,1440.0,Retard,0.0,1165,2023,1,1,20230108,20230222,,Contentieux > 90j
FAC-2025-03409,2025-11-30,2026-01-14,,CLI-0185,SVC-011,DEPT-003,1,4500.0,10,4050.0,810.0,4860.0,Retard,0.0,108,2025,11,4,20251130,20260114,,Contentieux > 90j
FAC-2025-03410,2025-05-10,2025-06-24,,CLI-0033,SVC-019,DEPT-002,7,180.0,0,1260.0,252.0,1512.0,Retard,0.0,312,2025,5,2,20250510,20250624,,Contentieux > 90j
FAC-2025-03411,2025-01-08,2025-02-07,2025-02-19,CLI-0135,SVC-001,DEPT-002,1,3500.0,5,3325.0,665.0,3990.0,Payée,3325.0,12,2025,1,1,20250108,20250207,20250219.0,Retard < 30j
FAC-2025-03412,2025-09-11,2025-11-10,2025-12-03,CLI-0143,SVC-014,DEPT-002,5,1500.0,10,6750.0,1350.0,8100.0,Payée,6750.0,23,2025,9,3,20250911,20251110,20251203.0,Retard < 30j
FAC-2025-03413,2025-04-05,2025-05-20,2025-05-20,CLI-0001,SVC-013,DEPT-003,3,1100.0,10,2970.0,594.0,3564.0,Payée,2970.0,0,2025,4,2,20250405,20250520,20250520.0,Dans les délais
FAC-2025-03414,2023-07-04,2023-08-03,2023-08-16,CLI-0028,SVC-017,DEPT-002,1,950.0,0,950.0,190.0,1140.0,Payée,950.0,13,2023,7,3,20230704,20230803,20230816.0,Retard < 30j
FAC-2025-03415,2024-11-27,2025-01-11,2025-02-10,CLI-0122,SVC-012,DEPT-007,1,3200.0,0,3200.0,640.0,3840.0,Payée,3200.0,30,2024,11,4,20241127,20250111,20250210.0,Retard < 30j
FAC-2025-03416,2023-11-09,2023-12-09,,CLI-0006,SVC-014,DEPT-002,4,1500.0,0,6000.0,1200.0,7200.0,Retard,0.0,875,2023,11,4,20231109,20231209,,Contentieux > 90j
FAC-2025-03417,2025-07-11,2025-08-25,2025-08-29,CLI-0147,SVC-004,DEPT-002,10,1200.0,0,12000.0,2400.0,14400.0,Payée,12000.0,4,2025,7,3,20250711,20250825,20250829.0,Retard < 30j
FAC-2025-03418,2023-04-26,2023-05-26,,CLI-0071,SVC-016,DEPT-004,1,1800.0,0,1800.0,360.0,2160.0,Retard,0.0,1072,2023,4,2,20230426,20230526,,Contentieux > 90j
FAC-2025-03419,2025-07-06,2025-08-05,,CLI-0099,SVC-009,DEPT-004,1,180.0,0,180.0,36.0,216.0,Partielle,79.25,270,2025,7,3,20250706,20250805,,Contentieux > 90j
FAC-2025-03420,2024-10-23,2024-11-22,,CLI-0140,SVC-019,DEPT-004,10,180.0,0,1800.0,360.0,2160.0,Retard,0.0,526,2024,10,4,20241023,20241122,,Contentieux > 90j
FAC-2025-03421,2024-10-04,2024-11-18,2024-12-17,CLI-0154,SVC-011,DEPT-007,1,4500.0,0,4500.0,900.0,5400.0,Payée,4500.0,29,2024,10,4,20241004,20241118,20241217.0,Retard < 30j
FAC-2025-03422,2023-03-23,2023-05-07,2023-05-07,CLI-0190,SVC-022,DEPT-003,8,600.0,5,4560.0,912.0,5472.0,Payée,4560.0,0,2023,3,1,20230323,20230507,20230507.0,Dans les délais
FAC-2025-03423,2024-10-18,2024-11-17,2024-12-01,CLI-0178,SVC-003,DEPT-003,1,22000.0,0,22000.0,4400.0,26400.0,Payée,22000.0,14,2024,10,4,20241018,20241117,20241201.0,Retard < 30j
FAC-2025-03424,2025-03-10,2025-05-09,2025-06-05,CLI-0157,SVC-020,DEPT-003,3,1400.0,0,4200.0,840.0,5040.0,Payée,4200.0,27,2025,3,1,20250310,20250509,20250605.0,Retard < 30j
FAC-2025-03425,2025-06-26,2025-08-10,2025-08-14,CLI-0169,SVC-017,DEPT-001,1,950.0,0,950.0,190.0,1140.0,Payée,950.0,4,2025,6,2,20250626,20250810,20250814.0,Retard < 30j
FAC-2025-03426,2023-06-12,2023-07-12,2023-07-13,CLI-0148,SVC-013,DEPT-002,3,1100.0,0,3300.0,660.0,3960.0,Payée,3300.0,1,2023,6,2,20230612,20230712,20230713.0,Retard < 30j
FAC-2025-03427,2023-02-27,2023-04-13,2023-05-12,CLI-0037,SVC-021,DEPT-001,6,800.0,5,4560.0,912.0,5472.0,Payée,4560.0,29,2023,2,1,20230227,20230413,20230512.0,Retard < 30j
FAC-2025-03428,2025-12-07,2026-01-21,,CLI-0048,SVC-019,DEPT-001,14,180.0,10,2268.0,453.6,2721.6,Retard,0.0,101,2025,12,4,20251207,20260121,,Contentieux > 90j
FAC-2025-03429,2023-02-24,2023-04-25,2023-05-15,CLI-0157,SVC-005,DEPT-004,1,15000.0,5,14250.0,2850.0,17100.0,Payée,14250.0,20,2023,2,1,20230224,20230425,20230515.0,Retard < 30j
FAC-2025-03430,2023-08-31,2023-09-30,2023-10-09,CLI-0181,SVC-002,DEPT-004,1,8500.0,0,8500.0,1700.0,10200.0,Payée,8500.0,9,2023,8,3,20230831,20230930,20231009.0,Retard < 30j
FAC-2025-03431,2023-10-22,2023-12-21,,CLI-0046,SVC-019,DEPT-007,14,180.0,0,2520.0,504.0,3024.0,Partielle,1038.12,863,2023,10,4,20231022,20231221,,Contentieux > 90j
FAC-2025-03432,2024-09-14,2024-10-29,,CLI-0137,SVC-022,DEPT-003,10,600.0,10,5400.0,1080.0,6480.0,Partielle,2275.05,550,2024,9,3,20240914,20241029,,Contentieux > 90j
FAC-2025-03433,2025-10-02,2025-11-01,2025-11-29,CLI-0014,SVC-014,DEPT-002,6,1500.0,0,9000.0,1800.0,10800.0,Payée,9000.0,28,2025,10,4,20251002,20251101,20251129.0,Retard < 30j
FAC-2025-03434,2024-12-26,2025-01-25,2025-02-20,CLI-0057,SVC-011,DEPT-004,1,4500.0,5,4275.0,855.0,5130.0,Payée,4275.0,26,2024,12,4,20241226,20250125,20250220.0,Retard < 30j
FAC-2025-03435,2023-07-27,2023-09-25,,CLI-0074,SVC-024,DEPT-002,3,700.0,10,1890.0,378.0,2268.0,Retard,0.0,950,2023,7,3,20230727,20230925,,Contentieux > 90j
FAC-2025-03436,2024-11-05,2024-12-20,2025-01-04,CLI-0031,SVC-011,DEPT-004,1,4500.0,0,4500.0,900.0,5400.0,Payée,4500.0,15,2024,11,4,20241105,20241220,20250104.0,Retard < 30j
FAC-2025-03437,2023-09-18,2023-10-18,2023-10-27,CLI-0010,SVC-012,DEPT-007,1,3200.0,5,3040.0,608.0,3648.0,Payée,3040.0,9,2023,9,3,20230918,20231018,20231027.0,Retard < 30j
FAC-2025-03438,2024-07-27,2024-09-10,2024-10-07,CLI-0088,SVC-023,DEPT-007,5,750.0,0,3750.0,750.0,4500.0,Payée,3750.0,27,2024,7,3,20240727,20240910,20241007.0,Retard < 30j
FAC-2025-03439,2023-06-06,2023-07-06,,CLI-0064,SVC-004,DEPT-001,5,1200.0,0,6000.0,1200.0,7200.0,Partielle,4652.92,1031,2023,6,2,20230606,20230706,,Contentieux > 90j
FAC-2025-03440,2024-10-22,2024-12-06,2025-01-04,CLI-0048,SVC-008,DEPT-004,1,2500.0,10,2250.0,450.0,2700.0,Payée,2250.0,29,2024,10,4,20241022,20241206,20250104.0,Retard < 30j
FAC-2025-03441,2025-03-16,2025-04-30,,CLI-0037,SVC-011,DEPT-007,1,4500.0,10,4050.0,810.0,4860.0,Retard,0.0,367,2025,3,1,20250316,20250430,,Contentieux > 90j
FAC-2025-03442,2023-03-18,2023-04-17,,CLI-0023,SVC-024,DEPT-004,10,700.0,5,6650.0,1330.0,7980.0,Partielle,3492.36,1111,2023,3,1,20230318,20230417,,Contentieux > 90j
FAC-2025-03443,2023-10-19,2023-12-18,,CLI-0165,SVC-002,DEPT-003,1,8500.0,0,8500.0,1700.0,10200.0,Contentieux,0.0,866,2023,10,4,20231019,20231218,,Contentieux > 90j
FAC-2025-03444,2025-11-15,2025-12-30,,CLI-0112,SVC-014,DEPT-007,5,1500.0,0,7500.0,1500.0,9000.0,Contentieux,0.0,123,2025,11,4,20251115,20251230,,Contentieux > 90j
FAC-2025-03445,2024-04-19,2024-06-03,2024-06-25,CLI-0094,SVC-001,DEPT-003,1,3500.0,10,3150.0,630.0,3780.0,Payée,3150.0,22,2024,4,2,20240419,20240603,20240625.0,Retard < 30j
FAC-2025-03446,2025-06-03,2025-07-03,2025-07-18,CLI-0006,SVC-003,DEPT-004,1,22000.0,0,22000.0,4400.0,26400.0,Payée,22000.0,15,2025,6,2,20250603,20250703,20250718.0,Retard < 30j
FAC-2025-03447,2025-11-02,2026-01-01,,CLI-0068,SVC-016,DEPT-004,1,1800.0,5,1710.0,342.0,2052.0,Partielle,816.58,121,2025,11,4,20251102,20260101,,Contentieux > 90j
FAC-2025-03448,2023-11-25,2024-01-09,,CLI-0116,SVC-015,DEPT-002,1,2800.0,5,2660.0,532.0,3192.0,Retard,0.0,844,2023,11,4,20231125,20240109,,Contentieux > 90j
FAC-2025-03449,2023-08-02,2023-09-01,,CLI-0138,SVC-008,DEPT-002,1,2500.0,0,2500.0,500.0,3000.0,Contentieux,0.0,974,2023,8,3,20230802,20230901,,Contentieux > 90j
FAC-2025-03450,2023-07-01,2023-08-15,2023-08-29,CLI-0011,SVC-005,DEPT-002,1,15000.0,0,15000.0,3000.0,18000.0,Payée,15000.0,14,2023,7,3,20230701,20230815,20230829.0,Retard < 30j
FAC-2025-03451,2023-12-25,2024-01-24,2024-02-11,CLI-0071,SVC-008,DEPT-001,1,2500.0,0,2500.0,500.0,3000.0,Payée,2500.0,18,2023,12,4,20231225,20240124,20240211.0,Retard < 30j
FAC-2025-03452,2024-06-04,2024-07-19,2024-08-07,CLI-0169,SVC-012,DEPT-001,1,3200.0,0,3200.0,640.0,3840.0,Payée,3200.0,19,2024,6,2,20240604,20240719,20240807.0,Retard < 30j
FAC-2025-03453,2024-09-06,2024-10-06,2024-10-31,CLI-0145,SVC-007,DEPT-003,1,1200.0,0,1200.0,240.0,1440.0,Payée,1200.0,25,2024,9,3,20240906,20241006,20241031.0,Retard < 30j
FAC-2025-03454,2023-09-08,2023-10-23,2023-11-09,CLI-0124,SVC-006,DEPT-007,1,450.0,0,450.0,90.0,540.0,Payée,450.0,17,2023,9,3,20230908,20231023,20231109.0,Retard < 30j
FAC-2025-03455,2023-06-18,2023-08-17,,CLI-0091,SVC-021,DEPT-001,8,800.0,0,6400.0,1280.0,7680.0,Partielle,4893.08,989,2023,6,2,20230618,20230817,,Contentieux > 90j
FAC-2025-03456,2025-06-24,2025-07-24,2025-07-29,CLI-0134,SVC-003,DEPT-002,1,22000.0,0,22000.0,4400.0,26400.0,Payée,22000.0,5,2025,6,2,20250624,20250724,20250729.0,Retard < 30j
FAC-2025-03457,2023-07-12,2023-08-11,2023-08-24,CLI-0023,SVC-017,DEPT-001,1,950.0,0,950.0,190.0,1140.0,Payée,950.0,13,2023,7,3,20230712,20230811,20230824.0,Retard < 30j
FAC-2025-03458,2024-07-14,2024-08-13,,CLI-0071,SVC-010,DEPT-001,43,45.0,0,1935.0,387.0,2322.0,Retard,0.0,627,2024,7,3,20240714,20240813,,Contentieux > 90j
FAC-2025-03459,2024-02-21,2024-04-06,,CLI-0180,SVC-009,DEPT-003,1,180.0,5,171.0,34.2,205.2,Retard,0.0,756,2024,2,1,20240221,20240406,,Contentieux > 90j
FAC-2025-03460,2023-09-21,2023-10-21,,CLI-0007,SVC-024,DEPT-003,10,700.0,10,6300.0,1260.0,7560.0,Partielle,3578.45,924,2023,9,3,20230921,20231021,,Contentieux > 90j
FAC-2025-03461,2024-02-17,2024-04-17,2024-04-21,CLI-0196,SVC-008,DEPT-004,1,2500.0,5,2375.0,475.0,2850.0,Payée,2375.0,4,2024,2,1,20240217,20240417,20240421.0,Retard < 30j
FAC-2025-03462,2023-03-02,2023-05-31,2023-06-19,CLI-0195,SVC-012,DEPT-002,1,3200.0,0,3200.0,640.0,3840.0,Payée,3200.0,19,2023,3,1,20230302,20230531,20230619.0,Retard < 30j
FAC-2025-03463,2024-01-22,2024-03-07,2024-03-09,CLI-0037,SVC-018,DEPT-007,1,6500.0,0,6500.0,1300.0,7800.0,Payée,6500.0,2,2024,1,1,20240122,20240307,20240309.0,Retard < 30j
FAC-2025-03464,2025-04-27,2025-05-27,2025-06-11,CLI-0121,SVC-014,DEPT-004,7,1500.0,15,8925.0,1785.0,10710.0,Payée,8925.0,15,2025,4,2,20250427,20250527,20250611.0,Retard < 30j
FAC-2025-03465,2023-12-23,2024-02-06,,CLI-0075,SVC-009,DEPT-002,1,180.0,10,162.0,32.4,194.4,Partielle,59.49,816,2023,12,4,20231223,20240206,,Contentieux > 90j
FAC-2025-03466,2024-03-26,2024-05-10,2024-05-10,CLI-0043,SVC-022,DEPT-002,5,600.0,5,2850.0,570.0,3420.0,Payée,2850.0,0,2024,3,1,20240326,20240510,20240510.0,Dans les délais
FAC-2025-03467,2024-03-28,2024-04-27,2024-04-27,CLI-0138,SVC-014,DEPT-001,7,1500.0,0,10500.0,2100.0,12600.0,Payée,10500.0,0,2024,3,1,20240328,20240427,20240427.0,Dans les délais
FAC-2025-03468,2023-05-28,2023-07-12,2023-07-24,CLI-0147,SVC-015,DEPT-004,1,2800.0,0,2800.0,560.0,3360.0,Payée,2800.0,12,2023,5,2,20230528,20230712,20230724.0,Retard < 30j
FAC-2025-03469,2024-08-24,2024-09-23,2024-10-03,CLI-0038,SVC-009,DEPT-003,1,180.0,0,180.0,36.0,216.0,Payée,180.0,10,2024,8,3,20240824,20240923,20241003.0,Retard < 30j
FAC-2025-03470,2024-09-14,2024-10-29,,CLI-0019,SVC-015,DEPT-003,1,2800.0,10,2520.0,504.0,3024.0,Partielle,1303.19,550,2024,9,3,20240914,20241029,,Contentieux > 90j
FAC-2025-03471,2023-04-18,2023-05-18,2023-05-21,CLI-0044,SVC-013,DEPT-004,2,1100.0,0,2200.0,440.0,2640.0,Payée,2200.0,3,2023,4,2,20230418,20230518,20230521.0,Retard < 30j
FAC-2025-03472,2024-12-31,2025-03-01,2025-03-17,CLI-0068,SVC-003,DEPT-003,1,22000.0,5,20900.0,4180.0,25080.0,Payée,20900.0,16,2024,12,4,20241231,20250301,20250317.0,Retard < 30j
FAC-2025-03473,2024-01-10,2024-02-09,2024-02-20,CLI-0178,SVC-006,DEPT-001,1,450.0,0,450.0,90.0,540.0,Payée,450.0,11,2024,1,1,20240110,20240209,20240220.0,Retard < 30j
FAC-2025-03474,2023-04-03,2023-05-18,,CLI-0095,SVC-020,DEPT-007,1,1400.0,0,1400.0,280.0,1680.0,Partielle,974.97,1080,2023,4,2,20230403,20230518,,Contentieux > 90j
FAC-2025-03475,2024-01-02,2024-02-01,2024-02-01,CLI-0102,SVC-001,DEPT-002,1,3500.0,5,3325.0,665.0,3990.0,Payée,3325.0,0,2024,1,1,20240102,20240201,20240201.0,Dans les délais
FAC-2025-03476,2024-06-07,2024-07-22,2024-08-20,CLI-0087,SVC-010,DEPT-007,36,45.0,0,1620.0,324.0,1944.0,Payée,1620.0,29,2024,6,2,20240607,20240722,20240820.0,Retard < 30j
FAC-2025-03477,2023-01-02,2023-02-01,2023-02-10,CLI-0071,SVC-019,DEPT-001,11,180.0,0,1980.0,396.0,2376.0,Payée,1980.0,9,2023,1,1,20230102,20230201,20230210.0,Retard < 30j
FAC-2025-03478,2024-07-19,2024-08-18,,CLI-0080,SVC-012,DEPT-001,1,3200.0,0,3200.0,640.0,3840.0,Retard,0.0,622,2024,7,3,20240719,20240818,,Contentieux > 90j
FAC-2025-03479,2025-09-14,2025-10-29,2025-11-15,CLI-0119,SVC-022,DEPT-001,5,600.0,0,3000.0,600.0,3600.0,Payée,3000.0,17,2025,9,3,20250914,20251029,20251115.0,Retard < 30j
FAC-2025-03480,2025-07-26,2025-09-09,2025-09-24,CLI-0037,SVC-009,DEPT-002,1,180.0,0,180.0,36.0,216.0,Payée,180.0,15,2025,7,3,20250726,20250909,20250924.0,Retard < 30j
FAC-2025-03481,2023-01-17,2023-03-03,2023-03-16,CLI-0019,SVC-005,DEPT-002,1,15000.0,0,15000.0,3000.0,18000.0,Payée,15000.0,13,2023,1,1,20230117,20230303,20230316.0,Retard < 30j
FAC-2025-03482,2025-06-10,2025-07-10,2025-07-10,CLI-0138,SVC-016,DEPT-007,1,1800.0,0,1800.0,360.0,2160.0,Payée,1800.0,0,2025,6,2,20250610,20250710,20250710.0,Dans les délais
FAC-2025-03483,2023-04-16,2023-05-31,,CLI-0119,SVC-017,DEPT-007,1,950.0,0,950.0,190.0,1140.0,Retard,0.0,1067,2023,4,2,20230416,20230531,,Contentieux > 90j
FAC-2025-03484,2023-06-25,2023-07-25,2023-08-09,CLI-0148,SVC-008,DEPT-001,1,2500.0,0,2500.0,500.0,3000.0,Payée,2500.0,15,2023,6,2,20230625,20230725,20230809.0,Retard < 30j
FAC-2025-03485,2024-04-13,2024-05-28,2024-06-02,CLI-0019,SVC-009,DEPT-001,1,180.0,0,180.0,36.0,216.0,Payée,180.0,5,2024,4,2,20240413,20240528,20240602.0,Retard < 30j
FAC-2025-03486,2023-06-08,2023-07-23,2023-08-12,CLI-0004,SVC-016,DEPT-007,1,1800.0,0,1800.0,360.0,2160.0,Payée,1800.0,20,2023,6,2,20230608,20230723,20230812.0,Retard < 30j
FAC-2025-03487,2024-09-08,2024-10-23,2024-10-23,CLI-0101,SVC-014,DEPT-004,3,1500.0,0,4500.0,900.0,5400.0,Payée,4500.0,0,2024,9,3,20240908,20241023,20241023.0,Dans les délais
FAC-2025-03488,2023-01-05,2023-02-04,2023-02-11,CLI-0197,SVC-018,DEPT-002,1,6500.0,0,6500.0,1300.0,7800.0,Payée,6500.0,7,2023,1,1,20230105,20230204,20230211.0,Retard < 30j
FAC-2025-03489,2024-06-23,2024-08-07,,CLI-0022,SVC-012,DEPT-001,1,3200.0,0,3200.0,640.0,3840.0,Retard,0.0,633,2024,6,2,20240623,20240807,,Contentieux > 90j
FAC-2025-03490,2023-04-19,2023-05-19,2023-06-15,CLI-0128,SVC-002,DEPT-004,1,8500.0,0,8500.0,1700.0,10200.0,Payée,8500.0,27,2023,4,2,20230419,20230519,20230615.0,Retard < 30j
FAC-2025-03491,2024-11-17,2025-01-01,,CLI-0105,SVC-021,DEPT-003,1,800.0,5,760.0,152.0,912.0,Partielle,280.48,486,2024,11,4,20241117,20250101,,Contentieux > 90j
FAC-2025-03492,2024-08-15,2024-09-14,2024-09-14,CLI-0029,SVC-004,DEPT-001,3,1200.0,0,3600.0,720.0,4320.0,Payée,3600.0,0,2024,8,3,20240815,20240914,20240914.0,Dans les délais
FAC-2025-03493,2024-06-08,2024-07-08,2024-07-12,CLI-0099,SVC-003,DEPT-001,1,22000.0,0,22000.0,4400.0,26400.0,Payée,22000.0,4,2024,6,2,20240608,20240708,20240712.0,Retard < 30j
FAC-2025-03494,2025-05-19,2025-06-18,,CLI-0029,SVC-013,DEPT-002,4,1100.0,0,4400.0,880.0,5280.0,Retard,0.0,318,2025,5,2,20250519,20250618,,Contentieux > 90j
FAC-2025-03495,2023-10-07,2023-11-06,2023-11-21,CLI-0041,SVC-005,DEPT-002,1,15000.0,0,15000.0,3000.0,18000.0,Payée,15000.0,15,2023,10,4,20231007,20231106,20231121.0,Retard < 30j
FAC-2025-03496,2024-01-13,2024-04-12,2024-05-01,CLI-0179,SVC-005,DEPT-002,1,15000.0,5,14250.0,2850.0,17100.0,Payée,14250.0,19,2024,1,1,20240113,20240412,20240501.0,Retard < 30j
FAC-2025-03497,2023-04-05,2023-05-05,2023-06-03,CLI-0008,SVC-004,DEPT-003,2,1200.0,0,2400.0,480.0,2880.0,Payée,2400.0,29,2023,4,2,20230405,20230505,20230603.0,Retard < 30j
FAC-2025-03498,2023-07-26,2023-08-25,2023-09-12,CLI-0064,SVC-008,DEPT-002,1,2500.0,0,2500.0,500.0,3000.0,Payée,2500.0,18,2023,7,3,20230726,20230825,20230912.0,Retard < 30j
FAC-2025-03499,2023-08-28,2023-10-12,,CLI-0159,SVC-013,DEPT-003,4,1100.0,0,4400.0,880.0,5280.0,Retard,0.0,933,2023,8,3,20230828,20231012,,Contentieux > 90j
FAC-2025-03500,2024-08-03,2024-09-17,2024-10-14,CLI-0105,SVC-014,DEPT-004,6,1500.0,0,9000.0,1800.0,10800.0,Payée,9000.0,27,2024,8,3,20240803,20240917,20241014.0,Retard < 30j
FAC-2025-03501,2025-06-25,2025-08-09,2025-09-05,CLI-0095,SVC-010,DEPT-004,28,45.0,5,1197.0,239.4,1436.4,Payée,1197.0,27,2025,6,2,20250625,20250809,20250905.0,Retard < 30j
FAC-2025-03502,2024-07-02,2024-08-01,2024-08-18,CLI-0135,SVC-007,DEPT-002,1,1200.0,0,1200.0,240.0,1440.0,Payée,1200.0,17,2024,7,3,20240702,20240801,20240818.0,Retard < 30j
FAC-2025-03503,2025-08-27,2025-10-11,,CLI-0137,SVC-015,DEPT-007,1,2800.0,5,2660.0,532.0,3192.0,Partielle,1120.53,203,2025,8,3,20250827,20251011,,Contentieux > 90j
FAC-2025-03504,2025-01-08,2025-02-22,,CLI-0169,SVC-021,DEPT-003,3,800.0,5,2280.0,456.0,2736.0,Retard,0.0,434,2025,1,1,20250108,20250222,,Contentieux > 90j
FAC-2025-03505,2024-11-16,2024-12-16,,CLI-0128,SVC-003,DEPT-004,1,22000.0,5,20900.0,4180.0,25080.0,Contentieux,0.0,502,2024,11,4,20241116,20241216,,Contentieux > 90j
FAC-2025-03506,2023-05-16,2023-06-30,,CLI-0117,SVC-011,DEPT-004,1,4500.0,0,4500.0,900.0,5400.0,Retard,0.0,1037,2023,5,2,20230516,20230630,,Contentieux > 90j
FAC-2025-03507,2024-05-19,2024-07-03,2024-07-24,CLI-0049,SVC-012,DEPT-004,1,3200.0,10,2880.0,576.0,3456.0,Payée,2880.0,21,2024,5,2,20240519,20240703,20240724.0,Retard < 30j
FAC-2025-03508,2024-06-29,2024-08-13,2024-08-23,CLI-0095,SVC-004,DEPT-004,8,1200.0,5,9120.0,1824.0,10944.0,Payée,9120.0,10,2024,6,2,20240629,20240813,20240823.0,Retard < 30j
FAC-2025-03509,2025-01-29,2025-03-15,2025-03-27,CLI-0177,SVC-023,DEPT-004,3,750.0,0,2250.0,450.0,2700.0,Payée,2250.0,12,2025,1,1,20250129,20250315,20250327.0,Retard < 30j
FAC-2025-03510,2024-10-12,2024-11-26,2024-12-17,CLI-0137,SVC-024,DEPT-002,4,700.0,0,2800.0,560.0,3360.0,Payée,2800.0,21,2024,10,4,20241012,20241126,20241217.0,Retard < 30j
FAC-2025-03511,2024-11-25,2025-02-23,2025-03-14,CLI-0195,SVC-019,DEPT-004,9,180.0,0,1620.0,324.0,1944.0,Payée,1620.0,19,2024,11,4,20241125,20250223,20250314.0,Retard < 30j
FAC-2025-03512,2024-09-01,2024-10-16,2024-10-21,CLI-0180,SVC-005,DEPT-004,1,15000.0,0,15000.0,3000.0,18000.0,Payée,15000.0,5,2024,9,3,20240901,20241016,20241021.0,Retard < 30j
FAC-2025-03513,2025-05-06,2025-06-05,2025-06-14,CLI-0199,SVC-023,DEPT-003,4,750.0,5,2850.0,570.0,3420.0,Payée,2850.0,9,2025,5,2,20250506,20250605,20250614.0,Retard < 30j
FAC-2025-03514,2024-08-09,2024-09-23,2024-10-15,CLI-0087,SVC-007,DEPT-002,1,1200.0,0,1200.0,240.0,1440.0,Payée,1200.0,22,2024,8,3,20240809,20240923,20241015.0,Retard < 30j
FAC-2025-03515,2025-04-25,2025-05-25,2025-06-23,CLI-0176,SVC-001,DEPT-002,1,3500.0,5,3325.0,665.0,3990.0,Payée,3325.0,29,2025,4,2,20250425,20250525,20250623.0,Retard < 30j
FAC-2025-03516,2025-08-21,2025-10-05,2025-11-03,CLI-0094,SVC-019,DEPT-001,20,180.0,5,3420.0,684.0,4104.0,Payée,3420.0,29,2025,8,3,20250821,20251005,20251103.0,Retard < 30j
FAC-2025-03517,2024-12-26,2025-02-09,2025-02-10,CLI-0132,SVC-004,DEPT-004,4,1200.0,5,4560.0,912.0,5472.0,Payée,4560.0,1,2024,12,4,20241226,20250209,20250210.0,Retard < 30j
FAC-2025-03518,2024-02-07,2024-03-08,2024-04-03,CLI-0158,SVC-021,DEPT-002,8,800.0,0,6400.0,1280.0,7680.0,Payée,6400.0,26,2024,2,1,20240207,20240308,20240403.0,Retard < 30j
FAC-2025-03519,2025-02-16,2025-04-02,,CLI-0147,SVC-005,DEPT-001,1,15000.0,0,15000.0,3000.0,18000.0,Retard,0.0,395,2025,2,1,20250216,20250402,,Contentieux > 90j
FAC-2025-03520,2025-05-17,2025-06-16,,CLI-0029,SVC-009,DEPT-001,1,180.0,10,162.0,32.4,194.4,Contentieux,0.0,320,2025,5,2,20250517,20250616,,Contentieux > 90j
FAC-2025-03521,2025-03-02,2025-04-16,2025-04-18,CLI-0171,SVC-005,DEPT-002,1,15000.0,5,14250.0,2850.0,17100.0,Payée,14250.0,2,2025,3,1,20250302,20250416,20250418.0,Retard < 30j
FAC-2025-03522,2025-03-26,2025-05-10,2025-06-02,CLI-0039,SVC-010,DEPT-004,13,45.0,0,585.0,117.0,702.0,Payée,585.0,23,2025,3,1,20250326,20250510,20250602.0,Retard < 30j
FAC-2025-03523,2024-07-23,2024-08-22,,CLI-0056,SVC-011,DEPT-002,1,4500.0,10,4050.0,810.0,4860.0,Retard,0.0,618,2024,7,3,20240723,20240822,,Contentieux > 90j
FAC-2025-03524,2024-08-30,2024-10-14,2024-10-21,CLI-0124,SVC-023,DEPT-007,6,750.0,5,4275.0,855.0,5130.0,Payée,4275.0,7,2024,8,3,20240830,20241014,20241021.0,Retard < 30j
FAC-2025-03525,2023-10-12,2023-11-26,2023-12-10,CLI-0033,SVC-015,DEPT-001,1,2800.0,5,2660.0,532.0,3192.0,Payée,2660.0,14,2023,10,4,20231012,20231126,20231210.0,Retard < 30j
FAC-2025-03526,2024-06-21,2024-08-20,2024-08-22,CLI-0068,SVC-013,DEPT-002,9,1100.0,10,8910.0,1782.0,10692.0,Payée,8910.0,2,2024,6,2,20240621,20240820,20240822.0,Retard < 30j
FAC-2025-03527,2025-02-23,2025-03-25,2025-04-15,CLI-0197,SVC-014,DEPT-004,5,1500.0,0,7500.0,1500.0,9000.0,Payée,7500.0,21,2025,2,1,20250223,20250325,20250415.0,Retard < 30j
FAC-2025-03528,2024-04-04,2024-05-04,2024-05-04,CLI-0007,SVC-014,DEPT-001,4,1500.0,0,6000.0,1200.0,7200.0,Payée,6000.0,0,2024,4,2,20240404,20240504,20240504.0,Dans les délais
FAC-2025-03529,2023-12-14,2024-01-28,2024-01-30,CLI-0124,SVC-004,DEPT-004,6,1200.0,5,6840.0,1368.0,8208.0,Payée,6840.0,2,2023,12,4,20231214,20240128,20240130.0,Retard < 30j
FAC-2025-03530,2024-07-11,2024-08-10,,CLI-0079,SVC-019,DEPT-002,20,180.0,0,3600.0,720.0,4320.0,Retard,0.0,630,2024,7,3,20240711,20240810,,Contentieux > 90j
FAC-2025-03531,2024-07-11,2024-08-10,2024-08-31,CLI-0070,SVC-008,DEPT-004,1,2500.0,15,2125.0,425.0,2550.0,Payée,2125.0,21,2024,7,3,20240711,20240810,20240831.0,Retard < 30j
FAC-2025-03532,2024-07-14,2024-08-13,2024-09-11,CLI-0063,SVC-022,DEPT-003,9,600.0,5,5130.0,1026.0,6156.0,Payée,5130.0,29,2024,7,3,20240714,20240813,20240911.0,Retard < 30j
FAC-2025-03533,2023-05-08,2023-06-07,2023-06-15,CLI-0027,SVC-024,DEPT-001,2,700.0,10,1260.0,252.0,1512.0,Payée,1260.0,8,2023,5,2,20230508,20230607,20230615.0,Retard < 30j
FAC-2025-03534,2023-07-06,2023-08-20,2023-09-02,CLI-0022,SVC-009,DEPT-007,1,180.0,0,180.0,36.0,216.0,Payée,180.0,13,2023,7,3,20230706,20230820,20230902.0,Retard < 30j
FAC-2025-03535,2023-06-20,2023-08-04,2023-08-09,CLI-0180,SVC-022,DEPT-001,1,600.0,0,600.0,120.0,720.0,Payée,600.0,5,2023,6,2,20230620,20230804,20230809.0,Retard < 30j
FAC-2025-03536,2025-05-04,2025-06-18,,CLI-0047,SVC-017,DEPT-007,1,950.0,10,855.0,171.0,1026.0,Partielle,429.29,318,2025,5,2,20250504,20250618,,Contentieux > 90j
FAC-2025-03537,2023-05-29,2023-06-28,2023-07-02,CLI-0010,SVC-024,DEPT-001,10,700.0,5,6650.0,1330.0,7980.0,Payée,6650.0,4,2023,5,2,20230529,20230628,20230702.0,Retard < 30j
FAC-2025-03538,2025-10-24,2025-11-23,,CLI-0060,SVC-009,DEPT-003,1,180.0,10,162.0,32.4,194.4,Partielle,73.09,160,2025,10,4,20251024,20251123,,Contentieux > 90j
FAC-2025-03539,2024-03-05,2024-04-19,2024-04-19,CLI-0048,SVC-002,DEPT-004,1,8500.0,0,8500.0,1700.0,10200.0,Payée,8500.0,0,2024,3,1,20240305,20240419,20240419.0,Dans les délais
FAC-2025-03540,2023-07-16,2023-09-14,,CLI-0173,SVC-022,DEPT-007,8,600.0,10,4320.0,864.0,5184.0,Partielle,1511.33,961,2023,7,3,20230716,20230914,,Contentieux > 90j
FAC-2025-03541,2023-06-13,2023-07-28,2023-07-28,CLI-0122,SVC-002,DEPT-004,1,8500.0,0,8500.0,1700.0,10200.0,Payée,8500.0,0,2023,6,2,20230613,20230728,20230728.0,Dans les délais
FAC-2025-03542,2023-10-04,2023-11-18,2023-12-02,CLI-0037,SVC-007,DEPT-001,1,1200.0,5,1140.0,228.0,1368.0,Payée,1140.0,14,2023,10,4,20231004,20231118,20231202.0,Retard < 30j
FAC-2025-03543,2025-08-08,2025-09-22,2025-10-20,CLI-0043,SVC-010,DEPT-007,43,45.0,10,1741.5,348.3,2089.8,Payée,1741.5,28,2025,8,3,20250808,20250922,20251020.0,Retard < 30j
FAC-2025-03544,2023-07-08,2023-08-07,2023-08-21,CLI-0027,SVC-010,DEPT-003,8,45.0,0,360.0,72.0,432.0,Payée,360.0,14,2023,7,3,20230708,20230807,20230821.0,Retard < 30j
FAC-2025-03545,2023-06-03,2023-07-18,2023-08-09,CLI-0043,SVC-016,DEPT-004,1,1800.0,5,1710.0,342.0,2052.0,Payée,1710.0,22,2023,6,2,20230603,20230718,20230809.0,Retard < 30j
FAC-2025-03546,2025-10-02,2025-12-01,,CLI-0157,SVC-012,DEPT-001,1,3200.0,0,3200.0,640.0,3840.0,Partielle,1260.04,152,2025,10,4,20251002,20251201,,Contentieux > 90j
FAC-2025-03547,2023-06-13,2023-07-28,2023-08-11,CLI-0075,SVC-018,DEPT-007,1,6500.0,0,6500.0,1300.0,7800.0,Payée,6500.0,14,2023,6,2,20230613,20230728,20230811.0,Retard < 30j
FAC-2025-03548,2025-02-15,2025-03-17,,CLI-0035,SVC-022,DEPT-002,2,600.0,5,1140.0,228.0,1368.0,Contentieux,0.0,411,2025,2,1,20250215,20250317,,Contentieux > 90j
FAC-2025-03549,2023-11-07,2023-12-07,,CLI-0079,SVC-021,DEPT-002,2,800.0,0,1600.0,320.0,1920.0,Partielle,540.91,877,2023,11,4,20231107,20231207,,Contentieux > 90j
FAC-2025-03550,2024-03-22,2024-04-21,2024-05-13,CLI-0026,SVC-011,DEPT-002,1,4500.0,0,4500.0,900.0,5400.0,Payée,4500.0,22,2024,3,1,20240322,20240421,20240513.0,Retard < 30j
FAC-2025-03551,2025-04-12,2025-05-27,,CLI-0124,SVC-003,DEPT-003,1,22000.0,0,22000.0,4400.0,26400.0,Retard,0.0,340,2025,4,2,20250412,20250527,,Contentieux > 90j
FAC-2025-03552,2023-12-26,2024-01-25,2024-02-08,CLI-0051,SVC-011,DEPT-001,1,4500.0,5,4275.0,855.0,5130.0,Payée,4275.0,14,2023,12,4,20231226,20240125,20240208.0,Retard < 30j
FAC-2025-03553,2025-01-14,2025-02-28,,CLI-0001,SVC-005,DEPT-001,1,15000.0,0,15000.0,3000.0,18000.0,Retard,0.0,428,2025,1,1,20250114,20250228,,Contentieux > 90j
FAC-2025-03554,2024-07-19,2024-08-18,,CLI-0145,SVC-019,DEPT-007,18,180.0,0,3240.0,648.0,3888.0,Partielle,1661.99,622,2024,7,3,20240719,20240818,,Contentieux > 90j
FAC-2025-03555,2024-03-28,2024-05-27,2024-05-28,CLI-0091,SVC-017,DEPT-007,1,950.0,15,807.5,161.5,969.0,Payée,807.5,1,2024,3,1,20240328,20240527,20240528.0,Retard < 30j
FAC-2025-03556,2024-11-28,2025-01-12,,CLI-0192,SVC-023,DEPT-002,7,750.0,0,5250.0,1050.0,6300.0,Partielle,3982.16,475,2024,11,4,20241128,20250112,,Contentieux > 90j
FAC-2025-03557,2025-10-30,2025-12-14,2025-12-20,CLI-0116,SVC-012,DEPT-004,1,3200.0,0,3200.0,640.0,3840.0,Payée,3200.0,6,2025,10,4,20251030,20251214,20251220.0,Retard < 30j
FAC-2025-03558,2023-06-26,2023-08-25,2023-09-12,CLI-0196,SVC-024,DEPT-004,8,700.0,0,5600.0,1120.0,6720.0,Payée,5600.0,18,2023,6,2,20230626,20230825,20230912.0,Retard < 30j
FAC-2025-03559,2024-06-14,2024-07-29,2024-07-29,CLI-0116,SVC-001,DEPT-001,1,3500.0,0,3500.0,700.0,4200.0,Payée,3500.0,0,2024,6,2,20240614,20240729,20240729.0,Dans les délais
FAC-2025-03560,2024-07-16,2024-08-15,2024-09-03,CLI-0026,SVC-010,DEPT-007,8,45.0,10,324.0,64.8,388.8,Payée,324.0,19,2024,7,3,20240716,20240815,20240903.0,Retard < 30j
FAC-2025-03561,2024-01-04,2024-02-03,,CLI-0199,SVC-014,DEPT-004,5,1500.0,0,7500.0,1500.0,9000.0,Retard,0.0,819,2024,1,1,20240104,20240203,,Contentieux > 90j
FAC-2025-03562,2023-01-08,2023-02-07,,CLI-0032,SVC-001,DEPT-004,1,3500.0,15,2975.0,595.0,3570.0,Contentieux,0.0,1180,2023,1,1,20230108,20230207,,Contentieux > 90j
FAC-2025-03563,2023-05-01,2023-05-31,,CLI-0129,SVC-018,DEPT-001,1,6500.0,5,6175.0,1235.0,7410.0,Contentieux,0.0,1067,2023,5,2,20230501,20230531,,Contentieux > 90j
FAC-2025-03564,2023-10-16,2023-11-15,2023-11-22,CLI-0150,SVC-005,DEPT-007,1,15000.0,0,15000.0,3000.0,18000.0,Payée,15000.0,7,2023,10,4,20231016,20231115,20231122.0,Retard < 30j
FAC-2025-03565,2024-12-20,2025-01-19,2025-01-23,CLI-0035,SVC-004,DEPT-002,3,1200.0,0,3600.0,720.0,4320.0,Payée,3600.0,4,2024,12,4,20241220,20250119,20250123.0,Retard < 30j
FAC-2025-03566,2023-11-14,2024-01-13,2024-02-07,CLI-0053,SVC-018,DEPT-003,1,6500.0,0,6500.0,1300.0,7800.0,Payée,6500.0,25,2023,11,4,20231114,20240113,20240207.0,Retard < 30j
FAC-2025-03567,2024-01-30,2024-03-15,2024-03-29,CLI-0048,SVC-017,DEPT-001,1,950.0,0,950.0,190.0,1140.0,Payée,950.0,14,2024,1,1,20240130,20240315,20240329.0,Retard < 30j
FAC-2025-03568,2023-07-08,2023-08-22,,CLI-0001,SVC-009,DEPT-003,1,180.0,0,180.0,36.0,216.0,Retard,0.0,984,2023,7,3,20230708,20230822,,Contentieux > 90j
FAC-2025-03569,2023-08-26,2023-09-25,,CLI-0141,SVC-020,DEPT-001,4,1400.0,0,5600.0,1120.0,6720.0,Retard,0.0,950,2023,8,3,20230826,20230925,,Contentieux > 90j
FAC-2025-03570,2023-03-02,2023-04-01,,CLI-0079,SVC-012,DEPT-003,1,3200.0,10,2880.0,576.0,3456.0,Partielle,1316.76,1127,2023,3,1,20230302,20230401,,Contentieux > 90j
FAC-2025-03571,2023-12-04,2024-01-18,2024-01-21,CLI-0139,SVC-005,DEPT-001,1,15000.0,5,14250.0,2850.0,17100.0,Payée,14250.0,3,2023,12,4,20231204,20240118,20240121.0,Retard < 30j
FAC-2025-03572,2023-08-29,2023-10-13,,CLI-0137,SVC-010,DEPT-004,41,45.0,5,1752.75,350.55,2103.3,Retard,0.0,932,2023,8,3,20230829,20231013,,Contentieux > 90j
FAC-2025-03573,2025-08-09,2025-09-23,2025-10-22,CLI-0171,SVC-002,DEPT-001,1,8500.0,0,8500.0,1700.0,10200.0,Payée,8500.0,29,2025,8,3,20250809,20250923,20251022.0,Retard < 30j
FAC-2025-03574,2024-09-06,2024-10-21,2024-11-06,CLI-0022,SVC-001,DEPT-002,1,3500.0,0,3500.0,700.0,4200.0,Payée,3500.0,16,2024,9,3,20240906,20241021,20241106.0,Retard < 30j
FAC-2025-03575,2024-11-12,2024-12-27,2025-01-23,CLI-0096,SVC-003,DEPT-001,1,22000.0,10,19800.0,3960.0,23760.0,Payée,19800.0,27,2024,11,4,20241112,20241227,20250123.0,Retard < 30j
FAC-2025-03576,2025-08-19,2025-09-18,2025-09-21,CLI-0084,SVC-010,DEPT-007,36,45.0,0,1620.0,324.0,1944.0,Payée,1620.0,3,2025,8,3,20250819,20250918,20250921.0,Retard < 30j
FAC-2025-03577,2023-06-24,2023-08-08,,CLI-0011,SVC-006,DEPT-007,1,450.0,5,427.5,85.5,513.0,Retard,0.0,998,2023,6,2,20230624,20230808,,Contentieux > 90j
FAC-2025-03578,2025-02-28,2025-03-30,2025-04-29,CLI-0070,SVC-001,DEPT-001,1,3500.0,0,3500.0,700.0,4200.0,Payée,3500.0,30,2025,2,1,20250228,20250330,20250429.0,Retard < 30j
FAC-2025-03579,2023-08-25,2023-09-24,2023-10-17,CLI-0071,SVC-015,DEPT-003,1,2800.0,5,2660.0,532.0,3192.0,Payée,2660.0,23,2023,8,3,20230825,20230924,20231017.0,Retard < 30j
FAC-2025-03580,2025-04-04,2025-05-19,2025-06-04,CLI-0075,SVC-024,DEPT-007,10,700.0,0,7000.0,1400.0,8400.0,Payée,7000.0,16,2025,4,2,20250404,20250519,20250604.0,Retard < 30j
FAC-2025-03581,2025-10-06,2025-11-05,2025-11-19,CLI-0102,SVC-012,DEPT-001,1,3200.0,5,3040.0,608.0,3648.0,Payée,3040.0,14,2025,10,4,20251006,20251105,20251119.0,Retard < 30j
FAC-2025-03582,2024-01-18,2024-03-03,,CLI-0167,SVC-009,DEPT-004,1,180.0,0,180.0,36.0,216.0,Retard,0.0,790,2024,1,1,20240118,20240303,,Contentieux > 90j
FAC-2025-03583,2023-04-11,2023-06-10,2023-07-09,CLI-0184,SVC-014,DEPT-004,5,1500.0,0,7500.0,1500.0,9000.0,Payée,7500.0,29,2023,4,2,20230411,20230610,20230709.0,Retard < 30j
FAC-2025-03584,2023-05-17,2023-07-01,2023-07-11,CLI-0004,SVC-013,DEPT-002,1,1100.0,0,1100.0,220.0,1320.0,Payée,1100.0,10,2023,5,2,20230517,20230701,20230711.0,Retard < 30j
FAC-2025-03585,2025-01-30,2025-03-01,2025-03-21,CLI-0141,SVC-009,DEPT-003,1,180.0,0,180.0,36.0,216.0,Payée,180.0,20,2025,1,1,20250130,20250301,20250321.0,Retard < 30j
FAC-2025-03586,2025-04-28,2025-06-12,2025-07-12,CLI-0045,SVC-015,DEPT-001,1,2800.0,0,2800.0,560.0,3360.0,Payée,2800.0,30,2025,4,2,20250428,20250612,20250712.0,Retard < 30j
FAC-2025-03587,2023-04-30,2023-06-14,2023-07-11,CLI-0095,SVC-019,DEPT-003,6,180.0,0,1080.0,216.0,1296.0,Payée,1080.0,27,2023,4,2,20230430,20230614,20230711.0,Retard < 30j
FAC-2025-03588,2025-03-27,2025-05-11,2025-05-31,CLI-0058,SVC-016,DEPT-003,1,1800.0,5,1710.0,342.0,2052.0,Payée,1710.0,20,2025,3,1,20250327,20250511,20250531.0,Retard < 30j
FAC-2025-03589,2025-07-30,2025-08-29,,CLI-0086,SVC-010,DEPT-001,50,45.0,10,2025.0,405.0,2430.0,Partielle,790.1,246,2025,7,3,20250730,20250829,,Contentieux > 90j
FAC-2025-03590,2024-01-13,2024-03-13,,CLI-0164,SVC-010,DEPT-003,16,45.0,5,684.0,136.8,820.8,Partielle,264.75,780,2024,1,1,20240113,20240313,,Contentieux > 90j
FAC-2025-03591,2023-03-07,2023-04-06,2023-04-09,CLI-0158,SVC-001,DEPT-003,1,3500.0,0,3500.0,700.0,4200.0,Payée,3500.0,3,2023,3,1,20230307,20230406,20230409.0,Retard < 30j
FAC-2025-03592,2024-11-08,2024-12-08,,CLI-0035,SVC-024,DEPT-003,6,700.0,0,4200.0,840.0,5040.0,Partielle,2520.74,510,2024,11,4,20241108,20241208,,Contentieux > 90j
FAC-2025-03593,2024-10-07,2024-12-06,,CLI-0164,SVC-011,DEPT-007,1,4500.0,0,4500.0,900.0,5400.0,Retard,0.0,512,2024,10,4,20241007,20241206,,Contentieux > 90j
FAC-2025-03594,2023-12-23,2024-01-22,2024-01-27,CLI-0008,SVC-013,DEPT-003,8,1100.0,0,8800.0,1760.0,10560.0,Payée,8800.0,5,2023,12,4,20231223,20240122,20240127.0,Retard < 30j
FAC-2025-03595,2025-07-15,2025-08-14,,CLI-0051,SVC-012,DEPT-002,1,3200.0,0,3200.0,640.0,3840.0,Contentieux,0.0,261,2025,7,3,20250715,20250814,,Contentieux > 90j
FAC-2025-03596,2023-10-23,2023-12-22,,CLI-0069,SVC-022,DEPT-003,10,600.0,5,5700.0,1140.0,6840.0,Retard,0.0,862,2023,10,4,20231023,20231222,,Contentieux > 90j
FAC-2025-03597,2024-03-31,2024-05-15,2024-06-13,CLI-0112,SVC-006,DEPT-002,1,450.0,10,405.0,81.0,486.0,Payée,405.0,29,2024,3,1,20240331,20240515,20240613.0,Retard < 30j
FAC-2025-03598,2024-04-08,2024-05-08,,CLI-0162,SVC-013,DEPT-004,1,1100.0,0,1100.0,220.0,1320.0,Partielle,406.9,724,2024,4,2,20240408,20240508,,Contentieux > 90j
FAC-2025-03599,2023-07-05,2023-10-03,2023-10-16,CLI-0125,SVC-006,DEPT-002,1,450.0,0,450.0,90.0,540.0,Payée,450.0,13,2023,7,3,20230705,20231003,20231016.0,Retard < 30j
FAC-2025-03600,2023-09-26,2023-11-10,2023-12-04,CLI-0183,SVC-005,DEPT-007,1,15000.0,0,15000.0,3000.0,18000.0,Payée,15000.0,24,2023,9,3,20230926,20231110,20231204.0,Retard < 30j
FAC-2025-03601,2025-01-05,2025-02-04,,CLI-0054,SVC-004,DEPT-002,4,1200.0,0,4800.0,960.0,5760.0,Partielle,2357.88,452,2025,1,1,20250105,20250204,,Contentieux > 90j
FAC-2025-03602,2025-03-22,2025-05-06,2025-05-23,CLI-0147,SVC-001,DEPT-001,1,3500.0,0,3500.0,700.0,4200.0,Payée,3500.0,17,2025,3,1,20250322,20250506,20250523.0,Retard < 30j
FAC-2025-03603,2024-04-17,2024-06-16,2024-07-15,CLI-0068,SVC-004,DEPT-003,10,1200.0,0,12000.0,2400.0,14400.0,Payée,12000.0,29,2024,4,2,20240417,20240616,20240715.0,Retard < 30j
FAC-2025-03604,2023-11-06,2023-12-06,2023-12-06,CLI-0002,SVC-006,DEPT-001,1,450.0,0,450.0,90.0,540.0,Payée,450.0,0,2023,11,4,20231106,20231206,20231206.0,Dans les délais
FAC-2025-03605,2024-05-13,2024-06-12,2024-07-08,CLI-0176,SVC-008,DEPT-007,1,2500.0,0,2500.0,500.0,3000.0,Payée,2500.0,26,2024,5,2,20240513,20240612,20240708.0,Retard < 30j
FAC-2025-03606,2023-05-07,2023-06-06,2023-06-12,CLI-0150,SVC-003,DEPT-007,1,22000.0,0,22000.0,4400.0,26400.0,Payée,22000.0,6,2023,5,2,20230507,20230606,20230612.0,Retard < 30j
FAC-2025-03607,2025-05-31,2025-06-30,2025-07-16,CLI-0199,SVC-011,DEPT-004,1,4500.0,0,4500.0,900.0,5400.0,Payée,4500.0,16,2025,5,2,20250531,20250630,20250716.0,Retard < 30j
FAC-2025-03608,2025-10-05,2025-11-19,2025-12-03,CLI-0090,SVC-023,DEPT-001,2,750.0,0,1500.0,300.0,1800.0,Payée,1500.0,14,2025,10,4,20251005,20251119,20251203.0,Retard < 30j
FAC-2025-03609,2023-10-20,2023-11-19,,CLI-0141,SVC-019,DEPT-003,9,180.0,0,1620.0,324.0,1944.0,Retard,0.0,895,2023,10,4,20231020,20231119,,Contentieux > 90j
FAC-2025-03610,2024-04-24,2024-06-23,2024-07-17,CLI-0068,SVC-005,DEPT-004,1,15000.0,0,15000.0,3000.0,18000.0,Payée,15000.0,24,2024,4,2,20240424,20240623,20240717.0,Retard < 30j
FAC-2025-03611,2024-08-06,2024-10-05,2024-10-18,CLI-0164,SVC-003,DEPT-002,1,22000.0,0,22000.0,4400.0,26400.0,Payée,22000.0,13,2024,8,3,20240806,20241005,20241018.0,Retard < 30j
FAC-2025-03612,2023-08-31,2023-10-15,,CLI-0139,SVC-001,DEPT-007,1,3500.0,5,3325.0,665.0,3990.0,Partielle,1583.94,930,2023,8,3,20230831,20231015,,Contentieux > 90j
FAC-2025-03613,2025-07-13,2025-08-12,2025-09-02,CLI-0032,SVC-003,DEPT-004,1,22000.0,15,18700.0,3740.0,22440.0,Payée,18700.0,21,2025,7,3,20250713,20250812,20250902.0,Retard < 30j
FAC-2025-03614,2024-12-06,2025-01-20,2025-02-10,CLI-0108,SVC-002,DEPT-001,1,8500.0,0,8500.0,1700.0,10200.0,Payée,8500.0,21,2024,12,4,20241206,20250120,20250210.0,Retard < 30j
FAC-2025-03615,2023-11-24,2023-12-24,,CLI-0041,SVC-001,DEPT-003,1,3500.0,0,3500.0,700.0,4200.0,Retard,0.0,860,2023,11,4,20231124,20231224,,Contentieux > 90j
FAC-2025-03616,2023-04-23,2023-05-23,2023-05-23,CLI-0148,SVC-018,DEPT-002,1,6500.0,0,6500.0,1300.0,7800.0,Payée,6500.0,0,2023,4,2,20230423,20230523,20230523.0,Dans les délais
FAC-2025-03617,2023-05-22,2023-07-06,2023-08-05,CLI-0042,SVC-008,DEPT-004,1,2500.0,5,2375.0,475.0,2850.0,Payée,2375.0,30,2023,5,2,20230522,20230706,20230805.0,Retard < 30j
FAC-2025-03618,2025-09-05,2025-10-05,2025-10-09,CLI-0007,SVC-013,DEPT-002,7,1100.0,0,7700.0,1540.0,9240.0,Payée,7700.0,4,2025,9,3,20250905,20251005,20251009.0,Retard < 30j
FAC-2025-03619,2024-12-29,2025-01-28,,CLI-0150,SVC-004,DEPT-007,10,1200.0,0,12000.0,2400.0,14400.0,Partielle,5871.3,459,2024,12,4,20241229,20250128,,Contentieux > 90j
FAC-2025-03620,2025-11-15,2026-01-14,,CLI-0091,SVC-021,DEPT-003,6,800.0,0,4800.0,960.0,5760.0,Partielle,1641.09,108,2025,11,4,20251115,20260114,,Contentieux > 90j
FAC-2025-03621,2024-09-30,2024-11-14,2024-11-24,CLI-0047,SVC-020,DEPT-004,4,1400.0,0,5600.0,1120.0,6720.0,Payée,5600.0,10,2024,9,3,20240930,20241114,20241124.0,Retard < 30j
FAC-2025-03622,2023-11-01,2023-12-31,,CLI-0107,SVC-008,DEPT-001,1,2500.0,10,2250.0,450.0,2700.0,Retard,0.0,853,2023,11,4,20231101,20231231,,Contentieux > 90j
FAC-2025-03623,2024-06-15,2024-07-15,2024-08-11,CLI-0064,SVC-005,DEPT-004,1,15000.0,0,15000.0,3000.0,18000.0,Payée,15000.0,27,2024,6,2,20240615,20240715,20240811.0,Retard < 30j
FAC-2025-03624,2024-03-03,2024-04-17,,CLI-0122,SVC-020,DEPT-007,3,1400.0,15,3570.0,714.0,4284.0,Retard,0.0,745,2024,3,1,20240303,20240417,,Contentieux > 90j
FAC-2025-03625,2025-10-02,2025-11-01,,CLI-0083,SVC-004,DEPT-004,9,1200.0,0,10800.0,2160.0,12960.0,Retard,0.0,182,2025,10,4,20251002,20251101,,Contentieux > 90j
FAC-2025-03626,2023-05-27,2023-07-11,,CLI-0108,SVC-019,DEPT-001,12,180.0,10,1944.0,388.8,2332.8,Partielle,718.76,1026,2023,5,2,20230527,20230711,,Contentieux > 90j
FAC-2025-03627,2023-03-04,2023-04-18,,CLI-0031,SVC-009,DEPT-002,1,180.0,10,162.0,32.4,194.4,Retard,0.0,1110,2023,3,1,20230304,20230418,,Contentieux > 90j
FAC-2025-03628,2024-08-22,2024-09-21,,CLI-0135,SVC-013,DEPT-003,3,1100.0,0,3300.0,660.0,3960.0,Partielle,2436.76,588,2024,8,3,20240822,20240921,,Contentieux > 90j
FAC-2025-03629,2025-09-26,2025-11-10,2025-11-27,CLI-0019,SVC-005,DEPT-002,1,15000.0,0,15000.0,3000.0,18000.0,Payée,15000.0,17,2025,9,3,20250926,20251110,20251127.0,Retard < 30j
FAC-2025-03630,2025-01-18,2025-02-17,2025-03-08,CLI-0079,SVC-016,DEPT-007,1,1800.0,5,1710.0,342.0,2052.0,Payée,1710.0,19,2025,1,1,20250118,20250217,20250308.0,Retard < 30j
FAC-2025-03631,2024-06-16,2024-07-16,2024-08-07,CLI-0146,SVC-014,DEPT-002,9,1500.0,0,13500.0,2700.0,16200.0,Payée,13500.0,22,2024,6,2,20240616,20240716,20240807.0,Retard < 30j
FAC-2025-03632,2024-08-12,2024-09-11,,CLI-0051,SVC-009,DEPT-001,1,180.0,5,171.0,34.2,205.2,Retard,0.0,598,2024,8,3,20240812,20240911,,Contentieux > 90j
FAC-2025-03633,2023-10-10,2023-11-09,2023-11-12,CLI-0097,SVC-014,DEPT-007,6,1500.0,0,9000.0,1800.0,10800.0,Payée,9000.0,3,2023,10,4,20231010,20231109,20231112.0,Retard < 30j
FAC-2025-03634,2025-02-23,2025-04-09,2025-04-11,CLI-0133,SVC-011,DEPT-002,1,4500.0,0,4500.0,900.0,5400.0,Payée,4500.0,2,2025,2,1,20250223,20250409,20250411.0,Retard < 30j
FAC-2025-03635,2023-09-16,2023-10-16,,CLI-0016,SVC-014,DEPT-002,8,1500.0,10,10800.0,2160.0,12960.0,Retard,0.0,929,2023,9,3,20230916,20231016,,Contentieux > 90j
FAC-2025-03636,2024-10-16,2024-11-15,2024-11-23,CLI-0181,SVC-008,DEPT-003,1,2500.0,5,2375.0,475.0,2850.0,Payée,2375.0,8,2024,10,4,20241016,20241115,20241123.0,Retard < 30j
FAC-2025-03637,2023-05-30,2023-06-29,2023-07-21,CLI-0086,SVC-005,DEPT-003,1,15000.0,0,15000.0,3000.0,18000.0,Payée,15000.0,22,2023,5,2,20230530,20230629,20230721.0,Retard < 30j
FAC-2025-03638,2023-10-29,2023-11-28,2023-12-24,CLI-0002,SVC-006,DEPT-004,1,450.0,5,427.5,85.5,513.0,Payée,427.5,26,2023,10,4,20231029,20231128,20231224.0,Retard < 30j
FAC-2025-03639,2023-01-13,2023-02-27,,CLI-0169,SVC-023,DEPT-007,5,750.0,10,3375.0,675.0,4050.0,Contentieux,0.0,1160,2023,1,1,20230113,20230227,,Contentieux > 90j
FAC-2025-03640,2025-02-04,2025-04-05,2025-04-05,CLI-0144,SVC-005,DEPT-004,1,15000.0,0,15000.0,3000.0,18000.0,Payée,15000.0,0,2025,2,1,20250204,20250405,20250405.0,Dans les délais
FAC-2025-03641,2024-04-16,2024-05-16,2024-05-16,CLI-0007,SVC-007,DEPT-003,1,1200.0,5,1140.0,228.0,1368.0,Payée,1140.0,0,2024,4,2,20240416,20240516,20240516.0,Dans les délais
FAC-2025-03642,2023-10-22,2023-11-21,2023-11-25,CLI-0141,SVC-018,DEPT-001,1,6500.0,5,6175.0,1235.0,7410.0,Payée,6175.0,4,2023,10,4,20231022,20231121,20231125.0,Retard < 30j
FAC-2025-03643,2024-07-06,2024-08-05,,CLI-0174,SVC-023,DEPT-004,6,750.0,0,4500.0,900.0,5400.0,Partielle,2448.53,635,2024,7,3,20240706,20240805,,Contentieux > 90j
FAC-2025-03644,2024-02-08,2024-03-24,,CLI-0004,SVC-013,DEPT-007,7,1100.0,5,7315.0,1463.0,8778.0,Retard,0.0,769,2024,2,1,20240208,20240324,,Contentieux > 90j
FAC-2025-03645,2023-01-09,2023-02-08,,CLI-0135,SVC-007,DEPT-002,1,1200.0,0,1200.0,240.0,1440.0,Contentieux,0.0,1179,2023,1,1,20230109,20230208,,Contentieux > 90j
FAC-2025-03646,2025-11-26,2025-12-26,,CLI-0007,SVC-002,DEPT-003,1,8500.0,0,8500.0,1700.0,10200.0,Partielle,3087.63,127,2025,11,4,20251126,20251226,,Contentieux > 90j
FAC-2025-03647,2024-02-24,2024-04-09,2024-05-02,CLI-0167,SVC-007,DEPT-007,1,1200.0,15,1020.0,204.0,1224.0,Payée,1020.0,23,2024,2,1,20240224,20240409,20240502.0,Retard < 30j
FAC-2025-03648,2025-11-09,2025-12-24,,CLI-0122,SVC-001,DEPT-007,1,3500.0,0,3500.0,700.0,4200.0,Contentieux,0.0,129,2025,11,4,20251109,20251224,,Contentieux > 90j
FAC-2025-03649,2025-10-18,2025-12-17,2026-01-02,CLI-0184,SVC-013,DEPT-003,2,1100.0,5,2090.0,418.0,2508.0,Payée,2090.0,16,2025,10,4,20251018,20251217,20260102.0,Retard < 30j
FAC-2025-03650,2025-06-09,2025-07-24,2025-08-11,CLI-0185,SVC-010,DEPT-004,39,45.0,0,1755.0,351.0,2106.0,Payée,1755.0,18,2025,6,2,20250609,20250724,20250811.0,Retard < 30j
FAC-2025-03651,2023-04-17,2023-06-01,2023-06-19,CLI-0090,SVC-019,DEPT-001,5,180.0,10,810.0,162.0,972.0,Payée,810.0,18,2023,4,2,20230417,20230601,20230619.0,Retard < 30j
FAC-2025-03652,2025-02-05,2025-04-06,,CLI-0173,SVC-007,DEPT-001,1,1200.0,0,1200.0,240.0,1440.0,Retard,0.0,391,2025,2,1,20250205,20250406,,Contentieux > 90j
FAC-2025-03653,2024-11-10,2024-12-10,2025-01-07,CLI-0023,SVC-004,DEPT-001,5,1200.0,0,6000.0,1200.0,7200.0,Payée,6000.0,28,2024,11,4,20241110,20241210,20250107.0,Retard < 30j
FAC-2025-03654,2024-03-19,2024-04-18,,CLI-0166,SVC-002,DEPT-007,1,8500.0,15,7225.0,1445.0,8670.0,Retard,0.0,744,2024,3,1,20240319,20240418,,Contentieux > 90j
FAC-2025-03655,2023-03-15,2023-05-14,2023-05-27,CLI-0196,SVC-024,DEPT-001,5,700.0,0,3500.0,700.0,4200.0,Payée,3500.0,13,2023,3,1,20230315,20230514,20230527.0,Retard < 30j
FAC-2025-03656,2023-05-11,2023-06-25,2023-07-22,CLI-0087,SVC-008,DEPT-003,1,2500.0,0,2500.0,500.0,3000.0,Payée,2500.0,27,2023,5,2,20230511,20230625,20230722.0,Retard < 30j
FAC-2025-03657,2024-03-13,2024-04-12,2024-04-13,CLI-0023,SVC-022,DEPT-003,6,600.0,0,3600.0,720.0,4320.0,Payée,3600.0,1,2024,3,1,20240313,20240412,20240413.0,Retard < 30j
FAC-2025-03658,2024-03-20,2024-04-19,2024-05-16,CLI-0158,SVC-021,DEPT-001,8,800.0,0,6400.0,1280.0,7680.0,Payée,6400.0,27,2024,3,1,20240320,20240419,20240516.0,Retard < 30j
FAC-2025-03659,2023-01-25,2023-03-11,2023-03-26,CLI-0059,SVC-002,DEPT-004,1,8500.0,0,8500.0,1700.0,10200.0,Payée,8500.0,15,2023,1,1,20230125,20230311,20230326.0,Retard < 30j
FAC-2025-03660,2023-08-14,2023-10-13,,CLI-0091,SVC-015,DEPT-007,1,2800.0,0,2800.0,560.0,3360.0,Retard,0.0,932,2023,8,3,20230814,20231013,,Contentieux > 90j
FAC-2025-03661,2023-07-06,2023-08-05,2023-08-09,CLI-0084,SVC-002,DEPT-004,1,8500.0,15,7225.0,1445.0,8670.0,Payée,7225.0,4,2023,7,3,20230706,20230805,20230809.0,Retard < 30j
FAC-2025-03662,2025-12-15,2026-01-14,2026-01-15,CLI-0032,SVC-013,DEPT-004,9,1100.0,5,9405.0,1881.0,11286.0,Payée,9405.0,1,2025,12,4,20251215,20260114,20260115.0,Retard < 30j
FAC-2025-03663,2025-01-19,2025-02-18,2025-03-18,CLI-0028,SVC-004,DEPT-004,9,1200.0,10,9720.0,1944.0,11664.0,Payée,9720.0,28,2025,1,1,20250119,20250218,20250318.0,Retard < 30j
FAC-2025-03664,2025-08-20,2025-09-19,2025-10-06,CLI-0035,SVC-003,DEPT-007,1,22000.0,10,19800.0,3960.0,23760.0,Payée,19800.0,17,2025,8,3,20250820,20250919,20251006.0,Retard < 30j
FAC-2025-03665,2024-02-12,2024-03-28,2024-03-28,CLI-0160,SVC-007,DEPT-003,1,1200.0,0,1200.0,240.0,1440.0,Payée,1200.0,0,2024,2,1,20240212,20240328,20240328.0,Dans les délais
FAC-2025-03666,2024-02-29,2024-03-30,2024-04-28,CLI-0008,SVC-011,DEPT-001,1,4500.0,0,4500.0,900.0,5400.0,Payée,4500.0,29,2024,2,1,20240229,20240330,20240428.0,Retard < 30j
FAC-2025-03667,2025-05-14,2025-08-12,,CLI-0179,SVC-012,DEPT-007,1,3200.0,0,3200.0,640.0,3840.0,Retard,0.0,263,2025,5,2,20250514,20250812,,Contentieux > 90j
FAC-2025-03668,2025-01-16,2025-03-02,,CLI-0117,SVC-008,DEPT-007,1,2500.0,15,2125.0,425.0,2550.0,Contentieux,0.0,426,2025,1,1,20250116,20250302,,Contentieux > 90j
FAC-2025-03669,2023-12-01,2024-01-15,2024-01-19,CLI-0180,SVC-017,DEPT-001,1,950.0,0,950.0,190.0,1140.0,Payée,950.0,4,2023,12,4,20231201,20240115,20240119.0,Retard < 30j
FAC-2025-03670,2025-09-14,2025-10-14,2025-10-30,CLI-0145,SVC-023,DEPT-007,6,750.0,0,4500.0,900.0,5400.0,Payée,4500.0,16,2025,9,3,20250914,20251014,20251030.0,Retard < 30j
FAC-2025-03671,2025-05-26,2025-06-25,,CLI-0086,SVC-014,DEPT-002,9,1500.0,0,13500.0,2700.0,16200.0,Partielle,4079.03,311,2025,5,2,20250526,20250625,,Contentieux > 90j
FAC-2025-03672,2025-11-21,2025-12-21,2026-01-14,CLI-0002,SVC-005,DEPT-002,1,15000.0,0,15000.0,3000.0,18000.0,Payée,15000.0,24,2025,11,4,20251121,20251221,20260114.0,Retard < 30j
FAC-2025-03673,2025-05-30,2025-06-29,2025-07-10,CLI-0148,SVC-013,DEPT-003,10,1100.0,0,11000.0,2200.0,13200.0,Payée,11000.0,11,2025,5,2,20250530,20250629,20250710.0,Retard < 30j
FAC-2025-03674,2025-01-29,2025-03-15,2025-04-12,CLI-0020,SVC-021,DEPT-003,1,800.0,0,800.0,160.0,960.0,Payée,800.0,28,2025,1,1,20250129,20250315,20250412.0,Retard < 30j
FAC-2025-03675,2023-08-07,2023-09-21,2023-09-28,CLI-0095,SVC-014,DEPT-001,4,1500.0,0,6000.0,1200.0,7200.0,Payée,6000.0,7,2023,8,3,20230807,20230921,20230928.0,Retard < 30j
FAC-2025-03676,2025-08-24,2025-10-23,,CLI-0165,SVC-019,DEPT-004,6,180.0,10,972.0,194.4,1166.4,Retard,0.0,191,2025,8,3,20250824,20251023,,Contentieux > 90j
FAC-2025-03677,2023-12-08,2024-01-07,,CLI-0070,SVC-018,DEPT-004,1,6500.0,15,5525.0,1105.0,6630.0,Retard,0.0,846,2023,12,4,20231208,20240107,,Contentieux > 90j
FAC-2025-03678,2023-08-26,2023-09-25,2023-09-28,CLI-0142,SVC-024,DEPT-003,2,700.0,10,1260.0,252.0,1512.0,Payée,1260.0,3,2023,8,3,20230826,20230925,20230928.0,Retard < 30j
FAC-2025-03679,2025-09-11,2025-10-11,2025-10-11,CLI-0041,SVC-023,DEPT-001,9,750.0,10,6075.0,1215.0,7290.0,Payée,6075.0,0,2025,9,3,20250911,20251011,20251011.0,Dans les délais
FAC-2025-03680,2023-10-27,2023-12-11,,CLI-0139,SVC-003,DEPT-003,1,22000.0,0,22000.0,4400.0,26400.0,Retard,0.0,873,2023,10,4,20231027,20231211,,Contentieux > 90j
FAC-2025-03681,2024-08-27,2024-10-11,2024-10-11,CLI-0045,SVC-007,DEPT-003,1,1200.0,5,1140.0,228.0,1368.0,Payée,1140.0,0,2024,8,3,20240827,20241011,20241011.0,Dans les délais
FAC-2025-03682,2025-07-04,2025-09-02,2025-09-24,CLI-0149,SVC-023,DEPT-001,8,750.0,0,6000.0,1200.0,7200.0,Payée,6000.0,22,2025,7,3,20250704,20250902,20250924.0,Retard < 30j
FAC-2025-03683,2025-08-30,2025-10-14,,CLI-0177,SVC-019,DEPT-004,5,180.0,0,900.0,180.0,1080.0,Retard,0.0,200,2025,8,3,20250830,20251014,,Contentieux > 90j
FAC-2025-03684,2025-04-04,2025-05-04,2025-05-23,CLI-0110,SVC-013,DEPT-007,8,1100.0,0,8800.0,1760.0,10560.0,Payée,8800.0,19,2025,4,2,20250404,20250504,20250523.0,Retard < 30j
FAC-2025-03685,2024-08-11,2024-10-10,2024-10-28,CLI-0074,SVC-007,DEPT-002,1,1200.0,5,1140.0,228.0,1368.0,Payée,1140.0,18,2024,8,3,20240811,20241010,20241028.0,Retard < 30j
FAC-2025-03686,2023-10-11,2023-11-10,,CLI-0050,SVC-010,DEPT-002,44,45.0,0,1980.0,396.0,2376.0,Retard,0.0,904,2023,10,4,20231011,20231110,,Contentieux > 90j
FAC-2025-03687,2024-02-15,2024-04-15,2024-04-15,CLI-0143,SVC-020,DEPT-003,3,1400.0,0,4200.0,840.0,5040.0,Payée,4200.0,0,2024,2,1,20240215,20240415,20240415.0,Dans les délais
FAC-2025-03688,2023-01-28,2023-02-27,,CLI-0076,SVC-020,DEPT-004,8,1400.0,0,11200.0,2240.0,13440.0,Retard,0.0,1160,2023,1,1,20230128,20230227,,Contentieux > 90j
FAC-2025-03689,2023-04-13,2023-05-13,,CLI-0076,SVC-014,DEPT-007,2,1500.0,0,3000.0,600.0,3600.0,Retard,0.0,1085,2023,4,2,20230413,20230513,,Contentieux > 90j
FAC-2025-03690,2024-11-04,2024-12-19,,CLI-0037,SVC-003,DEPT-001,1,22000.0,0,22000.0,4400.0,26400.0,Retard,0.0,499,2024,11,4,20241104,20241219,,Contentieux > 90j
FAC-2025-03691,2023-11-07,2023-12-22,2023-12-25,CLI-0020,SVC-013,DEPT-004,7,1100.0,0,7700.0,1540.0,9240.0,Payée,7700.0,3,2023,11,4,20231107,20231222,20231225.0,Retard < 30j
FAC-2025-03692,2024-03-03,2024-04-02,,CLI-0110,SVC-018,DEPT-003,1,6500.0,5,6175.0,1235.0,7410.0,Retard,0.0,760,2024,3,1,20240303,20240402,,Contentieux > 90j
FAC-2025-03693,2024-02-21,2024-04-06,2024-05-03,CLI-0183,SVC-015,DEPT-002,1,2800.0,0,2800.0,560.0,3360.0,Payée,2800.0,27,2024,2,1,20240221,20240406,20240503.0,Retard < 30j
FAC-2025-03694,2023-07-02,2023-08-16,2023-09-05,CLI-0112,SVC-016,DEPT-004,1,1800.0,5,1710.0,342.0,2052.0,Payée,1710.0,20,2023,7,3,20230702,20230816,20230905.0,Retard < 30j
FAC-2025-03695,2024-05-31,2024-06-30,,CLI-0174,SVC-003,DEPT-007,1,22000.0,0,22000.0,4400.0,26400.0,Contentieux,0.0,671,2024,5,2,20240531,20240630,,Contentieux > 90j
FAC-2025-03696,2025-03-04,2025-05-03,2025-05-07,CLI-0130,SVC-021,DEPT-001,5,800.0,5,3800.0,760.0,4560.0,Payée,3800.0,4,2025,3,1,20250304,20250503,20250507.0,Retard < 30j
FAC-2025-03697,2025-10-10,2025-11-09,,CLI-0064,SVC-003,DEPT-004,1,22000.0,5,20900.0,4180.0,25080.0,Retard,0.0,174,2025,10,4,20251010,20251109,,Contentieux > 90j
FAC-2025-03698,2023-10-27,2023-11-26,2023-12-16,CLI-0134,SVC-012,DEPT-007,1,3200.0,5,3040.0,608.0,3648.0,Payée,3040.0,20,2023,10,4,20231027,20231126,20231216.0,Retard < 30j
FAC-2025-03699,2023-12-07,2024-01-21,2024-01-24,CLI-0105,SVC-009,DEPT-003,1,180.0,15,153.0,30.6,183.6,Payée,153.0,3,2023,12,4,20231207,20240121,20240124.0,Retard < 30j
FAC-2025-03700,2023-03-12,2023-04-26,,CLI-0001,SVC-002,DEPT-002,1,8500.0,5,8075.0,1615.0,9690.0,Retard,0.0,1102,2023,3,1,20230312,20230426,,Contentieux > 90j
FAC-2025-03701,2025-03-12,2025-04-11,2025-04-30,CLI-0006,SVC-018,DEPT-001,1,6500.0,5,6175.0,1235.0,7410.0,Payée,6175.0,19,2025,3,1,20250312,20250411,20250430.0,Retard < 30j
FAC-2025-03702,2023-02-19,2023-04-05,2023-04-13,CLI-0101,SVC-003,DEPT-002,1,22000.0,0,22000.0,4400.0,26400.0,Payée,22000.0,8,2023,2,1,20230219,20230405,20230413.0,Retard < 30j
FAC-2025-03703,2025-03-31,2025-04-30,,CLI-0152,SVC-004,DEPT-002,4,1200.0,5,4560.0,912.0,5472.0,Partielle,2955.05,367,2025,3,1,20250331,20250430,,Contentieux > 90j
FAC-2025-03704,2025-05-11,2025-07-10,,CLI-0074,SVC-011,DEPT-002,1,4500.0,10,4050.0,810.0,4860.0,Partielle,1987.31,296,2025,5,2,20250511,20250710,,Contentieux > 90j
FAC-2025-03705,2023-04-30,2023-06-14,2023-06-14,CLI-0004,SVC-003,DEPT-007,1,22000.0,0,22000.0,4400.0,26400.0,Payée,22000.0,0,2023,4,2,20230430,20230614,20230614.0,Dans les délais
FAC-2025-03706,2024-04-25,2024-05-25,2024-05-25,CLI-0181,SVC-019,DEPT-003,4,180.0,0,720.0,144.0,864.0,Payée,720.0,0,2024,4,2,20240425,20240525,20240525.0,Dans les délais
FAC-2025-03707,2023-12-22,2024-02-20,,CLI-0164,SVC-002,DEPT-002,1,8500.0,0,8500.0,1700.0,10200.0,Contentieux,0.0,802,2023,12,4,20231222,20240220,,Contentieux > 90j
FAC-2025-03708,2024-07-24,2024-09-07,,CLI-0105,SVC-023,DEPT-002,2,750.0,0,1500.0,300.0,1800.0,Partielle,900.1,602,2024,7,3,20240724,20240907,,Contentieux > 90j
FAC-2025-03709,2023-04-14,2023-05-29,2023-06-09,CLI-0190,SVC-022,DEPT-002,10,600.0,5,5700.0,1140.0,6840.0,Payée,5700.0,11,2023,4,2,20230414,20230529,20230609.0,Retard < 30j
FAC-2025-03710,2025-05-04,2025-08-02,2025-08-23,CLI-0195,SVC-015,DEPT-004,1,2800.0,0,2800.0,560.0,3360.0,Payée,2800.0,21,2025,5,2,20250504,20250802,20250823.0,Retard < 30j
FAC-2025-03711,2023-02-20,2023-03-22,,CLI-0052,SVC-018,DEPT-002,1,6500.0,0,6500.0,1300.0,7800.0,Retard,0.0,1137,2023,2,1,20230220,20230322,,Contentieux > 90j
FAC-2025-03712,2025-05-28,2025-06-27,,CLI-0044,SVC-022,DEPT-007,9,600.0,0,5400.0,1080.0,6480.0,Partielle,3956.09,309,2025,5,2,20250528,20250627,,Contentieux > 90j
FAC-2025-03713,2024-06-09,2024-07-24,,CLI-0096,SVC-015,DEPT-003,1,2800.0,5,2660.0,532.0,3192.0,Retard,0.0,647,2024,6,2,20240609,20240724,,Contentieux > 90j
FAC-2025-03714,2023-06-30,2023-08-29,2023-09-28,CLI-0069,SVC-003,DEPT-002,1,22000.0,0,22000.0,4400.0,26400.0,Payée,22000.0,30,2023,6,2,20230630,20230829,20230928.0,Retard < 30j
FAC-2025-03715,2025-06-05,2025-07-05,2025-07-28,CLI-0076,SVC-001,DEPT-007,1,3500.0,0,3500.0,700.0,4200.0,Payée,3500.0,23,2025,6,2,20250605,20250705,20250728.0,Retard < 30j
FAC-2025-03716,2023-10-13,2023-11-12,,CLI-0155,SVC-010,DEPT-003,7,45.0,0,315.0,63.0,378.0,Contentieux,0.0,902,2023,10,4,20231013,20231112,,Contentieux > 90j
FAC-2025-03717,2025-05-14,2025-06-13,,CLI-0044,SVC-022,DEPT-003,10,600.0,0,6000.0,1200.0,7200.0,Contentieux,0.0,323,2025,5,2,20250514,20250613,,Contentieux > 90j
FAC-2025-03718,2023-08-01,2023-08-31,2023-09-25,CLI-0199,SVC-001,DEPT-001,1,3500.0,0,3500.0,700.0,4200.0,Payée,3500.0,25,2023,8,3,20230801,20230831,20230925.0,Retard < 30j
FAC-2025-03719,2025-09-07,2025-11-06,,CLI-0157,SVC-016,DEPT-007,1,1800.0,0,1800.0,360.0,2160.0,Partielle,1132.38,177,2025,9,3,20250907,20251106,,Contentieux > 90j
FAC-2025-03720,2024-04-28,2024-06-27,,CLI-0068,SVC-014,DEPT-001,7,1500.0,0,10500.0,2100.0,12600.0,Partielle,6650.53,674,2024,4,2,20240428,20240627,,Contentieux > 90j
FAC-2025-03721,2025-03-23,2025-04-22,2025-04-27,CLI-0027,SVC-024,DEPT-002,3,700.0,0,2100.0,420.0,2520.0,Payée,2100.0,5,2025,3,1,20250323,20250422,20250427.0,Retard < 30j
FAC-2025-03722,2025-06-09,2025-07-09,,CLI-0134,SVC-014,DEPT-001,8,1500.0,0,12000.0,2400.0,14400.0,Retard,0.0,297,2025,6,2,20250609,20250709,,Contentieux > 90j
FAC-2025-03723,2024-02-03,2024-03-04,2024-03-24,CLI-0174,SVC-023,DEPT-003,8,750.0,5,5700.0,1140.0,6840.0,Payée,5700.0,20,2024,2,1,20240203,20240304,20240324.0,Retard < 30j
FAC-2025-03724,2023-01-02,2023-02-01,2023-02-11,CLI-0052,SVC-006,DEPT-003,1,450.0,0,450.0,90.0,540.0,Payée,450.0,10,2023,1,1,20230102,20230201,20230211.0,Retard < 30j
FAC-2025-03725,2023-08-06,2023-10-05,2023-10-30,CLI-0173,SVC-018,DEPT-004,1,6500.0,0,6500.0,1300.0,7800.0,Payée,6500.0,25,2023,8,3,20230806,20231005,20231030.0,Retard < 30j
FAC-2025-03726,2025-06-07,2025-07-07,2025-08-02,CLI-0145,SVC-005,DEPT-004,1,15000.0,0,15000.0,3000.0,18000.0,Payée,15000.0,26,2025,6,2,20250607,20250707,20250802.0,Retard < 30j
FAC-2025-03727,2024-01-20,2024-03-05,2024-04-03,CLI-0094,SVC-001,DEPT-001,1,3500.0,10,3150.0,630.0,3780.0,Payée,3150.0,29,2024,1,1,20240120,20240305,20240403.0,Retard < 30j
FAC-2025-03728,2023-05-29,2023-07-13,,CLI-0101,SVC-001,DEPT-004,1,3500.0,10,3150.0,630.0,3780.0,Partielle,1403.18,1024,2023,5,2,20230529,20230713,,Contentieux > 90j
FAC-2025-03729,2024-11-06,2024-12-21,2024-12-21,CLI-0033,SVC-013,DEPT-002,8,1100.0,0,8800.0,1760.0,10560.0,Payée,8800.0,0,2024,11,4,20241106,20241221,20241221.0,Dans les délais
FAC-2025-03730,2025-03-22,2025-05-06,2025-06-04,CLI-0180,SVC-012,DEPT-004,1,3200.0,0,3200.0,640.0,3840.0,Payée,3200.0,29,2025,3,1,20250322,20250506,20250604.0,Retard < 30j
FAC-2025-03731,2023-08-22,2023-10-21,2023-11-08,CLI-0024,SVC-021,DEPT-001,5,800.0,0,4000.0,800.0,4800.0,Payée,4000.0,18,2023,8,3,20230822,20231021,20231108.0,Retard < 30j
FAC-2025-03732,2024-01-12,2024-02-11,,CLI-0002,SVC-023,DEPT-002,5,750.0,0,3750.0,750.0,4500.0,Retard,0.0,811,2024,1,1,20240112,20240211,,Contentieux > 90j
FAC-2025-03733,2025-10-03,2025-11-17,2025-11-17,CLI-0160,SVC-015,DEPT-002,1,2800.0,0,2800.0,560.0,3360.0,Payée,2800.0,0,2025,10,4,20251003,20251117,20251117.0,Dans les délais
FAC-2025-03734,2023-10-17,2023-11-16,2023-11-17,CLI-0197,SVC-001,DEPT-002,1,3500.0,0,3500.0,700.0,4200.0,Payée,3500.0,1,2023,10,4,20231017,20231116,20231117.0,Retard < 30j
FAC-2025-03735,2023-01-28,2023-03-14,2023-03-14,CLI-0108,SVC-021,DEPT-004,2,800.0,5,1520.0,304.0,1824.0,Payée,1520.0,0,2023,1,1,20230128,20230314,20230314.0,Dans les délais
FAC-2025-03736,2023-02-17,2023-04-03,2023-04-20,CLI-0088,SVC-006,DEPT-002,1,450.0,0,450.0,90.0,540.0,Payée,450.0,17,2023,2,1,20230217,20230403,20230420.0,Retard < 30j
FAC-2025-03737,2024-04-10,2024-05-25,2024-06-02,CLI-0055,SVC-006,DEPT-001,1,450.0,10,405.0,81.0,486.0,Payée,405.0,8,2024,4,2,20240410,20240525,20240602.0,Retard < 30j
FAC-2025-03738,2023-02-02,2023-05-03,,CLI-0195,SVC-018,DEPT-004,1,6500.0,0,6500.0,1300.0,7800.0,Partielle,1994.33,1095,2023,2,1,20230202,20230503,,Contentieux > 90j
FAC-2025-03739,2023-02-10,2023-04-11,,CLI-0196,SVC-007,DEPT-002,1,1200.0,10,1080.0,216.0,1296.0,Retard,0.0,1117,2023,2,1,20230210,20230411,,Contentieux > 90j
FAC-2025-03740,2025-05-17,2025-07-01,,CLI-0123,SVC-021,DEPT-004,3,800.0,0,2400.0,480.0,2880.0,Retard,0.0,305,2025,5,2,20250517,20250701,,Contentieux > 90j
FAC-2025-03741,2025-08-19,2025-10-03,,CLI-0116,SVC-008,DEPT-003,1,2500.0,10,2250.0,450.0,2700.0,Retard,0.0,211,2025,8,3,20250819,20251003,,Contentieux > 90j
FAC-2025-03742,2024-10-30,2024-11-29,,CLI-0007,SVC-023,DEPT-003,8,750.0,10,5400.0,1080.0,6480.0,Retard,0.0,519,2024,10,4,20241030,20241129,,Contentieux > 90j
FAC-2025-03743,2025-01-22,2025-02-21,,CLI-0097,SVC-013,DEPT-004,7,1100.0,5,7315.0,1463.0,8778.0,Partielle,3129.77,435,2025,1,1,20250122,20250221,,Contentieux > 90j
FAC-2025-03744,2024-03-02,2024-04-01,2024-04-19,CLI-0166,SVC-016,DEPT-002,1,1800.0,0,1800.0,360.0,2160.0,Payée,1800.0,18,2024,3,1,20240302,20240401,20240419.0,Retard < 30j
FAC-2025-03745,2023-05-15,2023-06-14,,CLI-0082,SVC-011,DEPT-007,1,4500.0,0,4500.0,900.0,5400.0,Retard,0.0,1053,2023,5,2,20230515,20230614,,Contentieux > 90j
FAC-2025-03746,2025-05-07,2025-07-06,2025-07-18,CLI-0165,SVC-022,DEPT-007,6,600.0,10,3240.0,648.0,3888.0,Payée,3240.0,12,2025,5,2,20250507,20250706,20250718.0,Retard < 30j
FAC-2025-03747,2024-04-13,2024-05-28,2024-06-27,CLI-0059,SVC-010,DEPT-004,43,45.0,10,1741.5,348.3,2089.8,Payée,1741.5,30,2024,4,2,20240413,20240528,20240627.0,Retard < 30j
FAC-2025-03748,2025-05-02,2025-07-01,2025-07-21,CLI-0194,SVC-006,DEPT-003,1,450.0,10,405.0,81.0,486.0,Payée,405.0,20,2025,5,2,20250502,20250701,20250721.0,Retard < 30j
FAC-2025-03749,2024-05-07,2024-06-21,,CLI-0159,SVC-011,DEPT-004,1,4500.0,0,4500.0,900.0,5400.0,Partielle,3175.66,680,2024,5,2,20240507,20240621,,Contentieux > 90j
FAC-2025-03750,2025-08-22,2025-10-06,2025-10-19,CLI-0116,SVC-017,DEPT-002,1,950.0,0,950.0,190.0,1140.0,Payée,950.0,13,2025,8,3,20250822,20251006,20251019.0,Retard < 30j
FAC-2025-03751,2025-04-16,2025-05-31,,CLI-0049,SVC-021,DEPT-003,10,800.0,0,8000.0,1600.0,9600.0,Retard,0.0,336,2025,4,2,20250416,20250531,,Contentieux > 90j
FAC-2025-03752,2025-05-31,2025-07-15,,CLI-0095,SVC-008,DEPT-007,1,2500.0,15,2125.0,425.0,2550.0,Retard,0.0,291,2025,5,2,20250531,20250715,,Contentieux > 90j
FAC-2025-03753,2023-02-18,2023-03-20,,CLI-0010,SVC-012,DEPT-003,1,3200.0,5,3040.0,608.0,3648.0,Retard,0.0,1139,2023,2,1,20230218,20230320,,Contentieux > 90j
FAC-2025-03754,2023-03-07,2023-04-06,2023-04-26,CLI-0018,SVC-012,DEPT-004,1,3200.0,0,3200.0,640.0,3840.0,Payée,3200.0,20,2023,3,1,20230307,20230406,20230426.0,Retard < 30j
FAC-2025-03755,2023-01-17,2023-02-16,2023-02-23,CLI-0051,SVC-024,DEPT-007,1,700.0,0,700.0,140.0,840.0,Payée,700.0,7,2023,1,1,20230117,20230216,20230223.0,Retard < 30j
FAC-2025-03756,2025-08-15,2025-09-14,,CLI-0014,SVC-023,DEPT-002,8,750.0,0,6000.0,1200.0,7200.0,Retard,0.0,230,2025,8,3,20250815,20250914,,Contentieux > 90j
FAC-2025-03757,2024-07-06,2024-08-20,,CLI-0180,SVC-011,DEPT-001,1,4500.0,5,4275.0,855.0,5130.0,Partielle,2708.11,620,2024,7,3,20240706,20240820,,Contentieux > 90j
FAC-2025-03758,2023-02-28,2023-04-14,2023-05-14,CLI-0075,SVC-018,DEPT-003,1,6500.0,0,6500.0,1300.0,7800.0,Payée,6500.0,30,2023,2,1,20230228,20230414,20230514.0,Retard < 30j
FAC-2025-03759,2023-03-20,2023-04-19,,CLI-0035,SVC-012,DEPT-001,1,3200.0,5,3040.0,608.0,3648.0,Retard,0.0,1109,2023,3,1,20230320,20230419,,Contentieux > 90j
FAC-2025-03760,2023-02-17,2023-04-03,,CLI-0095,SVC-011,DEPT-001,1,4500.0,5,4275.0,855.0,5130.0,Contentieux,0.0,1125,2023,2,1,20230217,20230403,,Contentieux > 90j
FAC-2025-03761,2024-12-04,2025-01-18,2025-02-11,CLI-0098,SVC-007,DEPT-007,1,1200.0,0,1200.0,240.0,1440.0,Payée,1200.0,24,2024,12,4,20241204,20250118,20250211.0,Retard < 30j
FAC-2025-03762,2024-04-21,2024-05-21,2024-06-06,CLI-0084,SVC-022,DEPT-002,4,600.0,5,2280.0,456.0,2736.0,Payée,2280.0,16,2024,4,2,20240421,20240521,20240606.0,Retard < 30j
FAC-2025-03763,2023-07-25,2023-09-23,,CLI-0024,SVC-024,DEPT-007,2,700.0,0,1400.0,280.0,1680.0,Retard,0.0,952,2023,7,3,20230725,20230923,,Contentieux > 90j
FAC-2025-03764,2023-12-08,2024-01-07,2024-01-31,CLI-0008,SVC-009,DEPT-003,1,180.0,0,180.0,36.0,216.0,Payée,180.0,24,2023,12,4,20231208,20240107,20240131.0,Retard < 30j
FAC-2025-03765,2025-06-08,2025-07-23,2025-07-29,CLI-0047,SVC-018,DEPT-003,1,6500.0,10,5850.0,1170.0,7020.0,Payée,5850.0,6,2025,6,2,20250608,20250723,20250729.0,Retard < 30j
FAC-2025-03766,2023-04-15,2023-05-15,2023-05-22,CLI-0035,SVC-023,DEPT-007,9,750.0,0,6750.0,1350.0,8100.0,Payée,6750.0,7,2023,4,2,20230415,20230515,20230522.0,Retard < 30j
FAC-2025-03767,2024-08-22,2024-09-21,2024-10-13,CLI-0110,SVC-012,DEPT-001,1,3200.0,0,3200.0,640.0,3840.0,Payée,3200.0,22,2024,8,3,20240822,20240921,20241013.0,Retard < 30j
FAC-2025-03768,2023-06-15,2023-08-14,2023-09-08,CLI-0184,SVC-021,DEPT-003,10,800.0,0,8000.0,1600.0,9600.0,Payée,8000.0,25,2023,6,2,20230615,20230814,20230908.0,Retard < 30j
FAC-2025-03769,2024-10-02,2024-11-01,2024-11-25,CLI-0109,SVC-012,DEPT-001,1,3200.0,5,3040.0,608.0,3648.0,Payée,3040.0,24,2024,10,4,20241002,20241101,20241125.0,Retard < 30j
FAC-2025-03770,2025-08-28,2025-10-12,,CLI-0132,SVC-005,DEPT-004,1,15000.0,0,15000.0,3000.0,18000.0,Retard,0.0,202,2025,8,3,20250828,20251012,,Contentieux > 90j
FAC-2025-03771,2024-05-21,2024-06-20,2024-06-23,CLI-0142,SVC-007,DEPT-001,1,1200.0,0,1200.0,240.0,1440.0,Payée,1200.0,3,2024,5,2,20240521,20240620,20240623.0,Retard < 30j
FAC-2025-03772,2025-02-06,2025-03-23,,CLI-0101,SVC-016,DEPT-002,1,1800.0,15,1530.0,306.0,1836.0,Retard,0.0,405,2025,2,1,20250206,20250323,,Contentieux > 90j
FAC-2025-03773,2023-07-27,2023-08-26,2023-09-22,CLI-0134,SVC-009,DEPT-003,1,180.0,0,180.0,36.0,216.0,Payée,180.0,27,2023,7,3,20230727,20230826,20230922.0,Retard < 30j
FAC-2025-03774,2025-11-12,2025-12-12,2025-12-12,CLI-0162,SVC-004,DEPT-004,8,1200.0,0,9600.0,1920.0,11520.0,Payée,9600.0,0,2025,11,4,20251112,20251212,20251212.0,Dans les délais
FAC-2025-03775,2023-06-21,2023-08-05,2023-08-05,CLI-0175,SVC-008,DEPT-002,1,2500.0,5,2375.0,475.0,2850.0,Payée,2375.0,0,2023,6,2,20230621,20230805,20230805.0,Dans les délais
FAC-2025-03776,2024-11-19,2025-01-03,2025-01-03,CLI-0189,SVC-020,DEPT-003,2,1400.0,0,2800.0,560.0,3360.0,Payée,2800.0,0,2024,11,4,20241119,20250103,20250103.0,Dans les délais
FAC-2025-03777,2024-11-06,2024-12-21,,CLI-0105,SVC-002,DEPT-007,1,8500.0,5,8075.0,1615.0,9690.0,Retard,0.0,497,2024,11,4,20241106,20241221,,Contentieux > 90j
FAC-2025-03778,2025-05-07,2025-06-21,,CLI-0045,SVC-005,DEPT-001,1,15000.0,0,15000.0,3000.0,18000.0,Retard,0.0,315,2025,5,2,20250507,20250621,,Contentieux > 90j
FAC-2025-03779,2024-07-28,2024-09-26,,CLI-0053,SVC-007,DEPT-007,1,1200.0,5,1140.0,228.0,1368.0,Retard,0.0,583,2024,7,3,20240728,20240926,,Contentieux > 90j
FAC-2025-03780,2023-03-20,2023-05-04,2023-05-04,CLI-0171,SVC-017,DEPT-003,1,950.0,0,950.0,190.0,1140.0,Payée,950.0,0,2023,3,1,20230320,20230504,20230504.0,Dans les délais
FAC-2025-03781,2023-04-28,2023-05-28,2023-06-07,CLI-0200,SVC-005,DEPT-004,1,15000.0,0,15000.0,3000.0,18000.0,Payée,15000.0,10,2023,4,2,20230428,20230528,20230607.0,Retard < 30j
FAC-2025-03782,2023-04-05,2023-05-20,2023-05-26,CLI-0095,SVC-012,DEPT-002,1,3200.0,10,2880.0,576.0,3456.0,Payée,2880.0,6,2023,4,2,20230405,20230520,20230526.0,Retard < 30j
FAC-2025-03783,2024-06-06,2024-07-21,2024-08-08,CLI-0033,SVC-008,DEPT-004,1,2500.0,0,2500.0,500.0,3000.0,Payée,2500.0,18,2024,6,2,20240606,20240721,20240808.0,Retard < 30j
FAC-2025-03784,2024-01-14,2024-02-13,2024-02-29,CLI-0121,SVC-015,DEPT-003,1,2800.0,5,2660.0,532.0,3192.0,Payée,2660.0,16,2024,1,1,20240114,20240213,20240229.0,Retard < 30j
FAC-2025-03785,2024-08-07,2024-09-21,2024-09-21,CLI-0180,SVC-001,DEPT-007,1,3500.0,5,3325.0,665.0,3990.0,Payée,3325.0,0,2024,8,3,20240807,20240921,20240921.0,Dans les délais
FAC-2025-03786,2024-09-04,2024-10-04,2024-10-13,CLI-0060,SVC-021,DEPT-001,4,800.0,0,3200.0,640.0,3840.0,Payée,3200.0,9,2024,9,3,20240904,20241004,20241013.0,Retard < 30j
FAC-2025-03787,2023-11-18,2024-01-02,2024-01-03,CLI-0011,SVC-022,DEPT-003,10,600.0,0,6000.0,1200.0,7200.0,Payée,6000.0,1,2023,11,4,20231118,20240102,20240103.0,Retard < 30j
FAC-2025-03788,2023-10-29,2023-12-28,,CLI-0005,SVC-014,DEPT-004,10,1500.0,0,15000.0,3000.0,18000.0,Retard,0.0,856,2023,10,4,20231029,20231228,,Contentieux > 90j
FAC-2025-03789,2025-03-09,2025-05-08,,CLI-0184,SVC-005,DEPT-001,1,15000.0,10,13500.0,2700.0,16200.0,Contentieux,0.0,359,2025,3,1,20250309,20250508,,Contentieux > 90j
FAC-2025-03790,2023-11-28,2023-12-28,,CLI-0141,SVC-007,DEPT-002,1,1200.0,0,1200.0,240.0,1440.0,Retard,0.0,856,2023,11,4,20231128,20231228,,Contentieux > 90j
FAC-2025-03791,2023-04-20,2023-05-20,2023-05-24,CLI-0187,SVC-003,DEPT-002,1,22000.0,5,20900.0,4180.0,25080.0,Payée,20900.0,4,2023,4,2,20230420,20230520,20230524.0,Retard < 30j
FAC-2025-03792,2024-05-19,2024-07-03,2024-07-18,CLI-0031,SVC-019,DEPT-004,14,180.0,0,2520.0,504.0,3024.0,Payée,2520.0,15,2024,5,2,20240519,20240703,20240718.0,Retard < 30j
FAC-2025-03793,2025-08-01,2025-09-30,2025-09-30,CLI-0068,SVC-022,DEPT-003,7,600.0,5,3990.0,798.0,4788.0,Payée,3990.0,0,2025,8,3,20250801,20250930,20250930.0,Dans les délais
FAC-2025-03794,2025-11-18,2025-12-18,2025-12-31,CLI-0044,SVC-019,DEPT-003,16,180.0,0,2880.0,576.0,3456.0,Payée,2880.0,13,2025,11,4,20251118,20251218,20251231.0,Retard < 30j
FAC-2025-03795,2023-06-15,2023-07-15,2023-07-27,CLI-0181,SVC-024,DEPT-003,6,700.0,10,3780.0,756.0,4536.0,Payée,3780.0,12,2023,6,2,20230615,20230715,20230727.0,Retard < 30j
FAC-2025-03796,2023-12-30,2024-01-29,,CLI-0016,SVC-001,DEPT-004,1,3500.0,0,3500.0,700.0,4200.0,Retard,0.0,824,2023,12,4,20231230,20240129,,Contentieux > 90j
FAC-2025-03797,2025-10-09,2025-11-23,2025-12-01,CLI-0160,SVC-008,DEPT-003,1,2500.0,0,2500.0,500.0,3000.0,Payée,2500.0,8,2025,10,4,20251009,20251123,20251201.0,Retard < 30j
FAC-2025-03798,2023-04-24,2023-06-23,2023-07-13,CLI-0196,SVC-012,DEPT-004,1,3200.0,0,3200.0,640.0,3840.0,Payée,3200.0,20,2023,4,2,20230424,20230623,20230713.0,Retard < 30j
FAC-2025-03799,2024-05-01,2024-05-31,2024-05-31,CLI-0126,SVC-002,DEPT-007,1,8500.0,5,8075.0,1615.0,9690.0,Payée,8075.0,0,2024,5,2,20240501,20240531,20240531.0,Dans les délais
FAC-2025-03800,2025-04-15,2025-05-15,2025-06-01,CLI-0063,SVC-009,DEPT-003,1,180.0,5,171.0,34.2,205.2,Payée,171.0,17,2025,4,2,20250415,20250515,20250601.0,Retard < 30j
FAC-2025-03801,2023-10-27,2023-12-11,2024-01-07,CLI-0192,SVC-003,DEPT-001,1,22000.0,0,22000.0,4400.0,26400.0,Payée,22000.0,27,2023,10,4,20231027,20231211,20240107.0,Retard < 30j
FAC-2025-03802,2024-05-13,2024-06-12,,CLI-0014,SVC-003,DEPT-004,1,22000.0,10,19800.0,3960.0,23760.0,Retard,0.0,689,2024,5,2,20240513,20240612,,Contentieux > 90j
FAC-2025-03803,2023-04-10,2023-06-09,2023-06-19,CLI-0053,SVC-003,DEPT-002,1,22000.0,10,19800.0,3960.0,23760.0,Payée,19800.0,10,2023,4,2,20230410,20230609,20230619.0,Retard < 30j
FAC-2025-03804,2023-05-04,2023-06-18,2023-06-18,CLI-0090,SVC-013,DEPT-001,2,1100.0,0,2200.0,440.0,2640.0,Payée,2200.0,0,2023,5,2,20230504,20230618,20230618.0,Dans les délais
FAC-2025-03805,2023-12-13,2024-02-11,2024-02-11,CLI-0074,SVC-018,DEPT-007,1,6500.0,0,6500.0,1300.0,7800.0,Payée,6500.0,0,2023,12,4,20231213,20240211,20240211.0,Dans les délais
FAC-2025-03806,2023-06-07,2023-07-22,,CLI-0059,SVC-022,DEPT-004,7,600.0,0,4200.0,840.0,5040.0,Retard,0.0,1015,2023,6,2,20230607,20230722,,Contentieux > 90j
FAC-2025-03807,2023-01-19,2023-03-20,,CLI-0069,SVC-014,DEPT-001,4,1500.0,0,6000.0,1200.0,7200.0,Retard,0.0,1139,2023,1,1,20230119,20230320,,Contentieux > 90j
FAC-2025-03808,2025-09-07,2025-10-07,2025-10-31,CLI-0200,SVC-023,DEPT-007,4,750.0,5,2850.0,570.0,3420.0,Payée,2850.0,24,2025,9,3,20250907,20251007,20251031.0,Retard < 30j
FAC-2025-03809,2024-09-19,2024-11-03,2024-11-03,CLI-0180,SVC-023,DEPT-001,8,750.0,0,6000.0,1200.0,7200.0,Payée,6000.0,0,2024,9,3,20240919,20241103,20241103.0,Dans les délais
FAC-2025-03810,2023-06-15,2023-07-15,,CLI-0111,SVC-005,DEPT-001,1,15000.0,0,15000.0,3000.0,18000.0,Retard,0.0,1022,2023,6,2,20230615,20230715,,Contentieux > 90j
FAC-2025-03811,2025-07-24,2025-09-07,2025-10-07,CLI-0147,SVC-001,DEPT-003,1,3500.0,0,3500.0,700.0,4200.0,Payée,3500.0,30,2025,7,3,20250724,20250907,20251007.0,Retard < 30j
FAC-2025-03812,2025-12-27,2026-01-26,2026-02-19,CLI-0008,SVC-021,DEPT-001,10,800.0,0,8000.0,1600.0,9600.0,Payée,8000.0,24,2025,12,4,20251227,20260126,20260219.0,Retard < 30j
FAC-2025-03813,2023-06-15,2023-07-15,,CLI-0163,SVC-012,DEPT-001,1,3200.0,5,3040.0,608.0,3648.0,Partielle,1799.89,1022,2023,6,2,20230615,20230715,,Contentieux > 90j
FAC-2025-03814,2024-09-14,2024-10-29,,CLI-0190,SVC-009,DEPT-004,1,180.0,0,180.0,36.0,216.0,Partielle,91.83,550,2024,9,3,20240914,20241029,,Contentieux > 90j
FAC-2025-03815,2025-03-20,2025-05-04,,CLI-0045,SVC-020,DEPT-007,6,1400.0,0,8400.0,1680.0,10080.0,Retard,0.0,363,2025,3,1,20250320,20250504,,Contentieux > 90j
FAC-2025-03816,2025-05-26,2025-06-25,2025-07-18,CLI-0056,SVC-015,DEPT-001,1,2800.0,0,2800.0,560.0,3360.0,Payée,2800.0,23,2025,5,2,20250526,20250625,20250718.0,Retard < 30j
FAC-2025-03817,2025-04-30,2025-05-30,,CLI-0155,SVC-017,DEPT-002,1,950.0,5,902.5,180.5,1083.0,Retard,0.0,337,2025,4,2,20250430,20250530,,Contentieux > 90j
FAC-2025-03818,2025-03-31,2025-04-30,,CLI-0178,SVC-012,DEPT-004,1,3200.0,0,3200.0,640.0,3840.0,Retard,0.0,367,2025,3,1,20250331,20250430,,Contentieux > 90j
FAC-2025-03819,2024-03-24,2024-04-23,2024-05-19,CLI-0138,SVC-018,DEPT-002,1,6500.0,10,5850.0,1170.0,7020.0,Payée,5850.0,26,2024,3,1,20240324,20240423,20240519.0,Retard < 30j
FAC-2025-03820,2024-02-05,2024-04-05,2024-04-18,CLI-0143,SVC-004,DEPT-001,9,1200.0,10,9720.0,1944.0,11664.0,Payée,9720.0,13,2024,2,1,20240205,20240405,20240418.0,Retard < 30j
FAC-2025-03821,2023-10-14,2023-11-13,,CLI-0051,SVC-024,DEPT-003,4,700.0,5,2660.0,532.0,3192.0,Partielle,1810.7,901,2023,10,4,20231014,20231113,,Contentieux > 90j
FAC-2025-03822,2024-09-10,2024-10-25,2024-11-13,CLI-0122,SVC-003,DEPT-002,1,22000.0,0,22000.0,4400.0,26400.0,Payée,22000.0,19,2024,9,3,20240910,20241025,20241113.0,Retard < 30j
FAC-2025-03823,2024-02-24,2024-03-25,,CLI-0152,SVC-014,DEPT-001,4,1500.0,0,6000.0,1200.0,7200.0,Contentieux,0.0,768,2024,2,1,20240224,20240325,,Contentieux > 90j
FAC-2025-03824,2025-05-02,2025-06-16,,CLI-0022,SVC-015,DEPT-002,1,2800.0,5,2660.0,532.0,3192.0,Retard,0.0,320,2025,5,2,20250502,20250616,,Contentieux > 90j
FAC-2025-03825,2023-07-29,2023-09-12,2023-09-14,CLI-0192,SVC-022,DEPT-007,6,600.0,0,3600.0,720.0,4320.0,Payée,3600.0,2,2023,7,3,20230729,20230912,20230914.0,Retard < 30j
FAC-2025-03826,2025-05-13,2025-06-12,,CLI-0126,SVC-018,DEPT-001,1,6500.0,0,6500.0,1300.0,7800.0,Partielle,2801.28,324,2025,5,2,20250513,20250612,,Contentieux > 90j
FAC-2025-03827,2024-10-03,2024-11-02,2024-11-29,CLI-0080,SVC-013,DEPT-004,7,1100.0,0,7700.0,1540.0,9240.0,Payée,7700.0,27,2024,10,4,20241003,20241102,20241129.0,Retard < 30j
FAC-2025-03828,2025-02-11,2025-03-13,,CLI-0006,SVC-007,DEPT-002,1,1200.0,0,1200.0,240.0,1440.0,Retard,0.0,415,2025,2,1,20250211,20250313,,Contentieux > 90j
FAC-2025-03829,2024-07-23,2024-09-06,2024-09-15,CLI-0001,SVC-001,DEPT-004,1,3500.0,0,3500.0,700.0,4200.0,Payée,3500.0,9,2024,7,3,20240723,20240906,20240915.0,Retard < 30j
FAC-2025-03830,2023-06-11,2023-07-11,2023-07-15,CLI-0071,SVC-023,DEPT-007,6,750.0,0,4500.0,900.0,5400.0,Payée,4500.0,4,2023,6,2,20230611,20230711,20230715.0,Retard < 30j
FAC-2025-03831,2023-12-10,2024-01-24,2024-02-02,CLI-0037,SVC-022,DEPT-003,8,600.0,10,4320.0,864.0,5184.0,Payée,4320.0,9,2023,12,4,20231210,20240124,20240202.0,Retard < 30j
FAC-2025-03832,2024-06-25,2024-08-09,,CLI-0019,SVC-002,DEPT-002,1,8500.0,0,8500.0,1700.0,10200.0,Retard,0.0,631,2024,6,2,20240625,20240809,,Contentieux > 90j
FAC-2025-03833,2023-06-17,2023-08-01,2023-08-06,CLI-0177,SVC-004,DEPT-003,9,1200.0,0,10800.0,2160.0,12960.0,Payée,10800.0,5,2023,6,2,20230617,20230801,20230806.0,Retard < 30j
FAC-2025-03834,2025-11-28,2025-12-28,2026-01-20,CLI-0148,SVC-004,DEPT-007,4,1200.0,0,4800.0,960.0,5760.0,Payée,4800.0,23,2025,11,4,20251128,20251228,20260120.0,Retard < 30j
FAC-2025-03835,2023-04-20,2023-05-20,2023-06-17,CLI-0127,SVC-021,DEPT-003,8,800.0,0,6400.0,1280.0,7680.0,Payée,6400.0,28,2023,4,2,20230420,20230520,20230617.0,Retard < 30j
FAC-2025-03836,2024-08-06,2024-09-05,2024-09-05,CLI-0176,SVC-016,DEPT-003,1,1800.0,0,1800.0,360.0,2160.0,Payée,1800.0,0,2024,8,3,20240806,20240905,20240905.0,Dans les délais
FAC-2025-03837,2023-08-07,2023-09-06,2023-10-05,CLI-0050,SVC-005,DEPT-004,1,15000.0,0,15000.0,3000.0,18000.0,Payée,15000.0,29,2023,8,3,20230807,20230906,20231005.0,Retard < 30j
FAC-2025-03838,2024-12-29,2025-02-12,2025-03-13,CLI-0105,SVC-014,DEPT-001,9,1500.0,5,12825.0,2565.0,15390.0,Payée,12825.0,29,2024,12,4,20241229,20250212,20250313.0,Retard < 30j
FAC-2025-03839,2023-06-07,2023-07-07,,CLI-0003,SVC-014,DEPT-003,8,1500.0,0,12000.0,2400.0,14400.0,Retard,0.0,1030,2023,6,2,20230607,20230707,,Contentieux > 90j
FAC-2025-03840,2023-07-13,2023-08-12,2023-08-13,CLI-0129,SVC-008,DEPT-002,1,2500.0,15,2125.0,425.0,2550.0,Payée,2125.0,1,2023,7,3,20230713,20230812,20230813.0,Retard < 30j
FAC-2025-03841,2025-01-20,2025-02-19,2025-02-25,CLI-0181,SVC-015,DEPT-004,1,2800.0,10,2520.0,504.0,3024.0,Payée,2520.0,6,2025,1,1,20250120,20250219,20250225.0,Retard < 30j
FAC-2025-03842,2024-09-16,2024-10-16,2024-11-15,CLI-0032,SVC-014,DEPT-007,10,1500.0,0,15000.0,3000.0,18000.0,Payée,15000.0,30,2024,9,3,20240916,20241016,20241115.0,Retard < 30j
FAC-2025-03843,2024-03-08,2024-04-22,,CLI-0022,SVC-003,DEPT-007,1,22000.0,0,22000.0,4400.0,26400.0,Retard,0.0,740,2024,3,1,20240308,20240422,,Contentieux > 90j
FAC-2025-03844,2023-04-20,2023-05-20,,CLI-0199,SVC-019,DEPT-001,14,180.0,0,2520.0,504.0,3024.0,Partielle,1635.1,1078,2023,4,2,20230420,20230520,,Contentieux > 90j
FAC-2025-03845,2023-01-27,2023-02-26,,CLI-0064,SVC-021,DEPT-003,8,800.0,0,6400.0,1280.0,7680.0,Contentieux,0.0,1161,2023,1,1,20230127,20230226,,Contentieux > 90j
FAC-2025-03846,2023-12-18,2024-01-17,,CLI-0057,SVC-022,DEPT-002,2,600.0,0,1200.0,240.0,1440.0,Retard,0.0,836,2023,12,4,20231218,20240117,,Contentieux > 90j
FAC-2025-03847,2024-05-10,2024-06-24,,CLI-0133,SVC-004,DEPT-007,2,1200.0,0,2400.0,480.0,2880.0,Partielle,1115.31,677,2024,5,2,20240510,20240624,,Contentieux > 90j
FAC-2025-03848,2024-09-27,2024-11-11,,CLI-0011,SVC-002,DEPT-002,1,8500.0,5,8075.0,1615.0,9690.0,Retard,0.0,537,2024,9,3,20240927,20241111,,Contentieux > 90j
FAC-2025-03849,2023-12-01,2024-01-15,2024-02-12,CLI-0147,SVC-022,DEPT-003,10,600.0,0,6000.0,1200.0,7200.0,Payée,6000.0,28,2023,12,4,20231201,20240115,20240212.0,Retard < 30j
FAC-2025-03850,2024-11-30,2024-12-30,,CLI-0155,SVC-008,DEPT-002,1,2500.0,5,2375.0,475.0,2850.0,Partielle,1686.64,488,2024,11,4,20241130,20241230,,Contentieux > 90j
FAC-2025-03851,2023-09-11,2023-10-26,2023-11-03,CLI-0183,SVC-019,DEPT-007,6,180.0,0,1080.0,216.0,1296.0,Payée,1080.0,8,2023,9,3,20230911,20231026,20231103.0,Retard < 30j
FAC-2025-03852,2023-10-25,2023-12-24,,CLI-0194,SVC-005,DEPT-003,1,15000.0,10,13500.0,2700.0,16200.0,Retard,0.0,860,2023,10,4,20231025,20231224,,Contentieux > 90j
FAC-2025-03853,2024-07-11,2024-08-25,2024-08-31,CLI-0033,SVC-015,DEPT-003,1,2800.0,0,2800.0,560.0,3360.0,Payée,2800.0,6,2024,7,3,20240711,20240825,20240831.0,Retard < 30j
FAC-2025-03854,2024-06-04,2024-07-19,,CLI-0171,SVC-003,DEPT-001,1,22000.0,10,19800.0,3960.0,23760.0,Partielle,14830.5,652,2024,6,2,20240604,20240719,,Contentieux > 90j
FAC-2025-03855,2024-01-20,2024-03-05,2024-04-03,CLI-0055,SVC-023,DEPT-004,7,750.0,10,4725.0,945.0,5670.0,Payée,4725.0,29,2024,1,1,20240120,20240305,20240403.0,Retard < 30j
FAC-2025-03856,2024-06-18,2024-07-18,,CLI-0072,SVC-019,DEPT-007,13,180.0,0,2340.0,468.0,2808.0,Retard,0.0,653,2024,6,2,20240618,20240718,,Contentieux > 90j
FAC-2025-03857,2024-04-23,2024-05-23,2024-05-23,CLI-0080,SVC-011,DEPT-007,1,4500.0,0,4500.0,900.0,5400.0,Payée,4500.0,0,2024,4,2,20240423,20240523,20240523.0,Dans les délais
FAC-2025-03858,2025-08-21,2025-09-20,2025-10-06,CLI-0076,SVC-001,DEPT-007,1,3500.0,0,3500.0,700.0,4200.0,Payée,3500.0,16,2025,8,3,20250821,20250920,20251006.0,Retard < 30j
FAC-2025-03859,2025-05-27,2025-06-26,,CLI-0014,SVC-021,DEPT-007,5,800.0,0,4000.0,800.0,4800.0,Retard,0.0,310,2025,5,2,20250527,20250626,,Contentieux > 90j
FAC-2025-03860,2024-07-22,2024-09-20,2024-09-26,CLI-0144,SVC-005,DEPT-001,1,15000.0,10,13500.0,2700.0,16200.0,Payée,13500.0,6,2024,7,3,20240722,20240920,20240926.0,Retard < 30j
FAC-2025-03861,2024-01-21,2024-03-21,,CLI-0143,SVC-016,DEPT-004,1,1800.0,0,1800.0,360.0,2160.0,Partielle,1373.16,772,2024,1,1,20240121,20240321,,Contentieux > 90j
FAC-2025-03862,2023-05-12,2023-06-11,2023-07-06,CLI-0127,SVC-017,DEPT-002,1,950.0,0,950.0,190.0,1140.0,Payée,950.0,25,2023,5,2,20230512,20230611,20230706.0,Retard < 30j
FAC-2025-03863,2023-02-28,2023-03-30,2023-04-24,CLI-0135,SVC-015,DEPT-002,1,2800.0,0,2800.0,560.0,3360.0,Payée,2800.0,25,2023,2,1,20230228,20230330,20230424.0,Retard < 30j
FAC-2025-03864,2024-01-05,2024-02-19,,CLI-0094,SVC-001,DEPT-002,1,3500.0,0,3500.0,700.0,4200.0,Retard,0.0,803,2024,1,1,20240105,20240219,,Contentieux > 90j
FAC-2025-03865,2025-12-11,2026-01-25,2026-02-04,CLI-0087,SVC-004,DEPT-002,4,1200.0,10,4320.0,864.0,5184.0,Payée,4320.0,10,2025,12,4,20251211,20260125,20260204.0,Retard < 30j
FAC-2025-03866,2024-10-02,2024-12-01,2024-12-30,CLI-0074,SVC-014,DEPT-001,5,1500.0,10,6750.0,1350.0,8100.0,Payée,6750.0,29,2024,10,4,20241002,20241201,20241230.0,Retard < 30j
FAC-2025-03867,2024-08-17,2024-09-16,,CLI-0200,SVC-010,DEPT-007,18,45.0,0,810.0,162.0,972.0,Retard,0.0,593,2024,8,3,20240817,20240916,,Contentieux > 90j
FAC-2025-03868,2023-03-05,2023-04-19,2023-05-07,CLI-0087,SVC-005,DEPT-001,1,15000.0,0,15000.0,3000.0,18000.0,Payée,15000.0,18,2023,3,1,20230305,20230419,20230507.0,Retard < 30j
FAC-2025-03869,2025-06-18,2025-08-02,,CLI-0183,SVC-010,DEPT-007,27,45.0,0,1215.0,243.0,1458.0,Partielle,419.7,273,2025,6,2,20250618,20250802,,Contentieux > 90j
FAC-2025-03870,2023-05-14,2023-06-13,2023-06-26,CLI-0135,SVC-022,DEPT-001,6,600.0,0,3600.0,720.0,4320.0,Payée,3600.0,13,2023,5,2,20230514,20230613,20230626.0,Retard < 30j
FAC-2025-03871,2024-12-20,2025-02-03,2025-02-03,CLI-0098,SVC-016,DEPT-002,1,1800.0,0,1800.0,360.0,2160.0,Payée,1800.0,0,2024,12,4,20241220,20250203,20250203.0,Dans les délais
FAC-2025-03872,2024-10-17,2024-11-16,2024-11-30,CLI-0145,SVC-002,DEPT-003,1,8500.0,0,8500.0,1700.0,10200.0,Payée,8500.0,14,2024,10,4,20241017,20241116,20241130.0,Retard < 30j
FAC-2025-03873,2023-04-25,2023-05-25,2023-05-25,CLI-0028,SVC-022,DEPT-001,9,600.0,10,4860.0,972.0,5832.0,Payée,4860.0,0,2023,4,2,20230425,20230525,20230525.0,Dans les délais
FAC-2025-03874,2024-02-13,2024-03-14,2024-03-20,CLI-0007,SVC-021,DEPT-007,6,800.0,0,4800.0,960.0,5760.0,Payée,4800.0,6,2024,2,1,20240213,20240314,20240320.0,Retard < 30j
FAC-2025-03875,2023-03-14,2023-04-28,2023-05-23,CLI-0180,SVC-006,DEPT-004,1,450.0,5,427.5,85.5,513.0,Payée,427.5,25,2023,3,1,20230314,20230428,20230523.0,Retard < 30j
FAC-2025-03876,2025-05-17,2025-07-01,2025-07-18,CLI-0122,SVC-014,DEPT-002,10,1500.0,0,15000.0,3000.0,18000.0,Payée,15000.0,17,2025,5,2,20250517,20250701,20250718.0,Retard < 30j
FAC-2025-03877,2025-02-24,2025-03-26,2025-03-26,CLI-0072,SVC-018,DEPT-007,1,6500.0,0,6500.0,1300.0,7800.0,Payée,6500.0,0,2025,2,1,20250224,20250326,20250326.0,Dans les délais
FAC-2025-03878,2023-02-03,2023-03-20,,CLI-0058,SVC-020,DEPT-003,10,1400.0,5,13300.0,2660.0,15960.0,Retard,0.0,1139,2023,2,1,20230203,20230320,,Contentieux > 90j
FAC-2025-03879,2023-11-01,2023-12-01,2023-12-07,CLI-0041,SVC-009,DEPT-007,1,180.0,0,180.0,36.0,216.0,Payée,180.0,6,2023,11,4,20231101,20231201,20231207.0,Retard < 30j
FAC-2025-03880,2025-04-19,2025-05-19,,CLI-0057,SVC-009,DEPT-007,1,180.0,0,180.0,36.0,216.0,Retard,0.0,348,2025,4,2,20250419,20250519,,Contentieux > 90j
FAC-2025-03881,2024-04-16,2024-06-15,2024-06-16,CLI-0165,SVC-020,DEPT-007,4,1400.0,0,5600.0,1120.0,6720.0,Payée,5600.0,1,2024,4,2,20240416,20240615,20240616.0,Retard < 30j
FAC-2025-03882,2024-06-05,2024-07-20,,CLI-0122,SVC-014,DEPT-003,1,1500.0,0,1500.0,300.0,1800.0,Retard,0.0,651,2024,6,2,20240605,20240720,,Contentieux > 90j
FAC-2025-03883,2024-08-05,2024-09-04,2024-09-23,CLI-0092,SVC-006,DEPT-007,1,450.0,0,450.0,90.0,540.0,Payée,450.0,19,2024,8,3,20240805,20240904,20240923.0,Retard < 30j
FAC-2025-03884,2024-11-06,2024-12-21,2024-12-29,CLI-0043,SVC-018,DEPT-003,1,6500.0,0,6500.0,1300.0,7800.0,Payée,6500.0,8,2024,11,4,20241106,20241221,20241229.0,Retard < 30j
FAC-2025-03885,2024-12-12,2025-01-11,,CLI-0006,SVC-019,DEPT-007,7,180.0,15,1071.0,214.2,1285.2,Partielle,660.59,476,2024,12,4,20241212,20250111,,Contentieux > 90j
FAC-2025-03886,2024-07-11,2024-08-25,,CLI-0190,SVC-012,DEPT-001,1,3200.0,10,2880.0,576.0,3456.0,Partielle,2078.68,615,2024,7,3,20240711,20240825,,Contentieux > 90j
FAC-2025-03887,2025-05-24,2025-06-23,2025-06-24,CLI-0079,SVC-019,DEPT-004,15,180.0,0,2700.0,540.0,3240.0,Payée,2700.0,1,2025,5,2,20250524,20250623,20250624.0,Retard < 30j
FAC-2025-03888,2023-04-02,2023-05-02,2023-06-01,CLI-0128,SVC-011,DEPT-007,1,4500.0,0,4500.0,900.0,5400.0,Payée,4500.0,30,2023,4,2,20230402,20230502,20230601.0,Retard < 30j
FAC-2025-03889,2023-03-19,2023-04-18,,CLI-0060,SVC-001,DEPT-003,1,3500.0,5,3325.0,665.0,3990.0,Retard,0.0,1110,2023,3,1,20230319,20230418,,Contentieux > 90j
FAC-2025-03890,2025-11-07,2025-12-22,2026-01-03,CLI-0088,SVC-005,DEPT-003,1,15000.0,10,13500.0,2700.0,16200.0,Payée,13500.0,12,2025,11,4,20251107,20251222,20260103.0,Retard < 30j
FAC-2025-03891,2025-04-03,2025-05-03,2025-05-26,CLI-0186,SVC-021,DEPT-007,7,800.0,0,5600.0,1120.0,6720.0,Payée,5600.0,23,2025,4,2,20250403,20250503,20250526.0,Retard < 30j
FAC-2025-03892,2024-06-12,2024-08-11,,CLI-0165,SVC-020,DEPT-004,8,1400.0,0,11200.0,2240.0,13440.0,Retard,0.0,629,2024,6,2,20240612,20240811,,Contentieux > 90j
FAC-2025-03893,2025-06-06,2025-07-06,2025-07-17,CLI-0197,SVC-001,DEPT-007,1,3500.0,0,3500.0,700.0,4200.0,Payée,3500.0,11,2025,6,2,20250606,20250706,20250717.0,Retard < 30j
FAC-2025-03894,2023-06-15,2023-07-15,,CLI-0138,SVC-003,DEPT-007,1,22000.0,0,22000.0,4400.0,26400.0,Retard,0.0,1022,2023,6,2,20230615,20230715,,Contentieux > 90j
FAC-2025-03895,2025-07-06,2025-08-05,2025-08-22,CLI-0083,SVC-023,DEPT-004,2,750.0,0,1500.0,300.0,1800.0,Payée,1500.0,17,2025,7,3,20250706,20250805,20250822.0,Retard < 30j
FAC-2025-03896,2024-10-29,2024-12-13,2025-01-09,CLI-0136,SVC-024,DEPT-004,1,700.0,5,665.0,133.0,798.0,Payée,665.0,27,2024,10,4,20241029,20241213,20250109.0,Retard < 30j
FAC-2025-03897,2023-07-16,2023-08-15,2023-08-21,CLI-0006,SVC-022,DEPT-002,7,600.0,0,4200.0,840.0,5040.0,Payée,4200.0,6,2023,7,3,20230716,20230815,20230821.0,Retard < 30j
FAC-2025-03898,2024-02-29,2024-04-29,2024-05-21,CLI-0091,SVC-023,DEPT-007,6,750.0,5,4275.0,855.0,5130.0,Payée,4275.0,22,2024,2,1,20240229,20240429,20240521.0,Retard < 30j
FAC-2025-03899,2023-02-08,2023-03-25,,CLI-0159,SVC-011,DEPT-003,1,4500.0,10,4050.0,810.0,4860.0,Contentieux,0.0,1134,2023,2,1,20230208,20230325,,Contentieux > 90j
FAC-2025-03900,2024-11-17,2024-12-17,2024-12-26,CLI-0102,SVC-001,DEPT-004,1,3500.0,5,3325.0,665.0,3990.0,Payée,3325.0,9,2024,11,4,20241117,20241217,20241226.0,Retard < 30j
FAC-2025-03901,2023-04-04,2023-05-19,,CLI-0108,SVC-010,DEPT-003,9,45.0,10,364.5,72.9,437.4,Retard,0.0,1079,2023,4,2,20230404,20230519,,Contentieux > 90j
FAC-2025-03902,2025-06-09,2025-07-09,,CLI-0054,SVC-018,DEPT-007,1,6500.0,0,6500.0,1300.0,7800.0,Retard,0.0,297,2025,6,2,20250609,20250709,,Contentieux > 90j
FAC-2025-03903,2024-11-09,2025-02-07,2025-02-07,CLI-0179,SVC-006,DEPT-002,1,450.0,10,405.0,81.0,486.0,Payée,405.0,0,2024,11,4,20241109,20250207,20250207.0,Dans les délais
FAC-2025-03904,2024-05-07,2024-06-06,,CLI-0104,SVC-002,DEPT-004,1,8500.0,0,8500.0,1700.0,10200.0,Partielle,6795.72,695,2024,5,2,20240507,20240606,,Contentieux > 90j
FAC-2025-03905,2024-09-08,2024-11-07,2024-11-28,CLI-0053,SVC-013,DEPT-002,9,1100.0,15,8415.0,1683.0,10098.0,Payée,8415.0,21,2024,9,3,20240908,20241107,20241128.0,Retard < 30j
FAC-2025-03906,2024-08-11,2024-09-25,,CLI-0159,SVC-021,DEPT-007,10,800.0,0,8000.0,1600.0,9600.0,Retard,0.0,584,2024,8,3,20240811,20240925,,Contentieux > 90j
FAC-2025-03907,2025-02-28,2025-03-30,2025-03-30,CLI-0016,SVC-022,DEPT-001,4,600.0,0,2400.0,480.0,2880.0,Payée,2400.0,0,2025,2,1,20250228,20250330,20250330.0,Dans les délais
FAC-2025-03908,2023-10-17,2023-11-16,2023-12-02,CLI-0006,SVC-003,DEPT-001,1,22000.0,0,22000.0,4400.0,26400.0,Payée,22000.0,16,2023,10,4,20231017,20231116,20231202.0,Retard < 30j
FAC-2025-03909,2024-03-02,2024-04-01,2024-04-28,CLI-0186,SVC-021,DEPT-003,1,800.0,5,760.0,152.0,912.0,Payée,760.0,27,2024,3,1,20240302,20240401,20240428.0,Retard < 30j
FAC-2025-03910,2025-09-29,2025-11-28,2025-12-23,CLI-0046,SVC-023,DEPT-001,8,750.0,0,6000.0,1200.0,7200.0,Payée,6000.0,25,2025,9,3,20250929,20251128,20251223.0,Retard < 30j
FAC-2025-03911,2024-11-01,2024-12-31,,CLI-0068,SVC-013,DEPT-002,7,1100.0,0,7700.0,1540.0,9240.0,Partielle,5187.33,487,2024,11,4,20241101,20241231,,Contentieux > 90j
FAC-2025-03912,2024-07-30,2024-08-29,2024-09-25,CLI-0080,SVC-010,DEPT-007,14,45.0,5,598.5,119.7,718.2,Payée,598.5,27,2024,7,3,20240730,20240829,20240925.0,Retard < 30j
FAC-2025-03913,2024-05-15,2024-06-14,2024-06-18,CLI-0121,SVC-024,DEPT-002,4,700.0,0,2800.0,560.0,3360.0,Payée,2800.0,4,2024,5,2,20240515,20240614,20240618.0,Retard < 30j
FAC-2025-03914,2025-06-19,2025-08-18,2025-08-18,CLI-0069,SVC-012,DEPT-004,1,3200.0,5,3040.0,608.0,3648.0,Payée,3040.0,0,2025,6,2,20250619,20250818,20250818.0,Dans les délais
FAC-2025-03915,2025-07-03,2025-09-01,2025-09-25,CLI-0069,SVC-004,DEPT-004,5,1200.0,0,6000.0,1200.0,7200.0,Payée,6000.0,24,2025,7,3,20250703,20250901,20250925.0,Retard < 30j
FAC-2025-03916,2025-04-26,2025-06-25,,CLI-0053,SVC-022,DEPT-003,3,600.0,0,1800.0,360.0,2160.0,Partielle,940.05,311,2025,4,2,20250426,20250625,,Contentieux > 90j
FAC-2025-03917,2025-09-27,2025-10-27,2025-11-22,CLI-0013,SVC-017,DEPT-003,1,950.0,10,855.0,171.0,1026.0,Payée,855.0,26,2025,9,3,20250927,20251027,20251122.0,Retard < 30j
FAC-2025-03918,2024-08-10,2024-09-09,,CLI-0186,SVC-009,DEPT-003,1,180.0,5,171.0,34.2,205.2,Partielle,123.06,600,2024,8,3,20240810,20240909,,Contentieux > 90j
FAC-2025-03919,2024-12-26,2025-01-25,2025-02-05,CLI-0044,SVC-019,DEPT-001,8,180.0,0,1440.0,288.0,1728.0,Payée,1440.0,11,2024,12,4,20241226,20250125,20250205.0,Retard < 30j
FAC-2025-03920,2025-03-08,2025-04-22,2025-05-05,CLI-0075,SVC-016,DEPT-001,1,1800.0,0,1800.0,360.0,2160.0,Payée,1800.0,13,2025,3,1,20250308,20250422,20250505.0,Retard < 30j
FAC-2025-03921,2023-02-16,2023-03-18,2023-04-11,CLI-0084,SVC-005,DEPT-003,1,15000.0,15,12750.0,2550.0,15300.0,Payée,12750.0,24,2023,2,1,20230216,20230318,20230411.0,Retard < 30j
FAC-2025-03922,2025-06-30,2025-08-29,2025-09-13,CLI-0024,SVC-010,DEPT-004,23,45.0,0,1035.0,207.0,1242.0,Payée,1035.0,15,2025,6,2,20250630,20250829,20250913.0,Retard < 30j
FAC-2025-03923,2024-03-01,2024-03-31,2024-03-31,CLI-0064,SVC-021,DEPT-001,1,800.0,5,760.0,152.0,912.0,Payée,760.0,0,2024,3,1,20240301,20240331,20240331.0,Dans les délais
FAC-2025-03924,2023-03-10,2023-04-24,2023-05-11,CLI-0175,SVC-009,DEPT-007,1,180.0,5,171.0,34.2,205.2,Payée,171.0,17,2023,3,1,20230310,20230424,20230511.0,Retard < 30j
FAC-2025-03925,2024-08-17,2024-10-01,2024-10-29,CLI-0047,SVC-008,DEPT-003,1,2500.0,5,2375.0,475.0,2850.0,Payée,2375.0,28,2024,8,3,20240817,20241001,20241029.0,Retard < 30j
FAC-2025-03926,2024-05-18,2024-06-17,2024-06-24,CLI-0134,SVC-012,DEPT-002,1,3200.0,0,3200.0,640.0,3840.0,Payée,3200.0,7,2024,5,2,20240518,20240617,20240624.0,Retard < 30j
FAC-2025-03927,2023-03-07,2023-05-06,2023-05-30,CLI-0130,SVC-014,DEPT-001,1,1500.0,10,1350.0,270.0,1620.0,Payée,1350.0,24,2023,3,1,20230307,20230506,20230530.0,Retard < 30j
FAC-2025-03928,2023-06-11,2023-07-26,2023-08-09,CLI-0175,SVC-024,DEPT-007,2,700.0,0,1400.0,280.0,1680.0,Payée,1400.0,14,2023,6,2,20230611,20230726,20230809.0,Retard < 30j
FAC-2025-03929,2023-06-09,2023-07-09,,CLI-0115,SVC-014,DEPT-007,2,1500.0,5,2850.0,570.0,3420.0,Retard,0.0,1028,2023,6,2,20230609,20230709,,Contentieux > 90j
FAC-2025-03930,2025-03-28,2025-04-27,2025-04-28,CLI-0174,SVC-019,DEPT-003,12,180.0,15,1836.0,367.2,2203.2,Payée,1836.0,1,2025,3,1,20250328,20250427,20250428.0,Retard < 30j
FAC-2025-03931,2025-07-06,2025-08-05,2025-08-27,CLI-0155,SVC-007,DEPT-001,1,1200.0,5,1140.0,228.0,1368.0,Payée,1140.0,22,2025,7,3,20250706,20250805,20250827.0,Retard < 30j
FAC-2025-03932,2024-09-19,2024-11-03,,CLI-0098,SVC-024,DEPT-004,8,700.0,0,5600.0,1120.0,6720.0,Partielle,3110.03,545,2024,9,3,20240919,20241103,,Contentieux > 90j
FAC-2025-03933,2023-01-01,2023-03-02,2023-03-23,CLI-0157,SVC-016,DEPT-004,1,1800.0,0,1800.0,360.0,2160.0,Payée,1800.0,21,2023,1,1,20230101,20230302,20230323.0,Retard < 30j
FAC-2025-03934,2023-10-29,2023-11-28,2023-12-01,CLI-0200,SVC-013,DEPT-003,10,1100.0,0,11000.0,2200.0,13200.0,Payée,11000.0,3,2023,10,4,20231029,20231128,20231201.0,Retard < 30j
FAC-2025-03935,2025-02-06,2025-03-08,2025-03-08,CLI-0128,SVC-011,DEPT-003,1,4500.0,0,4500.0,900.0,5400.0,Payée,4500.0,0,2025,2,1,20250206,20250308,20250308.0,Dans les délais
FAC-2025-03936,2024-04-21,2024-05-21,2024-05-27,CLI-0051,SVC-023,DEPT-004,4,750.0,0,3000.0,600.0,3600.0,Payée,3000.0,6,2024,4,2,20240421,20240521,20240527.0,Retard < 30j
FAC-2025-03937,2023-02-05,2023-03-07,2023-03-17,CLI-0134,SVC-010,DEPT-007,21,45.0,0,945.0,189.0,1134.0,Payée,945.0,10,2023,2,1,20230205,20230307,20230317.0,Retard < 30j
FAC-2025-03938,2023-12-24,2024-02-22,2024-02-22,CLI-0164,SVC-014,DEPT-002,3,1500.0,0,4500.0,900.0,5400.0,Payée,4500.0,0,2023,12,4,20231224,20240222,20240222.0,Dans les délais
FAC-2025-03939,2025-03-06,2025-04-05,2025-04-19,CLI-0027,SVC-018,DEPT-004,1,6500.0,0,6500.0,1300.0,7800.0,Payée,6500.0,14,2025,3,1,20250306,20250405,20250419.0,Retard < 30j
FAC-2025-03940,2023-07-04,2023-08-03,,CLI-0076,SVC-007,DEPT-007,1,1200.0,0,1200.0,240.0,1440.0,Retard,0.0,1003,2023,7,3,20230704,20230803,,Contentieux > 90j
FAC-2025-03941,2024-06-18,2024-08-17,,CLI-0107,SVC-006,DEPT-001,1,450.0,0,450.0,90.0,540.0,Partielle,321.21,623,2024,6,2,20240618,20240817,,Contentieux > 90j
FAC-2025-03942,2024-06-21,2024-07-21,2024-07-26,CLI-0057,SVC-011,DEPT-002,1,4500.0,0,4500.0,900.0,5400.0,Payée,4500.0,5,2024,6,2,20240621,20240721,20240726.0,Retard < 30j
FAC-2025-03943,2024-04-07,2024-05-07,,CLI-0156,SVC-016,DEPT-007,1,1800.0,10,1620.0,324.0,1944.0,Contentieux,0.0,725,2024,4,2,20240407,20240507,,Contentieux > 90j
FAC-2025-03944,2024-09-27,2024-10-27,2024-10-27,CLI-0129,SVC-014,DEPT-002,8,1500.0,0,12000.0,2400.0,14400.0,Payée,12000.0,0,2024,9,3,20240927,20241027,20241027.0,Dans les délais
FAC-2025-03945,2025-11-01,2025-12-16,2026-01-02,CLI-0116,SVC-003,DEPT-007,1,22000.0,5,20900.0,4180.0,25080.0,Payée,20900.0,17,2025,11,4,20251101,20251216,20260102.0,Retard < 30j
FAC-2025-03946,2024-07-01,2024-08-15,,CLI-0119,SVC-007,DEPT-003,1,1200.0,10,1080.0,216.0,1296.0,Contentieux,0.0,625,2024,7,3,20240701,20240815,,Contentieux > 90j
FAC-2025-03947,2024-12-16,2025-02-14,2025-03-14,CLI-0164,SVC-003,DEPT-007,1,22000.0,0,22000.0,4400.0,26400.0,Payée,22000.0,28,2024,12,4,20241216,20250214,20250314.0,Retard < 30j
FAC-2025-03948,2023-12-10,2024-01-24,2024-02-09,CLI-0116,SVC-021,DEPT-007,2,800.0,0,1600.0,320.0,1920.0,Payée,1600.0,16,2023,12,4,20231210,20240124,20240209.0,Retard < 30j
FAC-2025-03949,2025-12-06,2026-01-20,,CLI-0189,SVC-002,DEPT-001,1,8500.0,0,8500.0,1700.0,10200.0,Partielle,5923.03,102,2025,12,4,20251206,20260120,,Contentieux > 90j
FAC-2025-03950,2025-02-07,2025-03-09,,CLI-0052,SVC-018,DEPT-001,1,6500.0,0,6500.0,1300.0,7800.0,Retard,0.0,419,2025,2,1,20250207,20250309,,Contentieux > 90j
FAC-2025-03951,2024-12-07,2025-01-06,2025-02-04,CLI-0121,SVC-015,DEPT-002,1,2800.0,5,2660.0,532.0,3192.0,Payée,2660.0,29,2024,12,4,20241207,20250106,20250204.0,Retard < 30j
FAC-2025-03952,2024-03-27,2024-04-26,,CLI-0029,SVC-019,DEPT-001,11,180.0,0,1980.0,396.0,2376.0,Contentieux,0.0,736,2024,3,1,20240327,20240426,,Contentieux > 90j
FAC-2025-03953,2023-03-26,2023-05-10,,CLI-0169,SVC-023,DEPT-001,1,750.0,15,637.5,127.5,765.0,Contentieux,0.0,1088,2023,3,1,20230326,20230510,,Contentieux > 90j
FAC-2025-03954,2024-01-23,2024-02-22,2024-02-28,CLI-0083,SVC-013,DEPT-003,5,1100.0,0,5500.0,1100.0,6600.0,Payée,5500.0,6,2024,1,1,20240123,20240222,20240228.0,Retard < 30j
FAC-2025-03955,2025-01-27,2025-03-13,,CLI-0049,SVC-004,DEPT-001,10,1200.0,0,12000.0,2400.0,14400.0,Retard,0.0,415,2025,1,1,20250127,20250313,,Contentieux > 90j
FAC-2025-03956,2023-07-28,2023-10-26,2023-11-20,CLI-0179,SVC-024,DEPT-002,3,700.0,0,2100.0,420.0,2520.0,Payée,2100.0,25,2023,7,3,20230728,20231026,20231120.0,Retard < 30j
FAC-2025-03957,2023-06-28,2023-08-12,2023-08-19,CLI-0094,SVC-003,DEPT-002,1,22000.0,0,22000.0,4400.0,26400.0,Payée,22000.0,7,2023,6,2,20230628,20230812,20230819.0,Retard < 30j
FAC-2025-03958,2024-12-30,2025-01-29,,CLI-0026,SVC-011,DEPT-001,1,4500.0,0,4500.0,900.0,5400.0,Retard,0.0,458,2024,12,4,20241230,20250129,,Contentieux > 90j
FAC-2025-03959,2023-03-21,2023-04-20,,CLI-0102,SVC-008,DEPT-003,1,2500.0,0,2500.0,500.0,3000.0,Retard,0.0,1108,2023,3,1,20230321,20230420,,Contentieux > 90j
FAC-2025-03960,2025-06-22,2025-07-22,,CLI-0003,SVC-015,DEPT-001,1,2800.0,0,2800.0,560.0,3360.0,Retard,0.0,284,2025,6,2,20250622,20250722,,Contentieux > 90j
FAC-2025-03961,2025-04-14,2025-05-14,2025-05-29,CLI-0015,SVC-020,DEPT-003,6,1400.0,5,7980.0,1596.0,9576.0,Payée,7980.0,15,2025,4,2,20250414,20250514,20250529.0,Retard < 30j
FAC-2025-03962,2025-06-04,2025-07-04,2025-07-18,CLI-0142,SVC-014,DEPT-001,4,1500.0,5,5700.0,1140.0,6840.0,Payée,5700.0,14,2025,6,2,20250604,20250704,20250718.0,Retard < 30j
FAC-2025-03963,2024-01-12,2024-02-26,2024-03-09,CLI-0171,SVC-024,DEPT-003,10,700.0,0,7000.0,1400.0,8400.0,Payée,7000.0,12,2024,1,1,20240112,20240226,20240309.0,Retard < 30j
FAC-2025-03964,2025-05-03,2025-06-17,2025-06-18,CLI-0048,SVC-002,DEPT-001,1,8500.0,0,8500.0,1700.0,10200.0,Payée,8500.0,1,2025,5,2,20250503,20250617,20250618.0,Retard < 30j
FAC-2025-03965,2025-02-22,2025-04-08,2025-04-08,CLI-0133,SVC-004,DEPT-007,7,1200.0,5,7980.0,1596.0,9576.0,Payée,7980.0,0,2025,2,1,20250222,20250408,20250408.0,Dans les délais
FAC-2025-03966,2023-11-24,2024-02-22,2024-02-24,CLI-0195,SVC-005,DEPT-004,1,15000.0,5,14250.0,2850.0,17100.0,Payée,14250.0,2,2023,11,4,20231124,20240222,20240224.0,Retard < 30j
FAC-2025-03967,2025-05-04,2025-07-03,,CLI-0165,SVC-005,DEPT-001,1,15000.0,10,13500.0,2700.0,16200.0,Partielle,5075.63,303,2025,5,2,20250504,20250703,,Contentieux > 90j
FAC-2025-03968,2024-12-29,2025-03-29,2025-04-17,CLI-0195,SVC-016,DEPT-007,1,1800.0,10,1620.0,324.0,1944.0,Payée,1620.0,19,2024,12,4,20241229,20250329,20250417.0,Retard < 30j
FAC-2025-03969,2023-10-27,2023-11-26,2023-12-22,CLI-0174,SVC-013,DEPT-007,1,1100.0,0,1100.0,220.0,1320.0,Payée,1100.0,26,2023,10,4,20231027,20231126,20231222.0,Retard < 30j
FAC-2025-03970,2023-01-08,2023-02-07,2023-02-24,CLI-0027,SVC-024,DEPT-004,1,700.0,0,700.0,140.0,840.0,Payée,700.0,17,2023,1,1,20230108,20230207,20230224.0,Retard < 30j
FAC-2025-03971,2025-07-22,2025-09-05,2025-09-09,CLI-0042,SVC-005,DEPT-001,1,15000.0,0,15000.0,3000.0,18000.0,Payée,15000.0,4,2025,7,3,20250722,20250905,20250909.0,Retard < 30j
FAC-2025-03972,2025-08-06,2025-09-05,2025-09-08,CLI-0014,SVC-021,DEPT-003,5,800.0,0,4000.0,800.0,4800.0,Payée,4000.0,3,2025,8,3,20250806,20250905,20250908.0,Retard < 30j
FAC-2025-03973,2025-08-06,2025-09-05,2025-09-22,CLI-0057,SVC-018,DEPT-001,1,6500.0,10,5850.0,1170.0,7020.0,Payée,5850.0,17,2025,8,3,20250806,20250905,20250922.0,Retard < 30j
FAC-2025-03974,2024-01-17,2024-03-02,,CLI-0094,SVC-011,DEPT-003,1,4500.0,10,4050.0,810.0,4860.0,Retard,0.0,791,2024,1,1,20240117,20240302,,Contentieux > 90j
FAC-2025-03975,2023-02-17,2023-03-19,,CLI-0158,SVC-021,DEPT-004,3,800.0,10,2160.0,432.0,2592.0,Partielle,1079.39,1140,2023,2,1,20230217,20230319,,Contentieux > 90j
FAC-2025-03976,2023-02-28,2023-03-30,,CLI-0014,SVC-010,DEPT-003,12,45.0,5,513.0,102.6,615.6,Retard,0.0,1129,2023,2,1,20230228,20230330,,Contentieux > 90j
FAC-2025-03977,2025-01-04,2025-02-18,2025-03-10,CLI-0004,SVC-014,DEPT-007,5,1500.0,10,6750.0,1350.0,8100.0,Payée,6750.0,20,2025,1,1,20250104,20250218,20250310.0,Retard < 30j
FAC-2025-03978,2023-02-17,2023-04-03,2023-04-30,CLI-0108,SVC-002,DEPT-007,1,8500.0,0,8500.0,1700.0,10200.0,Payée,8500.0,27,2023,2,1,20230217,20230403,20230430.0,Retard < 30j
FAC-2025-03979,2025-06-11,2025-07-11,,CLI-0156,SVC-011,DEPT-002,1,4500.0,0,4500.0,900.0,5400.0,Retard,0.0,295,2025,6,2,20250611,20250711,,Contentieux > 90j
FAC-2025-03980,2025-03-07,2025-04-21,2025-04-24,CLI-0011,SVC-004,DEPT-002,6,1200.0,5,6840.0,1368.0,8208.0,Payée,6840.0,3,2025,3,1,20250307,20250421,20250424.0,Retard < 30j
FAC-2025-03981,2025-10-04,2025-11-03,,CLI-0158,SVC-018,DEPT-004,1,6500.0,0,6500.0,1300.0,7800.0,Partielle,3389.09,180,2025,10,4,20251004,20251103,,Contentieux > 90j
FAC-2025-03982,2024-05-01,2024-05-31,,CLI-0109,SVC-014,DEPT-001,2,1500.0,0,3000.0,600.0,3600.0,Retard,0.0,701,2024,5,2,20240501,20240531,,Contentieux > 90j
FAC-2025-03983,2023-09-20,2023-11-04,2023-11-04,CLI-0132,SVC-021,DEPT-001,3,800.0,10,2160.0,432.0,2592.0,Payée,2160.0,0,2023,9,3,20230920,20231104,20231104.0,Dans les délais
FAC-2025-03984,2025-02-21,2025-04-07,2025-04-19,CLI-0058,SVC-018,DEPT-004,1,6500.0,0,6500.0,1300.0,7800.0,Payée,6500.0,12,2025,2,1,20250221,20250407,20250419.0,Retard < 30j
FAC-2025-03985,2023-02-01,2023-04-02,2023-04-04,CLI-0024,SVC-019,DEPT-003,8,180.0,0,1440.0,288.0,1728.0,Payée,1440.0,2,2023,2,1,20230201,20230402,20230404.0,Retard < 30j
FAC-2025-03986,2024-10-22,2024-12-06,,CLI-0160,SVC-019,DEPT-007,9,180.0,0,1620.0,324.0,1944.0,Contentieux,0.0,512,2024,10,4,20241022,20241206,,Contentieux > 90j
FAC-2025-03987,2023-05-31,2023-06-30,2023-07-24,CLI-0093,SVC-010,DEPT-007,38,45.0,5,1624.5,324.9,1949.4,Payée,1624.5,24,2023,5,2,20230531,20230630,20230724.0,Retard < 30j
FAC-2025-03988,2024-04-22,2024-05-22,2024-06-01,CLI-0015,SVC-012,DEPT-007,1,3200.0,0,3200.0,640.0,3840.0,Payée,3200.0,10,2024,4,2,20240422,20240522,20240601.0,Retard < 30j
FAC-2025-03989,2025-04-17,2025-06-01,2025-06-17,CLI-0112,SVC-003,DEPT-002,1,22000.0,0,22000.0,4400.0,26400.0,Payée,22000.0,16,2025,4,2,20250417,20250601,20250617.0,Retard < 30j
FAC-2025-03990,2025-03-17,2025-04-16,2025-05-13,CLI-0041,SVC-022,DEPT-007,8,600.0,0,4800.0,960.0,5760.0,Payée,4800.0,27,2025,3,1,20250317,20250416,20250513.0,Retard < 30j
FAC-2025-03991,2025-12-18,2026-01-17,2026-01-21,CLI-0128,SVC-021,DEPT-007,7,800.0,10,5040.0,1008.0,6048.0,Payée,5040.0,4,2025,12,4,20251218,20260117,20260121.0,Retard < 30j
FAC-2025-03992,2025-12-31,2026-01-30,,CLI-0051,SVC-012,DEPT-002,1,3200.0,5,3040.0,608.0,3648.0,Partielle,1153.45,92,2025,12,4,20251231,20260130,,Contentieux > 90j
FAC-2025-03993,2023-08-15,2023-10-14,2023-11-01,CLI-0165,SVC-001,DEPT-002,1,3500.0,0,3500.0,700.0,4200.0,Payée,3500.0,18,2023,8,3,20230815,20231014,20231101.0,Retard < 30j
FAC-2025-03994,2025-11-10,2025-12-10,2025-12-24,CLI-0013,SVC-014,DEPT-004,9,1500.0,0,13500.0,2700.0,16200.0,Payée,13500.0,14,2025,11,4,20251110,20251210,20251224.0,Retard < 30j
FAC-2025-03995,2025-10-11,2025-11-10,,CLI-0150,SVC-014,DEPT-007,9,1500.0,0,13500.0,2700.0,16200.0,Partielle,5930.16,173,2025,10,4,20251011,20251110,,Contentieux > 90j
FAC-2025-03996,2024-07-04,2024-09-02,2024-09-27,CLI-0069,SVC-016,DEPT-003,1,1800.0,5,1710.0,342.0,2052.0,Payée,1710.0,25,2024,7,3,20240704,20240902,20240927.0,Retard < 30j
FAC-2025-03997,2024-04-18,2024-06-17,2024-07-12,CLI-0046,SVC-003,DEPT-003,1,22000.0,0,22000.0,4400.0,26400.0,Payée,22000.0,25,2024,4,2,20240418,20240617,20240712.0,Retard < 30j
FAC-2025-03998,2024-11-06,2024-12-06,,CLI-0109,SVC-022,DEPT-004,10,600.0,5,5700.0,1140.0,6840.0,Partielle,3705.06,512,2024,11,4,20241106,20241206,,Contentieux > 90j
FAC-2025-03999,2025-07-25,2025-09-08,2025-09-08,CLI-0088,SVC-018,DEPT-003,1,6500.0,15,5525.0,1105.0,6630.0,Payée,5525.0,0,2025,7,3,20250725,20250908,20250908.0,Dans les délais
FAC-2025-04000,2023-11-17,2023-12-17,,CLI-0162,SVC-013,DEPT-001,7,1100.0,0,7700.0,1540.0,9240.0,Retard,0.0,867,2023,11,4,20231117,20231217,,Contentieux > 90j
FAC-2025-04001,2025-10-06,2025-11-05,2025-11-26,CLI-0187,SVC-020,DEPT-003,7,1400.0,0,9800.0,1960.0,11760.0,Payée,9800.0,21,2025,10,4,20251006,20251105,20251126.0,Retard < 30j
FAC-2025-04002,2025-01-03,2025-02-17,2025-02-19,CLI-0101,SVC-003,DEPT-007,1,22000.0,5,20900.0,4180.0,25080.0,Payée,20900.0,2,2025,1,1,20250103,20250217,20250219.0,Retard < 30j
FAC-2025-04003,2025-12-20,2026-01-19,2026-01-19,CLI-0128,SVC-015,DEPT-001,1,2800.0,0,2800.0,560.0,3360.0,Payée,2800.0,0,2025,12,4,20251220,20260119,20260119.0,Dans les délais
FAC-2025-04004,2024-12-19,2025-02-17,,CLI-0173,SVC-007,DEPT-001,1,1200.0,5,1140.0,228.0,1368.0,Retard,0.0,439,2024,12,4,20241219,20250217,,Contentieux > 90j
FAC-2025-04005,2024-01-28,2024-02-27,,CLI-0035,SVC-013,DEPT-007,1,1100.0,0,1100.0,220.0,1320.0,Retard,0.0,795,2024,1,1,20240128,20240227,,Contentieux > 90j
FAC-2025-04006,2023-11-14,2023-12-29,2024-01-26,CLI-0147,SVC-021,DEPT-003,3,800.0,10,2160.0,432.0,2592.0,Payée,2160.0,28,2023,11,4,20231114,20231229,20240126.0,Retard < 30j
FAC-2025-04007,2024-03-16,2024-04-15,2024-05-10,CLI-0166,SVC-024,DEPT-004,5,700.0,5,3325.0,665.0,3990.0,Payée,3325.0,25,2024,3,1,20240316,20240415,20240510.0,Retard < 30j
FAC-2025-04008,2023-04-10,2023-06-09,2023-06-20,CLI-0130,SVC-018,DEPT-004,1,6500.0,0,6500.0,1300.0,7800.0,Payée,6500.0,11,2023,4,2,20230410,20230609,20230620.0,Retard < 30j
FAC-2025-04009,2025-11-02,2025-12-02,2025-12-10,CLI-0015,SVC-003,DEPT-002,1,22000.0,15,18700.0,3740.0,22440.0,Payée,18700.0,8,2025,11,4,20251102,20251202,20251210.0,Retard < 30j
FAC-2025-04010,2023-01-11,2023-02-25,,CLI-0095,SVC-018,DEPT-004,1,6500.0,0,6500.0,1300.0,7800.0,Partielle,4779.02,1162,2023,1,1,20230111,20230225,,Contentieux > 90j
FAC-2025-04011,2025-12-15,2026-01-29,,CLI-0075,SVC-012,DEPT-004,1,3200.0,0,3200.0,640.0,3840.0,Contentieux,0.0,93,2025,12,4,20251215,20260129,,Contentieux > 90j
FAC-2025-04012,2024-10-30,2024-11-29,2024-11-29,CLI-0032,SVC-012,DEPT-003,1,3200.0,0,3200.0,640.0,3840.0,Payée,3200.0,0,2024,10,4,20241030,20241129,20241129.0,Dans les délais
FAC-2025-04013,2023-11-12,2023-12-12,,CLI-0076,SVC-019,DEPT-003,14,180.0,0,2520.0,504.0,3024.0,Partielle,1366.54,872,2023,11,4,20231112,20231212,,Contentieux > 90j
FAC-2025-04014,2023-10-10,2023-11-09,2023-11-17,CLI-0128,SVC-021,DEPT-004,8,800.0,0,6400.0,1280.0,7680.0,Payée,6400.0,8,2023,10,4,20231010,20231109,20231117.0,Retard < 30j
FAC-2025-04015,2023-05-09,2023-06-23,2023-07-21,CLI-0095,SVC-020,DEPT-003,2,1400.0,0,2800.0,560.0,3360.0,Payée,2800.0,28,2023,5,2,20230509,20230623,20230721.0,Retard < 30j
FAC-2025-04016,2023-11-11,2023-12-11,2023-12-11,CLI-0129,SVC-015,DEPT-002,1,2800.0,10,2520.0,504.0,3024.0,Payée,2520.0,0,2023,11,4,20231111,20231211,20231211.0,Dans les délais
FAC-2025-04017,2024-10-19,2024-11-18,,CLI-0026,SVC-012,DEPT-002,1,3200.0,5,3040.0,608.0,3648.0,Retard,0.0,530,2024,10,4,20241019,20241118,,Contentieux > 90j
FAC-2025-04018,2023-02-10,2023-03-27,2023-04-11,CLI-0171,SVC-008,DEPT-007,1,2500.0,5,2375.0,475.0,2850.0,Payée,2375.0,15,2023,2,1,20230210,20230327,20230411.0,Retard < 30j
FAC-2025-04019,2023-11-22,2023-12-22,2023-12-30,CLI-0044,SVC-003,DEPT-007,1,22000.0,0,22000.0,4400.0,26400.0,Payée,22000.0,8,2023,11,4,20231122,20231222,20231230.0,Retard < 30j
FAC-2025-04020,2025-09-05,2025-10-20,,CLI-0117,SVC-013,DEPT-001,9,1100.0,0,9900.0,1980.0,11880.0,Retard,0.0,194,2025,9,3,20250905,20251020,,Contentieux > 90j
FAC-2025-04021,2023-02-15,2023-03-17,,CLI-0140,SVC-018,DEPT-001,1,6500.0,10,5850.0,1170.0,7020.0,Retard,0.0,1142,2023,2,1,20230215,20230317,,Contentieux > 90j
FAC-2025-04022,2023-07-24,2023-09-22,2023-10-10,CLI-0173,SVC-023,DEPT-003,10,750.0,0,7500.0,1500.0,9000.0,Payée,7500.0,18,2023,7,3,20230724,20230922,20231010.0,Retard < 30j
FAC-2025-04023,2024-07-21,2024-09-04,,CLI-0020,SVC-005,DEPT-007,1,15000.0,0,15000.0,3000.0,18000.0,Retard,0.0,605,2024,7,3,20240721,20240904,,Contentieux > 90j
FAC-2025-04024,2024-02-26,2024-03-27,2024-04-08,CLI-0051,SVC-011,DEPT-007,1,4500.0,5,4275.0,855.0,5130.0,Payée,4275.0,12,2024,2,1,20240226,20240327,20240408.0,Retard < 30j
FAC-2025-04025,2025-11-30,2025-12-30,,CLI-0166,SVC-006,DEPT-007,1,450.0,5,427.5,85.5,513.0,Retard,0.0,123,2025,11,4,20251130,20251230,,Contentieux > 90j
FAC-2025-04026,2025-09-01,2025-10-01,2025-10-18,CLI-0197,SVC-011,DEPT-004,1,4500.0,0,4500.0,900.0,5400.0,Payée,4500.0,17,2025,9,3,20250901,20251001,20251018.0,Retard < 30j
FAC-2025-04027,2023-03-17,2023-05-01,2023-05-12,CLI-0101,SVC-019,DEPT-002,17,180.0,0,3060.0,612.0,3672.0,Payée,3060.0,11,2023,3,1,20230317,20230501,20230512.0,Retard < 30j
FAC-2025-04028,2024-03-31,2024-05-30,2024-06-25,CLI-0196,SVC-010,DEPT-001,50,45.0,0,2250.0,450.0,2700.0,Payée,2250.0,26,2024,3,1,20240331,20240530,20240625.0,Retard < 30j
FAC-2025-04029,2023-12-24,2024-02-22,,CLI-0107,SVC-014,DEPT-003,3,1500.0,5,4275.0,855.0,5130.0,Retard,0.0,800,2023,12,4,20231224,20240222,,Contentieux > 90j
FAC-2025-04030,2025-09-24,2025-10-24,,CLI-0186,SVC-002,DEPT-001,1,8500.0,0,8500.0,1700.0,10200.0,Partielle,3574.21,190,2025,9,3,20250924,20251024,,Contentieux > 90j
FAC-2025-04031,2025-01-07,2025-02-06,2025-02-06,CLI-0109,SVC-007,DEPT-001,1,1200.0,0,1200.0,240.0,1440.0,Payée,1200.0,0,2025,1,1,20250107,20250206,20250206.0,Dans les délais
FAC-2025-04032,2024-11-13,2024-12-13,,CLI-0035,SVC-004,DEPT-007,5,1200.0,0,6000.0,1200.0,7200.0,Partielle,4099.5,505,2024,11,4,20241113,20241213,,Contentieux > 90j
FAC-2025-04033,2023-05-27,2023-06-26,,CLI-0084,SVC-008,DEPT-007,1,2500.0,10,2250.0,450.0,2700.0,Retard,0.0,1041,2023,5,2,20230527,20230626,,Contentieux > 90j
FAC-2025-04034,2023-12-21,2024-02-19,2024-03-17,CLI-0149,SVC-005,DEPT-003,1,15000.0,0,15000.0,3000.0,18000.0,Payée,15000.0,27,2023,12,4,20231221,20240219,20240317.0,Retard < 30j
FAC-2025-04035,2023-08-01,2023-08-31,2023-09-26,CLI-0127,SVC-009,DEPT-003,1,180.0,0,180.0,36.0,216.0,Payée,180.0,26,2023,8,3,20230801,20230831,20230926.0,Retard < 30j
FAC-2025-04036,2025-12-29,2026-01-28,2026-02-05,CLI-0029,SVC-013,DEPT-007,6,1100.0,10,5940.0,1188.0,7128.0,Payée,5940.0,8,2025,12,4,20251229,20260128,20260205.0,Retard < 30j
FAC-2025-04037,2024-05-01,2024-05-31,2024-06-18,CLI-0099,SVC-005,DEPT-003,1,15000.0,10,13500.0,2700.0,16200.0,Payée,13500.0,18,2024,5,2,20240501,20240531,20240618.0,Retard < 30j
FAC-2025-04038,2024-12-05,2025-01-04,2025-01-30,CLI-0170,SVC-001,DEPT-003,1,3500.0,0,3500.0,700.0,4200.0,Payée,3500.0,26,2024,12,4,20241205,20250104,20250130.0,Retard < 30j
FAC-2025-04039,2025-04-17,2025-05-17,,CLI-0155,SVC-004,DEPT-007,7,1200.0,0,8400.0,1680.0,10080.0,Retard,0.0,350,2025,4,2,20250417,20250517,,Contentieux > 90j
FAC-2025-04040,2023-08-29,2023-09-28,2023-10-12,CLI-0084,SVC-021,DEPT-004,4,800.0,0,3200.0,640.0,3840.0,Payée,3200.0,14,2023,8,3,20230829,20230928,20231012.0,Retard < 30j
FAC-2025-04041,2023-02-07,2023-03-24,2023-04-16,CLI-0001,SVC-010,DEPT-001,30,45.0,0,1350.0,270.0,1620.0,Payée,1350.0,23,2023,2,1,20230207,20230324,20230416.0,Retard < 30j
FAC-2025-04042,2025-10-06,2025-11-05,,CLI-0082,SVC-024,DEPT-002,10,700.0,0,7000.0,1400.0,8400.0,Retard,0.0,178,2025,10,4,20251006,20251105,,Contentieux > 90j
FAC-2025-04043,2024-12-16,2025-01-15,,CLI-0093,SVC-004,DEPT-007,6,1200.0,0,7200.0,1440.0,8640.0,Contentieux,0.0,472,2024,12,4,20241216,20250115,,Contentieux > 90j
FAC-2025-04044,2024-08-03,2024-10-02,,CLI-0068,SVC-016,DEPT-001,1,1800.0,0,1800.0,360.0,2160.0,Retard,0.0,577,2024,8,3,20240803,20241002,,Contentieux > 90j
FAC-2025-04045,2023-02-22,2023-04-08,,CLI-0039,SVC-015,DEPT-001,1,2800.0,0,2800.0,560.0,3360.0,Retard,0.0,1120,2023,2,1,20230222,20230408,,Contentieux > 90j
FAC-2025-04046,2025-07-31,2025-09-29,,CLI-0005,SVC-003,DEPT-001,1,22000.0,0,22000.0,4400.0,26400.0,Retard,0.0,215,2025,7,3,20250731,20250929,,Contentieux > 90j
FAC-2025-04047,2023-03-14,2023-04-13,2023-04-25,CLI-0032,SVC-015,DEPT-007,1,2800.0,10,2520.0,504.0,3024.0,Payée,2520.0,12,2023,3,1,20230314,20230413,20230425.0,Retard < 30j
FAC-2025-04048,2025-06-04,2025-07-04,2025-08-01,CLI-0010,SVC-016,DEPT-003,1,1800.0,5,1710.0,342.0,2052.0,Payée,1710.0,28,2025,6,2,20250604,20250704,20250801.0,Retard < 30j
FAC-2025-04049,2023-07-20,2023-08-19,2023-09-06,CLI-0099,SVC-022,DEPT-007,7,600.0,10,3780.0,756.0,4536.0,Payée,3780.0,18,2023,7,3,20230720,20230819,20230906.0,Retard < 30j
FAC-2025-04050,2025-05-18,2025-07-17,2025-07-24,CLI-0074,SVC-022,DEPT-004,8,600.0,0,4800.0,960.0,5760.0,Payée,4800.0,7,2025,5,2,20250518,20250717,20250724.0,Retard < 30j
FAC-2025-04051,2025-01-23,2025-02-22,,CLI-0150,SVC-008,DEPT-007,1,2500.0,10,2250.0,450.0,2700.0,Retard,0.0,434,2025,1,1,20250123,20250222,,Contentieux > 90j
FAC-2025-04052,2023-04-04,2023-05-04,2023-06-02,CLI-0181,SVC-014,DEPT-007,8,1500.0,0,12000.0,2400.0,14400.0,Payée,12000.0,29,2023,4,2,20230404,20230504,20230602.0,Retard < 30j
FAC-2025-04053,2023-06-24,2023-07-24,2023-08-10,CLI-0065,SVC-009,DEPT-001,1,180.0,15,153.0,30.6,183.6,Payée,153.0,17,2023,6,2,20230624,20230724,20230810.0,Retard < 30j
FAC-2025-04054,2023-01-15,2023-03-01,2023-03-25,CLI-0058,SVC-020,DEPT-003,2,1400.0,0,2800.0,560.0,3360.0,Payée,2800.0,24,2023,1,1,20230115,20230301,20230325.0,Retard < 30j
FAC-2025-04055,2024-09-26,2024-10-26,2024-11-15,CLI-0051,SVC-016,DEPT-002,1,1800.0,15,1530.0,306.0,1836.0,Payée,1530.0,20,2024,9,3,20240926,20241026,20241115.0,Retard < 30j
FAC-2025-04056,2025-04-27,2025-05-27,,CLI-0099,SVC-016,DEPT-001,1,1800.0,0,1800.0,360.0,2160.0,Retard,0.0,340,2025,4,2,20250427,20250527,,Contentieux > 90j
FAC-2025-04057,2023-02-15,2023-03-17,,CLI-0086,SVC-017,DEPT-001,1,950.0,0,950.0,190.0,1140.0,Retard,0.0,1142,2023,2,1,20230215,20230317,,Contentieux > 90j
FAC-2025-04058,2024-04-12,2024-05-12,,CLI-0016,SVC-015,DEPT-004,1,2800.0,10,2520.0,504.0,3024.0,Retard,0.0,720,2024,4,2,20240412,20240512,,Contentieux > 90j
FAC-2025-04059,2023-11-11,2023-12-26,2024-01-01,CLI-0116,SVC-018,DEPT-003,1,6500.0,0,6500.0,1300.0,7800.0,Payée,6500.0,6,2023,11,4,20231111,20231226,20240101.0,Retard < 30j
FAC-2025-04060,2025-04-30,2025-06-14,2025-06-25,CLI-0055,SVC-022,DEPT-001,4,600.0,10,2160.0,432.0,2592.0,Payée,2160.0,11,2025,4,2,20250430,20250614,20250625.0,Retard < 30j
FAC-2025-04061,2025-12-07,2026-01-21,,CLI-0045,SVC-017,DEPT-002,1,950.0,0,950.0,190.0,1140.0,Partielle,334.25,101,2025,12,4,20251207,20260121,,Contentieux > 90j
FAC-2025-04062,2023-12-07,2024-01-06,2024-01-11,CLI-0041,SVC-007,DEPT-003,1,1200.0,0,1200.0,240.0,1440.0,Payée,1200.0,5,2023,12,4,20231207,20240106,20240111.0,Retard < 30j
FAC-2025-04063,2023-06-19,2023-08-03,,CLI-0049,SVC-013,DEPT-007,2,1100.0,0,2200.0,440.0,2640.0,Retard,0.0,1003,2023,6,2,20230619,20230803,,Contentieux > 90j
FAC-2025-04064,2024-11-13,2024-12-13,,CLI-0174,SVC-005,DEPT-003,1,15000.0,10,13500.0,2700.0,16200.0,Partielle,6711.62,505,2024,11,4,20241113,20241213,,Contentieux > 90j
FAC-2025-04065,2024-07-12,2024-08-11,2024-08-19,CLI-0141,SVC-009,DEPT-002,1,180.0,0,180.0,36.0,216.0,Payée,180.0,8,2024,7,3,20240712,20240811,20240819.0,Retard < 30j
FAC-2025-04066,2024-10-11,2024-11-25,2024-12-23,CLI-0119,SVC-022,DEPT-001,5,600.0,0,3000.0,600.0,3600.0,Payée,3000.0,28,2024,10,4,20241011,20241125,20241223.0,Retard < 30j
FAC-2025-04067,2024-12-02,2025-01-31,,CLI-0164,SVC-022,DEPT-001,2,600.0,0,1200.0,240.0,1440.0,Partielle,472.55,456,2024,12,4,20241202,20250131,,Contentieux > 90j
FAC-2025-04068,2023-04-29,2023-06-28,,CLI-0107,SVC-005,DEPT-007,1,15000.0,0,15000.0,3000.0,18000.0,Retard,0.0,1039,2023,4,2,20230429,20230628,,Contentieux > 90j
FAC-2025-04069,2024-03-19,2024-05-03,,CLI-0031,SVC-023,DEPT-007,8,750.0,10,5400.0,1080.0,6480.0,Retard,0.0,729,2024,3,1,20240319,20240503,,Contentieux > 90j
FAC-2025-04070,2024-07-26,2024-09-09,2024-09-12,CLI-0096,SVC-004,DEPT-002,8,1200.0,10,8640.0,1728.0,10368.0,Payée,8640.0,3,2024,7,3,20240726,20240909,20240912.0,Retard < 30j
FAC-2025-04071,2024-06-18,2024-07-18,2024-07-28,CLI-0008,SVC-003,DEPT-003,1,22000.0,5,20900.0,4180.0,25080.0,Payée,20900.0,10,2024,6,2,20240618,20240718,20240728.0,Retard < 30j
FAC-2025-04072,2023-07-19,2023-08-18,2023-09-16,CLI-0086,SVC-002,DEPT-002,1,8500.0,0,8500.0,1700.0,10200.0,Payée,8500.0,29,2023,7,3,20230719,20230818,20230916.0,Retard < 30j
FAC-2025-04073,2024-02-05,2024-03-21,2024-04-10,CLI-0124,SVC-001,DEPT-003,1,3500.0,0,3500.0,700.0,4200.0,Payée,3500.0,20,2024,2,1,20240205,20240321,20240410.0,Retard < 30j
FAC-2025-04074,2023-04-05,2023-05-05,2023-05-26,CLI-0145,SVC-016,DEPT-004,1,1800.0,5,1710.0,342.0,2052.0,Payée,1710.0,21,2023,4,2,20230405,20230505,20230526.0,Retard < 30j
FAC-2025-04075,2024-04-30,2024-06-14,,CLI-0137,SVC-004,DEPT-003,8,1200.0,0,9600.0,1920.0,11520.0,Retard,0.0,687,2024,4,2,20240430,20240614,,Contentieux > 90j
FAC-2025-04076,2025-05-12,2025-06-26,,CLI-0001,SVC-016,DEPT-001,1,1800.0,5,1710.0,342.0,2052.0,Retard,0.0,310,2025,5,2,20250512,20250626,,Contentieux > 90j
FAC-2025-04077,2024-01-15,2024-04-14,2024-05-13,CLI-0195,SVC-014,DEPT-007,2,1500.0,0,3000.0,600.0,3600.0,Payée,3000.0,29,2024,1,1,20240115,20240414,20240513.0,Retard < 30j
FAC-2025-04078,2023-04-12,2023-05-27,2023-06-05,CLI-0159,SVC-013,DEPT-001,5,1100.0,0,5500.0,1100.0,6600.0,Payée,5500.0,9,2023,4,2,20230412,20230527,20230605.0,Retard < 30j
FAC-2025-04079,2023-11-28,2023-12-28,,CLI-0070,SVC-022,DEPT-004,7,600.0,10,3780.0,756.0,4536.0,Retard,0.0,856,2023,11,4,20231128,20231228,,Contentieux > 90j
FAC-2025-04080,2025-05-29,2025-06-28,2025-06-28,CLI-0082,SVC-020,DEPT-004,8,1400.0,0,11200.0,2240.0,13440.0,Payée,11200.0,0,2025,5,2,20250529,20250628,20250628.0,Dans les délais
FAC-2025-04081,2024-04-17,2024-06-01,2024-06-12,CLI-0011,SVC-011,DEPT-007,1,4500.0,5,4275.0,855.0,5130.0,Payée,4275.0,11,2024,4,2,20240417,20240601,20240612.0,Retard < 30j
FAC-2025-04082,2025-09-23,2025-10-23,2025-10-25,CLI-0010,SVC-019,DEPT-007,2,180.0,0,360.0,72.0,432.0,Payée,360.0,2,2025,9,3,20250923,20251023,20251025.0,Retard < 30j
FAC-2025-04083,2023-04-19,2023-05-19,,CLI-0141,SVC-022,DEPT-003,2,600.0,0,1200.0,240.0,1440.0,Retard,0.0,1079,2023,4,2,20230419,20230519,,Contentieux > 90j
FAC-2025-04084,2023-07-24,2023-08-23,2023-09-12,CLI-0172,SVC-019,DEPT-004,8,180.0,0,1440.0,288.0,1728.0,Payée,1440.0,20,2023,7,3,20230724,20230823,20230912.0,Retard < 30j
FAC-2025-04085,2024-07-21,2024-08-20,,CLI-0003,SVC-015,DEPT-002,1,2800.0,0,2800.0,560.0,3360.0,Contentieux,0.0,620,2024,7,3,20240721,20240820,,Contentieux > 90j
FAC-2025-04086,2024-05-24,2024-07-08,,CLI-0020,SVC-020,DEPT-003,7,1400.0,5,9310.0,1862.0,11172.0,Retard,0.0,663,2024,5,2,20240524,20240708,,Contentieux > 90j
FAC-2025-04087,2023-01-08,2023-02-07,2023-02-07,CLI-0052,SVC-013,DEPT-007,3,1100.0,0,3300.0,660.0,3960.0,Payée,3300.0,0,2023,1,1,20230108,20230207,20230207.0,Dans les délais
FAC-2025-04088,2025-01-21,2025-03-22,2025-03-26,CLI-0157,SVC-015,DEPT-007,1,2800.0,5,2660.0,532.0,3192.0,Payée,2660.0,4,2025,1,1,20250121,20250322,20250326.0,Retard < 30j
FAC-2025-04089,2025-01-23,2025-02-22,,CLI-0072,SVC-007,DEPT-003,1,1200.0,0,1200.0,240.0,1440.0,Retard,0.0,434,2025,1,1,20250123,20250222,,Contentieux > 90j
FAC-2025-04090,2023-06-19,2023-08-03,2023-08-18,CLI-0058,SVC-022,DEPT-001,1,600.0,0,600.0,120.0,720.0,Payée,600.0,15,2023,6,2,20230619,20230803,20230818.0,Retard < 30j
FAC-2025-04091,2024-11-23,2024-12-23,2025-01-09,CLI-0148,SVC-010,DEPT-001,17,45.0,0,765.0,153.0,918.0,Payée,765.0,17,2024,11,4,20241123,20241223,20250109.0,Retard < 30j
FAC-2025-04092,2023-06-16,2023-07-16,,CLI-0007,SVC-006,DEPT-002,1,450.0,0,450.0,90.0,540.0,Partielle,307.16,1021,2023,6,2,20230616,20230716,,Contentieux > 90j
FAC-2025-04093,2024-01-23,2024-03-08,2024-04-04,CLI-0167,SVC-008,DEPT-007,1,2500.0,0,2500.0,500.0,3000.0,Payée,2500.0,27,2024,1,1,20240123,20240308,20240404.0,Retard < 30j
FAC-2025-04094,2023-01-25,2023-03-26,,CLI-0149,SVC-019,DEPT-007,9,180.0,0,1620.0,324.0,1944.0,Retard,0.0,1133,2023,1,1,20230125,20230326,,Contentieux > 90j
FAC-2025-04095,2025-10-06,2025-11-05,2025-11-05,CLI-0142,SVC-004,DEPT-002,8,1200.0,0,9600.0,1920.0,11520.0,Payée,9600.0,0,2025,10,4,20251006,20251105,20251105.0,Dans les délais
FAC-2025-04096,2025-04-21,2025-05-21,,CLI-0010,SVC-012,DEPT-003,1,3200.0,0,3200.0,640.0,3840.0,Partielle,2389.2,346,2025,4,2,20250421,20250521,,Contentieux > 90j
FAC-2025-04097,2024-06-03,2024-07-18,,CLI-0022,SVC-005,DEPT-001,1,15000.0,10,13500.0,2700.0,16200.0,Retard,0.0,653,2024,6,2,20240603,20240718,,Contentieux > 90j
FAC-2025-04098,2025-03-14,2025-04-13,,CLI-0104,SVC-003,DEPT-007,1,22000.0,0,22000.0,4400.0,26400.0,Retard,0.0,384,2025,3,1,20250314,20250413,,Contentieux > 90j
FAC-2025-04099,2024-03-03,2024-04-17,2024-04-28,CLI-0180,SVC-011,DEPT-001,1,4500.0,0,4500.0,900.0,5400.0,Payée,4500.0,11,2024,3,1,20240303,20240417,20240428.0,Retard < 30j
FAC-2025-04100,2025-04-06,2025-05-21,,CLI-0171,SVC-015,DEPT-001,1,2800.0,0,2800.0,560.0,3360.0,Partielle,1449.82,346,2025,4,2,20250406,20250521,,Contentieux > 90j
FAC-2025-04101,2024-07-27,2024-08-26,,CLI-0003,SVC-013,DEPT-007,4,1100.0,0,4400.0,880.0,5280.0,Partielle,2763.32,614,2024,7,3,20240727,20240826,,Contentieux > 90j
FAC-2025-04102,2024-04-22,2024-05-22,2024-06-01,CLI-0142,SVC-022,DEPT-001,2,600.0,5,1140.0,228.0,1368.0,Payée,1140.0,10,2024,4,2,20240422,20240522,20240601.0,Retard < 30j
FAC-2025-04103,2023-12-29,2024-01-28,,CLI-0071,SVC-008,DEPT-004,1,2500.0,0,2500.0,500.0,3000.0,Retard,0.0,825,2023,12,4,20231229,20240128,,Contentieux > 90j
FAC-2025-04104,2024-06-24,2024-08-08,2024-08-08,CLI-0105,SVC-016,DEPT-003,1,1800.0,15,1530.0,306.0,1836.0,Payée,1530.0,0,2024,6,2,20240624,20240808,20240808.0,Dans les délais
FAC-2025-04105,2025-12-28,2026-01-27,2026-02-19,CLI-0166,SVC-009,DEPT-002,1,180.0,10,162.0,32.4,194.4,Payée,162.0,23,2025,12,4,20251228,20260127,20260219.0,Retard < 30j
FAC-2025-04106,2023-07-09,2023-08-23,2023-09-08,CLI-0037,SVC-018,DEPT-003,1,6500.0,15,5525.0,1105.0,6630.0,Payée,5525.0,16,2023,7,3,20230709,20230823,20230908.0,Retard < 30j
FAC-2025-04107,2023-04-16,2023-05-16,,CLI-0050,SVC-016,DEPT-007,1,1800.0,0,1800.0,360.0,2160.0,Retard,0.0,1082,2023,4,2,20230416,20230516,,Contentieux > 90j
FAC-2025-04108,2024-09-04,2024-10-04,2024-10-05,CLI-0115,SVC-019,DEPT-001,17,180.0,0,3060.0,612.0,3672.0,Payée,3060.0,1,2024,9,3,20240904,20241004,20241005.0,Retard < 30j
FAC-2025-04109,2025-08-26,2025-10-25,2025-11-07,CLI-0149,SVC-019,DEPT-003,14,180.0,0,2520.0,504.0,3024.0,Payée,2520.0,13,2025,8,3,20250826,20251025,20251107.0,Retard < 30j
FAC-2025-04110,2025-08-02,2025-09-16,2025-10-10,CLI-0133,SVC-011,DEPT-002,1,4500.0,0,4500.0,900.0,5400.0,Payée,4500.0,24,2025,8,3,20250802,20250916,20251010.0,Retard < 30j
FAC-2025-04111,2024-03-06,2024-04-05,2024-04-05,CLI-0051,SVC-013,DEPT-002,5,1100.0,0,5500.0,1100.0,6600.0,Payée,5500.0,0,2024,3,1,20240306,20240405,20240405.0,Dans les délais
FAC-2025-04112,2025-11-05,2025-12-20,,CLI-0177,SVC-001,DEPT-007,1,3500.0,0,3500.0,700.0,4200.0,Retard,0.0,133,2025,11,4,20251105,20251220,,Contentieux > 90j
FAC-2025-04113,2025-05-03,2025-06-02,2025-06-08,CLI-0110,SVC-024,DEPT-004,1,700.0,10,630.0,126.0,756.0,Payée,630.0,6,2025,5,2,20250503,20250602,20250608.0,Retard < 30j
FAC-2025-04114,2025-11-29,2026-01-13,2026-02-12,CLI-0020,SVC-007,DEPT-004,1,1200.0,0,1200.0,240.0,1440.0,Payée,1200.0,30,2025,11,4,20251129,20260113,20260212.0,Retard < 30j
FAC-2025-04115,2025-06-25,2025-07-25,2025-08-12,CLI-0010,SVC-020,DEPT-004,8,1400.0,10,10080.0,2016.0,12096.0,Payée,10080.0,18,2025,6,2,20250625,20250725,20250812.0,Retard < 30j
FAC-2025-04116,2024-02-25,2024-03-26,,CLI-0013,SVC-021,DEPT-002,10,800.0,0,8000.0,1600.0,9600.0,Retard,0.0,767,2024,2,1,20240225,20240326,,Contentieux > 90j
FAC-2025-04117,2025-10-14,2025-11-13,2025-12-06,CLI-0121,SVC-008,DEPT-001,1,2500.0,0,2500.0,500.0,3000.0,Payée,2500.0,23,2025,10,4,20251014,20251113,20251206.0,Retard < 30j
FAC-2025-04118,2025-06-15,2025-07-15,,CLI-0026,SVC-002,DEPT-001,1,8500.0,5,8075.0,1615.0,9690.0,Contentieux,0.0,291,2025,6,2,20250615,20250715,,Contentieux > 90j
FAC-2025-04119,2025-05-09,2025-06-23,,CLI-0042,SVC-018,DEPT-001,1,6500.0,0,6500.0,1300.0,7800.0,Retard,0.0,313,2025,5,2,20250509,20250623,,Contentieux > 90j
FAC-2025-04120,2023-12-10,2024-01-09,2024-01-16,CLI-0129,SVC-018,DEPT-002,1,6500.0,0,6500.0,1300.0,7800.0,Payée,6500.0,7,2023,12,4,20231210,20240109,20240116.0,Retard < 30j
FAC-2025-04121,2024-03-17,2024-04-16,,CLI-0016,SVC-005,DEPT-004,1,15000.0,5,14250.0,2850.0,17100.0,Partielle,6072.15,746,2024,3,1,20240317,20240416,,Contentieux > 90j
FAC-2025-04122,2023-02-26,2023-03-28,,CLI-0006,SVC-013,DEPT-002,7,1100.0,0,7700.0,1540.0,9240.0,Contentieux,0.0,1131,2023,2,1,20230226,20230328,,Contentieux > 90j
FAC-2025-04123,2024-12-05,2025-01-19,2025-02-08,CLI-0001,SVC-013,DEPT-003,3,1100.0,0,3300.0,660.0,3960.0,Payée,3300.0,20,2024,12,4,20241205,20250119,20250208.0,Retard < 30j
FAC-2025-04124,2024-09-17,2024-10-17,2024-11-11,CLI-0044,SVC-020,DEPT-001,2,1400.0,0,2800.0,560.0,3360.0,Payée,2800.0,25,2024,9,3,20240917,20241017,20241111.0,Retard < 30j
FAC-2025-04125,2024-06-26,2024-07-26,,CLI-0010,SVC-013,DEPT-003,5,1100.0,0,5500.0,1100.0,6600.0,Retard,0.0,645,2024,6,2,20240626,20240726,,Contentieux > 90j
FAC-2025-04126,2025-09-07,2025-10-07,2025-10-08,CLI-0092,SVC-018,DEPT-001,1,6500.0,5,6175.0,1235.0,7410.0,Payée,6175.0,1,2025,9,3,20250907,20251007,20251008.0,Retard < 30j
FAC-2025-04127,2025-12-01,2026-01-15,2026-01-29,CLI-0177,SVC-021,DEPT-002,1,800.0,0,800.0,160.0,960.0,Payée,800.0,14,2025,12,4,20251201,20260115,20260129.0,Retard < 30j
FAC-2025-04128,2024-10-25,2024-11-24,2024-12-08,CLI-0163,SVC-001,DEPT-002,1,3500.0,0,3500.0,700.0,4200.0,Payée,3500.0,14,2024,10,4,20241025,20241124,20241208.0,Retard < 30j
FAC-2025-04129,2023-03-03,2023-04-17,,CLI-0116,SVC-011,DEPT-007,1,4500.0,0,4500.0,900.0,5400.0,Partielle,3490.19,1111,2023,3,1,20230303,20230417,,Contentieux > 90j
FAC-2025-04130,2025-07-03,2025-08-02,,CLI-0163,SVC-021,DEPT-001,9,800.0,0,7200.0,1440.0,8640.0,Retard,0.0,273,2025,7,3,20250703,20250802,,Contentieux > 90j
FAC-2025-04131,2023-09-24,2023-10-24,,CLI-0071,SVC-024,DEPT-001,3,700.0,0,2100.0,420.0,2520.0,Partielle,1592.91,921,2023,9,3,20230924,20231024,,Contentieux > 90j
FAC-2025-04132,2024-10-29,2024-11-28,2024-12-06,CLI-0028,SVC-020,DEPT-007,9,1400.0,0,12600.0,2520.0,15120.0,Payée,12600.0,8,2024,10,4,20241029,20241128,20241206.0,Retard < 30j
FAC-2025-04133,2023-09-27,2023-10-27,2023-11-21,CLI-0176,SVC-022,DEPT-002,9,600.0,10,4860.0,972.0,5832.0,Payée,4860.0,25,2023,9,3,20230927,20231027,20231121.0,Retard < 30j
FAC-2025-04134,2024-02-20,2024-04-05,,CLI-0159,SVC-016,DEPT-003,1,1800.0,10,1620.0,324.0,1944.0,Retard,0.0,757,2024,2,1,20240220,20240405,,Contentieux > 90j
FAC-2025-04135,2025-01-11,2025-02-25,,CLI-0049,SVC-010,DEPT-004,27,45.0,0,1215.0,243.0,1458.0,Retard,0.0,431,2025,1,1,20250111,20250225,,Contentieux > 90j
FAC-2025-04136,2024-09-26,2024-10-26,2024-11-02,CLI-0176,SVC-013,DEPT-002,5,1100.0,0,5500.0,1100.0,6600.0,Payée,5500.0,7,2024,9,3,20240926,20241026,20241102.0,Retard < 30j
FAC-2025-04137,2025-11-03,2025-12-03,2025-12-18,CLI-0166,SVC-018,DEPT-001,1,6500.0,0,6500.0,1300.0,7800.0,Payée,6500.0,15,2025,11,4,20251103,20251203,20251218.0,Retard < 30j
FAC-2025-04138,2025-12-15,2026-01-14,2026-01-14,CLI-0013,SVC-006,DEPT-002,1,450.0,0,450.0,90.0,540.0,Payée,450.0,0,2025,12,4,20251215,20260114,20260114.0,Dans les délais
FAC-2025-04139,2023-11-23,2023-12-23,,CLI-0006,SVC-005,DEPT-001,1,15000.0,5,14250.0,2850.0,17100.0,Retard,0.0,861,2023,11,4,20231123,20231223,,Contentieux > 90j
FAC-2025-04140,2025-09-28,2025-10-28,,CLI-0026,SVC-024,DEPT-003,6,700.0,0,4200.0,840.0,5040.0,Partielle,1400.33,186,2025,9,3,20250928,20251028,,Contentieux > 90j
FAC-2025-04141,2023-10-09,2023-11-08,,CLI-0163,SVC-016,DEPT-001,1,1800.0,5,1710.0,342.0,2052.0,Retard,0.0,906,2023,10,4,20231009,20231108,,Contentieux > 90j
FAC-2025-04142,2025-04-30,2025-05-30,2025-05-30,CLI-0086,SVC-013,DEPT-001,3,1100.0,10,2970.0,594.0,3564.0,Payée,2970.0,0,2025,4,2,20250430,20250530,20250530.0,Dans les délais
FAC-2025-04143,2025-04-10,2025-05-25,2025-06-05,CLI-0112,SVC-006,DEPT-003,1,450.0,5,427.5,85.5,513.0,Payée,427.5,11,2025,4,2,20250410,20250525,20250605.0,Retard < 30j
FAC-2025-04144,2024-04-15,2024-05-15,2024-06-09,CLI-0052,SVC-002,DEPT-007,1,8500.0,10,7650.0,1530.0,9180.0,Payée,7650.0,25,2024,4,2,20240415,20240515,20240609.0,Retard < 30j
FAC-2025-04145,2024-01-22,2024-03-07,,CLI-0108,SVC-010,DEPT-007,13,45.0,0,585.0,117.0,702.0,Contentieux,0.0,786,2024,1,1,20240122,20240307,,Contentieux > 90j
FAC-2025-04146,2024-05-02,2024-06-01,2024-06-30,CLI-0152,SVC-005,DEPT-001,1,15000.0,5,14250.0,2850.0,17100.0,Payée,14250.0,29,2024,5,2,20240502,20240601,20240630.0,Retard < 30j
FAC-2025-04147,2023-06-30,2023-07-30,2023-08-03,CLI-0135,SVC-002,DEPT-002,1,8500.0,10,7650.0,1530.0,9180.0,Payée,7650.0,4,2023,6,2,20230630,20230730,20230803.0,Retard < 30j
FAC-2025-04148,2025-09-21,2025-11-05,,CLI-0043,SVC-013,DEPT-003,2,1100.0,0,2200.0,440.0,2640.0,Retard,0.0,178,2025,9,3,20250921,20251105,,Contentieux > 90j
FAC-2025-04149,2023-07-24,2023-08-23,2023-09-10,CLI-0155,SVC-023,DEPT-001,10,750.0,5,7125.0,1425.0,8550.0,Payée,7125.0,18,2023,7,3,20230724,20230823,20230910.0,Retard < 30j
FAC-2025-04150,2025-06-04,2025-07-19,,CLI-0033,SVC-019,DEPT-004,17,180.0,5,2907.0,581.4,3488.4,Retard,0.0,287,2025,6,2,20250604,20250719,,Contentieux > 90j
FAC-2025-04151,2023-09-22,2023-11-06,2023-11-06,CLI-0042,SVC-001,DEPT-001,1,3500.0,0,3500.0,700.0,4200.0,Payée,3500.0,0,2023,9,3,20230922,20231106,20231106.0,Dans les délais
FAC-2025-04152,2024-12-23,2025-01-22,2025-01-26,CLI-0172,SVC-005,DEPT-007,1,15000.0,0,15000.0,3000.0,18000.0,Payée,15000.0,4,2024,12,4,20241223,20250122,20250126.0,Retard < 30j
FAC-2025-04153,2024-07-04,2024-08-03,,CLI-0141,SVC-001,DEPT-007,1,3500.0,0,3500.0,700.0,4200.0,Partielle,2369.41,637,2024,7,3,20240704,20240803,,Contentieux > 90j
FAC-2025-04154,2023-11-27,2024-01-11,2024-02-09,CLI-0108,SVC-017,DEPT-003,1,950.0,0,950.0,190.0,1140.0,Payée,950.0,29,2023,11,4,20231127,20240111,20240209.0,Retard < 30j
FAC-2025-04155,2023-06-08,2023-07-08,,CLI-0102,SVC-004,DEPT-004,7,1200.0,10,7560.0,1512.0,9072.0,Retard,0.0,1029,2023,6,2,20230608,20230708,,Contentieux > 90j
FAC-2025-04156,2023-12-04,2024-01-03,2024-01-27,CLI-0026,SVC-010,DEPT-003,2,45.0,10,81.0,16.2,97.2,Payée,81.0,24,2023,12,4,20231204,20240103,20240127.0,Retard < 30j
FAC-2025-04157,2024-01-11,2024-02-10,2024-02-20,CLI-0035,SVC-010,DEPT-007,20,45.0,0,900.0,180.0,1080.0,Payée,900.0,10,2024,1,1,20240111,20240210,20240220.0,Retard < 30j
FAC-2025-04158,2025-02-28,2025-04-29,2025-05-27,CLI-0130,SVC-006,DEPT-007,1,450.0,0,450.0,90.0,540.0,Payée,450.0,28,2025,2,1,20250228,20250429,20250527.0,Retard < 30j
FAC-2025-04159,2023-05-24,2023-07-23,2023-08-17,CLI-0074,SVC-023,DEPT-004,3,750.0,0,2250.0,450.0,2700.0,Payée,2250.0,25,2023,5,2,20230524,20230723,20230817.0,Retard < 30j
FAC-2025-04160,2025-06-08,2025-08-07,,CLI-0074,SVC-021,DEPT-002,8,800.0,0,6400.0,1280.0,7680.0,Partielle,2745.23,268,2025,6,2,20250608,20250807,,Contentieux > 90j
FAC-2025-04161,2024-02-09,2024-05-09,,CLI-0195,SVC-010,DEPT-004,41,45.0,10,1660.5,332.1,1992.6,Partielle,1015.09,723,2024,2,1,20240209,20240509,,Contentieux > 90j
FAC-2025-04162,2023-12-04,2024-01-18,,CLI-0159,SVC-016,DEPT-001,1,1800.0,5,1710.0,342.0,2052.0,Partielle,822.43,835,2023,12,4,20231204,20240118,,Contentieux > 90j
FAC-2025-04163,2024-09-21,2024-11-20,,CLI-0107,SVC-013,DEPT-002,4,1100.0,10,3960.0,792.0,4752.0,Partielle,2470.23,528,2024,9,3,20240921,20241120,,Contentieux > 90j
FAC-2025-04164,2023-04-07,2023-05-07,2023-05-07,CLI-0187,SVC-019,DEPT-003,9,180.0,0,1620.0,324.0,1944.0,Payée,1620.0,0,2023,4,2,20230407,20230507,20230507.0,Dans les délais
FAC-2025-04165,2025-08-22,2025-09-21,,CLI-0041,SVC-010,DEPT-001,38,45.0,10,1539.0,307.8,1846.8,Contentieux,0.0,223,2025,8,3,20250822,20250921,,Contentieux > 90j
FAC-2025-04166,2024-08-10,2024-09-09,2024-09-26,CLI-0015,SVC-019,DEPT-004,2,180.0,5,342.0,68.4,410.4,Payée,342.0,17,2024,8,3,20240810,20240909,20240926.0,Retard < 30j
FAC-2025-04167,2025-04-30,2025-05-30,,CLI-0071,SVC-016,DEPT-002,1,1800.0,0,1800.0,360.0,2160.0,Partielle,904.97,337,2025,4,2,20250430,20250530,,Contentieux > 90j
FAC-2025-04168,2024-06-19,2024-07-19,,CLI-0041,SVC-012,DEPT-007,1,3200.0,0,3200.0,640.0,3840.0,Partielle,1313.32,652,2024,6,2,20240619,20240719,,Contentieux > 90j
FAC-2025-04169,2023-06-23,2023-07-23,2023-07-23,CLI-0072,SVC-002,DEPT-001,1,8500.0,5,8075.0,1615.0,9690.0,Payée,8075.0,0,2023,6,2,20230623,20230723,20230723.0,Dans les délais
FAC-2025-04170,2025-08-13,2025-09-27,,CLI-0105,SVC-005,DEPT-004,1,15000.0,0,15000.0,3000.0,18000.0,Partielle,5352.37,217,2025,8,3,20250813,20250927,,Contentieux > 90j
FAC-2025-04171,2025-03-22,2025-04-21,2025-05-17,CLI-0056,SVC-006,DEPT-003,1,450.0,0,450.0,90.0,540.0,Payée,450.0,26,2025,3,1,20250322,20250421,20250517.0,Retard < 30j
FAC-2025-04172,2023-01-27,2023-03-13,2023-03-16,CLI-0133,SVC-019,DEPT-007,2,180.0,5,342.0,68.4,410.4,Payée,342.0,3,2023,1,1,20230127,20230313,20230316.0,Retard < 30j
FAC-2025-04173,2024-11-06,2024-12-06,,CLI-0070,SVC-007,DEPT-003,1,1200.0,5,1140.0,228.0,1368.0,Contentieux,0.0,512,2024,11,4,20241106,20241206,,Contentieux > 90j
FAC-2025-04174,2023-12-02,2024-01-01,2024-01-16,CLI-0140,SVC-010,DEPT-007,11,45.0,0,495.0,99.0,594.0,Payée,495.0,15,2023,12,4,20231202,20240101,20240116.0,Retard < 30j
FAC-2025-04175,2025-04-30,2025-06-14,,CLI-0132,SVC-022,DEPT-001,8,600.0,5,4560.0,912.0,5472.0,Retard,0.0,322,2025,4,2,20250430,20250614,,Contentieux > 90j
FAC-2025-04176,2023-02-10,2023-03-12,2023-03-17,CLI-0111,SVC-008,DEPT-003,1,2500.0,5,2375.0,475.0,2850.0,Payée,2375.0,5,2023,2,1,20230210,20230312,20230317.0,Retard < 30j
FAC-2025-04177,2024-04-28,2024-05-28,2024-06-04,CLI-0145,SVC-024,DEPT-002,7,700.0,0,4900.0,980.0,5880.0,Payée,4900.0,7,2024,4,2,20240428,20240528,20240604.0,Retard < 30j
FAC-2025-04178,2023-02-02,2023-04-03,,CLI-0184,SVC-019,DEPT-001,20,180.0,0,3600.0,720.0,4320.0,Contentieux,0.0,1125,2023,2,1,20230202,20230403,,Contentieux > 90j
FAC-2025-04179,2025-07-17,2025-08-31,,CLI-0136,SVC-010,DEPT-003,27,45.0,0,1215.0,243.0,1458.0,Retard,0.0,244,2025,7,3,20250717,20250831,,Contentieux > 90j
FAC-2025-04180,2025-07-13,2025-08-27,2025-09-11,CLI-0096,SVC-005,DEPT-003,1,15000.0,0,15000.0,3000.0,18000.0,Payée,15000.0,15,2025,7,3,20250713,20250827,20250911.0,Retard < 30j
FAC-2025-04181,2023-04-18,2023-05-18,2023-06-07,CLI-0083,SVC-022,DEPT-007,5,600.0,0,3000.0,600.0,3600.0,Payée,3000.0,20,2023,4,2,20230418,20230518,20230607.0,Retard < 30j
FAC-2025-04182,2023-10-22,2023-11-21,2023-12-09,CLI-0152,SVC-020,DEPT-003,1,1400.0,5,1330.0,266.0,1596.0,Payée,1330.0,18,2023,10,4,20231022,20231121,20231209.0,Retard < 30j
FAC-2025-04183,2024-02-07,2024-03-23,2024-04-12,CLI-0175,SVC-008,DEPT-007,1,2500.0,0,2500.0,500.0,3000.0,Payée,2500.0,20,2024,2,1,20240207,20240323,20240412.0,Retard < 30j
FAC-2025-04184,2024-10-16,2024-12-15,,CLI-0005,SVC-009,DEPT-007,1,180.0,10,162.0,32.4,194.4,Retard,0.0,503,2024,10,4,20241016,20241215,,Contentieux > 90j
FAC-2025-04185,2024-12-11,2025-01-25,2025-02-03,CLI-0055,SVC-023,DEPT-003,3,750.0,0,2250.0,450.0,2700.0,Payée,2250.0,9,2024,12,4,20241211,20250125,20250203.0,Retard < 30j
FAC-2025-04186,2024-05-23,2024-06-22,,CLI-0142,SVC-007,DEPT-001,1,1200.0,10,1080.0,216.0,1296.0,Retard,0.0,679,2024,5,2,20240523,20240622,,Contentieux > 90j
FAC-2025-04187,2023-02-10,2023-04-11,2023-04-27,CLI-0069,SVC-008,DEPT-002,1,2500.0,10,2250.0,450.0,2700.0,Payée,2250.0,16,2023,2,1,20230210,20230411,20230427.0,Retard < 30j
FAC-2025-04188,2024-03-02,2024-05-01,2024-05-15,CLI-0194,SVC-022,DEPT-001,1,600.0,0,600.0,120.0,720.0,Payée,600.0,14,2024,3,1,20240302,20240501,20240515.0,Retard < 30j
FAC-2025-04189,2024-08-23,2024-09-22,,CLI-0054,SVC-005,DEPT-007,1,15000.0,5,14250.0,2850.0,17100.0,Partielle,4429.18,587,2024,8,3,20240823,20240922,,Contentieux > 90j
FAC-2025-04190,2024-01-26,2024-03-26,2024-03-26,CLI-0165,SVC-012,DEPT-002,1,3200.0,5,3040.0,608.0,3648.0,Payée,3040.0,0,2024,1,1,20240126,20240326,20240326.0,Dans les délais
FAC-2025-04191,2023-04-02,2023-05-02,2023-05-02,CLI-0071,SVC-012,DEPT-002,1,3200.0,0,3200.0,640.0,3840.0,Payée,3200.0,0,2023,4,2,20230402,20230502,20230502.0,Dans les délais
FAC-2025-04192,2024-10-30,2024-11-29,2024-11-29,CLI-0079,SVC-005,DEPT-003,1,15000.0,0,15000.0,3000.0,18000.0,Payée,15000.0,0,2024,10,4,20241030,20241129,20241129.0,Dans les délais
FAC-2025-04193,2025-12-30,2026-02-13,2026-02-25,CLI-0112,SVC-011,DEPT-001,1,4500.0,10,4050.0,810.0,4860.0,Payée,4050.0,12,2025,12,4,20251230,20260213,20260225.0,Retard < 30j
FAC-2025-04194,2023-11-08,2023-12-23,,CLI-0087,SVC-005,DEPT-003,1,15000.0,10,13500.0,2700.0,16200.0,Retard,0.0,861,2023,11,4,20231108,20231223,,Contentieux > 90j
FAC-2025-04195,2024-09-17,2024-11-01,2024-11-19,CLI-0108,SVC-013,DEPT-003,2,1100.0,0,2200.0,440.0,2640.0,Payée,2200.0,18,2024,9,3,20240917,20241101,20241119.0,Retard < 30j
FAC-2025-04196,2024-10-18,2024-11-17,,CLI-0027,SVC-005,DEPT-001,1,15000.0,0,15000.0,3000.0,18000.0,Retard,0.0,531,2024,10,4,20241018,20241117,,Contentieux > 90j
FAC-2025-04197,2023-06-04,2023-07-04,,CLI-0150,SVC-017,DEPT-003,1,950.0,0,950.0,190.0,1140.0,Retard,0.0,1033,2023,6,2,20230604,20230704,,Contentieux > 90j
FAC-2025-04198,2024-04-02,2024-05-02,2024-05-13,CLI-0006,SVC-012,DEPT-001,1,3200.0,5,3040.0,608.0,3648.0,Payée,3040.0,11,2024,4,2,20240402,20240502,20240513.0,Retard < 30j
FAC-2025-04199,2025-08-21,2025-09-20,2025-10-05,CLI-0187,SVC-023,DEPT-003,2,750.0,0,1500.0,300.0,1800.0,Payée,1500.0,15,2025,8,3,20250821,20250920,20251005.0,Retard < 30j
FAC-2025-04200,2025-03-14,2025-04-28,2025-05-25,CLI-0154,SVC-004,DEPT-002,7,1200.0,5,7980.0,1596.0,9576.0,Payée,7980.0,27,2025,3,1,20250314,20250428,20250525.0,Retard < 30j
FAC-2025-04201,2024-05-18,2024-07-02,2024-07-23,CLI-0090,SVC-014,DEPT-002,1,1500.0,10,1350.0,270.0,1620.0,Payée,1350.0,21,2024,5,2,20240518,20240702,20240723.0,Retard < 30j
FAC-2025-04202,2025-01-16,2025-02-15,2025-02-15,CLI-0023,SVC-022,DEPT-004,7,600.0,0,4200.0,840.0,5040.0,Payée,4200.0,0,2025,1,1,20250116,20250215,20250215.0,Dans les délais
FAC-2025-04203,2024-10-02,2024-11-16,2024-12-01,CLI-0137,SVC-003,DEPT-007,1,22000.0,0,22000.0,4400.0,26400.0,Payée,22000.0,15,2024,10,4,20241002,20241116,20241201.0,Retard < 30j
FAC-2025-04204,2025-02-28,2025-03-30,,CLI-0172,SVC-022,DEPT-004,9,600.0,10,4860.0,972.0,5832.0,Retard,0.0,398,2025,2,1,20250228,20250330,,Contentieux > 90j
FAC-2025-04205,2025-08-01,2025-08-31,2025-09-08,CLI-0181,SVC-015,DEPT-004,1,2800.0,10,2520.0,504.0,3024.0,Payée,2520.0,8,2025,8,3,20250801,20250831,20250908.0,Retard < 30j
FAC-2025-04206,2023-03-28,2023-04-27,2023-04-28,CLI-0007,SVC-017,DEPT-001,1,950.0,5,902.5,180.5,1083.0,Payée,902.5,1,2023,3,1,20230328,20230427,20230428.0,Retard < 30j
FAC-2025-04207,2025-05-05,2025-07-04,2025-07-12,CLI-0024,SVC-010,DEPT-007,47,45.0,0,2115.0,423.0,2538.0,Payée,2115.0,8,2025,5,2,20250505,20250704,20250712.0,Retard < 30j
FAC-2025-04208,2025-11-17,2026-01-01,2026-01-30,CLI-0047,SVC-016,DEPT-007,1,1800.0,0,1800.0,360.0,2160.0,Payée,1800.0,29,2025,11,4,20251117,20260101,20260130.0,Retard < 30j
FAC-2025-04209,2024-07-29,2024-08-28,,CLI-0064,SVC-002,DEPT-004,1,8500.0,5,8075.0,1615.0,9690.0,Partielle,5072.89,612,2024,7,3,20240729,20240828,,Contentieux > 90j
FAC-2025-04210,2025-12-07,2026-01-06,,CLI-0076,SVC-018,DEPT-004,1,6500.0,0,6500.0,1300.0,7800.0,Contentieux,0.0,116,2025,12,4,20251207,20260106,,Contentieux > 90j
FAC-2025-04211,2024-12-22,2025-02-20,,CLI-0165,SVC-024,DEPT-004,2,700.0,0,1400.0,280.0,1680.0,Retard,0.0,436,2024,12,4,20241222,20250220,,Contentieux > 90j
FAC-2025-04212,2024-12-18,2025-01-17,,CLI-0181,SVC-002,DEPT-004,1,8500.0,5,8075.0,1615.0,9690.0,Retard,0.0,470,2024,12,4,20241218,20250117,,Contentieux > 90j
FAC-2025-04213,2023-11-25,2024-01-09,2024-01-09,CLI-0105,SVC-013,DEPT-004,7,1100.0,0,7700.0,1540.0,9240.0,Payée,7700.0,0,2023,11,4,20231125,20240109,20240109.0,Dans les délais
FAC-2025-04214,2025-09-26,2025-11-10,,CLI-0048,SVC-023,DEPT-007,3,750.0,10,2025.0,405.0,2430.0,Retard,0.0,173,2025,9,3,20250926,20251110,,Contentieux > 90j
FAC-2025-04215,2024-08-17,2024-09-16,2024-09-24,CLI-0035,SVC-022,DEPT-003,8,600.0,0,4800.0,960.0,5760.0,Payée,4800.0,8,2024,8,3,20240817,20240916,20240924.0,Retard < 30j
FAC-2025-04216,2023-02-06,2023-03-23,,CLI-0133,SVC-010,DEPT-001,30,45.0,0,1350.0,270.0,1620.0,Retard,0.0,1136,2023,2,1,20230206,20230323,,Contentieux > 90j
FAC-2025-04217,2023-04-12,2023-06-11,2023-07-09,CLI-0164,SVC-008,DEPT-007,1,2500.0,5,2375.0,475.0,2850.0,Payée,2375.0,28,2023,4,2,20230412,20230611,20230709.0,Retard < 30j
FAC-2025-04218,2025-01-30,2025-03-01,2025-03-14,CLI-0178,SVC-021,DEPT-007,2,800.0,5,1520.0,304.0,1824.0,Payée,1520.0,13,2025,1,1,20250130,20250301,20250314.0,Retard < 30j
FAC-2025-04219,2025-04-23,2025-06-07,2025-06-26,CLI-0169,SVC-007,DEPT-004,1,1200.0,0,1200.0,240.0,1440.0,Payée,1200.0,19,2025,4,2,20250423,20250607,20250626.0,Retard < 30j
FAC-2025-04220,2023-03-14,2023-04-13,2023-05-04,CLI-0084,SVC-019,DEPT-004,15,180.0,0,2700.0,540.0,3240.0,Payée,2700.0,21,2023,3,1,20230314,20230413,20230504.0,Retard < 30j
FAC-2025-04221,2024-11-22,2025-01-06,,CLI-0119,SVC-003,DEPT-003,1,22000.0,5,20900.0,4180.0,25080.0,Partielle,7147.81,481,2024,11,4,20241122,20250106,,Contentieux > 90j
FAC-2025-04222,2023-04-04,2023-05-04,,CLI-0111,SVC-014,DEPT-004,6,1500.0,5,8550.0,1710.0,10260.0,Retard,0.0,1094,2023,4,2,20230404,20230504,,Contentieux > 90j
FAC-2025-04223,2024-05-24,2024-06-23,2024-07-16,CLI-0064,SVC-010,DEPT-002,49,45.0,0,2205.0,441.0,2646.0,Payée,2205.0,23,2024,5,2,20240524,20240623,20240716.0,Retard < 30j
FAC-2025-04224,2023-02-03,2023-05-04,2023-06-01,CLI-0179,SVC-005,DEPT-003,1,15000.0,5,14250.0,2850.0,17100.0,Payée,14250.0,28,2023,2,1,20230203,20230504,20230601.0,Retard < 30j
FAC-2025-04225,2024-03-14,2024-04-13,2024-05-08,CLI-0135,SVC-011,DEPT-004,1,4500.0,0,4500.0,900.0,5400.0,Payée,4500.0,25,2024,3,1,20240314,20240413,20240508.0,Retard < 30j
FAC-2025-04226,2024-02-14,2024-03-30,2024-04-29,CLI-0075,SVC-001,DEPT-004,1,3500.0,0,3500.0,700.0,4200.0,Payée,3500.0,30,2024,2,1,20240214,20240330,20240429.0,Retard < 30j
FAC-2025-04227,2023-11-26,2024-01-10,2024-02-04,CLI-0033,SVC-019,DEPT-002,15,180.0,0,2700.0,540.0,3240.0,Payée,2700.0,25,2023,11,4,20231126,20240110,20240204.0,Retard < 30j
FAC-2025-04228,2023-10-22,2023-12-06,2023-12-24,CLI-0004,SVC-004,DEPT-003,5,1200.0,5,5700.0,1140.0,6840.0,Payée,5700.0,18,2023,10,4,20231022,20231206,20231224.0,Retard < 30j
FAC-2025-04229,2023-02-18,2023-04-19,,CLI-0107,SVC-011,DEPT-003,1,4500.0,5,4275.0,855.0,5130.0,Contentieux,0.0,1109,2023,2,1,20230218,20230419,,Contentieux > 90j
FAC-2025-04230,2025-11-04,2025-12-19,,CLI-0180,SVC-002,DEPT-007,1,8500.0,15,7225.0,1445.0,8670.0,Retard,0.0,134,2025,11,4,20251104,20251219,,Contentieux > 90j
FAC-2025-04231,2024-03-03,2024-06-01,2024-06-25,CLI-0179,SVC-018,DEPT-002,1,6500.0,0,6500.0,1300.0,7800.0,Payée,6500.0,24,2024,3,1,20240303,20240601,20240625.0,Retard < 30j
FAC-2025-04232,2025-09-06,2025-10-21,2025-11-10,CLI-0160,SVC-017,DEPT-002,1,950.0,0,950.0,190.0,1140.0,Payée,950.0,20,2025,9,3,20250906,20251021,20251110.0,Retard < 30j
FAC-2025-04233,2024-07-31,2024-09-14,2024-09-14,CLI-0004,SVC-007,DEPT-001,1,1200.0,0,1200.0,240.0,1440.0,Payée,1200.0,0,2024,7,3,20240731,20240914,20240914.0,Dans les délais
FAC-2025-04234,2023-06-12,2023-07-12,2023-07-26,CLI-0008,SVC-019,DEPT-007,11,180.0,0,1980.0,396.0,2376.0,Payée,1980.0,14,2023,6,2,20230612,20230712,20230726.0,Retard < 30j
FAC-2025-04235,2025-10-04,2025-11-03,,CLI-0070,SVC-001,DEPT-001,1,3500.0,5,3325.0,665.0,3990.0,Retard,0.0,180,2025,10,4,20251004,20251103,,Contentieux > 90j
FAC-2025-04236,2025-04-25,2025-05-25,2025-06-13,CLI-0138,SVC-019,DEPT-002,12,180.0,15,1836.0,367.2,2203.2,Payée,1836.0,19,2025,4,2,20250425,20250525,20250613.0,Retard < 30j
FAC-2025-04237,2025-10-13,2025-11-12,2025-12-01,CLI-0158,SVC-020,DEPT-002,4,1400.0,0,5600.0,1120.0,6720.0,Payée,5600.0,19,2025,10,4,20251013,20251112,20251201.0,Retard < 30j
FAC-2025-04238,2023-11-14,2024-01-13,2024-02-02,CLI-0046,SVC-011,DEPT-001,1,4500.0,0,4500.0,900.0,5400.0,Payée,4500.0,20,2023,11,4,20231114,20240113,20240202.0,Retard < 30j
FAC-2025-04239,2023-09-18,2023-10-18,2023-10-31,CLI-0002,SVC-006,DEPT-001,1,450.0,0,450.0,90.0,540.0,Payée,450.0,13,2023,9,3,20230918,20231018,20231031.0,Retard < 30j
FAC-2025-04240,2025-08-16,2025-09-30,,CLI-0119,SVC-013,DEPT-001,8,1100.0,10,7920.0,1584.0,9504.0,Contentieux,0.0,214,2025,8,3,20250816,20250930,,Contentieux > 90j
FAC-2025-04241,2023-06-11,2023-07-11,2023-07-11,CLI-0056,SVC-012,DEPT-003,1,3200.0,5,3040.0,608.0,3648.0,Payée,3040.0,0,2023,6,2,20230611,20230711,20230711.0,Dans les délais
FAC-2025-04242,2023-12-06,2024-01-05,2024-01-05,CLI-0032,SVC-017,DEPT-003,1,950.0,5,902.5,180.5,1083.0,Payée,902.5,0,2023,12,4,20231206,20240105,20240105.0,Dans les délais
FAC-2025-04243,2025-04-04,2025-05-19,2025-05-21,CLI-0020,SVC-014,DEPT-002,7,1500.0,0,10500.0,2100.0,12600.0,Payée,10500.0,2,2025,4,2,20250404,20250519,20250521.0,Retard < 30j
FAC-2025-04244,2023-09-18,2023-11-17,2023-11-29,CLI-0068,SVC-019,DEPT-004,17,180.0,0,3060.0,612.0,3672.0,Payée,3060.0,12,2023,9,3,20230918,20231117,20231129.0,Retard < 30j
FAC-2025-04245,2023-03-10,2023-06-08,,CLI-0195,SVC-020,DEPT-004,10,1400.0,0,14000.0,2800.0,16800.0,Retard,0.0,1059,2023,3,1,20230310,20230608,,Contentieux > 90j
FAC-2025-04246,2023-10-15,2023-11-14,2023-12-14,CLI-0026,SVC-011,DEPT-003,1,4500.0,0,4500.0,900.0,5400.0,Payée,4500.0,30,2023,10,4,20231015,20231114,20231214.0,Retard < 30j
FAC-2025-04247,2023-11-15,2023-12-30,,CLI-0096,SVC-010,DEPT-003,1,45.0,0,45.0,9.0,54.0,Retard,0.0,854,2023,11,4,20231115,20231230,,Contentieux > 90j
FAC-2025-04248,2024-05-29,2024-07-13,,CLI-0171,SVC-005,DEPT-002,1,15000.0,0,15000.0,3000.0,18000.0,Retard,0.0,658,2024,5,2,20240529,20240713,,Contentieux > 90j
FAC-2025-04249,2025-08-03,2025-09-17,2025-10-05,CLI-0022,SVC-008,DEPT-001,1,2500.0,0,2500.0,500.0,3000.0,Payée,2500.0,18,2025,8,3,20250803,20250917,20251005.0,Retard < 30j
FAC-2025-04250,2023-08-14,2023-09-13,2023-09-17,CLI-0070,SVC-003,DEPT-004,1,22000.0,10,19800.0,3960.0,23760.0,Payée,19800.0,4,2023,8,3,20230814,20230913,20230917.0,Retard < 30j
FAC-2025-04251,2023-09-07,2023-10-22,2023-11-01,CLI-0122,SVC-021,DEPT-007,5,800.0,5,3800.0,760.0,4560.0,Payée,3800.0,10,2023,9,3,20230907,20231022,20231101.0,Retard < 30j
FAC-2025-04252,2025-02-23,2025-03-25,2025-03-25,CLI-0129,SVC-001,DEPT-007,1,3500.0,0,3500.0,700.0,4200.0,Payée,3500.0,0,2025,2,1,20250223,20250325,20250325.0,Dans les délais
FAC-2025-04253,2023-09-12,2023-10-12,,CLI-0174,SVC-024,DEPT-007,2,700.0,10,1260.0,252.0,1512.0,Retard,0.0,933,2023,9,3,20230912,20231012,,Contentieux > 90j
FAC-2025-04254,2024-10-07,2024-11-06,,CLI-0041,SVC-024,DEPT-002,7,700.0,15,4165.0,833.0,4998.0,Retard,0.0,542,2024,10,4,20241007,20241106,,Contentieux > 90j
FAC-2025-04255,2025-09-22,2025-11-06,,CLI-0096,SVC-024,DEPT-002,7,700.0,0,4900.0,980.0,5880.0,Retard,0.0,177,2025,9,3,20250922,20251106,,Contentieux > 90j
FAC-2025-04256,2023-04-03,2023-05-03,2023-05-03,CLI-0093,SVC-003,DEPT-002,1,22000.0,0,22000.0,4400.0,26400.0,Payée,22000.0,0,2023,4,2,20230403,20230503,20230503.0,Dans les délais
FAC-2025-04257,2023-08-01,2023-09-15,,CLI-0020,SVC-017,DEPT-001,1,950.0,0,950.0,190.0,1140.0,Partielle,691.08,960,2023,8,3,20230801,20230915,,Contentieux > 90j
FAC-2025-04258,2024-12-01,2025-01-15,,CLI-0098,SVC-001,DEPT-002,1,3500.0,10,3150.0,630.0,3780.0,Retard,0.0,472,2024,12,4,20241201,20250115,,Contentieux > 90j
FAC-2025-04259,2023-08-26,2023-10-10,2023-10-10,CLI-0049,SVC-011,DEPT-003,1,4500.0,0,4500.0,900.0,5400.0,Payée,4500.0,0,2023,8,3,20230826,20231010,20231010.0,Dans les délais
FAC-2025-04260,2023-03-20,2023-05-04,2023-05-16,CLI-0098,SVC-015,DEPT-001,1,2800.0,0,2800.0,560.0,3360.0,Payée,2800.0,12,2023,3,1,20230320,20230504,20230516.0,Retard < 30j
FAC-2025-04261,2023-07-24,2023-09-07,,CLI-0123,SVC-015,DEPT-004,1,2800.0,0,2800.0,560.0,3360.0,Retard,0.0,968,2023,7,3,20230724,20230907,,Contentieux > 90j
FAC-2025-04262,2023-05-22,2023-06-21,2023-07-08,CLI-0162,SVC-007,DEPT-004,1,1200.0,0,1200.0,240.0,1440.0,Payée,1200.0,17,2023,5,2,20230522,20230621,20230708.0,Retard < 30j
FAC-2025-04263,2025-08-28,2025-10-12,,CLI-0087,SVC-011,DEPT-004,1,4500.0,0,4500.0,900.0,5400.0,Retard,0.0,202,2025,8,3,20250828,20251012,,Contentieux > 90j
FAC-2025-04264,2025-08-25,2025-10-24,2025-11-05,CLI-0103,SVC-022,DEPT-001,10,600.0,0,6000.0,1200.0,7200.0,Payée,6000.0,12,2025,8,3,20250825,20251024,20251105.0,Retard < 30j
FAC-2025-04265,2025-07-10,2025-09-08,2025-10-06,CLI-0069,SVC-007,DEPT-004,1,1200.0,0,1200.0,240.0,1440.0,Payée,1200.0,28,2025,7,3,20250710,20250908,20251006.0,Retard < 30j
FAC-2025-04266,2024-04-15,2024-05-30,,CLI-0001,SVC-020,DEPT-004,4,1400.0,5,5320.0,1064.0,6384.0,Retard,0.0,702,2024,4,2,20240415,20240530,,Contentieux > 90j
FAC-2025-04267,2023-07-02,2023-08-01,2023-08-15,CLI-0187,SVC-010,DEPT-001,12,45.0,10,486.0,97.2,583.2,Payée,486.0,14,2023,7,3,20230702,20230801,20230815.0,Retard < 30j
FAC-2025-04268,2023-02-04,2023-03-06,,CLI-0002,SVC-013,DEPT-004,4,1100.0,0,4400.0,880.0,5280.0,Retard,0.0,1153,2023,2,1,20230204,20230306,,Contentieux > 90j
FAC-2025-04269,2023-05-14,2023-06-13,2023-06-30,CLI-0110,SVC-008,DEPT-004,1,2500.0,5,2375.0,475.0,2850.0,Payée,2375.0,17,2023,5,2,20230514,20230613,20230630.0,Retard < 30j
FAC-2025-04270,2023-06-29,2023-07-29,2023-07-29,CLI-0126,SVC-008,DEPT-007,1,2500.0,5,2375.0,475.0,2850.0,Payée,2375.0,0,2023,6,2,20230629,20230729,20230729.0,Dans les délais
FAC-2025-04271,2024-11-11,2025-01-10,2025-01-25,CLI-0184,SVC-013,DEPT-002,5,1100.0,0,5500.0,1100.0,6600.0,Payée,5500.0,15,2024,11,4,20241111,20250110,20250125.0,Retard < 30j
FAC-2025-04272,2025-03-06,2025-04-05,2025-04-17,CLI-0126,SVC-002,DEPT-004,1,8500.0,10,7650.0,1530.0,9180.0,Payée,7650.0,12,2025,3,1,20250306,20250405,20250417.0,Retard < 30j
FAC-2025-04273,2025-03-30,2025-04-29,2025-05-29,CLI-0093,SVC-017,DEPT-004,1,950.0,0,950.0,190.0,1140.0,Payée,950.0,30,2025,3,1,20250330,20250429,20250529.0,Retard < 30j
FAC-2025-04274,2025-11-28,2026-02-26,2026-02-26,CLI-0195,SVC-021,DEPT-004,10,800.0,0,8000.0,1600.0,9600.0,Payée,8000.0,0,2025,11,4,20251128,20260226,20260226.0,Dans les délais
FAC-2025-04275,2024-05-19,2024-07-03,2024-07-03,CLI-0004,SVC-021,DEPT-004,7,800.0,10,5040.0,1008.0,6048.0,Payée,5040.0,0,2024,5,2,20240519,20240703,20240703.0,Dans les délais
FAC-2025-04276,2023-05-28,2023-06-27,,CLI-0145,SVC-001,DEPT-002,1,3500.0,0,3500.0,700.0,4200.0,Partielle,2389.13,1040,2023,5,2,20230528,20230627,,Contentieux > 90j
FAC-2025-04277,2024-09-26,2024-11-25,,CLI-0149,SVC-011,DEPT-001,1,4500.0,0,4500.0,900.0,5400.0,Retard,0.0,523,2024,9,3,20240926,20241125,,Contentieux > 90j
FAC-2025-04278,2023-07-31,2023-09-14,,CLI-0139,SVC-017,DEPT-007,1,950.0,0,950.0,190.0,1140.0,Partielle,495.12,961,2023,7,3,20230731,20230914,,Contentieux > 90j
FAC-2025-04279,2023-03-16,2023-04-15,2023-04-15,CLI-0134,SVC-002,DEPT-003,1,8500.0,0,8500.0,1700.0,10200.0,Payée,8500.0,0,2023,3,1,20230316,20230415,20230415.0,Dans les délais
FAC-2025-04280,2023-06-26,2023-07-26,2023-08-18,CLI-0092,SVC-010,DEPT-003,23,45.0,0,1035.0,207.0,1242.0,Payée,1035.0,23,2023,6,2,20230626,20230726,20230818.0,Retard < 30j
FAC-2025-04281,2024-04-22,2024-05-22,2024-06-12,CLI-0071,SVC-008,DEPT-003,1,2500.0,5,2375.0,475.0,2850.0,Payée,2375.0,21,2024,4,2,20240422,20240522,20240612.0,Retard < 30j
FAC-2025-04282,2024-04-13,2024-05-28,2024-05-28,CLI-0119,SVC-006,DEPT-002,1,450.0,0,450.0,90.0,540.0,Payée,450.0,0,2024,4,2,20240413,20240528,20240528.0,Dans les délais
FAC-2025-04283,2024-05-14,2024-06-13,,CLI-0072,SVC-012,DEPT-003,1,3200.0,10,2880.0,576.0,3456.0,Partielle,1954.27,688,2024,5,2,20240514,20240613,,Contentieux > 90j
FAC-2025-04284,2024-01-04,2024-02-18,,CLI-0189,SVC-023,DEPT-002,7,750.0,5,4987.5,997.5,5985.0,Contentieux,0.0,804,2024,1,1,20240104,20240218,,Contentieux > 90j
FAC-2025-04285,2023-08-17,2023-10-01,,CLI-0123,SVC-023,DEPT-002,10,750.0,0,7500.0,1500.0,9000.0,Retard,0.0,944,2023,8,3,20230817,20231001,,Contentieux > 90j
FAC-2025-04286,2024-03-19,2024-04-18,,CLI-0032,SVC-015,DEPT-002,1,2800.0,15,2380.0,476.0,2856.0,Partielle,1622.39,744,2024,3,1,20240319,20240418,,Contentieux > 90j
FAC-2025-04287,2025-10-11,2025-11-25,2025-12-02,CLI-0087,SVC-017,DEPT-007,1,950.0,5,902.5,180.5,1083.0,Payée,902.5,7,2025,10,4,20251011,20251125,20251202.0,Retard < 30j
FAC-2025-04288,2025-02-09,2025-03-11,,CLI-0110,SVC-017,DEPT-002,1,950.0,10,855.0,171.0,1026.0,Contentieux,0.0,417,2025,2,1,20250209,20250311,,Contentieux > 90j
FAC-2025-04289,2025-09-08,2025-10-23,2025-11-16,CLI-0190,SVC-005,DEPT-001,1,15000.0,5,14250.0,2850.0,17100.0,Payée,14250.0,24,2025,9,3,20250908,20251023,20251116.0,Retard < 30j
FAC-2025-04290,2023-06-10,2023-07-10,2023-07-12,CLI-0083,SVC-023,DEPT-004,4,750.0,0,3000.0,600.0,3600.0,Payée,3000.0,2,2023,6,2,20230610,20230710,20230712.0,Retard < 30j
FAC-2025-04291,2025-06-20,2025-08-04,2025-09-03,CLI-0185,SVC-013,DEPT-001,1,1100.0,0,1100.0,220.0,1320.0,Payée,1100.0,30,2025,6,2,20250620,20250804,20250903.0,Retard < 30j
FAC-2025-04292,2024-10-16,2024-11-15,2024-11-17,CLI-0148,SVC-008,DEPT-004,1,2500.0,0,2500.0,500.0,3000.0,Payée,2500.0,2,2024,10,4,20241016,20241115,20241117.0,Retard < 30j
FAC-2025-04293,2023-02-20,2023-04-06,,CLI-0043,SVC-011,DEPT-007,1,4500.0,0,4500.0,900.0,5400.0,Retard,0.0,1122,2023,2,1,20230220,20230406,,Contentieux > 90j
FAC-2025-04294,2025-01-29,2025-02-28,2025-03-20,CLI-0186,SVC-007,DEPT-002,1,1200.0,5,1140.0,228.0,1368.0,Payée,1140.0,20,2025,1,1,20250129,20250228,20250320.0,Retard < 30j
FAC-2025-04295,2025-07-06,2025-08-20,,CLI-0180,SVC-018,DEPT-003,1,6500.0,0,6500.0,1300.0,7800.0,Partielle,4103.52,255,2025,7,3,20250706,20250820,,Contentieux > 90j
FAC-2025-04296,2023-01-11,2023-02-10,2023-02-20,CLI-0115,SVC-016,DEPT-003,1,1800.0,10,1620.0,324.0,1944.0,Payée,1620.0,10,2023,1,1,20230111,20230210,20230220.0,Retard < 30j
FAC-2025-04297,2023-07-22,2023-09-05,,CLI-0042,SVC-016,DEPT-004,1,1800.0,5,1710.0,342.0,2052.0,Contentieux,0.0,970,2023,7,3,20230722,20230905,,Contentieux > 90j
FAC-2025-04298,2025-01-11,2025-02-10,2025-02-10,CLI-0178,SVC-005,DEPT-003,1,15000.0,0,15000.0,3000.0,18000.0,Payée,15000.0,0,2025,1,1,20250111,20250210,20250210.0,Dans les délais
FAC-2025-04299,2023-12-22,2024-01-21,2024-01-21,CLI-0007,SVC-020,DEPT-001,7,1400.0,15,8330.0,1666.0,9996.0,Payée,8330.0,0,2023,12,4,20231222,20240121,20240121.0,Dans les délais
FAC-2025-04300,2024-10-31,2024-12-15,2025-01-08,CLI-0017,SVC-003,DEPT-002,1,22000.0,0,22000.0,4400.0,26400.0,Payée,22000.0,24,2024,10,4,20241031,20241215,20250108.0,Retard < 30j
FAC-2025-04301,2024-05-31,2024-06-30,,CLI-0172,SVC-009,DEPT-007,1,180.0,15,153.0,30.6,183.6,Retard,0.0,671,2024,5,2,20240531,20240630,,Contentieux > 90j
FAC-2025-04302,2023-06-29,2023-08-28,2023-09-27,CLI-0024,SVC-005,DEPT-007,1,15000.0,10,13500.0,2700.0,16200.0,Payée,13500.0,30,2023,6,2,20230629,20230828,20230927.0,Retard < 30j
FAC-2025-04303,2024-01-31,2024-03-01,,CLI-0044,SVC-021,DEPT-004,9,800.0,10,6480.0,1296.0,7776.0,Retard,0.0,792,2024,1,1,20240131,20240301,,Contentieux > 90j
FAC-2025-04304,2023-04-15,2023-05-30,2023-06-06,CLI-0175,SVC-020,DEPT-002,9,1400.0,10,11340.0,2268.0,13608.0,Payée,11340.0,7,2023,4,2,20230415,20230530,20230606.0,Retard < 30j
FAC-2025-04305,2024-06-24,2024-08-08,2024-09-03,CLI-0022,SVC-002,DEPT-004,1,8500.0,5,8075.0,1615.0,9690.0,Payée,8075.0,26,2024,6,2,20240624,20240808,20240903.0,Retard < 30j
FAC-2025-04306,2025-04-25,2025-06-09,,CLI-0192,SVC-008,DEPT-004,1,2500.0,10,2250.0,450.0,2700.0,Partielle,1765.61,327,2025,4,2,20250425,20250609,,Contentieux > 90j
FAC-2025-04307,2023-10-11,2023-11-25,,CLI-0020,SVC-020,DEPT-007,3,1400.0,15,3570.0,714.0,4284.0,Retard,0.0,889,2023,10,4,20231011,20231125,,Contentieux > 90j
FAC-2025-04308,2023-10-14,2023-11-28,2023-11-28,CLI-0169,SVC-005,DEPT-007,1,15000.0,0,15000.0,3000.0,18000.0,Payée,15000.0,0,2023,10,4,20231014,20231128,20231128.0,Dans les délais
FAC-2025-04309,2023-09-06,2023-10-06,2023-10-15,CLI-0126,SVC-010,DEPT-001,31,45.0,0,1395.0,279.0,1674.0,Payée,1395.0,9,2023,9,3,20230906,20231006,20231015.0,Retard < 30j
FAC-2025-04310,2025-04-26,2025-06-10,2025-07-02,CLI-0048,SVC-007,DEPT-007,1,1200.0,0,1200.0,240.0,1440.0,Payée,1200.0,22,2025,4,2,20250426,20250610,20250702.0,Retard < 30j
FAC-2025-04311,2025-11-03,2025-12-18,2025-12-18,CLI-0075,SVC-014,DEPT-004,4,1500.0,0,6000.0,1200.0,7200.0,Payée,6000.0,0,2025,11,4,20251103,20251218,20251218.0,Dans les délais
FAC-2025-04312,2024-07-14,2024-09-12,2024-09-12,CLI-0144,SVC-014,DEPT-007,1,1500.0,10,1350.0,270.0,1620.0,Payée,1350.0,0,2024,7,3,20240714,20240912,20240912.0,Dans les délais
FAC-2025-04313,2024-01-03,2024-02-02,,CLI-0071,SVC-022,DEPT-004,6,600.0,0,3600.0,720.0,4320.0,Partielle,1348.53,820,2024,1,1,20240103,20240202,,Contentieux > 90j
FAC-2025-04314,2023-12-25,2024-01-24,2024-02-04,CLI-0142,SVC-004,DEPT-007,7,1200.0,10,7560.0,1512.0,9072.0,Payée,7560.0,11,2023,12,4,20231225,20240124,20240204.0,Retard < 30j
FAC-2025-04315,2024-10-19,2024-12-03,2024-12-24,CLI-0190,SVC-019,DEPT-003,7,180.0,10,1134.0,226.8,1360.8,Payée,1134.0,21,2024,10,4,20241019,20241203,20241224.0,Retard < 30j
FAC-2025-04316,2025-12-01,2025-12-31,2026-01-22,CLI-0083,SVC-010,DEPT-007,18,45.0,5,769.5,153.9,923.4,Payée,769.5,22,2025,12,4,20251201,20251231,20260122.0,Retard < 30j
FAC-2025-04317,2023-08-20,2023-10-04,,CLI-0137,SVC-017,DEPT-002,1,950.0,10,855.0,171.0,1026.0,Partielle,288.3,941,2023,8,3,20230820,20231004,,Contentieux > 90j
FAC-2025-04318,2025-05-22,2025-07-21,2025-08-18,CLI-0069,SVC-002,DEPT-001,1,8500.0,0,8500.0,1700.0,10200.0,Payée,8500.0,28,2025,5,2,20250522,20250721,20250818.0,Retard < 30j
FAC-2025-04319,2025-10-20,2025-11-19,,CLI-0102,SVC-018,DEPT-003,1,6500.0,0,6500.0,1300.0,7800.0,Retard,0.0,164,2025,10,4,20251020,20251119,,Contentieux > 90j
FAC-2025-04320,2023-04-25,2023-05-25,2023-06-19,CLI-0110,SVC-020,DEPT-007,7,1400.0,5,9310.0,1862.0,11172.0,Payée,9310.0,25,2023,4,2,20230425,20230525,20230619.0,Retard < 30j
FAC-2025-04321,2023-04-17,2023-05-17,2023-05-21,CLI-0148,SVC-020,DEPT-001,3,1400.0,10,3780.0,756.0,4536.0,Payée,3780.0,4,2023,4,2,20230417,20230517,20230521.0,Retard < 30j
FAC-2025-04322,2024-04-27,2024-05-27,2024-06-16,CLI-0086,SVC-013,DEPT-004,8,1100.0,0,8800.0,1760.0,10560.0,Payée,8800.0,20,2024,4,2,20240427,20240527,20240616.0,Retard < 30j
FAC-2025-04323,2023-10-26,2023-11-25,2023-11-25,CLI-0006,SVC-007,DEPT-007,1,1200.0,0,1200.0,240.0,1440.0,Payée,1200.0,0,2023,10,4,20231026,20231125,20231125.0,Dans les délais
FAC-2025-04324,2024-10-16,2024-11-15,2024-12-11,CLI-0002,SVC-006,DEPT-004,1,450.0,0,450.0,90.0,540.0,Payée,450.0,26,2024,10,4,20241016,20241115,20241211.0,Retard < 30j
FAC-2025-04325,2025-07-21,2025-08-20,,CLI-0071,SVC-024,DEPT-004,10,700.0,0,7000.0,1400.0,8400.0,Retard,0.0,255,2025,7,3,20250721,20250820,,Contentieux > 90j
FAC-2025-04326,2024-12-10,2025-01-24,,CLI-0177,SVC-011,DEPT-002,1,4500.0,0,4500.0,900.0,5400.0,Contentieux,0.0,463,2024,12,4,20241210,20250124,,Contentieux > 90j
FAC-2025-04327,2025-07-13,2025-08-12,2025-09-06,CLI-0082,SVC-024,DEPT-002,5,700.0,5,3325.0,665.0,3990.0,Payée,3325.0,25,2025,7,3,20250713,20250812,20250906.0,Retard < 30j
FAC-2025-04328,2023-01-25,2023-04-25,2023-04-29,CLI-0125,SVC-015,DEPT-003,1,2800.0,0,2800.0,560.0,3360.0,Payée,2800.0,4,2023,1,1,20230125,20230425,20230429.0,Retard < 30j
FAC-2025-04329,2025-08-06,2025-11-04,2025-12-04,CLI-0125,SVC-021,DEPT-003,7,800.0,0,5600.0,1120.0,6720.0,Payée,5600.0,30,2025,8,3,20250806,20251104,20251204.0,Retard < 30j
FAC-2025-04330,2024-03-01,2024-03-31,2024-03-31,CLI-0050,SVC-007,DEPT-003,1,1200.0,0,1200.0,240.0,1440.0,Payée,1200.0,0,2024,3,1,20240301,20240331,20240331.0,Dans les délais
FAC-2025-04331,2023-03-07,2023-04-06,2023-04-10,CLI-0126,SVC-008,DEPT-007,1,2500.0,5,2375.0,475.0,2850.0,Payée,2375.0,4,2023,3,1,20230307,20230406,20230410.0,Retard < 30j
FAC-2025-04332,2024-06-01,2024-07-01,2024-07-06,CLI-0051,SVC-021,DEPT-001,9,800.0,0,7200.0,1440.0,8640.0,Payée,7200.0,5,2024,6,2,20240601,20240701,20240706.0,Retard < 30j
FAC-2025-04333,2025-12-04,2026-01-03,2026-01-26,CLI-0013,SVC-016,DEPT-002,1,1800.0,0,1800.0,360.0,2160.0,Payée,1800.0,23,2025,12,4,20251204,20260103,20260126.0,Retard < 30j
FAC-2025-04334,2024-08-18,2024-09-17,2024-09-17,CLI-0135,SVC-012,DEPT-004,1,3200.0,0,3200.0,640.0,3840.0,Payée,3200.0,0,2024,8,3,20240818,20240917,20240917.0,Dans les délais
FAC-2025-04335,2023-05-12,2023-06-26,,CLI-0043,SVC-001,DEPT-007,1,3500.0,5,3325.0,665.0,3990.0,Retard,0.0,1041,2023,5,2,20230512,20230626,,Contentieux > 90j
FAC-2025-04336,2025-08-20,2025-10-04,,CLI-0094,SVC-005,DEPT-004,1,15000.0,0,15000.0,3000.0,18000.0,Retard,0.0,210,2025,8,3,20250820,20251004,,Contentieux > 90j
FAC-2025-04337,2025-05-30,2025-06-29,2025-07-19,CLI-0050,SVC-016,DEPT-003,1,1800.0,5,1710.0,342.0,2052.0,Payée,1710.0,20,2025,5,2,20250530,20250629,20250719.0,Retard < 30j
FAC-2025-04338,2024-11-01,2024-12-16,2024-12-16,CLI-0019,SVC-006,DEPT-001,1,450.0,0,450.0,90.0,540.0,Payée,450.0,0,2024,11,4,20241101,20241216,20241216.0,Dans les délais
FAC-2025-04339,2023-03-08,2023-04-22,2023-05-21,CLI-0116,SVC-003,DEPT-003,1,22000.0,0,22000.0,4400.0,26400.0,Payée,22000.0,29,2023,3,1,20230308,20230422,20230521.0,Retard < 30j
FAC-2025-04340,2025-05-29,2025-06-28,2025-06-28,CLI-0041,SVC-005,DEPT-001,1,15000.0,10,13500.0,2700.0,16200.0,Payée,13500.0,0,2025,5,2,20250529,20250628,20250628.0,Dans les délais
FAC-2025-04341,2023-01-22,2023-02-21,2023-02-21,CLI-0064,SVC-014,DEPT-002,8,1500.0,0,12000.0,2400.0,14400.0,Payée,12000.0,0,2023,1,1,20230122,20230221,20230221.0,Dans les délais
FAC-2025-04342,2023-01-06,2023-02-05,2023-02-17,CLI-0163,SVC-008,DEPT-002,1,2500.0,5,2375.0,475.0,2850.0,Payée,2375.0,12,2023,1,1,20230106,20230205,20230217.0,Retard < 30j
FAC-2025-04343,2024-02-09,2024-04-09,2024-04-17,CLI-0196,SVC-009,DEPT-007,1,180.0,15,153.0,30.6,183.6,Payée,153.0,8,2024,2,1,20240209,20240409,20240417.0,Retard < 30j
FAC-2025-04344,2023-10-17,2023-12-01,2023-12-22,CLI-0037,SVC-014,DEPT-004,9,1500.0,0,13500.0,2700.0,16200.0,Payée,13500.0,21,2023,10,4,20231017,20231201,20231222.0,Retard < 30j
FAC-2025-04345,2025-05-14,2025-07-13,,CLI-0069,SVC-004,DEPT-004,7,1200.0,5,7980.0,1596.0,9576.0,Retard,0.0,293,2025,5,2,20250514,20250713,,Contentieux > 90j
FAC-2025-04346,2024-05-24,2024-06-23,2024-07-11,CLI-0097,SVC-001,DEPT-003,1,3500.0,0,3500.0,700.0,4200.0,Payée,3500.0,18,2024,5,2,20240524,20240623,20240711.0,Retard < 30j
FAC-2025-04347,2023-02-08,2023-03-10,2023-03-21,CLI-0080,SVC-003,DEPT-007,1,22000.0,0,22000.0,4400.0,26400.0,Payée,22000.0,11,2023,2,1,20230208,20230310,20230321.0,Retard < 30j
FAC-2025-04348,2023-03-04,2023-05-03,2023-05-19,CLI-0144,SVC-001,DEPT-007,1,3500.0,5,3325.0,665.0,3990.0,Payée,3325.0,16,2023,3,1,20230304,20230503,20230519.0,Retard < 30j
FAC-2025-04349,2024-11-05,2024-12-05,2024-12-26,CLI-0008,SVC-004,DEPT-002,2,1200.0,0,2400.0,480.0,2880.0,Payée,2400.0,21,2024,11,4,20241105,20241205,20241226.0,Retard < 30j
FAC-2025-04350,2023-09-23,2023-11-07,2023-11-07,CLI-0159,SVC-001,DEPT-003,1,3500.0,0,3500.0,700.0,4200.0,Payée,3500.0,0,2023,9,3,20230923,20231107,20231107.0,Dans les délais
FAC-2025-04351,2025-04-15,2025-06-14,,CLI-0005,SVC-021,DEPT-001,10,800.0,0,8000.0,1600.0,9600.0,Retard,0.0,322,2025,4,2,20250415,20250614,,Contentieux > 90j
FAC-2025-04352,2024-11-06,2024-12-21,2024-12-31,CLI-0058,SVC-004,DEPT-002,3,1200.0,5,3420.0,684.0,4104.0,Payée,3420.0,10,2024,11,4,20241106,20241221,20241231.0,Retard < 30j
FAC-2025-04353,2023-04-09,2023-05-24,2023-06-17,CLI-0043,SVC-022,DEPT-004,6,600.0,0,3600.0,720.0,4320.0,Payée,3600.0,24,2023,4,2,20230409,20230524,20230617.0,Retard < 30j
FAC-2025-04354,2024-04-26,2024-07-25,,CLI-0195,SVC-010,DEPT-003,23,45.0,10,931.5,186.3,1117.8,Retard,0.0,646,2024,4,2,20240426,20240725,,Contentieux > 90j
FAC-2025-04355,2023-12-24,2024-02-07,,CLI-0154,SVC-013,DEPT-007,6,1100.0,5,6270.0,1254.0,7524.0,Retard,0.0,815,2023,12,4,20231224,20240207,,Contentieux > 90j
FAC-2025-04356,2023-08-07,2023-09-21,,CLI-0116,SVC-002,DEPT-003,1,8500.0,0,8500.0,1700.0,10200.0,Partielle,5849.25,954,2023,8,3,20230807,20230921,,Contentieux > 90j
FAC-2025-04357,2025-06-10,2025-07-25,2025-08-23,CLI-0101,SVC-017,DEPT-007,1,950.0,10,855.0,171.0,1026.0,Payée,855.0,29,2025,6,2,20250610,20250725,20250823.0,Retard < 30j
FAC-2025-04358,2025-04-03,2025-06-02,2025-06-25,CLI-0165,SVC-006,DEPT-003,1,450.0,0,450.0,90.0,540.0,Payée,450.0,23,2025,4,2,20250403,20250602,20250625.0,Retard < 30j
FAC-2025-04359,2023-02-08,2023-04-09,,CLI-0164,SVC-019,DEPT-007,9,180.0,0,1620.0,324.0,1944.0,Partielle,776.58,1119,2023,2,1,20230208,20230409,,Contentieux > 90j
FAC-2025-04360,2025-08-22,2025-09-21,2025-09-21,CLI-0156,SVC-001,DEPT-003,1,3500.0,0,3500.0,700.0,4200.0,Payée,3500.0,0,2025,8,3,20250822,20250921,20250921.0,Dans les délais
FAC-2025-04361,2024-03-26,2024-05-10,,CLI-0042,SVC-006,DEPT-003,1,450.0,0,450.0,90.0,540.0,Retard,0.0,722,2024,3,1,20240326,20240510,,Contentieux > 90j
FAC-2025-04362,2024-01-06,2024-02-20,,CLI-0116,SVC-020,DEPT-007,1,1400.0,0,1400.0,280.0,1680.0,Retard,0.0,802,2024,1,1,20240106,20240220,,Contentieux > 90j
FAC-2025-04363,2024-10-19,2024-11-18,2024-11-18,CLI-0129,SVC-015,DEPT-001,1,2800.0,0,2800.0,560.0,3360.0,Payée,2800.0,0,2024,10,4,20241019,20241118,20241118.0,Dans les délais
FAC-2025-04364,2024-04-02,2024-05-02,2024-05-18,CLI-0057,SVC-015,DEPT-004,1,2800.0,0,2800.0,560.0,3360.0,Payée,2800.0,16,2024,4,2,20240402,20240502,20240518.0,Retard < 30j
FAC-2025-04365,2025-06-24,2025-08-23,2025-08-24,CLI-0130,SVC-005,DEPT-001,1,15000.0,10,13500.0,2700.0,16200.0,Payée,13500.0,1,2025,6,2,20250624,20250823,20250824.0,Retard < 30j
FAC-2025-04366,2024-12-31,2025-02-14,2025-02-14,CLI-0124,SVC-001,DEPT-001,1,3500.0,15,2975.0,595.0,3570.0,Payée,2975.0,0,2024,12,4,20241231,20250214,20250214.0,Dans les délais
FAC-2025-04367,2023-12-10,2024-01-09,2024-01-28,CLI-0110,SVC-022,DEPT-007,3,600.0,0,1800.0,360.0,2160.0,Payée,1800.0,19,2023,12,4,20231210,20240109,20240128.0,Retard < 30j
FAC-2025-04368,2023-05-05,2023-06-04,2023-06-28,CLI-0181,SVC-013,DEPT-004,1,1100.0,10,990.0,198.0,1188.0,Payée,990.0,24,2023,5,2,20230505,20230604,20230628.0,Retard < 30j
FAC-2025-04369,2025-11-05,2025-12-20,,CLI-0022,SVC-005,DEPT-002,1,15000.0,5,14250.0,2850.0,17100.0,Partielle,8455.32,133,2025,11,4,20251105,20251220,,Contentieux > 90j
FAC-2025-04370,2025-10-12,2025-11-11,2025-11-13,CLI-0002,SVC-022,DEPT-002,5,600.0,0,3000.0,600.0,3600.0,Payée,3000.0,2,2025,10,4,20251012,20251111,20251113.0,Retard < 30j
FAC-2025-04371,2025-09-08,2025-10-23,,CLI-0175,SVC-020,DEPT-002,10,1400.0,10,12600.0,2520.0,15120.0,Retard,0.0,191,2025,9,3,20250908,20251023,,Contentieux > 90j
FAC-2025-04372,2024-11-03,2024-12-03,,CLI-0145,SVC-004,DEPT-002,7,1200.0,10,7560.0,1512.0,9072.0,Partielle,5504.82,515,2024,11,4,20241103,20241203,,Contentieux > 90j
FAC-2025-04373,2025-09-21,2025-10-21,,CLI-0065,SVC-017,DEPT-002,1,950.0,5,902.5,180.5,1083.0,Partielle,576.08,193,2025,9,3,20250921,20251021,,Contentieux > 90j
FAC-2025-04374,2025-11-14,2025-12-14,,CLI-0158,SVC-012,DEPT-007,1,3200.0,0,3200.0,640.0,3840.0,Retard,0.0,139,2025,11,4,20251114,20251214,,Contentieux > 90j
FAC-2025-04375,2025-08-15,2025-09-14,2025-09-14,CLI-0083,SVC-008,DEPT-001,1,2500.0,0,2500.0,500.0,3000.0,Payée,2500.0,0,2025,8,3,20250815,20250914,20250914.0,Dans les délais
FAC-2025-04376,2025-10-13,2025-11-12,2025-11-26,CLI-0146,SVC-008,DEPT-003,1,2500.0,0,2500.0,500.0,3000.0,Payée,2500.0,14,2025,10,4,20251013,20251112,20251126.0,Retard < 30j
FAC-2025-04377,2024-06-01,2024-07-01,2024-07-03,CLI-0099,SVC-015,DEPT-001,1,2800.0,10,2520.0,504.0,3024.0,Payée,2520.0,2,2024,6,2,20240601,20240701,20240703.0,Retard < 30j
FAC-2025-04378,2023-12-15,2024-01-14,2024-01-30,CLI-0141,SVC-013,DEPT-003,7,1100.0,0,7700.0,1540.0,9240.0,Payée,7700.0,16,2023,12,4,20231215,20240114,20240130.0,Retard < 30j
FAC-2025-04379,2025-07-14,2025-08-13,2025-09-02,CLI-0072,SVC-010,DEPT-001,23,45.0,15,879.75,175.95,1055.7,Payée,879.75,20,2025,7,3,20250714,20250813,20250902.0,Retard < 30j
FAC-2025-04380,2024-11-29,2024-12-29,,CLI-0083,SVC-008,DEPT-007,1,2500.0,0,2500.0,500.0,3000.0,Partielle,1011.62,489,2024,11,4,20241129,20241229,,Contentieux > 90j
FAC-2025-04381,2023-04-21,2023-06-05,2023-06-27,CLI-0159,SVC-011,DEPT-003,1,4500.0,0,4500.0,900.0,5400.0,Payée,4500.0,22,2023,4,2,20230421,20230605,20230627.0,Retard < 30j
FAC-2025-04382,2025-07-11,2025-08-10,2025-09-05,CLI-0156,SVC-011,DEPT-003,1,4500.0,0,4500.0,900.0,5400.0,Payée,4500.0,26,2025,7,3,20250711,20250810,20250905.0,Retard < 30j
FAC-2025-04383,2023-05-28,2023-07-12,2023-07-20,CLI-0132,SVC-022,DEPT-003,7,600.0,0,4200.0,840.0,5040.0,Payée,4200.0,8,2023,5,2,20230528,20230712,20230720.0,Retard < 30j
FAC-2025-04384,2024-03-07,2024-04-21,2024-04-22,CLI-0011,SVC-016,DEPT-004,1,1800.0,0,1800.0,360.0,2160.0,Payée,1800.0,1,2024,3,1,20240307,20240421,20240422.0,Retard < 30j
FAC-2025-04385,2023-07-12,2023-08-11,2023-08-11,CLI-0145,SVC-013,DEPT-004,4,1100.0,0,4400.0,880.0,5280.0,Payée,4400.0,0,2023,7,3,20230712,20230811,20230811.0,Dans les délais
FAC-2025-04386,2024-03-22,2024-05-21,2024-05-28,CLI-0157,SVC-018,DEPT-002,1,6500.0,0,6500.0,1300.0,7800.0,Payée,6500.0,7,2024,3,1,20240322,20240521,20240528.0,Retard < 30j
FAC-2025-04387,2024-08-01,2024-08-31,,CLI-0155,SVC-011,DEPT-007,1,4500.0,0,4500.0,900.0,5400.0,Partielle,2269.8,609,2024,8,3,20240801,20240831,,Contentieux > 90j
FAC-2025-04388,2023-09-24,2023-11-23,2023-11-23,CLI-0184,SVC-011,DEPT-002,1,4500.0,15,3825.0,765.0,4590.0,Payée,3825.0,0,2023,9,3,20230924,20231123,20231123.0,Dans les délais
FAC-2025-04389,2023-10-11,2023-11-10,,CLI-0070,SVC-003,DEPT-004,1,22000.0,10,19800.0,3960.0,23760.0,Retard,0.0,904,2023,10,4,20231011,20231110,,Contentieux > 90j
FAC-2025-04390,2023-11-21,2023-12-21,2024-01-06,CLI-0099,SVC-007,DEPT-001,1,1200.0,0,1200.0,240.0,1440.0,Payée,1200.0,16,2023,11,4,20231121,20231221,20240106.0,Retard < 30j
FAC-2025-04391,2025-07-11,2025-09-09,,CLI-0091,SVC-020,DEPT-002,3,1400.0,0,4200.0,840.0,5040.0,Retard,0.0,235,2025,7,3,20250711,20250909,,Contentieux > 90j
FAC-2025-04392,2024-05-18,2024-06-17,2024-06-30,CLI-0044,SVC-005,DEPT-004,1,15000.0,0,15000.0,3000.0,18000.0,Payée,15000.0,13,2024,5,2,20240518,20240617,20240630.0,Retard < 30j
FAC-2025-04393,2023-03-10,2023-04-09,,CLI-0186,SVC-011,DEPT-003,1,4500.0,0,4500.0,900.0,5400.0,Retard,0.0,1119,2023,3,1,20230310,20230409,,Contentieux > 90j
FAC-2025-04394,2025-07-13,2025-08-27,2025-08-31,CLI-0117,SVC-012,DEPT-001,1,3200.0,15,2720.0,544.0,3264.0,Payée,2720.0,4,2025,7,3,20250713,20250827,20250831.0,Retard < 30j
FAC-2025-04395,2023-08-21,2023-09-20,2023-10-04,CLI-0013,SVC-014,DEPT-003,8,1500.0,0,12000.0,2400.0,14400.0,Payée,12000.0,14,2023,8,3,20230821,20230920,20231004.0,Retard < 30j
FAC-2025-04396,2024-07-15,2024-08-14,2024-08-19,CLI-0115,SVC-019,DEPT-001,17,180.0,5,2907.0,581.4,3488.4,Payée,2907.0,5,2024,7,3,20240715,20240814,20240819.0,Retard < 30j
FAC-2025-04397,2024-05-25,2024-06-24,2024-06-24,CLI-0170,SVC-019,DEPT-004,4,180.0,15,612.0,122.4,734.4,Payée,612.0,0,2024,5,2,20240525,20240624,20240624.0,Dans les délais
FAC-2025-04398,2025-06-15,2025-08-14,2025-08-18,CLI-0103,SVC-001,DEPT-002,1,3500.0,5,3325.0,665.0,3990.0,Payée,3325.0,4,2025,6,2,20250615,20250814,20250818.0,Retard < 30j
FAC-2025-04399,2024-04-30,2024-06-14,2024-07-02,CLI-0047,SVC-018,DEPT-004,1,6500.0,5,6175.0,1235.0,7410.0,Payée,6175.0,18,2024,4,2,20240430,20240614,20240702.0,Retard < 30j
FAC-2025-04400,2025-05-08,2025-06-22,2025-06-22,CLI-0094,SVC-010,DEPT-003,36,45.0,5,1539.0,307.8,1846.8,Payée,1539.0,0,2025,5,2,20250508,20250622,20250622.0,Dans les délais
FAC-2025-04401,2024-10-25,2024-12-09,2024-12-25,CLI-0117,SVC-012,DEPT-001,1,3200.0,10,2880.0,576.0,3456.0,Payée,2880.0,16,2024,10,4,20241025,20241209,20241225.0,Retard < 30j
FAC-2025-04402,2024-03-10,2024-04-09,2024-05-05,CLI-0041,SVC-014,DEPT-007,6,1500.0,0,9000.0,1800.0,10800.0,Payée,9000.0,26,2024,3,1,20240310,20240409,20240505.0,Retard < 30j
FAC-2025-04403,2024-09-30,2024-11-14,2024-12-05,CLI-0185,SVC-022,DEPT-002,4,600.0,0,2400.0,480.0,2880.0,Payée,2400.0,21,2024,9,3,20240930,20241114,20241205.0,Retard < 30j
FAC-2025-04404,2023-05-07,2023-06-06,2023-06-06,CLI-0176,SVC-024,DEPT-007,5,700.0,5,3325.0,665.0,3990.0,Payée,3325.0,0,2023,5,2,20230507,20230606,20230606.0,Dans les délais
FAC-2025-04405,2024-05-15,2024-06-14,,CLI-0054,SVC-023,DEPT-002,7,750.0,0,5250.0,1050.0,6300.0,Retard,0.0,687,2024,5,2,20240515,20240614,,Contentieux > 90j
FAC-2025-04406,2023-02-05,2023-03-07,2023-03-07,CLI-0134,SVC-019,DEPT-007,7,180.0,10,1134.0,226.8,1360.8,Payée,1134.0,0,2023,2,1,20230205,20230307,20230307.0,Dans les délais
FAC-2025-04407,2024-11-21,2025-01-05,2025-01-29,CLI-0139,SVC-012,DEPT-007,1,3200.0,5,3040.0,608.0,3648.0,Payée,3040.0,24,2024,11,4,20241121,20250105,20250129.0,Retard < 30j
FAC-2025-04408,2025-08-04,2025-09-18,2025-10-04,CLI-0011,SVC-014,DEPT-001,1,1500.0,10,1350.0,270.0,1620.0,Payée,1350.0,16,2025,8,3,20250804,20250918,20251004.0,Retard < 30j
FAC-2025-04409,2023-04-25,2023-06-24,,CLI-0053,SVC-002,DEPT-003,1,8500.0,0,8500.0,1700.0,10200.0,Retard,0.0,1043,2023,4,2,20230425,20230624,,Contentieux > 90j
FAC-2025-04410,2023-03-09,2023-04-23,2023-04-28,CLI-0098,SVC-020,DEPT-001,8,1400.0,0,11200.0,2240.0,13440.0,Payée,11200.0,5,2023,3,1,20230309,20230423,20230428.0,Retard < 30j
FAC-2025-04411,2023-06-01,2023-07-16,2023-07-26,CLI-0122,SVC-006,DEPT-002,1,450.0,0,450.0,90.0,540.0,Payée,450.0,10,2023,6,2,20230601,20230716,20230726.0,Retard < 30j
FAC-2025-04412,2023-05-29,2023-08-27,,CLI-0179,SVC-024,DEPT-007,10,700.0,0,7000.0,1400.0,8400.0,Partielle,4841.19,979,2023,5,2,20230529,20230827,,Contentieux > 90j
FAC-2025-04413,2023-01-06,2023-03-07,2023-03-12,CLI-0046,SVC-004,DEPT-002,6,1200.0,0,7200.0,1440.0,8640.0,Payée,7200.0,5,2023,1,1,20230106,20230307,20230312.0,Retard < 30j
FAC-2025-04414,2023-04-24,2023-06-08,2023-06-12,CLI-0132,SVC-002,DEPT-007,1,8500.0,10,7650.0,1530.0,9180.0,Payée,7650.0,4,2023,4,2,20230424,20230608,20230612.0,Retard < 30j
FAC-2025-04415,2025-08-06,2025-09-05,2025-09-05,CLI-0072,SVC-021,DEPT-003,8,800.0,5,6080.0,1216.0,7296.0,Payée,6080.0,0,2025,8,3,20250806,20250905,20250905.0,Dans les délais
FAC-2025-04416,2024-10-25,2024-11-24,2024-12-17,CLI-0092,SVC-020,DEPT-002,8,1400.0,5,10640.0,2128.0,12768.0,Payée,10640.0,23,2024,10,4,20241025,20241124,20241217.0,Retard < 30j
FAC-2025-04417,2023-05-08,2023-06-22,2023-07-20,CLI-0169,SVC-005,DEPT-001,1,15000.0,0,15000.0,3000.0,18000.0,Payée,15000.0,28,2023,5,2,20230508,20230622,20230720.0,Retard < 30j
FAC-2025-04418,2025-05-13,2025-07-12,2025-07-25,CLI-0024,SVC-006,DEPT-003,1,450.0,15,382.5,76.5,459.0,Payée,382.5,13,2025,5,2,20250513,20250712,20250725.0,Retard < 30j
FAC-2025-04419,2025-05-08,2025-06-22,2025-07-04,CLI-0132,SVC-023,DEPT-004,6,750.0,0,4500.0,900.0,5400.0,Payée,4500.0,12,2025,5,2,20250508,20250622,20250704.0,Retard < 30j
FAC-2025-04420,2025-05-03,2025-06-02,,CLI-0129,SVC-001,DEPT-004,1,3500.0,10,3150.0,630.0,3780.0,Retard,0.0,334,2025,5,2,20250503,20250602,,Contentieux > 90j
FAC-2025-04421,2023-11-15,2023-12-15,2023-12-31,CLI-0084,SVC-015,DEPT-002,1,2800.0,5,2660.0,532.0,3192.0,Payée,2660.0,16,2023,11,4,20231115,20231215,20231231.0,Retard < 30j
FAC-2025-04422,2024-03-21,2024-04-20,2024-05-01,CLI-0115,SVC-015,DEPT-004,1,2800.0,0,2800.0,560.0,3360.0,Payée,2800.0,11,2024,3,1,20240321,20240420,20240501.0,Retard < 30j
FAC-2025-04423,2024-06-18,2024-07-18,2024-07-30,CLI-0152,SVC-018,DEPT-004,1,6500.0,0,6500.0,1300.0,7800.0,Payée,6500.0,12,2024,6,2,20240618,20240718,20240730.0,Retard < 30j
FAC-2025-04424,2025-08-16,2025-09-30,,CLI-0101,SVC-016,DEPT-001,1,1800.0,0,1800.0,360.0,2160.0,Partielle,1434.61,214,2025,8,3,20250816,20250930,,Contentieux > 90j
FAC-2025-04425,2025-11-18,2026-01-02,,CLI-0045,SVC-020,DEPT-002,9,1400.0,5,11970.0,2394.0,14364.0,Contentieux,0.0,120,2025,11,4,20251118,20260102,,Contentieux > 90j
FAC-2025-04426,2023-11-14,2023-12-29,,CLI-0167,SVC-010,DEPT-002,26,45.0,0,1170.0,234.0,1404.0,Retard,0.0,855,2023,11,4,20231114,20231229,,Contentieux > 90j
FAC-2025-04427,2025-04-01,2025-05-01,2025-05-20,CLI-0158,SVC-005,DEPT-003,1,15000.0,5,14250.0,2850.0,17100.0,Payée,14250.0,19,2025,4,2,20250401,20250501,20250520.0,Retard < 30j
FAC-2025-04428,2023-02-24,2023-03-26,2023-04-21,CLI-0038,SVC-015,DEPT-001,1,2800.0,0,2800.0,560.0,3360.0,Payée,2800.0,26,2023,2,1,20230224,20230326,20230421.0,Retard < 30j
FAC-2025-04429,2025-05-18,2025-06-17,2025-07-07,CLI-0199,SVC-017,DEPT-007,1,950.0,0,950.0,190.0,1140.0,Payée,950.0,20,2025,5,2,20250518,20250617,20250707.0,Retard < 30j
FAC-2025-04430,2024-02-17,2024-03-18,,CLI-0158,SVC-001,DEPT-004,1,3500.0,0,3500.0,700.0,4200.0,Retard,0.0,775,2024,2,1,20240217,20240318,,Contentieux > 90j
FAC-2025-04431,2025-08-24,2025-09-23,2025-09-27,CLI-0121,SVC-010,DEPT-004,37,45.0,10,1498.5,299.7,1798.2,Payée,1498.5,4,2025,8,3,20250824,20250923,20250927.0,Retard < 30j
FAC-2025-04432,2024-01-26,2024-02-25,,CLI-0178,SVC-017,DEPT-003,1,950.0,10,855.0,171.0,1026.0,Partielle,581.81,797,2024,1,1,20240126,20240225,,Contentieux > 90j
FAC-2025-04433,2025-01-09,2025-02-23,2025-03-07,CLI-0043,SVC-018,DEPT-001,1,6500.0,0,6500.0,1300.0,7800.0,Payée,6500.0,12,2025,1,1,20250109,20250223,20250307.0,Retard < 30j
FAC-2025-04434,2023-06-23,2023-07-23,2023-08-22,CLI-0127,SVC-001,DEPT-003,1,3500.0,0,3500.0,700.0,4200.0,Payée,3500.0,30,2023,6,2,20230623,20230723,20230822.0,Retard < 30j
FAC-2025-04435,2025-12-05,2026-01-19,,CLI-0171,SVC-001,DEPT-001,1,3500.0,0,3500.0,700.0,4200.0,Partielle,1257.37,103,2025,12,4,20251205,20260119,,Contentieux > 90j
FAC-2025-04436,2025-03-30,2025-04-29,2025-05-04,CLI-0158,SVC-024,DEPT-001,8,700.0,10,5040.0,1008.0,6048.0,Payée,5040.0,5,2025,3,1,20250330,20250429,20250504.0,Retard < 30j
FAC-2025-04437,2023-07-31,2023-08-30,2023-09-12,CLI-0148,SVC-015,DEPT-001,1,2800.0,5,2660.0,532.0,3192.0,Payée,2660.0,13,2023,7,3,20230731,20230830,20230912.0,Retard < 30j
FAC-2025-04438,2024-04-05,2024-06-04,2024-06-22,CLI-0091,SVC-008,DEPT-004,1,2500.0,0,2500.0,500.0,3000.0,Payée,2500.0,18,2024,4,2,20240405,20240604,20240622.0,Retard < 30j
FAC-2025-04439,2025-07-16,2025-08-15,2025-08-15,CLI-0181,SVC-013,DEPT-001,3,1100.0,5,3135.0,627.0,3762.0,Payée,3135.0,0,2025,7,3,20250716,20250815,20250815.0,Dans les délais
FAC-2025-04440,2023-07-07,2023-09-05,,CLI-0103,SVC-003,DEPT-001,1,22000.0,0,22000.0,4400.0,26400.0,Retard,0.0,970,2023,7,3,20230707,20230905,,Contentieux > 90j
FAC-2025-04441,2025-08-18,2025-09-17,2025-10-05,CLI-0016,SVC-022,DEPT-001,1,600.0,10,540.0,108.0,648.0,Payée,540.0,18,2025,8,3,20250818,20250917,20251005.0,Retard < 30j
FAC-2025-04442,2025-02-01,2025-03-03,2025-03-16,CLI-0054,SVC-001,DEPT-007,1,3500.0,0,3500.0,700.0,4200.0,Payée,3500.0,13,2025,2,1,20250201,20250303,20250316.0,Retard < 30j
FAC-2025-04443,2024-04-15,2024-05-30,2024-05-30,CLI-0147,SVC-006,DEPT-001,1,450.0,5,427.5,85.5,513.0,Payée,427.5,0,2024,4,2,20240415,20240530,20240530.0,Dans les délais
FAC-2025-04444,2023-12-19,2024-02-02,2024-02-27,CLI-0004,SVC-022,DEPT-003,10,600.0,10,5400.0,1080.0,6480.0,Payée,5400.0,25,2023,12,4,20231219,20240202,20240227.0,Retard < 30j
FAC-2025-04445,2024-11-14,2024-12-14,,CLI-0199,SVC-015,DEPT-007,1,2800.0,5,2660.0,532.0,3192.0,Partielle,1359.61,504,2024,11,4,20241114,20241214,,Contentieux > 90j
FAC-2025-04446,2024-09-25,2024-10-25,2024-10-29,CLI-0141,SVC-024,DEPT-004,5,700.0,10,3150.0,630.0,3780.0,Payée,3150.0,4,2024,9,3,20240925,20241025,20241029.0,Retard < 30j
FAC-2025-04447,2024-06-12,2024-07-12,2024-07-25,CLI-0187,SVC-024,DEPT-001,3,700.0,0,2100.0,420.0,2520.0,Payée,2100.0,13,2024,6,2,20240612,20240712,20240725.0,Retard < 30j
FAC-2025-04448,2024-03-08,2024-04-07,,CLI-0110,SVC-024,DEPT-003,8,700.0,0,5600.0,1120.0,6720.0,Partielle,3883.33,755,2024,3,1,20240308,20240407,,Contentieux > 90j
FAC-2025-04449,2024-05-03,2024-06-02,,CLI-0028,SVC-007,DEPT-007,1,1200.0,0,1200.0,240.0,1440.0,Retard,0.0,699,2024,5,2,20240503,20240602,,Contentieux > 90j
FAC-2025-04450,2025-05-17,2025-06-16,2025-07-09,CLI-0071,SVC-015,DEPT-004,1,2800.0,5,2660.0,532.0,3192.0,Payée,2660.0,23,2025,5,2,20250517,20250616,20250709.0,Retard < 30j
FAC-2025-04451,2025-02-10,2025-04-11,2025-05-07,CLI-0164,SVC-004,DEPT-001,1,1200.0,10,1080.0,216.0,1296.0,Payée,1080.0,26,2025,2,1,20250210,20250411,20250507.0,Retard < 30j
FAC-2025-04452,2023-04-06,2023-06-05,2023-06-25,CLI-0143,SVC-010,DEPT-007,24,45.0,0,1080.0,216.0,1296.0,Payée,1080.0,20,2023,4,2,20230406,20230605,20230625.0,Retard < 30j
FAC-2025-04453,2024-07-17,2024-09-15,2024-10-12,CLI-0157,SVC-003,DEPT-001,1,22000.0,0,22000.0,4400.0,26400.0,Payée,22000.0,27,2024,7,3,20240717,20240915,20241012.0,Retard < 30j
FAC-2025-04454,2025-10-27,2025-11-26,2025-11-26,CLI-0065,SVC-011,DEPT-003,1,4500.0,0,4500.0,900.0,5400.0,Payée,4500.0,0,2025,10,4,20251027,20251126,20251126.0,Dans les délais
FAC-2025-04455,2024-06-27,2024-08-11,2024-09-10,CLI-0139,SVC-009,DEPT-004,1,180.0,0,180.0,36.0,216.0,Payée,180.0,30,2024,6,2,20240627,20240811,20240910.0,Retard < 30j
FAC-2025-04456,2024-06-13,2024-07-13,2024-07-17,CLI-0064,SVC-006,DEPT-004,1,450.0,0,450.0,90.0,540.0,Payée,450.0,4,2024,6,2,20240613,20240713,20240717.0,Retard < 30j
FAC-2025-04457,2023-07-19,2023-09-02,,CLI-0180,SVC-004,DEPT-007,2,1200.0,0,2400.0,480.0,2880.0,Contentieux,0.0,973,2023,7,3,20230719,20230902,,Contentieux > 90j
FAC-2025-04458,2023-05-26,2023-07-10,,CLI-0119,SVC-023,DEPT-007,9,750.0,0,6750.0,1350.0,8100.0,Retard,0.0,1027,2023,5,2,20230526,20230710,,Contentieux > 90j
FAC-2025-04459,2024-10-20,2024-11-19,,CLI-0186,SVC-018,DEPT-001,1,6500.0,0,6500.0,1300.0,7800.0,Retard,0.0,529,2024,10,4,20241020,20241119,,Contentieux > 90j
FAC-2025-04460,2025-04-23,2025-05-23,,CLI-0076,SVC-012,DEPT-001,1,3200.0,0,3200.0,640.0,3840.0,Retard,0.0,344,2025,4,2,20250423,20250523,,Contentieux > 90j
FAC-2025-04461,2024-02-11,2024-03-12,,CLI-0142,SVC-024,DEPT-001,5,700.0,5,3325.0,665.0,3990.0,Partielle,1011.32,781,2024,2,1,20240211,20240312,,Contentieux > 90j
FAC-2025-04462,2025-05-07,2025-06-21,2025-07-17,CLI-0048,SVC-005,DEPT-002,1,15000.0,0,15000.0,3000.0,18000.0,Payée,15000.0,26,2025,5,2,20250507,20250621,20250717.0,Retard < 30j
FAC-2025-04463,2024-11-10,2024-12-10,,CLI-0003,SVC-011,DEPT-007,1,4500.0,0,4500.0,900.0,5400.0,Retard,0.0,508,2024,11,4,20241110,20241210,,Contentieux > 90j
FAC-2025-04464,2023-07-28,2023-09-11,2023-09-11,CLI-0159,SVC-016,DEPT-003,1,1800.0,5,1710.0,342.0,2052.0,Payée,1710.0,0,2023,7,3,20230728,20230911,20230911.0,Dans les délais
FAC-2025-04465,2024-06-07,2024-07-07,2024-07-21,CLI-0146,SVC-022,DEPT-004,10,600.0,5,5700.0,1140.0,6840.0,Payée,5700.0,14,2024,6,2,20240607,20240707,20240721.0,Retard < 30j
FAC-2025-04466,2023-12-24,2024-01-23,2024-01-24,CLI-0002,SVC-010,DEPT-004,38,45.0,0,1710.0,342.0,2052.0,Payée,1710.0,1,2023,12,4,20231224,20240123,20240124.0,Retard < 30j
FAC-2025-04467,2025-08-29,2025-10-13,,CLI-0169,SVC-009,DEPT-004,1,180.0,15,153.0,30.6,183.6,Partielle,52.07,201,2025,8,3,20250829,20251013,,Contentieux > 90j
FAC-2025-04468,2024-01-11,2024-03-11,2024-03-23,CLI-0024,SVC-015,DEPT-003,1,2800.0,0,2800.0,560.0,3360.0,Payée,2800.0,12,2024,1,1,20240111,20240311,20240323.0,Retard < 30j
FAC-2025-04469,2024-01-06,2024-02-20,,CLI-0045,SVC-020,DEPT-007,7,1400.0,0,9800.0,1960.0,11760.0,Partielle,5036.5,802,2024,1,1,20240106,20240220,,Contentieux > 90j
FAC-2025-04470,2025-07-20,2025-09-03,2025-09-28,CLI-0159,SVC-021,DEPT-003,10,800.0,15,6800.0,1360.0,8160.0,Payée,6800.0,25,2025,7,3,20250720,20250903,20250928.0,Retard < 30j
FAC-2025-04471,2024-11-05,2024-12-20,,CLI-0094,SVC-009,DEPT-001,1,180.0,0,180.0,36.0,216.0,Partielle,122.26,498,2024,11,4,20241105,20241220,,Contentieux > 90j
FAC-2025-04472,2023-01-09,2023-03-10,2023-03-13,CLI-0074,SVC-009,DEPT-007,1,180.0,0,180.0,36.0,216.0,Payée,180.0,3,2023,1,1,20230109,20230310,20230313.0,Retard < 30j
FAC-2025-04473,2023-01-07,2023-02-06,2023-03-02,CLI-0065,SVC-014,DEPT-003,6,1500.0,15,7650.0,1530.0,9180.0,Payée,7650.0,24,2023,1,1,20230107,20230206,20230302.0,Retard < 30j
FAC-2025-04474,2024-03-03,2024-04-17,2024-04-17,CLI-0019,SVC-023,DEPT-001,5,750.0,0,3750.0,750.0,4500.0,Payée,3750.0,0,2024,3,1,20240303,20240417,20240417.0,Dans les délais
FAC-2025-04475,2025-12-17,2026-01-31,2026-02-10,CLI-0048,SVC-009,DEPT-004,1,180.0,0,180.0,36.0,216.0,Payée,180.0,10,2025,12,4,20251217,20260131,20260210.0,Retard < 30j
FAC-2025-04476,2023-09-01,2023-10-01,2023-10-21,CLI-0110,SVC-014,DEPT-002,2,1500.0,15,2550.0,510.0,3060.0,Payée,2550.0,20,2023,9,3,20230901,20231001,20231021.0,Retard < 30j
FAC-2025-04477,2024-05-06,2024-06-20,,CLI-0042,SVC-023,DEPT-001,1,750.0,15,637.5,127.5,765.0,Retard,0.0,681,2024,5,2,20240506,20240620,,Contentieux > 90j
FAC-2025-04478,2024-05-31,2024-07-15,,CLI-0133,SVC-011,DEPT-001,1,4500.0,0,4500.0,900.0,5400.0,Partielle,3527.55,656,2024,5,2,20240531,20240715,,Contentieux > 90j
FAC-2025-04479,2023-09-26,2023-10-26,2023-11-09,CLI-0121,SVC-002,DEPT-002,1,8500.0,5,8075.0,1615.0,9690.0,Payée,8075.0,14,2023,9,3,20230926,20231026,20231109.0,Retard < 30j
FAC-2025-04480,2024-03-12,2024-04-11,,CLI-0079,SVC-002,DEPT-002,1,8500.0,10,7650.0,1530.0,9180.0,Contentieux,0.0,751,2024,3,1,20240312,20240411,,Contentieux > 90j
FAC-2025-04481,2025-10-04,2025-11-03,2025-11-08,CLI-0200,SVC-023,DEPT-003,2,750.0,0,1500.0,300.0,1800.0,Payée,1500.0,5,2025,10,4,20251004,20251103,20251108.0,Retard < 30j
FAC-2025-04482,2024-12-22,2025-02-05,,CLI-0095,SVC-015,DEPT-001,1,2800.0,0,2800.0,560.0,3360.0,Partielle,1959.72,451,2024,12,4,20241222,20250205,,Contentieux > 90j
FAC-2025-04483,2023-06-06,2023-07-21,2023-08-19,CLI-0042,SVC-021,DEPT-002,4,800.0,0,3200.0,640.0,3840.0,Payée,3200.0,29,2023,6,2,20230606,20230721,20230819.0,Retard < 30j
FAC-2025-04484,2023-04-08,2023-05-23,2023-06-07,CLI-0171,SVC-016,DEPT-003,1,1800.0,10,1620.0,324.0,1944.0,Payée,1620.0,15,2023,4,2,20230408,20230523,20230607.0,Retard < 30j
FAC-2025-04485,2025-11-11,2025-12-11,2025-12-28,CLI-0109,SVC-020,DEPT-004,6,1400.0,0,8400.0,1680.0,10080.0,Payée,8400.0,17,2025,11,4,20251111,20251211,20251228.0,Retard < 30j
FAC-2025-04486,2024-08-30,2024-10-29,2024-11-28,CLI-0103,SVC-023,DEPT-007,2,750.0,0,1500.0,300.0,1800.0,Payée,1500.0,30,2024,8,3,20240830,20241029,20241128.0,Retard < 30j
FAC-2025-04487,2023-10-13,2023-11-12,2023-12-10,CLI-0054,SVC-011,DEPT-007,1,4500.0,0,4500.0,900.0,5400.0,Payée,4500.0,28,2023,10,4,20231013,20231112,20231210.0,Retard < 30j
FAC-2025-04488,2023-03-26,2023-05-10,2023-05-29,CLI-0122,SVC-014,DEPT-007,6,1500.0,10,8100.0,1620.0,9720.0,Payée,8100.0,19,2023,3,1,20230326,20230510,20230529.0,Retard < 30j
FAC-2025-04489,2024-09-27,2024-11-11,2024-11-16,CLI-0185,SVC-017,DEPT-007,1,950.0,0,950.0,190.0,1140.0,Payée,950.0,5,2024,9,3,20240927,20241111,20241116.0,Retard < 30j
FAC-2025-04490,2023-03-15,2023-04-14,2023-04-14,CLI-0092,SVC-015,DEPT-002,1,2800.0,0,2800.0,560.0,3360.0,Payée,2800.0,0,2023,3,1,20230315,20230414,20230414.0,Dans les délais
FAC-2025-04491,2025-07-31,2025-08-30,,CLI-0051,SVC-020,DEPT-002,2,1400.0,5,2660.0,532.0,3192.0,Retard,0.0,245,2025,7,3,20250731,20250830,,Contentieux > 90j
FAC-2025-04492,2023-11-23,2023-12-23,2024-01-11,CLI-0064,SVC-024,DEPT-007,1,700.0,0,700.0,140.0,840.0,Payée,700.0,19,2023,11,4,20231123,20231223,20240111.0,Retard < 30j
FAC-2025-04493,2023-09-17,2023-11-01,,CLI-0137,SVC-010,DEPT-007,29,45.0,10,1174.5,234.9,1409.4,Retard,0.0,913,2023,9,3,20230917,20231101,,Contentieux > 90j
FAC-2025-04494,2025-05-25,2025-07-09,,CLI-0124,SVC-005,DEPT-003,1,15000.0,10,13500.0,2700.0,16200.0,Retard,0.0,297,2025,5,2,20250525,20250709,,Contentieux > 90j
FAC-2025-04495,2023-10-22,2023-11-21,,CLI-0056,SVC-016,DEPT-001,1,1800.0,0,1800.0,360.0,2160.0,Retard,0.0,893,2023,10,4,20231022,20231121,,Contentieux > 90j
FAC-2025-04496,2023-01-13,2023-02-12,,CLI-0076,SVC-005,DEPT-002,1,15000.0,0,15000.0,3000.0,18000.0,Partielle,7866.27,1175,2023,1,1,20230113,20230212,,Contentieux > 90j
FAC-2025-04497,2023-06-13,2023-07-13,2023-07-19,CLI-0086,SVC-015,DEPT-007,1,2800.0,15,2380.0,476.0,2856.0,Payée,2380.0,6,2023,6,2,20230613,20230713,20230719.0,Retard < 30j
FAC-2025-04498,2024-06-28,2024-07-28,2024-08-15,CLI-0071,SVC-008,DEPT-004,1,2500.0,5,2375.0,475.0,2850.0,Payée,2375.0,18,2024,6,2,20240628,20240728,20240815.0,Retard < 30j
FAC-2025-04499,2025-05-20,2025-06-19,,CLI-0076,SVC-011,DEPT-002,1,4500.0,0,4500.0,900.0,5400.0,Contentieux,0.0,317,2025,5,2,20250520,20250619,,Contentieux > 90j
FAC-2025-04500,2023-03-16,2023-04-15,2023-05-01,CLI-0141,SVC-016,DEPT-007,1,1800.0,0,1800.0,360.0,2160.0,Payée,1800.0,16,2023,3,1,20230316,20230415,20230501.0,Retard < 30j
FAC-2025-04501,2025-08-20,2025-10-04,2025-10-28,CLI-0112,SVC-023,DEPT-002,4,750.0,0,3000.0,600.0,3600.0,Payée,3000.0,24,2025,8,3,20250820,20251004,20251028.0,Retard < 30j
FAC-2025-04502,2023-09-17,2023-12-16,,CLI-0195,SVC-022,DEPT-004,3,600.0,0,1800.0,360.0,2160.0,Retard,0.0,868,2023,9,3,20230917,20231216,,Contentieux > 90j
FAC-2025-04503,2023-12-01,2023-12-31,,CLI-0006,SVC-010,DEPT-002,17,45.0,0,765.0,153.0,918.0,Retard,0.0,853,2023,12,4,20231201,20231231,,Contentieux > 90j
FAC-2025-04504,2024-11-22,2024-12-22,2024-12-31,CLI-0104,SVC-011,DEPT-007,1,4500.0,0,4500.0,900.0,5400.0,Payée,4500.0,9,2024,11,4,20241122,20241222,20241231.0,Retard < 30j
FAC-2025-04505,2023-03-21,2023-04-20,2023-05-15,CLI-0141,SVC-015,DEPT-007,1,2800.0,0,2800.0,560.0,3360.0,Payée,2800.0,25,2023,3,1,20230321,20230420,20230515.0,Retard < 30j
FAC-2025-04506,2025-01-06,2025-03-07,2025-03-20,CLI-0165,SVC-003,DEPT-004,1,22000.0,5,20900.0,4180.0,25080.0,Payée,20900.0,13,2025,1,1,20250106,20250307,20250320.0,Retard < 30j
FAC-2025-04507,2024-04-21,2024-05-21,,CLI-0199,SVC-015,DEPT-003,1,2800.0,0,2800.0,560.0,3360.0,Retard,0.0,711,2024,4,2,20240421,20240521,,Contentieux > 90j
FAC-2025-04508,2023-01-21,2023-03-07,2023-03-18,CLI-0122,SVC-020,DEPT-004,5,1400.0,15,5950.0,1190.0,7140.0,Payée,5950.0,11,2023,1,1,20230121,20230307,20230318.0,Retard < 30j
FAC-2025-04509,2024-04-12,2024-05-27,2024-05-27,CLI-0154,SVC-024,DEPT-002,4,700.0,0,2800.0,560.0,3360.0,Payée,2800.0,0,2024,4,2,20240412,20240527,20240527.0,Dans les délais
FAC-2025-04510,2024-11-07,2025-01-06,2025-01-29,CLI-0091,SVC-018,DEPT-001,1,6500.0,0,6500.0,1300.0,7800.0,Payée,6500.0,23,2024,11,4,20241107,20250106,20250129.0,Retard < 30j
FAC-2025-04511,2025-05-16,2025-06-15,2025-06-30,CLI-0003,SVC-022,DEPT-007,3,600.0,0,1800.0,360.0,2160.0,Payée,1800.0,15,2025,5,2,20250516,20250615,20250630.0,Retard < 30j
FAC-2025-04512,2024-07-25,2024-09-08,2024-09-29,CLI-0180,SVC-022,DEPT-001,3,600.0,0,1800.0,360.0,2160.0,Payée,1800.0,21,2024,7,3,20240725,20240908,20240929.0,Retard < 30j
FAC-2025-04513,2024-10-23,2025-01-21,2025-01-21,CLI-0195,SVC-018,DEPT-002,1,6500.0,0,6500.0,1300.0,7800.0,Payée,6500.0,0,2024,10,4,20241023,20250121,20250121.0,Dans les délais
FAC-2025-04514,2025-11-13,2025-12-13,2026-01-09,CLI-0076,SVC-019,DEPT-004,2,180.0,5,342.0,68.4,410.4,Payée,342.0,27,2025,11,4,20251113,20251213,20260109.0,Retard < 30j
FAC-2025-04515,2023-10-22,2023-11-21,2023-12-21,CLI-0028,SVC-013,DEPT-007,9,1100.0,0,9900.0,1980.0,11880.0,Payée,9900.0,30,2023,10,4,20231022,20231121,20231221.0,Retard < 30j
FAC-2025-04516,2023-06-05,2023-07-05,,CLI-0016,SVC-011,DEPT-001,1,4500.0,0,4500.0,900.0,5400.0,Retard,0.0,1032,2023,6,2,20230605,20230705,,Contentieux > 90j
FAC-2025-04517,2024-02-28,2024-04-13,,CLI-0116,SVC-007,DEPT-002,1,1200.0,0,1200.0,240.0,1440.0,Retard,0.0,749,2024,2,1,20240228,20240413,,Contentieux > 90j
FAC-2025-04518,2025-07-27,2025-09-25,,CLI-0103,SVC-013,DEPT-004,1,1100.0,0,1100.0,220.0,1320.0,Retard,0.0,219,2025,7,3,20250727,20250925,,Contentieux > 90j
FAC-2025-04519,2025-08-01,2025-08-31,2025-09-19,CLI-0051,SVC-017,DEPT-003,1,950.0,0,950.0,190.0,1140.0,Payée,950.0,19,2025,8,3,20250801,20250831,20250919.0,Retard < 30j
FAC-2025-04520,2025-01-23,2025-03-09,2025-03-22,CLI-0185,SVC-014,DEPT-003,8,1500.0,5,11400.0,2280.0,13680.0,Payée,11400.0,13,2025,1,1,20250123,20250309,20250322.0,Retard < 30j
FAC-2025-04521,2024-12-03,2025-01-02,2025-01-20,CLI-0152,SVC-011,DEPT-001,1,4500.0,5,4275.0,855.0,5130.0,Payée,4275.0,18,2024,12,4,20241203,20250102,20250120.0,Retard < 30j
FAC-2025-04522,2024-05-06,2024-06-20,2024-06-20,CLI-0108,SVC-011,DEPT-004,1,4500.0,5,4275.0,855.0,5130.0,Payée,4275.0,0,2024,5,2,20240506,20240620,20240620.0,Dans les délais
FAC-2025-04523,2025-11-18,2026-01-02,,CLI-0037,SVC-010,DEPT-003,24,45.0,10,972.0,194.4,1166.4,Contentieux,0.0,120,2025,11,4,20251118,20260102,,Contentieux > 90j
FAC-2025-04524,2024-04-04,2024-05-04,,CLI-0023,SVC-018,DEPT-002,1,6500.0,5,6175.0,1235.0,7410.0,Partielle,3981.88,728,2024,4,2,20240404,20240504,,Contentieux > 90j
FAC-2025-04525,2023-05-07,2023-06-21,,CLI-0116,SVC-005,DEPT-007,1,15000.0,10,13500.0,2700.0,16200.0,Partielle,9272.07,1046,2023,5,2,20230507,20230621,,Contentieux > 90j
FAC-2025-04526,2025-03-18,2025-04-17,2025-04-17,CLI-0050,SVC-003,DEPT-007,1,22000.0,5,20900.0,4180.0,25080.0,Payée,20900.0,0,2025,3,1,20250318,20250417,20250417.0,Dans les délais
FAC-2025-04527,2024-01-14,2024-03-14,,CLI-0194,SVC-023,DEPT-003,2,750.0,0,1500.0,300.0,1800.0,Partielle,818.57,779,2024,1,1,20240114,20240314,,Contentieux > 90j
FAC-2025-04528,2023-05-03,2023-06-17,2023-06-20,CLI-0101,SVC-005,DEPT-004,1,15000.0,10,13500.0,2700.0,16200.0,Payée,13500.0,3,2023,5,2,20230503,20230617,20230620.0,Retard < 30j
FAC-2025-04529,2024-06-20,2024-08-19,2024-09-18,CLI-0194,SVC-013,DEPT-002,8,1100.0,0,8800.0,1760.0,10560.0,Payée,8800.0,30,2024,6,2,20240620,20240819,20240918.0,Retard < 30j
FAC-2025-04530,2024-01-22,2024-03-07,2024-03-17,CLI-0095,SVC-002,DEPT-002,1,8500.0,10,7650.0,1530.0,9180.0,Payée,7650.0,10,2024,1,1,20240122,20240307,20240317.0,Retard < 30j
FAC-2025-04531,2024-08-05,2024-09-04,2024-09-10,CLI-0028,SVC-006,DEPT-007,1,450.0,10,405.0,81.0,486.0,Payée,405.0,6,2024,8,3,20240805,20240904,20240910.0,Retard < 30j
FAC-2025-04532,2024-04-23,2024-05-23,,CLI-0060,SVC-014,DEPT-001,5,1500.0,5,7125.0,1425.0,8550.0,Retard,0.0,709,2024,4,2,20240423,20240523,,Contentieux > 90j
FAC-2025-04533,2023-07-04,2023-08-03,,CLI-0176,SVC-009,DEPT-007,1,180.0,0,180.0,36.0,216.0,Retard,0.0,1003,2023,7,3,20230704,20230803,,Contentieux > 90j
FAC-2025-04534,2023-12-04,2024-01-18,2024-01-18,CLI-0011,SVC-012,DEPT-001,1,3200.0,0,3200.0,640.0,3840.0,Payée,3200.0,0,2023,12,4,20231204,20240118,20240118.0,Dans les délais
FAC-2025-04535,2024-06-01,2024-07-31,,CLI-0091,SVC-016,DEPT-002,1,1800.0,0,1800.0,360.0,2160.0,Retard,0.0,640,2024,6,2,20240601,20240731,,Contentieux > 90j
FAC-2025-04536,2024-09-11,2024-10-26,2024-10-26,CLI-0048,SVC-011,DEPT-001,1,4500.0,0,4500.0,900.0,5400.0,Payée,4500.0,0,2024,9,3,20240911,20241026,20241026.0,Dans les délais
FAC-2025-04537,2024-04-22,2024-05-22,,CLI-0063,SVC-010,DEPT-004,17,45.0,10,688.5,137.7,826.2,Retard,0.0,710,2024,4,2,20240422,20240522,,Contentieux > 90j
FAC-2025-04538,2024-03-14,2024-04-28,,CLI-0020,SVC-007,DEPT-004,1,1200.0,5,1140.0,228.0,1368.0,Retard,0.0,734,2024,3,1,20240314,20240428,,Contentieux > 90j
FAC-2025-04539,2025-05-25,2025-06-24,2025-07-20,CLI-0054,SVC-015,DEPT-002,1,2800.0,0,2800.0,560.0,3360.0,Payée,2800.0,26,2025,5,2,20250525,20250624,20250720.0,Retard < 30j
FAC-2025-04540,2023-08-26,2023-09-25,2023-09-30,CLI-0093,SVC-005,DEPT-007,1,15000.0,5,14250.0,2850.0,17100.0,Payée,14250.0,5,2023,8,3,20230826,20230925,20230930.0,Retard < 30j
FAC-2025-04541,2024-02-22,2024-03-23,2024-03-23,CLI-0027,SVC-023,DEPT-003,9,750.0,0,6750.0,1350.0,8100.0,Payée,6750.0,0,2024,2,1,20240222,20240323,20240323.0,Dans les délais
FAC-2025-04542,2023-03-12,2023-04-26,,CLI-0180,SVC-010,DEPT-001,11,45.0,5,470.25,94.05,564.3,Contentieux,0.0,1102,2023,3,1,20230312,20230426,,Contentieux > 90j
FAC-2025-04543,2025-12-17,2026-01-31,2026-02-21,CLI-0171,SVC-018,DEPT-003,1,6500.0,5,6175.0,1235.0,7410.0,Payée,6175.0,21,2025,12,4,20251217,20260131,20260221.0,Retard < 30j
FAC-2025-04544,2024-01-21,2024-02-20,2024-02-20,CLI-0115,SVC-006,DEPT-007,1,450.0,0,450.0,90.0,540.0,Payée,450.0,0,2024,1,1,20240121,20240220,20240220.0,Dans les délais
FAC-2025-04545,2024-03-20,2024-05-04,2024-06-03,CLI-0048,SVC-003,DEPT-002,1,22000.0,0,22000.0,4400.0,26400.0,Payée,22000.0,30,2024,3,1,20240320,20240504,20240603.0,Retard < 30j
FAC-2025-04546,2023-11-07,2023-12-07,2023-12-27,CLI-0029,SVC-015,DEPT-004,1,2800.0,0,2800.0,560.0,3360.0,Payée,2800.0,20,2023,11,4,20231107,20231207,20231227.0,Retard < 30j
FAC-2025-04547,2023-05-22,2023-06-21,,CLI-0016,SVC-010,DEPT-007,31,45.0,0,1395.0,279.0,1674.0,Partielle,570.31,1046,2023,5,2,20230522,20230621,,Contentieux > 90j
FAC-2025-04548,2023-08-24,2023-10-23,,CLI-0173,SVC-003,DEPT-004,1,22000.0,10,19800.0,3960.0,23760.0,Retard,0.0,922,2023,8,3,20230824,20231023,,Contentieux > 90j
FAC-2025-04549,2024-10-19,2024-11-18,2024-11-28,CLI-0093,SVC-002,DEPT-002,1,8500.0,10,7650.0,1530.0,9180.0,Payée,7650.0,10,2024,10,4,20241019,20241118,20241128.0,Retard < 30j
FAC-2025-04550,2024-05-24,2024-07-08,,CLI-0049,SVC-001,DEPT-007,1,3500.0,0,3500.0,700.0,4200.0,Retard,0.0,663,2024,5,2,20240524,20240708,,Contentieux > 90j
FAC-2025-04551,2023-02-26,2023-04-12,,CLI-0117,SVC-014,DEPT-004,8,1500.0,0,12000.0,2400.0,14400.0,Partielle,6448.5,1116,2023,2,1,20230226,20230412,,Contentieux > 90j
FAC-2025-04552,2025-10-12,2025-11-11,,CLI-0109,SVC-002,DEPT-002,1,8500.0,0,8500.0,1700.0,10200.0,Retard,0.0,172,2025,10,4,20251012,20251111,,Contentieux > 90j
FAC-2025-04553,2025-07-29,2025-09-12,,CLI-0112,SVC-023,DEPT-002,3,750.0,0,2250.0,450.0,2700.0,Retard,0.0,232,2025,7,3,20250729,20250912,,Contentieux > 90j
FAC-2025-04554,2023-02-23,2023-03-25,,CLI-0038,SVC-013,DEPT-007,4,1100.0,5,4180.0,836.0,5016.0,Contentieux,0.0,1134,2023,2,1,20230223,20230325,,Contentieux > 90j
FAC-2025-04555,2023-04-23,2023-05-23,,CLI-0023,SVC-003,DEPT-001,1,22000.0,0,22000.0,4400.0,26400.0,Partielle,14905.47,1075,2023,4,2,20230423,20230523,,Contentieux > 90j
FAC-2025-04556,2025-02-15,2025-03-17,2025-04-10,CLI-0057,SVC-019,DEPT-001,8,180.0,0,1440.0,288.0,1728.0,Payée,1440.0,24,2025,2,1,20250215,20250317,20250410.0,Retard < 30j
FAC-2025-04557,2024-07-29,2024-09-12,2024-10-02,CLI-0004,SVC-012,DEPT-004,1,3200.0,0,3200.0,640.0,3840.0,Payée,3200.0,20,2024,7,3,20240729,20240912,20241002.0,Retard < 30j
FAC-2025-04558,2023-10-08,2023-12-07,2023-12-31,CLI-0184,SVC-008,DEPT-001,1,2500.0,15,2125.0,425.0,2550.0,Payée,2125.0,24,2023,10,4,20231008,20231207,20231231.0,Retard < 30j
FAC-2025-04559,2023-08-10,2023-09-09,2023-09-09,CLI-0008,SVC-016,DEPT-001,1,1800.0,5,1710.0,342.0,2052.0,Payée,1710.0,0,2023,8,3,20230810,20230909,20230909.0,Dans les délais
FAC-2025-04560,2023-05-15,2023-06-29,2023-07-20,CLI-0177,SVC-016,DEPT-002,1,1800.0,0,1800.0,360.0,2160.0,Payée,1800.0,21,2023,5,2,20230515,20230629,20230720.0,Retard < 30j
FAC-2025-04561,2024-03-18,2024-04-17,,CLI-0079,SVC-006,DEPT-004,1,450.0,0,450.0,90.0,540.0,Retard,0.0,745,2024,3,1,20240318,20240417,,Contentieux > 90j
FAC-2025-04562,2025-10-02,2025-12-01,,CLI-0107,SVC-018,DEPT-007,1,6500.0,0,6500.0,1300.0,7800.0,Partielle,3710.56,152,2025,10,4,20251002,20251201,,Contentieux > 90j
FAC-2025-04563,2023-12-17,2024-01-16,2024-01-16,CLI-0170,SVC-007,DEPT-007,1,1200.0,0,1200.0,240.0,1440.0,Payée,1200.0,0,2023,12,4,20231217,20240116,20240116.0,Dans les délais
FAC-2025-04564,2023-10-19,2023-11-18,,CLI-0152,SVC-006,DEPT-002,1,450.0,0,450.0,90.0,540.0,Partielle,340.5,896,2023,10,4,20231019,20231118,,Contentieux > 90j
FAC-2025-04565,2024-11-22,2025-01-06,2025-01-08,CLI-0119,SVC-018,DEPT-002,1,6500.0,5,6175.0,1235.0,7410.0,Payée,6175.0,2,2024,11,4,20241122,20250106,20250108.0,Retard < 30j
FAC-2025-04566,2025-05-11,2025-06-25,,CLI-0189,SVC-004,DEPT-002,1,1200.0,15,1020.0,204.0,1224.0,Partielle,570.88,311,2025,5,2,20250511,20250625,,Contentieux > 90j
FAC-2025-04567,2025-10-12,2025-12-11,2026-01-06,CLI-0074,SVC-014,DEPT-002,9,1500.0,0,13500.0,2700.0,16200.0,Payée,13500.0,26,2025,10,4,20251012,20251211,20260106.0,Retard < 30j
FAC-2025-04568,2024-01-30,2024-02-29,2024-02-29,CLI-0126,SVC-019,DEPT-003,6,180.0,15,918.0,183.6,1101.6,Payée,918.0,0,2024,1,1,20240130,20240229,20240229.0,Dans les délais
FAC-2025-04569,2024-06-06,2024-08-05,2024-08-26,CLI-0074,SVC-014,DEPT-003,8,1500.0,0,12000.0,2400.0,14400.0,Payée,12000.0,21,2024,6,2,20240606,20240805,20240826.0,Retard < 30j
FAC-2025-04570,2025-09-09,2025-10-24,2025-10-24,CLI-0159,SVC-014,DEPT-002,5,1500.0,0,7500.0,1500.0,9000.0,Payée,7500.0,0,2025,9,3,20250909,20251024,20251024.0,Dans les délais
FAC-2025-04571,2024-04-11,2024-05-26,2024-05-31,CLI-0011,SVC-013,DEPT-007,2,1100.0,0,2200.0,440.0,2640.0,Payée,2200.0,5,2024,4,2,20240411,20240526,20240531.0,Retard < 30j
FAC-2025-04572,2025-03-29,2025-05-13,2025-06-09,CLI-0139,SVC-016,DEPT-003,1,1800.0,0,1800.0,360.0,2160.0,Payée,1800.0,27,2025,3,1,20250329,20250513,20250609.0,Retard < 30j
FAC-2025-04573,2023-07-31,2023-08-30,,CLI-0002,SVC-017,DEPT-003,1,950.0,0,950.0,190.0,1140.0,Retard,0.0,976,2023,7,3,20230731,20230830,,Contentieux > 90j
FAC-2025-04574,2025-06-18,2025-08-17,2025-08-31,CLI-0024,SVC-012,DEPT-002,1,3200.0,0,3200.0,640.0,3840.0,Payée,3200.0,14,2025,6,2,20250618,20250817,20250831.0,Retard < 30j
FAC-2025-04575,2023-05-29,2023-07-13,2023-07-14,CLI-0122,SVC-003,DEPT-003,1,22000.0,0,22000.0,4400.0,26400.0,Payée,22000.0,1,2023,5,2,20230529,20230713,20230714.0,Retard < 30j
FAC-2025-04576,2024-02-11,2024-03-27,2024-04-24,CLI-0123,SVC-001,DEPT-007,1,3500.0,10,3150.0,630.0,3780.0,Payée,3150.0,28,2024,2,1,20240211,20240327,20240424.0,Retard < 30j
FAC-2025-04577,2023-02-15,2023-03-17,,CLI-0051,SVC-013,DEPT-003,6,1100.0,0,6600.0,1320.0,7920.0,Retard,0.0,1142,2023,2,1,20230215,20230317,,Contentieux > 90j
FAC-2025-04578,2024-06-12,2024-07-27,2024-08-06,CLI-0122,SVC-012,DEPT-004,1,3200.0,0,3200.0,640.0,3840.0,Payée,3200.0,10,2024,6,2,20240612,20240727,20240806.0,Retard < 30j
FAC-2025-04579,2024-04-19,2024-05-19,2024-05-31,CLI-0156,SVC-009,DEPT-001,1,180.0,0,180.0,36.0,216.0,Payée,180.0,12,2024,4,2,20240419,20240519,20240531.0,Retard < 30j
FAC-2025-04580,2024-07-12,2024-08-26,2024-09-11,CLI-0059,SVC-010,DEPT-007,41,45.0,5,1752.75,350.55,2103.3,Payée,1752.75,16,2024,7,3,20240712,20240826,20240911.0,Retard < 30j
FAC-2025-04581,2025-04-20,2025-05-20,2025-05-20,CLI-0111,SVC-022,DEPT-001,7,600.0,0,4200.0,840.0,5040.0,Payée,4200.0,0,2025,4,2,20250420,20250520,20250520.0,Dans les délais
FAC-2025-04582,2025-04-27,2025-05-27,,CLI-0028,SVC-020,DEPT-002,3,1400.0,0,4200.0,840.0,5040.0,Retard,0.0,340,2025,4,2,20250427,20250527,,Contentieux > 90j
FAC-2025-04583,2025-08-23,2025-10-07,,CLI-0160,SVC-013,DEPT-004,5,1100.0,5,5225.0,1045.0,6270.0,Retard,0.0,207,2025,8,3,20250823,20251007,,Contentieux > 90j
FAC-2025-04584,2025-12-22,2026-01-21,,CLI-0064,SVC-013,DEPT-001,4,1100.0,0,4400.0,880.0,5280.0,Retard,0.0,101,2025,12,4,20251222,20260121,,Contentieux > 90j
FAC-2025-04585,2025-07-12,2025-08-26,,CLI-0177,SVC-011,DEPT-002,1,4500.0,0,4500.0,900.0,5400.0,Retard,0.0,249,2025,7,3,20250712,20250826,,Contentieux > 90j
FAC-2025-04586,2023-06-24,2023-07-24,,CLI-0083,SVC-001,DEPT-007,1,3500.0,0,3500.0,700.0,4200.0,Partielle,1681.24,1013,2023,6,2,20230624,20230724,,Contentieux > 90j
FAC-2025-04587,2024-01-23,2024-03-08,,CLI-0037,SVC-003,DEPT-003,1,22000.0,0,22000.0,4400.0,26400.0,Retard,0.0,785,2024,1,1,20240123,20240308,,Contentieux > 90j
FAC-2025-04588,2024-07-17,2024-09-15,2024-10-15,CLI-0005,SVC-008,DEPT-003,1,2500.0,10,2250.0,450.0,2700.0,Payée,2250.0,30,2024,7,3,20240717,20240915,20241015.0,Retard < 30j
FAC-2025-04589,2025-08-28,2025-09-27,,CLI-0057,SVC-024,DEPT-002,8,700.0,0,5600.0,1120.0,6720.0,Retard,0.0,217,2025,8,3,20250828,20250927,,Contentieux > 90j
FAC-2025-04590,2024-11-08,2024-12-08,,CLI-0150,SVC-019,DEPT-003,20,180.0,0,3600.0,720.0,4320.0,Retard,0.0,510,2024,11,4,20241108,20241208,,Contentieux > 90j
FAC-2025-04591,2024-12-28,2025-02-11,,CLI-0055,SVC-020,DEPT-004,5,1400.0,0,7000.0,1400.0,8400.0,Retard,0.0,445,2024,12,4,20241228,20250211,,Contentieux > 90j
FAC-2025-04592,2024-08-24,2024-09-23,2024-10-18,CLI-0176,SVC-011,DEPT-003,1,4500.0,0,4500.0,900.0,5400.0,Payée,4500.0,25,2024,8,3,20240824,20240923,20241018.0,Retard < 30j
FAC-2025-04593,2025-08-30,2025-10-14,2025-10-14,CLI-0137,SVC-005,DEPT-001,1,15000.0,0,15000.0,3000.0,18000.0,Payée,15000.0,0,2025,8,3,20250830,20251014,20251014.0,Dans les délais
FAC-2025-04594,2023-05-17,2023-07-01,2023-07-14,CLI-0132,SVC-024,DEPT-003,8,700.0,0,5600.0,1120.0,6720.0,Payée,5600.0,13,2023,5,2,20230517,20230701,20230714.0,Retard < 30j
FAC-2025-04595,2024-04-24,2024-05-24,2024-06-14,CLI-0178,SVC-006,DEPT-002,1,450.0,0,450.0,90.0,540.0,Payée,450.0,21,2024,4,2,20240424,20240524,20240614.0,Retard < 30j
FAC-2025-04596,2023-11-29,2023-12-29,,CLI-0170,SVC-008,DEPT-004,1,2500.0,0,2500.0,500.0,3000.0,Partielle,1392.98,855,2023,11,4,20231129,20231229,,Contentieux > 90j
FAC-2025-04597,2023-04-05,2023-05-05,2023-06-04,CLI-0028,SVC-022,DEPT-001,1,600.0,0,600.0,120.0,720.0,Payée,600.0,30,2023,4,2,20230405,20230505,20230604.0,Retard < 30j
FAC-2025-04598,2024-08-04,2024-09-03,,CLI-0041,SVC-022,DEPT-002,6,600.0,0,3600.0,720.0,4320.0,Contentieux,0.0,606,2024,8,3,20240804,20240903,,Contentieux > 90j
FAC-2025-04599,2024-09-09,2024-10-09,2024-10-22,CLI-0013,SVC-009,DEPT-002,1,180.0,0,180.0,36.0,216.0,Payée,180.0,13,2024,9,3,20240909,20241009,20241022.0,Retard < 30j
FAC-2025-04600,2024-05-17,2024-07-01,,CLI-0192,SVC-023,DEPT-007,6,750.0,5,4275.0,855.0,5130.0,Retard,0.0,670,2024,5,2,20240517,20240701,,Contentieux > 90j
FAC-2025-04601,2024-03-12,2024-04-11,2024-05-06,CLI-0060,SVC-021,DEPT-003,8,800.0,0,6400.0,1280.0,7680.0,Payée,6400.0,25,2024,3,1,20240312,20240411,20240506.0,Retard < 30j
FAC-2025-04602,2025-10-04,2025-11-03,2025-11-11,CLI-0128,SVC-022,DEPT-001,10,600.0,15,5100.0,1020.0,6120.0,Payée,5100.0,8,2025,10,4,20251004,20251103,20251111.0,Retard < 30j
FAC-2025-04603,2024-10-29,2024-11-28,2024-12-23,CLI-0044,SVC-014,DEPT-001,7,1500.0,0,10500.0,2100.0,12600.0,Payée,10500.0,25,2024,10,4,20241029,20241128,20241223.0,Retard < 30j
FAC-2025-04604,2025-11-26,2025-12-26,,CLI-0026,SVC-011,DEPT-001,1,4500.0,0,4500.0,900.0,5400.0,Partielle,2990.13,127,2025,11,4,20251126,20251226,,Contentieux > 90j
FAC-2025-04605,2023-03-18,2023-04-17,2023-04-29,CLI-0162,SVC-015,DEPT-001,1,2800.0,5,2660.0,532.0,3192.0,Payée,2660.0,12,2023,3,1,20230318,20230417,20230429.0,Retard < 30j
FAC-2025-04606,2023-09-05,2023-10-20,2023-10-20,CLI-0001,SVC-016,DEPT-003,1,1800.0,0,1800.0,360.0,2160.0,Payée,1800.0,0,2023,9,3,20230905,20231020,20231020.0,Dans les délais
FAC-2025-04607,2024-06-05,2024-07-05,2024-07-06,CLI-0127,SVC-009,DEPT-007,1,180.0,0,180.0,36.0,216.0,Payée,180.0,1,2024,6,2,20240605,20240705,20240706.0,Retard < 30j
FAC-2025-04608,2023-05-04,2023-06-03,2023-06-17,CLI-0156,SVC-008,DEPT-002,1,2500.0,5,2375.0,475.0,2850.0,Payée,2375.0,14,2023,5,2,20230504,20230603,20230617.0,Retard < 30j
FAC-2025-04609,2024-03-11,2024-04-25,,CLI-0096,SVC-016,DEPT-007,1,1800.0,15,1530.0,306.0,1836.0,Retard,0.0,737,2024,3,1,20240311,20240425,,Contentieux > 90j
FAC-2025-04610,2024-11-20,2025-01-04,,CLI-0167,SVC-021,DEPT-004,3,800.0,0,2400.0,480.0,2880.0,Contentieux,0.0,483,2024,11,4,20241120,20250104,,Contentieux > 90j
FAC-2025-04611,2025-10-11,2025-11-10,2025-12-10,CLI-0093,SVC-018,DEPT-007,1,6500.0,0,6500.0,1300.0,7800.0,Payée,6500.0,30,2025,10,4,20251011,20251110,20251210.0,Retard < 30j
FAC-2025-04612,2023-10-29,2023-11-28,2023-11-29,CLI-0038,SVC-021,DEPT-002,6,800.0,0,4800.0,960.0,5760.0,Payée,4800.0,1,2023,10,4,20231029,20231128,20231129.0,Retard < 30j
FAC-2025-04613,2023-03-05,2023-04-04,,CLI-0027,SVC-021,DEPT-004,9,800.0,15,6120.0,1224.0,7344.0,Retard,0.0,1124,2023,3,1,20230305,20230404,,Contentieux > 90j
FAC-2025-04614,2023-05-04,2023-07-03,2023-07-03,CLI-0149,SVC-019,DEPT-002,15,180.0,5,2565.0,513.0,3078.0,Payée,2565.0,0,2023,5,2,20230504,20230703,20230703.0,Dans les délais
FAC-2025-04615,2025-01-08,2025-02-07,2025-02-25,CLI-0166,SVC-014,DEPT-004,4,1500.0,0,6000.0,1200.0,7200.0,Payée,6000.0,18,2025,1,1,20250108,20250207,20250225.0,Retard < 30j
FAC-2025-04616,2024-09-21,2024-11-05,,CLI-0019,SVC-014,DEPT-002,7,1500.0,5,9975.0,1995.0,11970.0,Retard,0.0,543,2024,9,3,20240921,20241105,,Contentieux > 90j
FAC-2025-04617,2023-01-03,2023-02-17,,CLI-0033,SVC-023,DEPT-004,1,750.0,0,750.0,150.0,900.0,Contentieux,0.0,1170,2023,1,1,20230103,20230217,,Contentieux > 90j
FAC-2025-04618,2023-02-13,2023-03-15,2023-04-12,CLI-0003,SVC-024,DEPT-001,8,700.0,0,5600.0,1120.0,6720.0,Payée,5600.0,28,2023,2,1,20230213,20230315,20230412.0,Retard < 30j
FAC-2025-04619,2025-11-14,2025-12-14,,CLI-0163,SVC-021,DEPT-004,7,800.0,10,5040.0,1008.0,6048.0,Retard,0.0,139,2025,11,4,20251114,20251214,,Contentieux > 90j
FAC-2025-04620,2023-12-03,2024-01-17,,CLI-0177,SVC-008,DEPT-001,1,2500.0,0,2500.0,500.0,3000.0,Retard,0.0,836,2023,12,4,20231203,20240117,,Contentieux > 90j
FAC-2025-04621,2024-04-25,2024-06-09,2024-06-13,CLI-0175,SVC-017,DEPT-004,1,950.0,0,950.0,190.0,1140.0,Payée,950.0,4,2024,4,2,20240425,20240609,20240613.0,Retard < 30j
FAC-2025-04622,2024-09-15,2024-10-15,2024-10-21,CLI-0151,SVC-024,DEPT-007,9,700.0,0,6300.0,1260.0,7560.0,Payée,6300.0,6,2024,9,3,20240915,20241015,20241021.0,Retard < 30j
FAC-2025-04623,2023-05-02,2023-06-01,,CLI-0129,SVC-012,DEPT-003,1,3200.0,10,2880.0,576.0,3456.0,Retard,0.0,1066,2023,5,2,20230502,20230601,,Contentieux > 90j
FAC-2025-04624,2024-10-10,2024-11-24,2024-12-12,CLI-0108,SVC-013,DEPT-003,8,1100.0,0,8800.0,1760.0,10560.0,Payée,8800.0,18,2024,10,4,20241010,20241124,20241212.0,Retard < 30j
FAC-2025-04625,2025-11-10,2025-12-10,2025-12-22,CLI-0027,SVC-020,DEPT-004,3,1400.0,0,4200.0,840.0,5040.0,Payée,4200.0,12,2025,11,4,20251110,20251210,20251222.0,Retard < 30j
FAC-2025-04626,2024-12-17,2025-01-16,,CLI-0148,SVC-019,DEPT-002,2,180.0,10,324.0,64.8,388.8,Retard,0.0,471,2024,12,4,20241217,20250116,,Contentieux > 90j
FAC-2025-04627,2023-09-29,2023-10-29,2023-11-20,CLI-0097,SVC-011,DEPT-002,1,4500.0,5,4275.0,855.0,5130.0,Payée,4275.0,22,2023,9,3,20230929,20231029,20231120.0,Retard < 30j
FAC-2025-04628,2024-04-07,2024-05-07,,CLI-0126,SVC-020,DEPT-004,1,1400.0,0,1400.0,280.0,1680.0,Retard,0.0,725,2024,4,2,20240407,20240507,,Contentieux > 90j
FAC-2025-04629,2023-12-18,2024-01-17,2024-02-09,CLI-0082,SVC-012,DEPT-002,1,3200.0,15,2720.0,544.0,3264.0,Payée,2720.0,23,2023,12,4,20231218,20240117,20240209.0,Retard < 30j
FAC-2025-04630,2023-03-09,2023-04-23,2023-05-04,CLI-0075,SVC-001,DEPT-001,1,3500.0,15,2975.0,595.0,3570.0,Payée,2975.0,11,2023,3,1,20230309,20230423,20230504.0,Retard < 30j
FAC-2025-04631,2024-11-17,2025-01-01,2025-01-05,CLI-0122,SVC-008,DEPT-002,1,2500.0,0,2500.0,500.0,3000.0,Payée,2500.0,4,2024,11,4,20241117,20250101,20250105.0,Retard < 30j
FAC-2025-04632,2025-03-29,2025-05-13,2025-05-16,CLI-0087,SVC-015,DEPT-003,1,2800.0,5,2660.0,532.0,3192.0,Payée,2660.0,3,2025,3,1,20250329,20250513,20250516.0,Retard < 30j
FAC-2025-04633,2025-09-14,2025-10-29,2025-10-29,CLI-0171,SVC-007,DEPT-001,1,1200.0,5,1140.0,228.0,1368.0,Payée,1140.0,0,2025,9,3,20250914,20251029,20251029.0,Dans les délais
FAC-2025-04634,2025-03-29,2025-05-13,,CLI-0112,SVC-007,DEPT-007,1,1200.0,5,1140.0,228.0,1368.0,Retard,0.0,354,2025,3,1,20250329,20250513,,Contentieux > 90j
FAC-2025-04635,2023-10-06,2023-11-05,2023-11-16,CLI-0064,SVC-007,DEPT-002,1,1200.0,0,1200.0,240.0,1440.0,Payée,1200.0,11,2023,10,4,20231006,20231105,20231116.0,Retard < 30j
FAC-2025-04636,2024-12-27,2025-02-10,2025-03-10,CLI-0047,SVC-018,DEPT-002,1,6500.0,5,6175.0,1235.0,7410.0,Payée,6175.0,28,2024,12,4,20241227,20250210,20250310.0,Retard < 30j
FAC-2025-04637,2024-03-24,2024-04-23,2024-05-09,CLI-0145,SVC-005,DEPT-007,1,15000.0,0,15000.0,3000.0,18000.0,Payée,15000.0,16,2024,3,1,20240324,20240423,20240509.0,Retard < 30j
FAC-2025-04638,2023-03-14,2023-04-13,,CLI-0064,SVC-004,DEPT-001,4,1200.0,10,4320.0,864.0,5184.0,Retard,0.0,1115,2023,3,1,20230314,20230413,,Contentieux > 90j
FAC-2025-04639,2024-10-01,2024-10-31,2024-10-31,CLI-0002,SVC-018,DEPT-002,1,6500.0,0,6500.0,1300.0,7800.0,Payée,6500.0,0,2024,10,4,20241001,20241031,20241031.0,Dans les délais
FAC-2025-04640,2024-07-01,2024-07-31,2024-08-07,CLI-0140,SVC-001,DEPT-001,1,3500.0,0,3500.0,700.0,4200.0,Payée,3500.0,7,2024,7,3,20240701,20240731,20240807.0,Retard < 30j
FAC-2025-04641,2025-11-19,2026-01-18,2026-01-18,CLI-0194,SVC-021,DEPT-002,4,800.0,0,3200.0,640.0,3840.0,Payée,3200.0,0,2025,11,4,20251119,20260118,20260118.0,Dans les délais
FAC-2025-04642,2025-09-24,2025-10-24,2025-11-17,CLI-0115,SVC-021,DEPT-002,9,800.0,5,6840.0,1368.0,8208.0,Payée,6840.0,24,2025,9,3,20250924,20251024,20251117.0,Retard < 30j
FAC-2025-04643,2025-12-08,2026-01-07,,CLI-0138,SVC-004,DEPT-001,6,1200.0,5,6840.0,1368.0,8208.0,Retard,0.0,115,2025,12,4,20251208,20260107,,Contentieux > 90j
FAC-2025-04644,2025-02-28,2025-03-30,,CLI-0148,SVC-014,DEPT-004,9,1500.0,0,13500.0,2700.0,16200.0,Contentieux,0.0,398,2025,2,1,20250228,20250330,,Contentieux > 90j
FAC-2025-04645,2024-12-31,2025-02-14,,CLI-0094,SVC-012,DEPT-002,1,3200.0,0,3200.0,640.0,3840.0,Retard,0.0,442,2024,12,4,20241231,20250214,,Contentieux > 90j
FAC-2025-04646,2025-09-29,2025-10-29,2025-11-07,CLI-0029,SVC-012,DEPT-004,1,3200.0,5,3040.0,608.0,3648.0,Payée,3040.0,9,2025,9,3,20250929,20251029,20251107.0,Retard < 30j
FAC-2025-04647,2023-11-19,2024-01-03,2024-01-07,CLI-0189,SVC-022,DEPT-004,7,600.0,0,4200.0,840.0,5040.0,Payée,4200.0,4,2023,11,4,20231119,20240103,20240107.0,Retard < 30j
FAC-2025-04648,2025-05-27,2025-07-11,2025-07-22,CLI-0059,SVC-021,DEPT-002,9,800.0,0,7200.0,1440.0,8640.0,Payée,7200.0,11,2025,5,2,20250527,20250711,20250722.0,Retard < 30j
FAC-2025-04649,2024-03-13,2024-04-12,2024-04-21,CLI-0162,SVC-018,DEPT-007,1,6500.0,5,6175.0,1235.0,7410.0,Payée,6175.0,9,2024,3,1,20240313,20240412,20240421.0,Retard < 30j
FAC-2025-04650,2025-08-17,2025-09-16,,CLI-0142,SVC-020,DEPT-001,9,1400.0,10,11340.0,2268.0,13608.0,Retard,0.0,228,2025,8,3,20250817,20250916,,Contentieux > 90j
FAC-2025-04651,2024-05-02,2024-06-16,2024-07-04,CLI-0119,SVC-001,DEPT-007,1,3500.0,0,3500.0,700.0,4200.0,Payée,3500.0,18,2024,5,2,20240502,20240616,20240704.0,Retard < 30j
FAC-2025-04652,2025-01-13,2025-02-27,,CLI-0133,SVC-012,DEPT-001,1,3200.0,5,3040.0,608.0,3648.0,Retard,0.0,429,2025,1,1,20250113,20250227,,Contentieux > 90j
FAC-2025-04653,2023-01-24,2023-02-23,2023-03-23,CLI-0041,SVC-011,DEPT-004,1,4500.0,0,4500.0,900.0,5400.0,Payée,4500.0,28,2023,1,1,20230124,20230223,20230323.0,Retard < 30j
FAC-2025-04654,2023-03-17,2023-05-16,2023-05-30,CLI-0196,SVC-022,DEPT-004,7,600.0,5,3990.0,798.0,4788.0,Payée,3990.0,14,2023,3,1,20230317,20230516,20230530.0,Retard < 30j
FAC-2025-04655,2023-07-11,2023-08-25,,CLI-0132,SVC-016,DEPT-007,1,1800.0,10,1620.0,324.0,1944.0,Retard,0.0,981,2023,7,3,20230711,20230825,,Contentieux > 90j
FAC-2025-04656,2024-05-20,2024-07-19,2024-07-19,CLI-0164,SVC-014,DEPT-001,3,1500.0,0,4500.0,900.0,5400.0,Payée,4500.0,0,2024,5,2,20240520,20240719,20240719.0,Dans les délais
FAC-2025-04657,2024-11-16,2024-12-16,2025-01-10,CLI-0072,SVC-017,DEPT-004,1,950.0,0,950.0,190.0,1140.0,Payée,950.0,25,2024,11,4,20241116,20241216,20250110.0,Retard < 30j
FAC-2025-04658,2023-07-31,2023-08-30,2023-09-19,CLI-0052,SVC-005,DEPT-002,1,15000.0,0,15000.0,3000.0,18000.0,Payée,15000.0,20,2023,7,3,20230731,20230830,20230919.0,Retard < 30j
FAC-2025-04659,2024-02-26,2024-04-11,2024-04-22,CLI-0139,SVC-010,DEPT-007,37,45.0,5,1581.75,316.35,1898.1,Payée,1581.75,11,2024,2,1,20240226,20240411,20240422.0,Retard < 30j
FAC-2025-04660,2024-08-14,2024-10-13,2024-10-28,CLI-0107,SVC-020,DEPT-003,1,1400.0,0,1400.0,280.0,1680.0,Payée,1400.0,15,2024,8,3,20240814,20241013,20241028.0,Retard < 30j
FAC-2025-04661,2025-06-10,2025-07-25,,CLI-0132,SVC-012,DEPT-002,1,3200.0,5,3040.0,608.0,3648.0,Retard,0.0,281,2025,6,2,20250610,20250725,,Contentieux > 90j
FAC-2025-04662,2023-04-30,2023-05-30,2023-05-30,CLI-0023,SVC-016,DEPT-002,1,1800.0,0,1800.0,360.0,2160.0,Payée,1800.0,0,2023,4,2,20230430,20230530,20230530.0,Dans les délais
FAC-2025-04663,2023-10-27,2023-11-26,,CLI-0028,SVC-001,DEPT-004,1,3500.0,5,3325.0,665.0,3990.0,Partielle,2560.27,888,2023,10,4,20231027,20231126,,Contentieux > 90j
FAC-2025-04664,2023-12-10,2024-01-09,2024-02-02,CLI-0121,SVC-008,DEPT-002,1,2500.0,0,2500.0,500.0,3000.0,Payée,2500.0,24,2023,12,4,20231210,20240109,20240202.0,Retard < 30j
FAC-2025-04665,2024-02-23,2024-03-24,2024-04-05,CLI-0056,SVC-006,DEPT-007,1,450.0,0,450.0,90.0,540.0,Payée,450.0,12,2024,2,1,20240223,20240324,20240405.0,Retard < 30j
FAC-2025-04666,2023-05-14,2023-06-13,2023-06-14,CLI-0065,SVC-020,DEPT-007,7,1400.0,5,9310.0,1862.0,11172.0,Payée,9310.0,1,2023,5,2,20230514,20230613,20230614.0,Retard < 30j
FAC-2025-04667,2023-01-22,2023-03-08,2023-03-28,CLI-0039,SVC-002,DEPT-001,1,8500.0,0,8500.0,1700.0,10200.0,Payée,8500.0,20,2023,1,1,20230122,20230308,20230328.0,Retard < 30j
FAC-2025-04668,2023-11-12,2023-12-27,2024-01-19,CLI-0139,SVC-007,DEPT-007,1,1200.0,0,1200.0,240.0,1440.0,Payée,1200.0,23,2023,11,4,20231112,20231227,20240119.0,Retard < 30j
FAC-2025-04669,2024-02-09,2024-03-25,2024-04-06,CLI-0175,SVC-021,DEPT-001,8,800.0,0,6400.0,1280.0,7680.0,Payée,6400.0,12,2024,2,1,20240209,20240325,20240406.0,Retard < 30j
FAC-2025-04670,2023-04-30,2023-06-29,2023-07-25,CLI-0149,SVC-014,DEPT-001,10,1500.0,5,14250.0,2850.0,17100.0,Payée,14250.0,26,2023,4,2,20230430,20230629,20230725.0,Retard < 30j
FAC-2025-04671,2025-01-19,2025-03-05,2025-03-18,CLI-0132,SVC-010,DEPT-003,41,45.0,10,1660.5,332.1,1992.6,Payée,1660.5,13,2025,1,1,20250119,20250305,20250318.0,Retard < 30j
FAC-2025-04672,2024-07-10,2024-08-09,,CLI-0151,SVC-008,DEPT-003,1,2500.0,0,2500.0,500.0,3000.0,Contentieux,0.0,631,2024,7,3,20240710,20240809,,Contentieux > 90j
FAC-2025-04673,2024-03-13,2024-04-12,,CLI-0082,SVC-016,DEPT-007,1,1800.0,5,1710.0,342.0,2052.0,Contentieux,0.0,750,2024,3,1,20240313,20240412,,Contentieux > 90j
FAC-2025-04674,2023-04-27,2023-05-27,,CLI-0138,SVC-018,DEPT-003,1,6500.0,5,6175.0,1235.0,7410.0,Retard,0.0,1071,2023,4,2,20230427,20230527,,Contentieux > 90j
FAC-2025-04675,2023-03-03,2023-04-17,2023-05-04,CLI-0042,SVC-017,DEPT-001,1,950.0,5,902.5,180.5,1083.0,Payée,902.5,17,2023,3,1,20230303,20230417,20230504.0,Retard < 30j
FAC-2025-04676,2025-06-25,2025-07-25,,CLI-0170,SVC-007,DEPT-004,1,1200.0,0,1200.0,240.0,1440.0,Partielle,804.09,281,2025,6,2,20250625,20250725,,Contentieux > 90j
FAC-2025-04677,2025-12-18,2026-01-17,,CLI-0028,SVC-019,DEPT-003,19,180.0,0,3420.0,684.0,4104.0,Contentieux,0.0,105,2025,12,4,20251218,20260117,,Contentieux > 90j
FAC-2025-04678,2024-12-27,2025-01-26,,CLI-0076,SVC-009,DEPT-007,1,180.0,0,180.0,36.0,216.0,Retard,0.0,461,2024,12,4,20241227,20250126,,Contentieux > 90j
FAC-2025-04679,2024-03-14,2024-04-28,2024-05-13,CLI-0101,SVC-020,DEPT-001,9,1400.0,0,12600.0,2520.0,15120.0,Payée,12600.0,15,2024,3,1,20240314,20240428,20240513.0,Retard < 30j
FAC-2025-04680,2023-04-03,2023-05-18,2023-06-06,CLI-0047,SVC-008,DEPT-003,1,2500.0,0,2500.0,500.0,3000.0,Payée,2500.0,19,2023,4,2,20230403,20230518,20230606.0,Retard < 30j
FAC-2025-04681,2023-12-05,2024-03-04,2024-03-13,CLI-0125,SVC-020,DEPT-003,5,1400.0,10,6300.0,1260.0,7560.0,Payée,6300.0,9,2023,12,4,20231205,20240304,20240313.0,Retard < 30j
FAC-2025-04682,2025-04-10,2025-05-10,2025-05-12,CLI-0080,SVC-017,DEPT-002,1,950.0,0,950.0,190.0,1140.0,Payée,950.0,2,2025,4,2,20250410,20250510,20250512.0,Retard < 30j
FAC-2025-04683,2024-12-29,2025-01-28,2025-02-20,CLI-0032,SVC-022,DEPT-001,7,600.0,0,4200.0,840.0,5040.0,Payée,4200.0,23,2024,12,4,20241229,20250128,20250220.0,Retard < 30j
FAC-2025-04684,2023-04-03,2023-05-03,,CLI-0002,SVC-017,DEPT-003,1,950.0,0,950.0,190.0,1140.0,Partielle,484.31,1095,2023,4,2,20230403,20230503,,Contentieux > 90j
FAC-2025-04685,2023-01-02,2023-02-16,2023-03-13,CLI-0122,SVC-014,DEPT-004,5,1500.0,0,7500.0,1500.0,9000.0,Payée,7500.0,25,2023,1,1,20230102,20230216,20230313.0,Retard < 30j
FAC-2025-04686,2024-07-19,2024-08-18,,CLI-0083,SVC-015,DEPT-007,1,2800.0,0,2800.0,560.0,3360.0,Retard,0.0,622,2024,7,3,20240719,20240818,,Contentieux > 90j
FAC-2025-04687,2023-06-17,2023-08-01,2023-08-17,CLI-0039,SVC-022,DEPT-001,7,600.0,0,4200.0,840.0,5040.0,Payée,4200.0,16,2023,6,2,20230617,20230801,20230817.0,Retard < 30j
FAC-2025-04688,2025-04-09,2025-06-08,2025-06-29,CLI-0074,SVC-024,DEPT-007,6,700.0,15,3570.0,714.0,4284.0,Payée,3570.0,21,2025,4,2,20250409,20250608,20250629.0,Retard < 30j
FAC-2025-04689,2023-04-01,2023-05-16,2023-05-31,CLI-0020,SVC-021,DEPT-007,1,800.0,5,760.0,152.0,912.0,Payée,760.0,15,2023,4,2,20230401,20230516,20230531.0,Retard < 30j
FAC-2025-04690,2024-03-16,2024-05-15,2024-06-13,CLI-0184,SVC-008,DEPT-004,1,2500.0,0,2500.0,500.0,3000.0,Payée,2500.0,29,2024,3,1,20240316,20240515,20240613.0,Retard < 30j
FAC-2025-04691,2023-07-25,2023-08-24,2023-09-08,CLI-0127,SVC-001,DEPT-001,1,3500.0,10,3150.0,630.0,3780.0,Payée,3150.0,15,2023,7,3,20230725,20230824,20230908.0,Retard < 30j
FAC-2025-04692,2024-11-24,2024-12-24,2025-01-21,CLI-0007,SVC-006,DEPT-001,1,450.0,5,427.5,85.5,513.0,Payée,427.5,28,2024,11,4,20241124,20241224,20250121.0,Retard < 30j
FAC-2025-04693,2023-05-21,2023-07-05,2023-07-22,CLI-0033,SVC-001,DEPT-004,1,3500.0,0,3500.0,700.0,4200.0,Payée,3500.0,17,2023,5,2,20230521,20230705,20230722.0,Retard < 30j
FAC-2025-04694,2023-07-09,2023-08-08,2023-08-27,CLI-0029,SVC-018,DEPT-001,1,6500.0,10,5850.0,1170.0,7020.0,Payée,5850.0,19,2023,7,3,20230709,20230808,20230827.0,Retard < 30j
FAC-2025-04695,2023-08-26,2023-10-10,2023-10-28,CLI-0183,SVC-010,DEPT-001,13,45.0,10,526.5,105.3,631.8,Payée,526.5,18,2023,8,3,20230826,20231010,20231028.0,Retard < 30j
FAC-2025-04696,2023-09-05,2023-10-20,,CLI-0112,SVC-011,DEPT-007,1,4500.0,0,4500.0,900.0,5400.0,Retard,0.0,925,2023,9,3,20230905,20231020,,Contentieux > 90j
FAC-2025-04697,2025-04-23,2025-06-22,2025-07-18,CLI-0069,SVC-019,DEPT-001,19,180.0,0,3420.0,684.0,4104.0,Payée,3420.0,26,2025,4,2,20250423,20250622,20250718.0,Retard < 30j
FAC-2025-04698,2023-01-24,2023-03-25,2023-03-29,CLI-0149,SVC-001,DEPT-007,1,3500.0,5,3325.0,665.0,3990.0,Payée,3325.0,4,2023,1,1,20230124,20230325,20230329.0,Retard < 30j
FAC-2025-04699,2023-11-30,2023-12-30,,CLI-0063,SVC-023,DEPT-003,9,750.0,10,6075.0,1215.0,7290.0,Contentieux,0.0,854,2023,11,4,20231130,20231230,,Contentieux > 90j
FAC-2025-04700,2023-07-27,2023-09-25,2023-10-04,CLI-0005,SVC-016,DEPT-002,1,1800.0,5,1710.0,342.0,2052.0,Payée,1710.0,9,2023,7,3,20230727,20230925,20231004.0,Retard < 30j
FAC-2025-04701,2024-02-03,2024-03-04,2024-03-07,CLI-0044,SVC-003,DEPT-001,1,22000.0,0,22000.0,4400.0,26400.0,Payée,22000.0,3,2024,2,1,20240203,20240304,20240307.0,Retard < 30j
FAC-2025-04702,2023-03-26,2023-05-25,,CLI-0173,SVC-009,DEPT-004,1,180.0,5,171.0,34.2,205.2,Partielle,122.0,1073,2023,3,1,20230326,20230525,,Contentieux > 90j
FAC-2025-04703,2025-10-12,2025-11-26,2025-12-15,CLI-0022,SVC-016,DEPT-002,1,1800.0,0,1800.0,360.0,2160.0,Payée,1800.0,19,2025,10,4,20251012,20251126,20251215.0,Retard < 30j
FAC-2025-04704,2023-01-15,2023-02-14,2023-02-20,CLI-0140,SVC-009,DEPT-004,1,180.0,0,180.0,36.0,216.0,Payée,180.0,6,2023,1,1,20230115,20230214,20230220.0,Retard < 30j
FAC-2025-04705,2023-03-09,2023-04-23,,CLI-0042,SVC-024,DEPT-007,4,700.0,10,2520.0,504.0,3024.0,Contentieux,0.0,1105,2023,3,1,20230309,20230423,,Contentieux > 90j
FAC-2025-04706,2025-05-29,2025-07-13,,CLI-0117,SVC-003,DEPT-002,1,22000.0,0,22000.0,4400.0,26400.0,Retard,0.0,293,2025,5,2,20250529,20250713,,Contentieux > 90j
FAC-2025-04707,2025-06-02,2025-07-02,2025-07-02,CLI-0035,SVC-004,DEPT-001,1,1200.0,10,1080.0,216.0,1296.0,Payée,1080.0,0,2025,6,2,20250602,20250702,20250702.0,Dans les délais
FAC-2025-04708,2024-04-16,2024-05-31,,CLI-0042,SVC-022,DEPT-002,10,600.0,10,5400.0,1080.0,6480.0,Partielle,2148.3,701,2024,4,2,20240416,20240531,,Contentieux > 90j
FAC-2025-04709,2025-11-06,2026-01-05,2026-01-08,CLI-0103,SVC-012,DEPT-001,1,3200.0,5,3040.0,608.0,3648.0,Payée,3040.0,3,2025,11,4,20251106,20260105,20260108.0,Retard < 30j
FAC-2025-04710,2024-03-28,2024-04-27,2024-05-13,CLI-0135,SVC-005,DEPT-007,1,15000.0,0,15000.0,3000.0,18000.0,Payée,15000.0,16,2024,3,1,20240328,20240427,20240513.0,Retard < 30j
FAC-2025-04711,2025-10-31,2025-12-15,,CLI-0136,SVC-018,DEPT-001,1,6500.0,5,6175.0,1235.0,7410.0,Contentieux,0.0,138,2025,10,4,20251031,20251215,,Contentieux > 90j
FAC-2025-04712,2025-03-03,2025-04-02,2025-05-02,CLI-0006,SVC-019,DEPT-001,5,180.0,0,900.0,180.0,1080.0,Payée,900.0,30,2025,3,1,20250303,20250402,20250502.0,Retard < 30j
FAC-2025-04713,2023-03-05,2023-04-04,2023-04-08,CLI-0092,SVC-012,DEPT-001,1,3200.0,0,3200.0,640.0,3840.0,Payée,3200.0,4,2023,3,1,20230305,20230404,20230408.0,Retard < 30j
FAC-2025-04714,2023-01-13,2023-03-14,,CLI-0068,SVC-014,DEPT-001,9,1500.0,0,13500.0,2700.0,16200.0,Retard,0.0,1145,2023,1,1,20230113,20230314,,Contentieux > 90j
FAC-2025-04715,2024-06-02,2024-07-17,,CLI-0171,SVC-001,DEPT-004,1,3500.0,0,3500.0,700.0,4200.0,Retard,0.0,654,2024,6,2,20240602,20240717,,Contentieux > 90j
FAC-2025-04716,2023-06-04,2023-07-04,2023-07-05,CLI-0013,SVC-018,DEPT-003,1,6500.0,5,6175.0,1235.0,7410.0,Payée,6175.0,1,2023,6,2,20230604,20230704,20230705.0,Retard < 30j
FAC-2025-04717,2024-04-28,2024-06-12,2024-06-23,CLI-0011,SVC-018,DEPT-003,1,6500.0,0,6500.0,1300.0,7800.0,Payée,6500.0,11,2024,4,2,20240428,20240612,20240623.0,Retard < 30j
FAC-2025-04718,2023-03-03,2023-05-02,2023-05-18,CLI-0173,SVC-012,DEPT-007,1,3200.0,10,2880.0,576.0,3456.0,Payée,2880.0,16,2023,3,1,20230303,20230502,20230518.0,Retard < 30j
FAC-2025-04719,2023-09-27,2023-10-27,2023-11-26,CLI-0010,SVC-014,DEPT-002,8,1500.0,0,12000.0,2400.0,14400.0,Payée,12000.0,30,2023,9,3,20230927,20231027,20231126.0,Retard < 30j
FAC-2025-04720,2024-12-14,2025-01-28,2025-02-01,CLI-0189,SVC-021,DEPT-007,10,800.0,5,7600.0,1520.0,9120.0,Payée,7600.0,4,2024,12,4,20241214,20250128,20250201.0,Retard < 30j
FAC-2025-04721,2024-09-16,2024-10-31,2024-10-31,CLI-0088,SVC-003,DEPT-003,1,22000.0,0,22000.0,4400.0,26400.0,Payée,22000.0,0,2024,9,3,20240916,20241031,20241031.0,Dans les délais
FAC-2025-04722,2025-07-19,2025-09-02,,CLI-0189,SVC-012,DEPT-004,1,3200.0,10,2880.0,576.0,3456.0,Contentieux,0.0,242,2025,7,3,20250719,20250902,,Contentieux > 90j
FAC-2025-04723,2024-10-09,2024-11-23,,CLI-0136,SVC-006,DEPT-007,1,450.0,10,405.0,81.0,486.0,Retard,0.0,525,2024,10,4,20241009,20241123,,Contentieux > 90j
FAC-2025-04724,2025-04-11,2025-05-11,2025-05-28,CLI-0092,SVC-015,DEPT-002,1,2800.0,5,2660.0,532.0,3192.0,Payée,2660.0,17,2025,4,2,20250411,20250511,20250528.0,Retard < 30j
FAC-2025-04725,2025-03-11,2025-04-10,2025-04-30,CLI-0014,SVC-004,DEPT-001,5,1200.0,0,6000.0,1200.0,7200.0,Payée,6000.0,20,2025,3,1,20250311,20250410,20250430.0,Retard < 30j
FAC-2025-04726,2025-02-07,2025-03-09,,CLI-0146,SVC-010,DEPT-004,34,45.0,0,1530.0,306.0,1836.0,Partielle,562.08,419,2025,2,1,20250207,20250309,,Contentieux > 90j
FAC-2025-04727,2025-07-02,2025-08-16,,CLI-0042,SVC-020,DEPT-004,7,1400.0,0,9800.0,1960.0,11760.0,Retard,0.0,259,2025,7,3,20250702,20250816,,Contentieux > 90j
FAC-2025-04728,2025-03-28,2025-04-27,2025-05-25,CLI-0044,SVC-024,DEPT-002,7,700.0,0,4900.0,980.0,5880.0,Payée,4900.0,28,2025,3,1,20250328,20250427,20250525.0,Retard < 30j
FAC-2025-04729,2025-04-25,2025-06-09,2025-06-27,CLI-0087,SVC-013,DEPT-004,8,1100.0,5,8360.0,1672.0,10032.0,Payée,8360.0,18,2025,4,2,20250425,20250609,20250627.0,Retard < 30j
FAC-2025-04730,2025-10-02,2025-11-16,2025-11-21,CLI-0049,SVC-016,DEPT-001,1,1800.0,10,1620.0,324.0,1944.0,Payée,1620.0,5,2025,10,4,20251002,20251116,20251121.0,Retard < 30j
FAC-2025-04731,2023-09-28,2023-11-12,,CLI-0116,SVC-016,DEPT-002,1,1800.0,0,1800.0,360.0,2160.0,Retard,0.0,902,2023,9,3,20230928,20231112,,Contentieux > 90j
FAC-2025-04732,2024-07-14,2024-08-13,2024-08-17,CLI-0102,SVC-005,DEPT-003,1,15000.0,0,15000.0,3000.0,18000.0,Payée,15000.0,4,2024,7,3,20240714,20240813,20240817.0,Retard < 30j
FAC-2025-04733,2023-01-02,2023-02-16,,CLI-0124,SVC-002,DEPT-007,1,8500.0,0,8500.0,1700.0,10200.0,Retard,0.0,1171,2023,1,1,20230102,20230216,,Contentieux > 90j
FAC-2025-04734,2025-03-10,2025-04-24,2025-04-24,CLI-0189,SVC-010,DEPT-003,5,45.0,0,225.0,45.0,270.0,Payée,225.0,0,2025,3,1,20250310,20250424,20250424.0,Dans les délais
FAC-2025-04735,2025-01-07,2025-02-21,,CLI-0047,SVC-001,DEPT-001,1,3500.0,10,3150.0,630.0,3780.0,Partielle,1465.47,435,2025,1,1,20250107,20250221,,Contentieux > 90j
FAC-2025-04736,2023-09-01,2023-10-01,,CLI-0057,SVC-024,DEPT-007,9,700.0,0,6300.0,1260.0,7560.0,Partielle,1942.47,944,2023,9,3,20230901,20231001,,Contentieux > 90j
FAC-2025-04737,2024-08-13,2024-09-27,2024-09-30,CLI-0190,SVC-008,DEPT-001,1,2500.0,5,2375.0,475.0,2850.0,Payée,2375.0,3,2024,8,3,20240813,20240927,20240930.0,Retard < 30j
FAC-2025-04738,2023-06-24,2023-07-24,2023-08-04,CLI-0002,SVC-020,DEPT-002,3,1400.0,10,3780.0,756.0,4536.0,Payée,3780.0,11,2023,6,2,20230624,20230724,20230804.0,Retard < 30j
FAC-2025-04739,2023-06-03,2023-07-18,2023-08-16,CLI-0033,SVC-009,DEPT-004,1,180.0,0,180.0,36.0,216.0,Payée,180.0,29,2023,6,2,20230603,20230718,20230816.0,Retard < 30j
FAC-2025-04740,2024-06-27,2024-07-27,,CLI-0158,SVC-008,DEPT-002,1,2500.0,5,2375.0,475.0,2850.0,Retard,0.0,644,2024,6,2,20240627,20240727,,Contentieux > 90j
FAC-2025-04741,2025-09-13,2025-12-12,2025-12-26,CLI-0195,SVC-015,DEPT-001,1,2800.0,0,2800.0,560.0,3360.0,Payée,2800.0,14,2025,9,3,20250913,20251212,20251226.0,Retard < 30j
FAC-2025-04742,2023-08-24,2023-10-08,2023-10-08,CLI-0047,SVC-004,DEPT-002,7,1200.0,10,7560.0,1512.0,9072.0,Payée,7560.0,0,2023,8,3,20230824,20231008,20231008.0,Dans les délais
FAC-2025-04743,2025-11-24,2025-12-24,,CLI-0151,SVC-020,DEPT-001,2,1400.0,0,2800.0,560.0,3360.0,Retard,0.0,129,2025,11,4,20251124,20251224,,Contentieux > 90j
FAC-2025-04744,2023-11-05,2023-12-05,2023-12-29,CLI-0174,SVC-013,DEPT-007,5,1100.0,0,5500.0,1100.0,6600.0,Payée,5500.0,24,2023,11,4,20231105,20231205,20231229.0,Retard < 30j
FAC-2025-04745,2024-03-20,2024-04-19,2024-05-02,CLI-0187,SVC-014,DEPT-003,6,1500.0,0,9000.0,1800.0,10800.0,Payée,9000.0,13,2024,3,1,20240320,20240419,20240502.0,Retard < 30j
FAC-2025-04746,2024-03-12,2024-04-11,,CLI-0041,SVC-014,DEPT-002,5,1500.0,0,7500.0,1500.0,9000.0,Contentieux,0.0,751,2024,3,1,20240312,20240411,,Contentieux > 90j
FAC-2025-04747,2025-10-08,2025-11-22,2025-11-28,CLI-0059,SVC-024,DEPT-002,3,700.0,0,2100.0,420.0,2520.0,Payée,2100.0,6,2025,10,4,20251008,20251122,20251128.0,Retard < 30j
FAC-2025-04748,2024-02-19,2024-04-19,2024-05-13,CLI-0196,SVC-011,DEPT-007,1,4500.0,0,4500.0,900.0,5400.0,Payée,4500.0,24,2024,2,1,20240219,20240419,20240513.0,Retard < 30j
FAC-2025-04749,2023-02-21,2023-04-07,,CLI-0171,SVC-006,DEPT-003,1,450.0,0,450.0,90.0,540.0,Contentieux,0.0,1121,2023,2,1,20230221,20230407,,Contentieux > 90j
FAC-2025-04750,2024-04-16,2024-06-15,2024-07-12,CLI-0107,SVC-012,DEPT-004,1,3200.0,0,3200.0,640.0,3840.0,Payée,3200.0,27,2024,4,2,20240416,20240615,20240712.0,Retard < 30j
FAC-2025-04751,2024-06-20,2024-08-04,2024-08-23,CLI-0049,SVC-001,DEPT-004,1,3500.0,0,3500.0,700.0,4200.0,Payée,3500.0,19,2024,6,2,20240620,20240804,20240823.0,Retard < 30j
FAC-2025-04752,2023-09-21,2023-10-21,,CLI-0014,SVC-018,DEPT-003,1,6500.0,0,6500.0,1300.0,7800.0,Contentieux,0.0,924,2023,9,3,20230921,20231021,,Contentieux > 90j
FAC-2025-04753,2025-10-22,2025-11-21,,CLI-0102,SVC-023,DEPT-001,8,750.0,0,6000.0,1200.0,7200.0,Retard,0.0,162,2025,10,4,20251022,20251121,,Contentieux > 90j
FAC-2025-04754,2024-10-03,2024-11-17,,CLI-0192,SVC-016,DEPT-002,1,1800.0,0,1800.0,360.0,2160.0,Retard,0.0,531,2024,10,4,20241003,20241117,,Contentieux > 90j
FAC-2025-04755,2025-01-07,2025-02-21,2025-02-24,CLI-0124,SVC-018,DEPT-004,1,6500.0,5,6175.0,1235.0,7410.0,Payée,6175.0,3,2025,1,1,20250107,20250221,20250224.0,Retard < 30j
FAC-2025-04756,2023-03-12,2023-04-11,,CLI-0041,SVC-004,DEPT-001,8,1200.0,10,8640.0,1728.0,10368.0,Retard,0.0,1117,2023,3,1,20230312,20230411,,Contentieux > 90j
FAC-2025-04757,2024-03-26,2024-04-25,,CLI-0082,SVC-009,DEPT-001,1,180.0,0,180.0,36.0,216.0,Retard,0.0,737,2024,3,1,20240326,20240425,,Contentieux > 90j
FAC-2025-04758,2024-07-22,2024-09-05,2024-09-24,CLI-0124,SVC-003,DEPT-003,1,22000.0,10,19800.0,3960.0,23760.0,Payée,19800.0,19,2024,7,3,20240722,20240905,20240924.0,Retard < 30j
FAC-2025-04759,2025-08-02,2025-09-01,2025-09-01,CLI-0111,SVC-023,DEPT-007,5,750.0,0,3750.0,750.0,4500.0,Payée,3750.0,0,2025,8,3,20250802,20250901,20250901.0,Dans les délais
FAC-2025-04760,2023-07-18,2023-08-17,,CLI-0186,SVC-016,DEPT-003,1,1800.0,10,1620.0,324.0,1944.0,Retard,0.0,989,2023,7,3,20230718,20230817,,Contentieux > 90j
FAC-2025-04761,2024-05-12,2024-06-11,,CLI-0071,SVC-008,DEPT-004,1,2500.0,10,2250.0,450.0,2700.0,Retard,0.0,690,2024,5,2,20240512,20240611,,Contentieux > 90j
FAC-2025-04762,2025-06-04,2025-07-04,2025-07-04,CLI-0051,SVC-020,DEPT-002,10,1400.0,0,14000.0,2800.0,16800.0,Payée,14000.0,0,2025,6,2,20250604,20250704,20250704.0,Dans les délais
FAC-2025-04763,2024-04-08,2024-07-07,2024-07-25,CLI-0195,SVC-010,DEPT-007,19,45.0,0,855.0,171.0,1026.0,Payée,855.0,18,2024,4,2,20240408,20240707,20240725.0,Retard < 30j
FAC-2025-04764,2025-04-26,2025-06-10,,CLI-0112,SVC-018,DEPT-007,1,6500.0,5,6175.0,1235.0,7410.0,Retard,0.0,326,2025,4,2,20250426,20250610,,Contentieux > 90j
FAC-2025-04765,2025-09-02,2025-10-02,2025-10-05,CLI-0156,SVC-003,DEPT-001,1,22000.0,0,22000.0,4400.0,26400.0,Payée,22000.0,3,2025,9,3,20250902,20251002,20251005.0,Retard < 30j
FAC-2025-04766,2023-11-11,2023-12-26,2024-01-17,CLI-0116,SVC-019,DEPT-002,17,180.0,5,2907.0,581.4,3488.4,Payée,2907.0,22,2023,11,4,20231111,20231226,20240117.0,Retard < 30j
FAC-2025-04767,2025-10-02,2025-11-01,2025-11-01,CLI-0158,SVC-005,DEPT-002,1,15000.0,10,13500.0,2700.0,16200.0,Payée,13500.0,0,2025,10,4,20251002,20251101,20251101.0,Dans les délais
FAC-2025-04768,2023-11-25,2023-12-25,,CLI-0065,SVC-004,DEPT-007,3,1200.0,0,3600.0,720.0,4320.0,Partielle,1658.69,859,2023,11,4,20231125,20231225,,Contentieux > 90j
FAC-2025-04769,2023-01-29,2023-02-28,2023-03-02,CLI-0013,SVC-015,DEPT-003,1,2800.0,0,2800.0,560.0,3360.0,Payée,2800.0,2,2023,1,1,20230129,20230228,20230302.0,Retard < 30j
FAC-2025-04770,2025-03-22,2025-04-21,2025-05-16,CLI-0162,SVC-007,DEPT-004,1,1200.0,0,1200.0,240.0,1440.0,Payée,1200.0,25,2025,3,1,20250322,20250421,20250516.0,Retard < 30j
FAC-2025-04771,2025-07-29,2025-08-28,2025-09-18,CLI-0082,SVC-001,DEPT-003,1,3500.0,0,3500.0,700.0,4200.0,Payée,3500.0,21,2025,7,3,20250729,20250828,20250918.0,Retard < 30j
FAC-2025-04772,2023-01-08,2023-02-07,2023-02-10,CLI-0127,SVC-001,DEPT-002,1,3500.0,5,3325.0,665.0,3990.0,Payée,3325.0,3,2023,1,1,20230108,20230207,20230210.0,Retard < 30j
FAC-2025-04773,2023-09-04,2023-10-19,2023-11-17,CLI-0169,SVC-005,DEPT-002,1,15000.0,10,13500.0,2700.0,16200.0,Payée,13500.0,29,2023,9,3,20230904,20231019,20231117.0,Retard < 30j
FAC-2025-04774,2024-03-11,2024-04-10,,CLI-0038,SVC-019,DEPT-002,18,180.0,0,3240.0,648.0,3888.0,Contentieux,0.0,752,2024,3,1,20240311,20240410,,Contentieux > 90j
FAC-2025-04775,2024-06-19,2024-08-18,2024-08-29,CLI-0149,SVC-018,DEPT-002,1,6500.0,5,6175.0,1235.0,7410.0,Payée,6175.0,11,2024,6,2,20240619,20240818,20240829.0,Retard < 30j
FAC-2025-04776,2024-02-09,2024-03-25,,CLI-0183,SVC-007,DEPT-003,1,1200.0,10,1080.0,216.0,1296.0,Partielle,713.84,768,2024,2,1,20240209,20240325,,Contentieux > 90j
FAC-2025-04777,2025-06-01,2025-07-01,,CLI-0197,SVC-019,DEPT-004,20,180.0,0,3600.0,720.0,4320.0,Retard,0.0,305,2025,6,2,20250601,20250701,,Contentieux > 90j
FAC-2025-04778,2025-03-24,2025-04-23,2025-05-02,CLI-0127,SVC-022,DEPT-001,1,600.0,10,540.0,108.0,648.0,Payée,540.0,9,2025,3,1,20250324,20250423,20250502.0,Retard < 30j
FAC-2025-04779,2024-05-31,2024-07-15,2024-07-31,CLI-0055,SVC-007,DEPT-007,1,1200.0,5,1140.0,228.0,1368.0,Payée,1140.0,16,2024,5,2,20240531,20240715,20240731.0,Retard < 30j
FAC-2025-04780,2023-07-07,2023-08-21,,CLI-0088,SVC-019,DEPT-004,5,180.0,15,765.0,153.0,918.0,Retard,0.0,985,2023,7,3,20230707,20230821,,Contentieux > 90j
FAC-2025-04781,2023-11-12,2023-12-12,2023-12-31,CLI-0110,SVC-004,DEPT-002,5,1200.0,0,6000.0,1200.0,7200.0,Payée,6000.0,19,2023,11,4,20231112,20231212,20231231.0,Retard < 30j
FAC-2025-04782,2023-06-30,2023-07-30,,CLI-0145,SVC-018,DEPT-003,1,6500.0,0,6500.0,1300.0,7800.0,Retard,0.0,1007,2023,6,2,20230630,20230730,,Contentieux > 90j
FAC-2025-04783,2024-04-06,2024-05-06,,CLI-0172,SVC-023,DEPT-004,7,750.0,0,5250.0,1050.0,6300.0,Partielle,1823.97,726,2024,4,2,20240406,20240506,,Contentieux > 90j
FAC-2025-04784,2024-12-17,2025-02-15,,CLI-0107,SVC-019,DEPT-003,13,180.0,5,2223.0,444.6,2667.6,Retard,0.0,441,2024,12,4,20241217,20250215,,Contentieux > 90j
FAC-2025-04785,2023-12-08,2024-01-22,2024-01-29,CLI-0175,SVC-009,DEPT-001,1,180.0,0,180.0,36.0,216.0,Payée,180.0,7,2023,12,4,20231208,20240122,20240129.0,Retard < 30j
FAC-2025-04786,2024-02-01,2024-03-02,2024-03-28,CLI-0064,SVC-014,DEPT-004,7,1500.0,0,10500.0,2100.0,12600.0,Payée,10500.0,26,2024,2,1,20240201,20240302,20240328.0,Retard < 30j
FAC-2025-04787,2025-11-30,2026-01-29,2026-02-06,CLI-0144,SVC-014,DEPT-003,8,1500.0,0,12000.0,2400.0,14400.0,Payée,12000.0,8,2025,11,4,20251130,20260129,20260206.0,Retard < 30j
FAC-2025-04788,2023-05-28,2023-06-27,2023-07-23,CLI-0172,SVC-014,DEPT-003,4,1500.0,10,5400.0,1080.0,6480.0,Payée,5400.0,26,2023,5,2,20230528,20230627,20230723.0,Retard < 30j
FAC-2025-04789,2024-12-09,2025-01-08,,CLI-0181,SVC-003,DEPT-007,1,22000.0,0,22000.0,4400.0,26400.0,Retard,0.0,479,2024,12,4,20241209,20250108,,Contentieux > 90j
FAC-2025-04790,2024-09-01,2024-10-01,,CLI-0007,SVC-018,DEPT-002,1,6500.0,0,6500.0,1300.0,7800.0,Retard,0.0,578,2024,9,3,20240901,20241001,,Contentieux > 90j
FAC-2025-04791,2023-01-27,2023-03-13,2023-04-02,CLI-0058,SVC-007,DEPT-001,1,1200.0,5,1140.0,228.0,1368.0,Payée,1140.0,20,2023,1,1,20230127,20230313,20230402.0,Retard < 30j
FAC-2025-04792,2023-03-09,2023-04-23,2023-04-24,CLI-0116,SVC-001,DEPT-003,1,3500.0,0,3500.0,700.0,4200.0,Payée,3500.0,1,2023,3,1,20230309,20230423,20230424.0,Retard < 30j
FAC-2025-04793,2023-01-01,2023-01-31,2023-02-07,CLI-0097,SVC-017,DEPT-004,1,950.0,0,950.0,190.0,1140.0,Payée,950.0,7,2023,1,1,20230101,20230131,20230207.0,Retard < 30j
FAC-2025-04794,2023-11-17,2023-12-17,2023-12-17,CLI-0080,SVC-016,DEPT-001,1,1800.0,5,1710.0,342.0,2052.0,Payée,1710.0,0,2023,11,4,20231117,20231217,20231217.0,Dans les délais
FAC-2025-04795,2025-12-10,2026-01-24,,CLI-0001,SVC-024,DEPT-003,7,700.0,0,4900.0,980.0,5880.0,Partielle,3374.48,98,2025,12,4,20251210,20260124,,Contentieux > 90j
FAC-2025-04796,2023-02-07,2023-04-08,,CLI-0143,SVC-023,DEPT-007,5,750.0,10,3375.0,675.0,4050.0,Contentieux,0.0,1120,2023,2,1,20230207,20230408,,Contentieux > 90j
FAC-2025-04797,2024-12-02,2025-01-16,2025-02-13,CLI-0175,SVC-003,DEPT-001,1,22000.0,15,18700.0,3740.0,22440.0,Payée,18700.0,28,2024,12,4,20241202,20250116,20250213.0,Retard < 30j
FAC-2025-04798,2025-02-19,2025-04-05,2025-04-28,CLI-0122,SVC-015,DEPT-002,1,2800.0,0,2800.0,560.0,3360.0,Payée,2800.0,23,2025,2,1,20250219,20250405,20250428.0,Retard < 30j
FAC-2025-04799,2025-03-18,2025-05-02,2025-05-09,CLI-0011,SVC-019,DEPT-004,5,180.0,0,900.0,180.0,1080.0,Payée,900.0,7,2025,3,1,20250318,20250502,20250509.0,Retard < 30j
FAC-2025-04800,2024-09-17,2024-11-01,2024-11-28,CLI-0055,SVC-014,DEPT-004,4,1500.0,5,5700.0,1140.0,6840.0,Payée,5700.0,27,2024,9,3,20240917,20241101,20241128.0,Retard < 30j
FAC-2025-04801,2025-06-17,2025-07-17,,CLI-0174,SVC-019,DEPT-004,7,180.0,10,1134.0,226.8,1360.8,Partielle,692.0,289,2025,6,2,20250617,20250717,,Contentieux > 90j
FAC-2025-04802,2025-01-15,2025-02-14,2025-02-21,CLI-0032,SVC-022,DEPT-002,6,600.0,10,3240.0,648.0,3888.0,Payée,3240.0,7,2025,1,1,20250115,20250214,20250221.0,Retard < 30j
FAC-2025-04803,2023-01-15,2023-02-14,,CLI-0151,SVC-015,DEPT-003,1,2800.0,0,2800.0,560.0,3360.0,Retard,0.0,1173,2023,1,1,20230115,20230214,,Contentieux > 90j
FAC-2025-04804,2025-08-13,2025-09-27,,CLI-0189,SVC-004,DEPT-004,8,1200.0,0,9600.0,1920.0,11520.0,Retard,0.0,217,2025,8,3,20250813,20250927,,Contentieux > 90j
FAC-2025-04805,2025-05-18,2025-06-17,2025-07-16,CLI-0002,SVC-019,DEPT-007,18,180.0,0,3240.0,648.0,3888.0,Payée,3240.0,29,2025,5,2,20250518,20250617,20250716.0,Retard < 30j
FAC-2025-04806,2023-03-13,2023-04-27,2023-05-22,CLI-0133,SVC-003,DEPT-002,1,22000.0,10,19800.0,3960.0,23760.0,Payée,19800.0,25,2023,3,1,20230313,20230427,20230522.0,Retard < 30j
FAC-2025-04807,2025-02-14,2025-03-16,2025-03-29,CLI-0109,SVC-017,DEPT-002,1,950.0,15,807.5,161.5,969.0,Payée,807.5,13,2025,2,1,20250214,20250316,20250329.0,Retard < 30j
FAC-2025-04808,2024-07-14,2024-08-28,2024-09-16,CLI-0058,SVC-014,DEPT-002,5,1500.0,10,6750.0,1350.0,8100.0,Payée,6750.0,19,2024,7,3,20240714,20240828,20240916.0,Retard < 30j
FAC-2025-04809,2025-03-21,2025-05-05,,CLI-0047,SVC-016,DEPT-003,1,1800.0,10,1620.0,324.0,1944.0,Retard,0.0,362,2025,3,1,20250321,20250505,,Contentieux > 90j
FAC-2025-04810,2024-06-24,2024-07-24,,CLI-0181,SVC-013,DEPT-004,6,1100.0,0,6600.0,1320.0,7920.0,Retard,0.0,647,2024,6,2,20240624,20240724,,Contentieux > 90j
FAC-2025-04811,2024-06-15,2024-07-30,,CLI-0123,SVC-020,DEPT-001,10,1400.0,5,13300.0,2660.0,15960.0,Contentieux,0.0,641,2024,6,2,20240615,20240730,,Contentieux > 90j
FAC-2025-04812,2024-05-03,2024-06-02,2024-06-13,CLI-0110,SVC-012,DEPT-003,1,3200.0,0,3200.0,640.0,3840.0,Payée,3200.0,11,2024,5,2,20240503,20240602,20240613.0,Retard < 30j
FAC-2025-04813,2023-09-23,2023-10-23,,CLI-0199,SVC-002,DEPT-002,1,8500.0,0,8500.0,1700.0,10200.0,Retard,0.0,922,2023,9,3,20230923,20231023,,Contentieux > 90j
FAC-2025-04814,2023-12-14,2024-01-28,2024-02-09,CLI-0139,SVC-016,DEPT-007,1,1800.0,5,1710.0,342.0,2052.0,Payée,1710.0,12,2023,12,4,20231214,20240128,20240209.0,Retard < 30j
FAC-2025-04815,2024-10-06,2024-11-05,2024-11-05,CLI-0186,SVC-013,DEPT-002,4,1100.0,5,4180.0,836.0,5016.0,Payée,4180.0,0,2024,10,4,20241006,20241105,20241105.0,Dans les délais
FAC-2025-04816,2024-07-26,2024-08-25,,CLI-0138,SVC-012,DEPT-004,1,3200.0,0,3200.0,640.0,3840.0,Partielle,2196.56,615,2024,7,3,20240726,20240825,,Contentieux > 90j
FAC-2025-04817,2025-02-06,2025-03-08,2025-04-06,CLI-0162,SVC-001,DEPT-003,1,3500.0,0,3500.0,700.0,4200.0,Payée,3500.0,29,2025,2,1,20250206,20250308,20250406.0,Retard < 30j
FAC-2025-04818,2024-01-22,2024-02-21,2024-03-13,CLI-0128,SVC-019,DEPT-007,7,180.0,5,1197.0,239.4,1436.4,Payée,1197.0,21,2024,1,1,20240122,20240221,20240313.0,Retard < 30j
FAC-2025-04819,2025-12-10,2026-01-24,2026-01-24,CLI-0122,SVC-010,DEPT-004,3,45.0,5,128.25,25.65,153.9,Payée,128.25,0,2025,12,4,20251210,20260124,20260124.0,Dans les délais
FAC-2025-04820,2024-03-04,2024-05-03,,CLI-0069,SVC-015,DEPT-003,1,2800.0,0,2800.0,560.0,3360.0,Retard,0.0,729,2024,3,1,20240304,20240503,,Contentieux > 90j
FAC-2025-04821,2023-01-03,2023-02-02,2023-02-08,CLI-0027,SVC-012,DEPT-003,1,3200.0,5,3040.0,608.0,3648.0,Payée,3040.0,6,2023,1,1,20230103,20230202,20230208.0,Retard < 30j
FAC-2025-04822,2023-07-31,2023-08-30,,CLI-0008,SVC-011,DEPT-002,1,4500.0,0,4500.0,900.0,5400.0,Retard,0.0,976,2023,7,3,20230731,20230830,,Contentieux > 90j
FAC-2025-04823,2025-11-23,2025-12-23,2026-01-14,CLI-0129,SVC-012,DEPT-002,1,3200.0,0,3200.0,640.0,3840.0,Payée,3200.0,22,2025,11,4,20251123,20251223,20260114.0,Retard < 30j
FAC-2025-04824,2025-03-19,2025-04-18,2025-05-08,CLI-0060,SVC-010,DEPT-004,30,45.0,0,1350.0,270.0,1620.0,Payée,1350.0,20,2025,3,1,20250319,20250418,20250508.0,Retard < 30j
FAC-2025-04825,2024-03-23,2024-05-07,,CLI-0011,SVC-008,DEPT-004,1,2500.0,10,2250.0,450.0,2700.0,Contentieux,0.0,725,2024,3,1,20240323,20240507,,Contentieux > 90j
FAC-2025-04826,2025-08-29,2025-10-13,2025-10-13,CLI-0059,SVC-019,DEPT-007,10,180.0,0,1800.0,360.0,2160.0,Payée,1800.0,0,2025,8,3,20250829,20251013,20251013.0,Dans les délais
FAC-2025-04827,2023-04-20,2023-06-19,2023-07-15,CLI-0091,SVC-003,DEPT-004,1,22000.0,10,19800.0,3960.0,23760.0,Payée,19800.0,26,2023,4,2,20230420,20230619,20230715.0,Retard < 30j
FAC-2025-04828,2025-12-28,2026-01-27,,CLI-0014,SVC-016,DEPT-004,1,1800.0,0,1800.0,360.0,2160.0,Partielle,835.11,95,2025,12,4,20251228,20260127,,Contentieux > 90j
FAC-2025-04829,2024-06-21,2024-08-05,2024-08-30,CLI-0095,SVC-017,DEPT-002,1,950.0,0,950.0,190.0,1140.0,Payée,950.0,25,2024,6,2,20240621,20240805,20240830.0,Retard < 30j
FAC-2025-04830,2024-04-28,2024-06-12,2024-06-12,CLI-0159,SVC-007,DEPT-003,1,1200.0,10,1080.0,216.0,1296.0,Payée,1080.0,0,2024,4,2,20240428,20240612,20240612.0,Dans les délais
FAC-2025-04831,2024-10-20,2024-11-19,,CLI-0080,SVC-007,DEPT-003,1,1200.0,0,1200.0,240.0,1440.0,Retard,0.0,529,2024,10,4,20241020,20241119,,Contentieux > 90j
FAC-2025-04832,2024-03-06,2024-04-20,2024-05-07,CLI-0147,SVC-017,DEPT-002,1,950.0,10,855.0,171.0,1026.0,Payée,855.0,17,2024,3,1,20240306,20240420,20240507.0,Retard < 30j
FAC-2025-04833,2024-01-16,2024-02-15,2024-03-06,CLI-0129,SVC-002,DEPT-007,1,8500.0,5,8075.0,1615.0,9690.0,Payée,8075.0,20,2024,1,1,20240116,20240215,20240306.0,Retard < 30j
FAC-2025-04834,2025-06-05,2025-07-05,2025-07-05,CLI-0146,SVC-011,DEPT-007,1,4500.0,5,4275.0,855.0,5130.0,Payée,4275.0,0,2025,6,2,20250605,20250705,20250705.0,Dans les délais
FAC-2025-04835,2024-01-09,2024-02-08,,CLI-0038,SVC-006,DEPT-001,1,450.0,0,450.0,90.0,540.0,Retard,0.0,814,2024,1,1,20240109,20240208,,Contentieux > 90j
FAC-2025-04836,2023-08-13,2023-10-12,2023-10-30,CLI-0068,SVC-019,DEPT-007,6,180.0,0,1080.0,216.0,1296.0,Payée,1080.0,18,2023,8,3,20230813,20231012,20231030.0,Retard < 30j
FAC-2025-04837,2025-12-02,2026-01-01,2026-01-09,CLI-0199,SVC-019,DEPT-002,11,180.0,15,1683.0,336.6,2019.6,Payée,1683.0,8,2025,12,4,20251202,20260101,20260109.0,Retard < 30j
FAC-2025-04838,2025-10-22,2025-12-06,,CLI-0154,SVC-014,DEPT-001,8,1500.0,0,12000.0,2400.0,14400.0,Partielle,6630.15,147,2025,10,4,20251022,20251206,,Contentieux > 90j
FAC-2025-04839,2023-05-16,2023-06-15,,CLI-0151,SVC-019,DEPT-003,3,180.0,5,513.0,102.6,615.6,Retard,0.0,1052,2023,5,2,20230516,20230615,,Contentieux > 90j
FAC-2025-04840,2025-05-25,2025-06-24,2025-07-18,CLI-0038,SVC-001,DEPT-007,1,3500.0,0,3500.0,700.0,4200.0,Payée,3500.0,24,2025,5,2,20250525,20250624,20250718.0,Retard < 30j
FAC-2025-04841,2024-09-09,2024-10-09,,CLI-0063,SVC-018,DEPT-007,1,6500.0,0,6500.0,1300.0,7800.0,Retard,0.0,570,2024,9,3,20240909,20241009,,Contentieux > 90j
FAC-2025-04842,2024-04-11,2024-05-26,,CLI-0059,SVC-001,DEPT-003,1,3500.0,0,3500.0,700.0,4200.0,Retard,0.0,706,2024,4,2,20240411,20240526,,Contentieux > 90j
FAC-2025-04843,2025-06-05,2025-08-04,2025-08-17,CLI-0144,SVC-007,DEPT-001,1,1200.0,10,1080.0,216.0,1296.0,Payée,1080.0,13,2025,6,2,20250605,20250804,20250817.0,Retard < 30j
FAC-2025-04844,2023-09-22,2023-10-22,2023-10-22,CLI-0093,SVC-009,DEPT-002,1,180.0,0,180.0,36.0,216.0,Payée,180.0,0,2023,9,3,20230922,20231022,20231022.0,Dans les délais
FAC-2025-04845,2025-11-02,2025-12-02,,CLI-0038,SVC-015,DEPT-004,1,2800.0,0,2800.0,560.0,3360.0,Retard,0.0,151,2025,11,4,20251102,20251202,,Contentieux > 90j
FAC-2025-04846,2023-06-19,2023-07-19,,CLI-0082,SVC-008,DEPT-003,1,2500.0,0,2500.0,500.0,3000.0,Retard,0.0,1018,2023,6,2,20230619,20230719,,Contentieux > 90j
FAC-2025-04847,2024-06-30,2024-08-14,,CLI-0190,SVC-017,DEPT-001,1,950.0,10,855.0,171.0,1026.0,Contentieux,0.0,626,2024,6,2,20240630,20240814,,Contentieux > 90j
FAC-2025-04848,2024-10-08,2024-11-07,2024-11-07,CLI-0170,SVC-018,DEPT-002,1,6500.0,15,5525.0,1105.0,6630.0,Payée,5525.0,0,2024,10,4,20241008,20241107,20241107.0,Dans les délais
FAC-2025-04849,2023-03-10,2023-04-09,2023-04-09,CLI-0056,SVC-021,DEPT-003,8,800.0,5,6080.0,1216.0,7296.0,Payée,6080.0,0,2023,3,1,20230310,20230409,20230409.0,Dans les délais
FAC-2025-04850,2023-04-21,2023-06-05,2023-06-05,CLI-0048,SVC-014,DEPT-002,2,1500.0,5,2850.0,570.0,3420.0,Payée,2850.0,0,2023,4,2,20230421,20230605,20230605.0,Dans les délais
FAC-2025-04851,2025-04-03,2025-05-18,2025-05-23,CLI-0185,SVC-020,DEPT-002,7,1400.0,0,9800.0,1960.0,11760.0,Payée,9800.0,5,2025,4,2,20250403,20250518,20250523.0,Retard < 30j
FAC-2025-04852,2024-12-23,2025-02-06,,CLI-0112,SVC-013,DEPT-001,5,1100.0,15,4675.0,935.0,5610.0,Contentieux,0.0,450,2024,12,4,20241223,20250206,,Contentieux > 90j
FAC-2025-04853,2023-08-29,2023-09-28,,CLI-0138,SVC-020,DEPT-001,6,1400.0,0,8400.0,1680.0,10080.0,Retard,0.0,947,2023,8,3,20230829,20230928,,Contentieux > 90j
FAC-2025-04854,2025-08-06,2025-09-20,2025-09-24,CLI-0055,SVC-022,DEPT-007,4,600.0,10,2160.0,432.0,2592.0,Payée,2160.0,4,2025,8,3,20250806,20250920,20250924.0,Retard < 30j
FAC-2025-04855,2023-07-11,2023-08-25,,CLI-0112,SVC-007,DEPT-003,1,1200.0,0,1200.0,240.0,1440.0,Partielle,362.63,981,2023,7,3,20230711,20230825,,Contentieux > 90j
FAC-2025-04856,2023-06-10,2023-07-10,2023-07-10,CLI-0041,SVC-007,DEPT-004,1,1200.0,5,1140.0,228.0,1368.0,Payée,1140.0,0,2023,6,2,20230610,20230710,20230710.0,Dans les délais
FAC-2025-04857,2023-04-24,2023-06-08,,CLI-0159,SVC-005,DEPT-001,1,15000.0,0,15000.0,3000.0,18000.0,Partielle,10363.22,1059,2023,4,2,20230424,20230608,,Contentieux > 90j
FAC-2025-04858,2023-04-25,2023-05-25,2023-06-22,CLI-0174,SVC-008,DEPT-003,1,2500.0,10,2250.0,450.0,2700.0,Payée,2250.0,28,2023,4,2,20230425,20230525,20230622.0,Retard < 30j
FAC-2025-04859,2025-11-23,2025-12-23,,CLI-0140,SVC-007,DEPT-004,1,1200.0,0,1200.0,240.0,1440.0,Retard,0.0,130,2025,11,4,20251123,20251223,,Contentieux > 90j
FAC-2025-04860,2024-02-23,2024-04-08,2024-04-12,CLI-0183,SVC-015,DEPT-003,1,2800.0,0,2800.0,560.0,3360.0,Payée,2800.0,4,2024,2,1,20240223,20240408,20240412.0,Retard < 30j
FAC-2025-04861,2024-11-01,2024-12-01,2024-12-01,CLI-0104,SVC-021,DEPT-007,4,800.0,0,3200.0,640.0,3840.0,Payée,3200.0,0,2024,11,4,20241101,20241201,20241201.0,Dans les délais
FAC-2025-04862,2023-10-25,2023-12-09,2024-01-05,CLI-0049,SVC-016,DEPT-002,1,1800.0,10,1620.0,324.0,1944.0,Payée,1620.0,27,2023,10,4,20231025,20231209,20240105.0,Retard < 30j
FAC-2025-04863,2023-09-27,2023-11-11,,CLI-0137,SVC-009,DEPT-003,1,180.0,0,180.0,36.0,216.0,Partielle,62.86,903,2023,9,3,20230927,20231111,,Contentieux > 90j
FAC-2025-04864,2025-01-17,2025-02-16,,CLI-0056,SVC-012,DEPT-007,1,3200.0,5,3040.0,608.0,3648.0,Retard,0.0,440,2025,1,1,20250117,20250216,,Contentieux > 90j
FAC-2025-04865,2023-06-12,2023-07-12,2023-07-22,CLI-0162,SVC-022,DEPT-001,6,600.0,10,3240.0,648.0,3888.0,Payée,3240.0,10,2023,6,2,20230612,20230712,20230722.0,Retard < 30j
FAC-2025-04866,2025-05-16,2025-06-15,2025-07-12,CLI-0158,SVC-004,DEPT-004,10,1200.0,0,12000.0,2400.0,14400.0,Payée,12000.0,27,2025,5,2,20250516,20250615,20250712.0,Retard < 30j
FAC-2025-04867,2024-11-24,2025-01-08,,CLI-0124,SVC-004,DEPT-007,1,1200.0,10,1080.0,216.0,1296.0,Retard,0.0,479,2024,11,4,20241124,20250108,,Contentieux > 90j
FAC-2025-04868,2023-08-24,2023-09-23,,CLI-0170,SVC-010,DEPT-007,46,45.0,10,1863.0,372.6,2235.6,Retard,0.0,952,2023,8,3,20230824,20230923,,Contentieux > 90j
FAC-2025-04869,2024-06-06,2024-07-21,,CLI-0175,SVC-005,DEPT-001,1,15000.0,0,15000.0,3000.0,18000.0,Retard,0.0,650,2024,6,2,20240606,20240721,,Contentieux > 90j
FAC-2025-04870,2023-02-24,2023-04-25,,CLI-0074,SVC-011,DEPT-003,1,4500.0,0,4500.0,900.0,5400.0,Partielle,2690.23,1103,2023,2,1,20230224,20230425,,Contentieux > 90j
FAC-2025-04871,2024-03-06,2024-04-05,2024-05-02,CLI-0109,SVC-012,DEPT-001,1,3200.0,0,3200.0,640.0,3840.0,Payée,3200.0,27,2024,3,1,20240306,20240405,20240502.0,Retard < 30j
FAC-2025-04872,2023-10-02,2023-11-01,2023-11-17,CLI-0018,SVC-017,DEPT-003,1,950.0,5,902.5,180.5,1083.0,Payée,902.5,16,2023,10,4,20231002,20231101,20231117.0,Retard < 30j
FAC-2025-04873,2025-10-14,2025-11-13,2025-11-19,CLI-0140,SVC-015,DEPT-003,1,2800.0,10,2520.0,504.0,3024.0,Payée,2520.0,6,2025,10,4,20251014,20251113,20251119.0,Retard < 30j
FAC-2025-04874,2023-08-29,2023-10-28,2023-11-10,CLI-0091,SVC-023,DEPT-007,3,750.0,0,2250.0,450.0,2700.0,Payée,2250.0,13,2023,8,3,20230829,20231028,20231110.0,Retard < 30j
FAC-2025-04875,2025-08-20,2025-09-19,2025-09-19,CLI-0079,SVC-016,DEPT-003,1,1800.0,5,1710.0,342.0,2052.0,Payée,1710.0,0,2025,8,3,20250820,20250919,20250919.0,Dans les délais
FAC-2025-04876,2024-08-05,2024-09-04,2024-09-25,CLI-0104,SVC-012,DEPT-004,1,3200.0,0,3200.0,640.0,3840.0,Payée,3200.0,21,2024,8,3,20240805,20240904,20240925.0,Retard < 30j
FAC-2025-04877,2023-08-05,2023-09-04,2023-09-20,CLI-0084,SVC-024,DEPT-004,7,700.0,0,4900.0,980.0,5880.0,Payée,4900.0,16,2023,8,3,20230805,20230904,20230920.0,Retard < 30j
FAC-2025-04878,2023-11-12,2023-12-12,2023-12-12,CLI-0151,SVC-004,DEPT-002,6,1200.0,0,7200.0,1440.0,8640.0,Payée,7200.0,0,2023,11,4,20231112,20231212,20231212.0,Dans les délais
FAC-2025-04879,2025-07-03,2025-08-02,,CLI-0141,SVC-014,DEPT-004,5,1500.0,5,7125.0,1425.0,8550.0,Retard,0.0,273,2025,7,3,20250703,20250802,,Contentieux > 90j
FAC-2025-04880,2023-11-14,2023-12-29,,CLI-0096,SVC-004,DEPT-004,3,1200.0,0,3600.0,720.0,4320.0,Retard,0.0,855,2023,11,4,20231114,20231229,,Contentieux > 90j
FAC-2025-04881,2023-05-09,2023-06-08,,CLI-0115,SVC-007,DEPT-001,1,1200.0,10,1080.0,216.0,1296.0,Retard,0.0,1059,2023,5,2,20230509,20230608,,Contentieux > 90j
FAC-2025-04882,2024-07-19,2024-09-02,,CLI-0192,SVC-007,DEPT-001,1,1200.0,0,1200.0,240.0,1440.0,Partielle,742.18,607,2024,7,3,20240719,20240902,,Contentieux > 90j
FAC-2025-04883,2024-08-02,2024-09-16,2024-09-26,CLI-0017,SVC-011,DEPT-003,1,4500.0,15,3825.0,765.0,4590.0,Payée,3825.0,10,2024,8,3,20240802,20240916,20240926.0,Retard < 30j
FAC-2025-04884,2024-11-19,2024-12-19,2025-01-10,CLI-0111,SVC-012,DEPT-002,1,3200.0,10,2880.0,576.0,3456.0,Payée,2880.0,22,2024,11,4,20241119,20241219,20250110.0,Retard < 30j
FAC-2025-04885,2024-03-15,2024-04-29,,CLI-0039,SVC-014,DEPT-004,4,1500.0,0,6000.0,1200.0,7200.0,Contentieux,0.0,733,2024,3,1,20240315,20240429,,Contentieux > 90j
FAC-2025-04886,2025-11-08,2025-12-23,,CLI-0132,SVC-014,DEPT-003,1,1500.0,0,1500.0,300.0,1800.0,Retard,0.0,130,2025,11,4,20251108,20251223,,Contentieux > 90j
FAC-2025-04887,2023-07-07,2023-08-06,,CLI-0002,SVC-010,DEPT-001,2,45.0,0,90.0,18.0,108.0,Retard,0.0,1000,2023,7,3,20230707,20230806,,Contentieux > 90j
FAC-2025-04888,2023-06-12,2023-07-27,2023-08-12,CLI-0094,SVC-007,DEPT-004,1,1200.0,0,1200.0,240.0,1440.0,Payée,1200.0,16,2023,6,2,20230612,20230727,20230812.0,Retard < 30j
FAC-2025-04889,2023-11-21,2023-12-21,,CLI-0172,SVC-011,DEPT-004,1,4500.0,0,4500.0,900.0,5400.0,Retard,0.0,863,2023,11,4,20231121,20231221,,Contentieux > 90j
FAC-2025-04890,2024-04-01,2024-05-01,2024-05-01,CLI-0178,SVC-008,DEPT-007,1,2500.0,0,2500.0,500.0,3000.0,Payée,2500.0,0,2024,4,2,20240401,20240501,20240501.0,Dans les délais
FAC-2025-04891,2025-05-10,2025-06-09,2025-07-07,CLI-0076,SVC-003,DEPT-007,1,22000.0,0,22000.0,4400.0,26400.0,Payée,22000.0,28,2025,5,2,20250510,20250609,20250707.0,Retard < 30j
FAC-2025-04892,2023-02-20,2023-04-06,2023-04-24,CLI-0167,SVC-012,DEPT-007,1,3200.0,15,2720.0,544.0,3264.0,Payée,2720.0,18,2023,2,1,20230220,20230406,20230424.0,Retard < 30j
FAC-2025-04893,2023-06-10,2023-07-25,,CLI-0059,SVC-020,DEPT-002,2,1400.0,0,2800.0,560.0,3360.0,Retard,0.0,1012,2023,6,2,20230610,20230725,,Contentieux > 90j
FAC-2025-04894,2025-04-11,2025-05-11,2025-05-18,CLI-0014,SVC-006,DEPT-002,1,450.0,0,450.0,90.0,540.0,Payée,450.0,7,2025,4,2,20250411,20250511,20250518.0,Retard < 30j
FAC-2025-04895,2025-06-06,2025-08-05,2025-08-05,CLI-0068,SVC-019,DEPT-002,9,180.0,0,1620.0,324.0,1944.0,Payée,1620.0,0,2025,6,2,20250606,20250805,20250805.0,Dans les délais
FAC-2025-04896,2025-07-05,2025-08-19,,CLI-0167,SVC-018,DEPT-001,1,6500.0,0,6500.0,1300.0,7800.0,Partielle,5181.42,256,2025,7,3,20250705,20250819,,Contentieux > 90j
FAC-2025-04897,2024-03-08,2024-04-07,2024-04-30,CLI-0172,SVC-018,DEPT-007,1,6500.0,0,6500.0,1300.0,7800.0,Payée,6500.0,23,2024,3,1,20240308,20240407,20240430.0,Retard < 30j
FAC-2025-04898,2025-07-16,2025-08-30,,CLI-0031,SVC-014,DEPT-003,7,1500.0,0,10500.0,2100.0,12600.0,Retard,0.0,245,2025,7,3,20250716,20250830,,Contentieux > 90j
FAC-2025-04899,2023-01-17,2023-03-03,2023-03-03,CLI-0043,SVC-024,DEPT-002,9,700.0,0,6300.0,1260.0,7560.0,Payée,6300.0,0,2023,1,1,20230117,20230303,20230303.0,Dans les délais
FAC-2025-04900,2025-04-08,2025-05-23,2025-05-27,CLI-0094,SVC-006,DEPT-004,1,450.0,0,450.0,90.0,540.0,Payée,450.0,4,2025,4,2,20250408,20250523,20250527.0,Retard < 30j
FAC-2025-04901,2023-03-03,2023-04-02,2023-04-09,CLI-0097,SVC-009,DEPT-002,1,180.0,0,180.0,36.0,216.0,Payée,180.0,7,2023,3,1,20230303,20230402,20230409.0,Retard < 30j
FAC-2025-04902,2025-06-08,2025-07-08,2025-07-23,CLI-0152,SVC-020,DEPT-007,7,1400.0,0,9800.0,1960.0,11760.0,Payée,9800.0,15,2025,6,2,20250608,20250708,20250723.0,Retard < 30j
FAC-2025-04903,2025-08-29,2025-09-28,2025-10-03,CLI-0028,SVC-022,DEPT-003,8,600.0,10,4320.0,864.0,5184.0,Payée,4320.0,5,2025,8,3,20250829,20250928,20251003.0,Retard < 30j
FAC-2025-04904,2025-07-02,2025-08-16,2025-08-27,CLI-0124,SVC-017,DEPT-004,1,950.0,5,902.5,180.5,1083.0,Payée,902.5,11,2025,7,3,20250702,20250816,20250827.0,Retard < 30j
FAC-2025-04905,2024-11-16,2024-12-16,,CLI-0186,SVC-007,DEPT-003,1,1200.0,0,1200.0,240.0,1440.0,Retard,0.0,502,2024,11,4,20241116,20241216,,Contentieux > 90j
FAC-2025-04906,2024-09-28,2024-11-12,2024-11-16,CLI-0137,SVC-013,DEPT-004,3,1100.0,0,3300.0,660.0,3960.0,Payée,3300.0,4,2024,9,3,20240928,20241112,20241116.0,Retard < 30j
FAC-2025-04907,2025-02-07,2025-03-09,,CLI-0178,SVC-001,DEPT-004,1,3500.0,0,3500.0,700.0,4200.0,Contentieux,0.0,419,2025,2,1,20250207,20250309,,Contentieux > 90j
FAC-2025-04908,2025-11-29,2026-01-13,2026-02-11,CLI-0124,SVC-014,DEPT-002,2,1500.0,15,2550.0,510.0,3060.0,Payée,2550.0,29,2025,11,4,20251129,20260113,20260211.0,Retard < 30j
FAC-2025-04909,2023-10-26,2023-11-25,2023-11-28,CLI-0044,SVC-019,DEPT-003,9,180.0,5,1539.0,307.8,1846.8,Payée,1539.0,3,2023,10,4,20231026,20231125,20231128.0,Retard < 30j
FAC-2025-04910,2025-10-01,2025-11-15,,CLI-0123,SVC-018,DEPT-002,1,6500.0,0,6500.0,1300.0,7800.0,Partielle,2686.31,168,2025,10,4,20251001,20251115,,Contentieux > 90j
FAC-2025-04911,2024-07-06,2024-08-05,2024-08-05,CLI-0071,SVC-016,DEPT-002,1,1800.0,0,1800.0,360.0,2160.0,Payée,1800.0,0,2024,7,3,20240706,20240805,20240805.0,Dans les délais
FAC-2025-04912,2025-10-04,2025-11-03,,CLI-0158,SVC-014,DEPT-003,5,1500.0,5,7125.0,1425.0,8550.0,Contentieux,0.0,180,2025,10,4,20251004,20251103,,Contentieux > 90j
FAC-2025-04913,2024-05-15,2024-06-14,2024-06-30,CLI-0152,SVC-017,DEPT-003,1,950.0,0,950.0,190.0,1140.0,Payée,950.0,16,2024,5,2,20240515,20240614,20240630.0,Retard < 30j
FAC-2025-04914,2024-10-28,2024-11-27,,CLI-0178,SVC-013,DEPT-003,8,1100.0,5,8360.0,1672.0,10032.0,Retard,0.0,521,2024,10,4,20241028,20241127,,Contentieux > 90j
FAC-2025-04915,2025-02-28,2025-04-29,2025-05-16,CLI-0143,SVC-017,DEPT-003,1,950.0,0,950.0,190.0,1140.0,Payée,950.0,17,2025,2,1,20250228,20250429,20250516.0,Retard < 30j
FAC-2025-04916,2023-09-27,2023-11-11,2023-12-03,CLI-0020,SVC-024,DEPT-003,7,700.0,5,4655.0,931.0,5586.0,Payée,4655.0,22,2023,9,3,20230927,20231111,20231203.0,Retard < 30j
FAC-2025-04917,2024-06-24,2024-08-23,2024-09-01,CLI-0196,SVC-009,DEPT-002,1,180.0,0,180.0,36.0,216.0,Payée,180.0,9,2024,6,2,20240624,20240823,20240901.0,Retard < 30j
FAC-2025-04918,2025-01-22,2025-02-21,2025-03-15,CLI-0145,SVC-002,DEPT-003,1,8500.0,0,8500.0,1700.0,10200.0,Payée,8500.0,22,2025,1,1,20250122,20250221,20250315.0,Retard < 30j
FAC-2025-04919,2024-06-02,2024-07-17,2024-07-21,CLI-0058,SVC-009,DEPT-001,1,180.0,0,180.0,36.0,216.0,Payée,180.0,4,2024,6,2,20240602,20240717,20240721.0,Retard < 30j
FAC-2025-04920,2025-06-26,2025-08-25,2025-09-12,CLI-0157,SVC-014,DEPT-002,5,1500.0,0,7500.0,1500.0,9000.0,Payée,7500.0,18,2025,6,2,20250626,20250825,20250912.0,Retard < 30j
FAC-2025-04921,2024-10-29,2024-11-28,2024-12-26,CLI-0015,SVC-008,DEPT-003,1,2500.0,0,2500.0,500.0,3000.0,Payée,2500.0,28,2024,10,4,20241029,20241128,20241226.0,Retard < 30j
FAC-2025-04922,2025-04-17,2025-05-17,2025-05-26,CLI-0006,SVC-011,DEPT-003,1,4500.0,0,4500.0,900.0,5400.0,Payée,4500.0,9,2025,4,2,20250417,20250517,20250526.0,Retard < 30j
FAC-2025-04923,2023-04-12,2023-05-27,2023-06-03,CLI-0169,SVC-011,DEPT-002,1,4500.0,0,4500.0,900.0,5400.0,Payée,4500.0,7,2023,4,2,20230412,20230527,20230603.0,Retard < 30j
FAC-2025-04924,2025-10-22,2025-11-21,2025-11-29,CLI-0056,SVC-023,DEPT-002,8,750.0,10,5400.0,1080.0,6480.0,Payée,5400.0,8,2025,10,4,20251022,20251121,20251129.0,Retard < 30j
FAC-2025-04925,2023-04-08,2023-05-08,2023-05-09,CLI-0151,SVC-022,DEPT-001,5,600.0,0,3000.0,600.0,3600.0,Payée,3000.0,1,2023,4,2,20230408,20230508,20230509.0,Retard < 30j
FAC-2025-04926,2025-11-01,2025-12-01,2025-12-27,CLI-0127,SVC-002,DEPT-001,1,8500.0,5,8075.0,1615.0,9690.0,Payée,8075.0,26,2025,11,4,20251101,20251201,20251227.0,Retard < 30j
FAC-2025-04927,2023-11-06,2023-12-21,2024-01-02,CLI-0011,SVC-012,DEPT-003,1,3200.0,0,3200.0,640.0,3840.0,Payée,3200.0,12,2023,11,4,20231106,20231221,20240102.0,Retard < 30j
FAC-2025-04928,2024-08-28,2024-10-27,2024-10-27,CLI-0143,SVC-021,DEPT-003,10,800.0,10,7200.0,1440.0,8640.0,Payée,7200.0,0,2024,8,3,20240828,20241027,20241027.0,Dans les délais
FAC-2025-04929,2023-02-08,2023-03-25,2023-04-16,CLI-0042,SVC-016,DEPT-001,1,1800.0,5,1710.0,342.0,2052.0,Payée,1710.0,22,2023,2,1,20230208,20230325,20230416.0,Retard < 30j
FAC-2025-04930,2024-03-17,2024-04-16,2024-04-23,CLI-0035,SVC-010,DEPT-001,21,45.0,10,850.5,170.1,1020.6,Payée,850.5,7,2024,3,1,20240317,20240416,20240423.0,Retard < 30j
FAC-2025-04931,2025-09-18,2025-11-02,,CLI-0098,SVC-001,DEPT-001,1,3500.0,0,3500.0,700.0,4200.0,Partielle,2309.2,181,2025,9,3,20250918,20251102,,Contentieux > 90j
FAC-2025-04932,2025-05-26,2025-07-25,2025-07-29,CLI-0069,SVC-002,DEPT-002,1,8500.0,0,8500.0,1700.0,10200.0,Payée,8500.0,4,2025,5,2,20250526,20250725,20250729.0,Retard < 30j
FAC-2025-04933,2025-07-22,2025-09-05,,CLI-0033,SVC-013,DEPT-001,5,1100.0,0,5500.0,1100.0,6600.0,Partielle,3913.54,239,2025,7,3,20250722,20250905,,Contentieux > 90j
FAC-2025-04934,2024-05-04,2024-07-03,2024-07-16,CLI-0091,SVC-015,DEPT-002,1,2800.0,15,2380.0,476.0,2856.0,Payée,2380.0,13,2024,5,2,20240504,20240703,20240716.0,Retard < 30j
FAC-2025-04935,2023-09-16,2023-10-16,,CLI-0026,SVC-020,DEPT-002,8,1400.0,0,11200.0,2240.0,13440.0,Retard,0.0,929,2023,9,3,20230916,20231016,,Contentieux > 90j
FAC-2025-04936,2025-04-22,2025-06-21,2025-06-30,CLI-0130,SVC-014,DEPT-002,6,1500.0,0,9000.0,1800.0,10800.0,Payée,9000.0,9,2025,4,2,20250422,20250621,20250630.0,Retard < 30j
FAC-2025-04937,2025-04-27,2025-05-27,2025-05-27,CLI-0127,SVC-003,DEPT-004,1,22000.0,15,18700.0,3740.0,22440.0,Payée,18700.0,0,2025,4,2,20250427,20250527,20250527.0,Dans les délais
FAC-2025-04938,2025-07-18,2025-09-16,2025-10-07,CLI-0046,SVC-009,DEPT-004,1,180.0,0,180.0,36.0,216.0,Payée,180.0,21,2025,7,3,20250718,20250916,20251007.0,Retard < 30j
FAC-2025-04939,2024-05-10,2024-06-09,,CLI-0044,SVC-002,DEPT-002,1,8500.0,0,8500.0,1700.0,10200.0,Partielle,5726.41,692,2024,5,2,20240510,20240609,,Contentieux > 90j
FAC-2025-04940,2024-10-05,2024-11-04,,CLI-0142,SVC-024,DEPT-004,2,700.0,0,1400.0,280.0,1680.0,Partielle,669.37,544,2024,10,4,20241005,20241104,,Contentieux > 90j
FAC-2025-04941,2023-03-27,2023-05-11,2023-06-04,CLI-0169,SVC-016,DEPT-001,1,1800.0,0,1800.0,360.0,2160.0,Payée,1800.0,24,2023,3,1,20230327,20230511,20230604.0,Retard < 30j
FAC-2025-04942,2023-06-20,2023-08-04,2023-08-23,CLI-0022,SVC-006,DEPT-004,1,450.0,5,427.5,85.5,513.0,Payée,427.5,19,2023,6,2,20230620,20230804,20230823.0,Retard < 30j
FAC-2025-04943,2024-01-05,2024-02-19,2024-02-26,CLI-0183,SVC-007,DEPT-007,1,1200.0,15,1020.0,204.0,1224.0,Payée,1020.0,7,2024,1,1,20240105,20240219,20240226.0,Retard < 30j
FAC-2025-04944,2024-04-18,2024-05-18,2024-06-15,CLI-0071,SVC-023,DEPT-003,1,750.0,5,712.5,142.5,855.0,Payée,712.5,28,2024,4,2,20240418,20240518,20240615.0,Retard < 30j
FAC-2025-04945,2024-10-16,2024-11-15,2024-12-10,CLI-0178,SVC-023,DEPT-001,2,750.0,10,1350.0,270.0,1620.0,Payée,1350.0,25,2024,10,4,20241016,20241115,20241210.0,Retard < 30j
FAC-2025-04946,2024-08-30,2024-10-14,2024-11-11,CLI-0139,SVC-019,DEPT-002,8,180.0,0,1440.0,288.0,1728.0,Payée,1440.0,28,2024,8,3,20240830,20241014,20241111.0,Retard < 30j
FAC-2025-04947,2024-07-09,2024-08-08,,CLI-0010,SVC-005,DEPT-004,1,15000.0,0,15000.0,3000.0,18000.0,Retard,0.0,632,2024,7,3,20240709,20240808,,Contentieux > 90j
FAC-2025-04948,2024-11-08,2024-12-08,2024-12-12,CLI-0163,SVC-011,DEPT-001,1,4500.0,5,4275.0,855.0,5130.0,Payée,4275.0,4,2024,11,4,20241108,20241208,20241212.0,Retard < 30j
FAC-2025-04949,2023-05-13,2023-06-27,2023-07-24,CLI-0096,SVC-003,DEPT-001,1,22000.0,0,22000.0,4400.0,26400.0,Payée,22000.0,27,2023,5,2,20230513,20230627,20230724.0,Retard < 30j
FAC-2025-04950,2023-04-13,2023-05-13,2023-05-31,CLI-0099,SVC-004,DEPT-002,10,1200.0,0,12000.0,2400.0,14400.0,Payée,12000.0,18,2023,4,2,20230413,20230513,20230531.0,Retard < 30j
FAC-2025-04951,2024-02-20,2024-03-21,2024-04-08,CLI-0070,SVC-014,DEPT-003,4,1500.0,0,6000.0,1200.0,7200.0,Payée,6000.0,18,2024,2,1,20240220,20240321,20240408.0,Retard < 30j
FAC-2025-04952,2023-04-19,2023-06-03,,CLI-0058,SVC-015,DEPT-003,1,2800.0,0,2800.0,560.0,3360.0,Retard,0.0,1064,2023,4,2,20230419,20230603,,Contentieux > 90j
FAC-2025-04953,2024-06-23,2024-07-23,2024-07-27,CLI-0038,SVC-013,DEPT-001,4,1100.0,0,4400.0,880.0,5280.0,Payée,4400.0,4,2024,6,2,20240623,20240723,20240727.0,Retard < 30j
FAC-2025-04954,2024-07-06,2024-09-04,2024-09-10,CLI-0144,SVC-001,DEPT-003,1,3500.0,0,3500.0,700.0,4200.0,Payée,3500.0,6,2024,7,3,20240706,20240904,20240910.0,Retard < 30j
FAC-2025-04955,2024-04-03,2024-05-18,,CLI-0190,SVC-006,DEPT-007,1,450.0,10,405.0,81.0,486.0,Partielle,248.59,714,2024,4,2,20240403,20240518,,Contentieux > 90j
FAC-2025-04956,2025-07-08,2025-08-07,,CLI-0146,SVC-003,DEPT-003,1,22000.0,5,20900.0,4180.0,25080.0,Retard,0.0,268,2025,7,3,20250708,20250807,,Contentieux > 90j
FAC-2025-04957,2023-08-11,2023-09-25,2023-10-13,CLI-0122,SVC-017,DEPT-001,1,950.0,0,950.0,190.0,1140.0,Payée,950.0,18,2023,8,3,20230811,20230925,20231013.0,Retard < 30j
FAC-2025-04958,2023-07-13,2023-08-12,2023-08-22,CLI-0111,SVC-020,DEPT-001,8,1400.0,15,9520.0,1904.0,11424.0,Payée,9520.0,10,2023,7,3,20230713,20230812,20230822.0,Retard < 30j
FAC-2025-04959,2024-12-11,2025-01-25,,CLI-0020,SVC-002,DEPT-004,1,8500.0,5,8075.0,1615.0,9690.0,Partielle,4803.26,462,2024,12,4,20241211,20250125,,Contentieux > 90j
FAC-2025-04960,2024-01-23,2024-03-08,,CLI-0185,SVC-018,DEPT-004,1,6500.0,0,6500.0,1300.0,7800.0,Retard,0.0,785,2024,1,1,20240123,20240308,,Contentieux > 90j
FAC-2025-04961,2025-02-08,2025-05-09,2025-06-06,CLI-0179,SVC-007,DEPT-007,1,1200.0,0,1200.0,240.0,1440.0,Payée,1200.0,28,2025,2,1,20250208,20250509,20250606.0,Retard < 30j
FAC-2025-04962,2024-09-06,2024-10-06,,CLI-0082,SVC-024,DEPT-003,1,700.0,0,700.0,140.0,840.0,Retard,0.0,573,2024,9,3,20240906,20241006,,Contentieux > 90j
FAC-2025-04963,2024-11-15,2024-12-15,,CLI-0111,SVC-005,DEPT-001,1,15000.0,0,15000.0,3000.0,18000.0,Partielle,7264.56,503,2024,11,4,20241115,20241215,,Contentieux > 90j
FAC-2025-04964,2025-01-25,2025-03-11,2025-03-11,CLI-0154,SVC-013,DEPT-004,1,1100.0,0,1100.0,220.0,1320.0,Payée,1100.0,0,2025,1,1,20250125,20250311,20250311.0,Dans les délais
FAC-2025-04965,2024-10-18,2024-12-17,,CLI-0165,SVC-021,DEPT-001,7,800.0,0,5600.0,1120.0,6720.0,Partielle,2190.41,501,2024,10,4,20241018,20241217,,Contentieux > 90j
FAC-2025-04966,2023-11-24,2024-01-08,2024-01-27,CLI-0177,SVC-022,DEPT-001,7,600.0,0,4200.0,840.0,5040.0,Payée,4200.0,19,2023,11,4,20231124,20240108,20240127.0,Retard < 30j
FAC-2025-04967,2025-06-12,2025-07-27,,CLI-0039,SVC-018,DEPT-001,1,6500.0,0,6500.0,1300.0,7800.0,Partielle,4353.39,279,2025,6,2,20250612,20250727,,Contentieux > 90j
FAC-2025-04968,2025-06-11,2025-07-26,2025-07-26,CLI-0185,SVC-008,DEPT-007,1,2500.0,10,2250.0,450.0,2700.0,Payée,2250.0,0,2025,6,2,20250611,20250726,20250726.0,Dans les délais
FAC-2025-04969,2023-01-08,2023-02-22,2023-02-22,CLI-0090,SVC-019,DEPT-002,19,180.0,0,3420.0,684.0,4104.0,Payée,3420.0,0,2023,1,1,20230108,20230222,20230222.0,Dans les délais
FAC-2025-04970,2025-04-11,2025-05-26,2025-06-12,CLI-0043,SVC-016,DEPT-007,1,1800.0,5,1710.0,342.0,2052.0,Payée,1710.0,17,2025,4,2,20250411,20250526,20250612.0,Retard < 30j
FAC-2025-04971,2025-10-02,2025-12-01,,CLI-0144,SVC-015,DEPT-001,1,2800.0,10,2520.0,504.0,3024.0,Retard,0.0,152,2025,10,4,20251002,20251201,,Contentieux > 90j
FAC-2025-04972,2025-08-08,2025-09-22,2025-09-23,CLI-0090,SVC-022,DEPT-001,3,600.0,5,1710.0,342.0,2052.0,Payée,1710.0,1,2025,8,3,20250808,20250922,20250923.0,Retard < 30j
FAC-2025-04973,2025-05-24,2025-07-23,,CLI-0173,SVC-011,DEPT-007,1,4500.0,5,4275.0,855.0,5130.0,Retard,0.0,283,2025,5,2,20250524,20250723,,Contentieux > 90j
FAC-2025-04974,2025-06-07,2025-07-07,2025-07-22,CLI-0127,SVC-010,DEPT-007,2,45.0,15,76.5,15.3,91.8,Payée,76.5,15,2025,6,2,20250607,20250707,20250722.0,Retard < 30j
FAC-2025-04975,2023-08-18,2023-09-17,2023-10-04,CLI-0115,SVC-013,DEPT-001,10,1100.0,10,9900.0,1980.0,11880.0,Payée,9900.0,17,2023,8,3,20230818,20230917,20231004.0,Retard < 30j
FAC-2025-04976,2025-04-01,2025-05-01,,CLI-0063,SVC-012,DEPT-004,1,3200.0,0,3200.0,640.0,3840.0,Partielle,2294.25,366,2025,4,2,20250401,20250501,,Contentieux > 90j
FAC-2025-04977,2025-12-22,2026-02-20,2026-03-18,CLI-0091,SVC-024,DEPT-003,10,700.0,0,7000.0,1400.0,8400.0,Payée,7000.0,26,2025,12,4,20251222,20260220,20260318.0,Retard < 30j
FAC-2025-04978,2025-08-14,2025-09-28,,CLI-0033,SVC-014,DEPT-004,5,1500.0,10,6750.0,1350.0,8100.0,Retard,0.0,216,2025,8,3,20250814,20250928,,Contentieux > 90j
FAC-2025-04979,2024-01-23,2024-03-23,2024-03-26,CLI-0196,SVC-016,DEPT-001,1,1800.0,0,1800.0,360.0,2160.0,Payée,1800.0,3,2024,1,1,20240123,20240323,20240326.0,Retard < 30j
FAC-2025-04980,2025-10-14,2025-11-13,,CLI-0151,SVC-024,DEPT-004,5,700.0,0,3500.0,700.0,4200.0,Partielle,1543.77,170,2025,10,4,20251014,20251113,,Contentieux > 90j
FAC-2025-04981,2025-02-04,2025-03-21,2025-04-06,CLI-0185,SVC-008,DEPT-007,1,2500.0,10,2250.0,450.0,2700.0,Payée,2250.0,16,2025,2,1,20250204,20250321,20250406.0,Retard < 30j
FAC-2025-04982,2024-04-26,2024-05-26,2024-06-20,CLI-0097,SVC-007,DEPT-001,1,1200.0,0,1200.0,240.0,1440.0,Payée,1200.0,25,2024,4,2,20240426,20240526,20240620.0,Retard < 30j
FAC-2025-04983,2023-10-24,2023-11-23,,CLI-0054,SVC-012,DEPT-007,1,3200.0,5,3040.0,608.0,3648.0,Retard,0.0,891,2023,10,4,20231024,20231123,,Contentieux > 90j
FAC-2025-04984,2025-02-17,2025-03-19,2025-03-21,CLI-0060,SVC-002,DEPT-002,1,8500.0,10,7650.0,1530.0,9180.0,Payée,7650.0,2,2025,2,1,20250217,20250319,20250321.0,Retard < 30j
FAC-2025-04985,2023-08-18,2023-10-02,2023-10-09,CLI-0122,SVC-016,DEPT-002,1,1800.0,0,1800.0,360.0,2160.0,Payée,1800.0,7,2023,8,3,20230818,20231002,20231009.0,Retard < 30j
FAC-2025-04986,2023-03-18,2023-05-02,2023-06-01,CLI-0117,SVC-008,DEPT-004,1,2500.0,0,2500.0,500.0,3000.0,Payée,2500.0,30,2023,3,1,20230318,20230502,20230601.0,Retard < 30j
FAC-2025-04987,2023-03-23,2023-05-07,2023-05-10,CLI-0171,SVC-007,DEPT-007,1,1200.0,0,1200.0,240.0,1440.0,Payée,1200.0,3,2023,3,1,20230323,20230507,20230510.0,Retard < 30j
FAC-2025-04988,2024-04-20,2024-05-20,,CLI-0148,SVC-012,DEPT-002,1,3200.0,0,3200.0,640.0,3840.0,Retard,0.0,712,2024,4,2,20240420,20240520,,Contentieux > 90j
FAC-2025-04989,2023-12-18,2024-01-17,,CLI-0134,SVC-023,DEPT-007,1,750.0,0,750.0,150.0,900.0,Retard,0.0,836,2023,12,4,20231218,20240117,,Contentieux > 90j
FAC-2025-04990,2025-09-10,2025-10-10,2025-11-09,CLI-0151,SVC-009,DEPT-002,1,180.0,0,180.0,36.0,216.0,Payée,180.0,30,2025,9,3,20250910,20251010,20251109.0,Retard < 30j
FAC-2025-04991,2024-02-08,2024-03-09,2024-03-18,CLI-0128,SVC-019,DEPT-007,11,180.0,5,1881.0,376.2,2257.2,Payée,1881.0,9,2024,2,1,20240208,20240309,20240318.0,Retard < 30j
FAC-2025-04992,2023-10-09,2023-11-08,2023-12-02,CLI-0051,SVC-005,DEPT-007,1,15000.0,0,15000.0,3000.0,18000.0,Payée,15000.0,24,2023,10,4,20231009,20231108,20231202.0,Retard < 30j
FAC-2025-04993,2023-01-17,2023-03-03,2023-03-15,CLI-0136,SVC-011,DEPT-004,1,4500.0,5,4275.0,855.0,5130.0,Payée,4275.0,12,2023,1,1,20230117,20230303,20230315.0,Retard < 30j
FAC-2025-04994,2023-04-24,2023-06-08,2023-07-04,CLI-0119,SVC-021,DEPT-004,6,800.0,0,4800.0,960.0,5760.0,Payée,4800.0,26,2023,4,2,20230424,20230608,20230704.0,Retard < 30j
FAC-2025-04995,2025-07-28,2025-09-26,2025-09-29,CLI-0173,SVC-003,DEPT-003,1,22000.0,0,22000.0,4400.0,26400.0,Payée,22000.0,3,2025,7,3,20250728,20250926,20250929.0,Retard < 30j
FAC-2025-04996,2024-10-15,2024-11-14,2024-11-14,CLI-0065,SVC-010,DEPT-001,14,45.0,0,630.0,126.0,756.0,Payée,630.0,0,2024,10,4,20241015,20241114,20241114.0,Dans les délais
FAC-2025-04997,2024-12-21,2025-01-20,2025-02-13,CLI-0104,SVC-016,DEPT-002,1,1800.0,0,1800.0,360.0,2160.0,Payée,1800.0,24,2024,12,4,20241221,20250120,20250213.0,Retard < 30j
FAC-2025-04998,2024-07-10,2024-08-09,,CLI-0015,SVC-020,DEPT-004,9,1400.0,0,12600.0,2520.0,15120.0,Retard,0.0,631,2024,7,3,20240710,20240809,,Contentieux > 90j
FAC-2025-04999,2025-02-03,2025-03-20,,CLI-0180,SVC-023,DEPT-002,8,750.0,5,5700.0,1140.0,6840.0,Contentieux,0.0,408,2025,2,1,20250203,20250320,,Contentieux > 90j
FAC-2025-05000,2024-02-08,2024-03-09,2024-04-07,CLI-0186,SVC-009,DEPT-004,1,180.0,0,180.0,36.0,216.0,Payée,180.0,29,2024,2,1,20240208,20240309,20240407.0,Retard < 30j
